####
#
# OBJ File Generated by Meshlab
#
####
# Object nailbomb.obj
#
# Vertices: 2914
# Faces: 5999
#
####
mtllib nailbomb.mtl

vn -0.187609 -0.979704 0.070596
v 0.015103 -0.065458 -0.011540
vn -0.047136 -0.629589 0.775497
v 0.013959 -0.064019 -0.010460
vn 0.797917 -0.587352 0.135443
v 0.017929 -0.066661 -0.011826
vn 0.038129 -0.583685 -0.811084
v 0.014998 -0.064393 -0.013364
vn -0.294086 -0.588414 -0.753182
v 0.014815 -0.064322 -0.013356
vn -0.208936 -0.430795 -0.877930
v 0.014914 -0.064335 -0.013374
vn -0.340048 -0.432035 -0.835292
v 0.014727 -0.064241 -0.013374
vn -0.144314 -0.814963 0.561257
v 0.013756 -0.064214 -0.010637
vn -0.499953 -0.778628 -0.379190
v 0.013588 -0.064198 -0.012297
vn -0.321110 -0.425938 0.845852
v 0.013660 -0.064148 -0.010640
vn -0.422201 -0.708413 0.565595
v 0.013550 -0.064094 -0.010654
vn -0.641396 -0.189592 -0.743415
v 0.014130 -0.064190 -0.013043
vn 0.582905 0.025530 0.812139
v 0.016206 -0.063070 -0.010585
vn -0.243280 -0.173174 -0.954372
v 0.014838 -0.064044 -0.013493
vn 0.596539 0.320739 -0.735709
v 0.016225 -0.063256 -0.013275
vn -0.462188 -0.796062 0.390727
v 0.012182 -0.063312 -0.010498
vn 0.763053 -0.585231 -0.274327
v 0.014256 -0.063846 0.004183
vn 0.727315 0.197435 -0.657291
v 0.014020 -0.062727 0.003215
vn 0.594898 0.500998 -0.628568
v 0.013910 -0.062566 0.003215
vn 0.570031 0.390964 -0.722642
v 0.013983 -0.062614 0.003246
vn 0.434699 0.070500 -0.897812
v 0.012643 -0.062247 0.002487
vn -0.499353 -0.620626 0.604541
v 0.010800 -0.062212 -0.010047
vn 0.520820 0.382296 -0.763280
v 0.013325 -0.061741 0.003354
vn 0.830006 0.550890 -0.087231
v 0.013957 -0.062272 0.003639
vn 0.812224 0.536393 0.229292
v 0.013320 -0.061518 0.004079
vn 0.691102 0.513989 -0.508128
v 0.013252 -0.061657 0.003357
vn 0.742306 0.401402 -0.536524
v 0.013191 -0.061602 0.003304
vn 0.045615 -0.846502 0.530428
v 0.011099 -0.063269 0.004918
vn 0.483237 0.257663 -0.836715
v 0.011119 -0.059762 0.002064
vn 0.766352 0.244985 0.593874
v 0.015106 -0.061011 -0.010132
vn 0.188448 -0.230042 0.954761
v 0.013877 -0.061699 -0.009907
vn 0.514833 0.050385 -0.855808
v 0.014313 -0.060201 -0.014035
vn -0.657425 -0.701251 -0.275753
v 0.010405 -0.060995 -0.012939
vn -0.775425 -0.512372 0.369040
v 0.008088 -0.059004 -0.010878
vn -0.471356 -0.790321 -0.391429
v 0.010472 -0.060550 -0.014180
vn -0.509985 -0.697266 -0.503721
v 0.010518 -0.060463 -0.014349
vn 0.952619 0.068824 0.296277
v 0.010496 -0.060515 -0.014266
vn -0.306470 -0.520011 -0.797286
v 0.010684 -0.060435 -0.014623
vn 0.712685 0.497926 0.494114
v 0.010297 -0.058129 0.005984
vn -0.323284 -0.799819 -0.505744
v 0.007646 -0.060098 0.001461
vn -0.517283 -0.403324 -0.754817
v 0.009479 -0.058782 -0.014720
vn 0.765397 0.336892 0.548335
v 0.014563 -0.060028 -0.010037
vn 0.871835 0.454039 0.183719
v 0.014720 -0.059690 -0.010741
vn 0.830551 0.271785 0.486125
v 0.014542 -0.059931 -0.010051
vn 0.726560 0.562736 0.394258
v 0.014578 -0.059822 -0.010199
vn 0.478613 0.330769 0.813339
v 0.013749 -0.059568 -0.009373
vn -0.308539 -0.324259 -0.894237
v 0.004953 -0.058123 0.001406
vn 0.694641 0.460132 -0.552948
v 0.013216 -0.057304 -0.013866
vn -0.567278 -0.823334 -0.017769
v 0.004751 -0.058818 0.004252
vn 0.304635 -0.736513 0.603942
v -0.003091 -0.062971 -0.009120
vn 0.402367 -0.752392 -0.521543
v 0.029163 -0.058668 0.008810
vn -0.642036 -0.310394 -0.701031
v 0.003296 -0.057685 0.002312
vn -0.706117 -0.299737 -0.641527
v 0.003380 -0.057476 0.002101
vn -0.393522 -0.485928 -0.780393
v 0.003427 -0.057444 0.002026
vn -0.824935 -0.249509 -0.507176
v 0.003305 -0.057443 0.002156
vn -0.145147 -0.589496 0.794624
v 0.027521 -0.057625 0.011368
vn -0.488862 -0.135123 -0.861833
v 0.003590 -0.054782 0.001235
vn 0.820396 -0.005530 -0.571769
v -0.002017 -0.056981 -0.008474
vn -0.635984 -0.753731 -0.165572
v 0.025819 -0.056263 0.008049
vn -0.406849 0.267244 0.873530
v 0.025771 -0.056185 0.008003
vn -0.603319 -0.668649 -0.434644
v 0.025727 -0.056117 0.007962
vn -0.683903 -0.171646 0.709094
v -0.000980 -0.052084 0.007714
vn 0.508976 0.327227 -0.796157
v 0.006098 -0.054764 0.001339
vn -0.723354 -0.677113 -0.135192
v 0.000581 -0.054983 0.002886
vn -0.637370 -0.761020 -0.120860
v 0.025235 -0.056235 0.009079
vn -0.403572 -0.704057 0.584323
v 0.005841 -0.058648 0.007686
vn 0.106140 -0.229856 0.967420
v -0.005698 -0.054831 -0.006009
vn -0.200441 -0.600890 -0.773793
v 0.027595 -0.056854 0.008017
vn 0.436952 -0.834843 0.334829
v 0.024975 -0.055937 -0.011218
vn -0.221933 -0.188013 0.956764
v -0.006289 -0.054880 -0.006027
vn -0.350905 -0.569348 -0.743444
v 0.025036 -0.055546 0.007772
vn -0.264312 -0.135118 0.954925
v -0.006307 -0.054763 -0.006015
vn -0.241897 -0.159527 0.957098
v -0.006387 -0.054598 -0.006013
vn 0.267830 0.192766 -0.943985
v 0.009834 -0.054656 -0.014612
vn 0.418403 -0.071386 -0.905452
v 0.027166 -0.053366 0.006805
vn 0.643082 -0.544727 -0.538254
v 0.025833 -0.054560 -0.012421
vn -0.406796 -0.363248 0.838194
v -0.006452 -0.055987 -0.006375
vn 0.528922 -0.416109 -0.739659
v 0.025866 -0.054356 -0.012457
vn -0.093332 -0.581053 -0.808497
v 0.024186 -0.054200 -0.012960
vn 0.253401 -0.258533 -0.932174
v 0.025834 -0.054287 -0.012537
vn -0.821169 -0.336872 -0.460650
v -0.001046 -0.052688 0.002751
vn -0.770715 -0.244569 -0.588374
v -0.006826 -0.054933 -0.010434
vn 0.918664 -0.245590 -0.309421
v 0.026072 -0.053643 -0.012323
vn 0.473198 0.284015 0.833918
v 0.010855 -0.054549 -0.009918
vn 0.853974 0.208459 0.476731
v 0.028147 -0.053642 0.011412
vn 0.498757 -0.639608 -0.584930
v 0.025721 -0.053656 -0.012761
vn -0.789785 -0.336052 0.513136
v 0.023488 -0.053708 -0.011442
vn 0.686203 -0.348413 -0.638540
v 0.025811 -0.053532 -0.012750
vn -0.856217 -0.504506 0.111204
v 0.023103 -0.053663 -0.011922
vn -0.932466 -0.036643 -0.359394
v 0.023086 -0.052952 -0.012418
vn -0.919948 -0.290752 0.262982
v 0.023099 -0.053581 -0.011856
vn -0.895250 -0.038235 0.443920
v 0.023064 -0.053459 -0.011835
vn 0.849071 0.510011 0.137723
v 0.025874 -0.053354 -0.012758
vn -0.530115 -0.222217 0.818290
v -0.006504 -0.053387 -0.005776
vn -0.714045 -0.609926 -0.343700
v 0.023043 -0.053838 0.007689
vn -0.508271 -0.384976 0.770359
v 0.024713 -0.052175 -0.009160
vn 0.636435 0.762994 -0.113096
v 0.005101 -0.052549 0.003151
vn 0.933360 -0.190088 -0.304476
v 0.026178 -0.052641 -0.012634
vn 0.949626 -0.173613 0.260899
v 0.026125 -0.051828 -0.011374
vn 0.098046 -0.015729 -0.995058
v 0.025816 -0.052573 -0.012902
vn -0.276176 -0.339079 -0.899307
v 0.023750 -0.052568 -0.013090
vn -0.151345 0.073637 -0.985734
v 0.025951 -0.052436 -0.012892
vn 0.303959 -0.137600 -0.942696
v 0.025524 -0.053282 -0.012962
vn 0.859189 -0.160005 -0.485996
v 0.026207 -0.052425 -0.012662
vn 0.922463 -0.200002 -0.330246
v 0.026212 -0.052224 -0.012720
vn 0.057346 0.156946 0.985941
v 0.023743 -0.052470 -0.013105
vn -0.812228 -0.231906 0.535263
v -0.007165 -0.052192 -0.006212
vn -0.343118 0.166629 0.924394
v 0.025992 -0.052305 -0.012901
vn -0.402533 -0.175078 -0.898507
v 0.023750 -0.052362 -0.013123
vn 0.460428 -0.121996 -0.879274
v 0.025766 -0.052781 -0.012899
vn 0.665028 0.722727 -0.188158
v 0.004820 -0.052377 0.002660
vn -0.475019 -0.267349 -0.838380
v 0.003634 -0.050878 -0.014696
vn -0.568997 -0.765220 0.301134
v 0.004725 -0.052336 0.002585
vn 0.507316 0.828330 -0.237699
v 0.004649 -0.052293 0.002549
vn 0.433431 0.202678 0.878100
v 0.007792 -0.052119 -0.009175
vn -0.372958 -0.285029 -0.882984
v 0.006528 -0.053513 -0.015005
vn 0.567580 -0.138506 0.811585
v -0.003283 -0.052222 -0.005977
vn -0.776709 -0.211963 0.593123
v -0.007084 -0.051982 -0.006066
vn 0.467059 0.584128 -0.663815
v 0.003541 -0.051730 0.002167
vn -0.474607 -0.430204 0.767902
v 0.004672 -0.054234 -0.010063
vn -0.523566 0.029475 0.851475
v -0.006786 -0.051699 -0.005729
vn 0.131269 -0.088436 -0.987394
v 0.024851 -0.052189 -0.013060
vn 0.941430 0.309489 0.133889
v 0.027604 -0.050646 0.008361
vn -0.831851 -0.116487 0.542637
v -0.007080 -0.051747 -0.005992
vn -0.640817 0.646451 0.414070
v -0.007058 -0.051540 -0.005922
vn -0.352157 -0.012862 -0.935852
v -0.000630 -0.051769 0.001763
vn -0.847193 -0.377157 0.374189
v 0.020710 -0.050099 0.009343
vn -0.341006 -0.156813 -0.926890
v 0.023734 -0.049902 -0.013634
vn -0.829272 0.337741 0.445240
v -0.007415 -0.051239 -0.006486
vn -0.992479 -0.115601 0.040271
v -0.008017 -0.051619 -0.008990
vn 0.756708 0.566880 -0.325639
v 0.009066 -0.051222 -0.013461
vn -0.527734 -0.250150 0.811740
v 0.002629 -0.050321 -0.009667
vn 0.482118 -0.215379 0.849220
v 0.025606 -0.048654 -0.008073
vn -0.166568 -0.141294 0.975854
v 0.002938 -0.050001 -0.009551
vn -0.590180 -0.168797 0.789427
v 0.002629 -0.050234 -0.009648
vn -0.204179 -0.138162 0.969135
v 0.002580 -0.050161 -0.009655
vn -0.885405 -0.451393 0.110920
v 0.002016 -0.050454 -0.010929
vn 0.821108 0.087522 -0.564023
v -0.003403 -0.049455 -0.009188
vn 0.824563 0.263565 0.500629
v 0.026418 -0.048545 0.010157
vn -0.585393 -0.287327 0.758128
v 0.002572 -0.049961 -0.009611
vn -0.757858 -0.299214 -0.579761
v 0.020893 -0.048983 0.006614
vn 0.749822 0.484248 0.450856
v 0.003550 -0.050685 0.005636
vn -0.511510 -0.080985 0.855453
v -0.006225 -0.049980 -0.005586
vn -0.645968 0.055168 -0.761368
v -0.006961 -0.049615 -0.010621
vn 0.579111 0.084216 0.810887
v -0.004113 -0.044925 -0.005783
vn -0.243060 -0.206547 0.947766
v 0.023919 -0.051715 0.011863
vn 0.688593 0.235127 -0.685970
v 0.007343 -0.049430 -0.014151
vn 0.339182 0.244364 0.908428
v 0.024045 -0.047142 0.012044
vn -0.909310 -0.306994 -0.280908
v 0.002162 -0.049730 -0.012786
vn -0.399140 -0.439194 0.804857
v -0.006863 -0.047995 -0.005642
vn -0.732590 -0.171397 -0.658738
v 0.001776 -0.046122 -0.014134
vn -0.899590 -0.398390 0.178952
v 0.021331 -0.049181 -0.011230
vn -0.946085 -0.248565 0.207700
v -0.007721 -0.047639 -0.006202
vn 0.509649 0.116805 0.852417
v 0.006006 -0.048144 -0.008964
vn -0.915414 -0.223365 0.334851
v 0.020011 -0.046937 0.009906
vn 0.878033 -0.143036 -0.456725
v 0.026919 -0.049358 -0.012945
vn -0.412973 -0.358469 0.837230
v -0.007616 -0.047684 -0.005988
vn -0.372336 0.106907 0.921920
v -0.006545 -0.045992 -0.005635
vn -0.450591 -0.061419 0.890615
v 0.021933 -0.047849 0.010851
vn -0.459622 -0.082979 0.884230
v -0.007636 -0.047553 -0.005991
vn -0.656970 0.428920 0.620015
v -0.007652 -0.047422 -0.005982
vn 0.810948 0.547443 -0.206566
v 0.024819 -0.044664 0.007642
vn 0.464186 0.043823 0.884653
v 0.004218 -0.043875 -0.008747
vn -0.771967 -0.273396 0.573865
v -0.007887 -0.047577 -0.006568
vn -0.775978 -0.232423 0.586377
v 0.001181 -0.047546 -0.009657
vn 0.877971 0.328071 -0.348621
v 0.002123 -0.047790 0.002529
vn 0.884876 0.403889 -0.232096
v 0.026368 -0.047800 0.008609
vn 0.354311 -0.298845 -0.886090
v -0.004958 -0.042535 -0.010413
vn 0.108412 -0.098173 0.989247
v 0.024898 -0.045998 -0.007998
vn -0.610524 -0.018821 -0.791774
v -0.007677 -0.045735 -0.010724
vn 0.298160 -0.937159 -0.181199
v 0.038202 -0.046421 0.007611
vn 0.945725 0.156477 0.284813
v 0.001069 -0.045443 0.005465
vn 0.225263 -0.157628 0.961463
v 0.025332 -0.045483 -0.007978
vn -0.989686 0.100641 0.101947
v 0.020796 -0.044860 -0.010529
vn 0.121171 -0.072658 0.989969
v 0.025263 -0.045346 -0.007960
vn 0.138015 -0.070151 0.987943
v 0.025332 -0.045208 -0.007958
vn 0.531244 0.105101 0.840675
v 0.025926 -0.045129 -0.008125
vn -0.383790 0.011308 -0.923351
v 0.022583 -0.045242 -0.013664
vn 0.167105 0.187828 -0.967883
v 0.023864 -0.045213 -0.013664
vn -0.963506 -0.267427 -0.011797
v 0.000693 -0.044752 -0.011405
vn 0.329302 0.144185 -0.933151
v 0.004505 -0.044715 -0.014417
vn 0.844692 0.190971 0.500026
v 0.000602 -0.045308 0.006786
vn 0.071188 0.162364 0.984160
v 0.025387 -0.044979 -0.007950
vn -0.369516 0.010585 -0.929164
v 0.022577 -0.045002 -0.013641
vn -0.512889 0.372696 -0.773332
v 0.022622 -0.044919 -0.013657
vn -0.758180 0.275678 -0.590902
v 0.021960 -0.045171 -0.013105
vn 0.950782 0.274398 -0.143941
v 0.001339 -0.044516 0.003528
vn 0.920653 0.197373 0.336811
v 0.000683 -0.044857 0.006280
vn 0.974804 0.221596 -0.025541
v 0.007537 -0.047131 -0.011653
vn -0.399163 0.404608 -0.822777
v 0.022789 -0.044869 -0.013698
vn -0.433862 -0.044991 0.899855
v 0.022998 -0.045437 -0.007904
vn -0.960547 -0.263758 0.088208
v -0.008594 -0.047686 -0.007922
vn 0.903660 0.221359 0.366603
v 0.000688 -0.044726 0.006190
vn 0.875447 0.225701 0.427379
v 0.000655 -0.044594 0.006181
vn -0.285934 -0.040421 -0.957397
v 0.001838 -0.044195 -0.014270
vn -0.340756 -0.024828 -0.939824
v 0.021493 -0.046530 0.005193
vn 0.881079 0.285876 0.376796
v 0.000638 -0.044403 0.006130
vn 0.861616 0.460027 0.214460
v 0.023236 -0.042294 0.010747
vn -0.960876 -0.247562 -0.124222
v -0.004989 -0.043392 0.003056
vn -0.142285 -0.009146 0.989784
v -0.002624 -0.044347 0.007618
vn -0.785086 -0.003439 -0.619377
v 0.001040 -0.043645 -0.013793
vn -0.258904 -0.041683 0.965003
v 0.023016 -0.042110 -0.007822
vn 0.535303 0.062127 -0.842372
v -0.001319 -0.040575 0.000609
vn -0.753066 -0.105850 0.649374
v -0.008115 -0.043835 -0.005874
vn -0.430512 -0.089635 -0.898123
v 0.001600 -0.043234 -0.014204
vn -0.535009 -0.127693 -0.835141
v 0.001671 -0.043282 -0.014238
vn -0.503350 -0.024910 -0.863724
v 0.001577 -0.043100 -0.014204
vn -0.435028 0.151613 -0.887561
v 0.001722 -0.042687 -0.014267
vn 0.964389 0.262274 0.034152
v 0.005871 -0.043501 -0.011338
vn -0.040283 -0.059461 0.997418
v -0.006096 -0.043455 -0.005620
vn -0.388943 -0.024150 0.920945
v -0.007856 -0.042614 -0.005677
vn 0.911995 0.172980 -0.371945
v 0.027154 -0.045434 -0.012144
vn -0.355156 -0.022669 0.934532
v -0.007821 -0.042525 -0.005663
vn -0.411964 0.153842 0.898120
v -0.007856 -0.042169 -0.005676
vn -0.571285 -0.357391 -0.738854
v 0.018466 -0.040151 0.003871
vn 0.868695 0.074717 0.489680
v 0.000122 -0.042301 0.006008
vn -0.481992 -0.717262 0.503209
v 0.034142 -0.042745 0.006278
vn 0.095006 -0.305910 -0.947308
v 0.036701 -0.042853 0.004559
vn 0.724893 0.128751 0.676723
v -0.000401 -0.042950 0.006907
vn -0.881964 0.064188 -0.466925
v 0.020714 -0.041889 -0.011994
vn 0.855461 0.190619 0.481509
v 0.000107 -0.042181 0.005977
vn -0.954692 -0.156291 -0.253252
v -0.009143 -0.042193 -0.008495
vn 0.941348 0.191455 0.277865
v 0.000155 -0.042112 0.005843
vn 0.819702 0.222131 0.527965
v -0.000418 -0.040263 0.006050
vn -0.715072 0.083867 0.694002
v -0.008381 -0.041732 -0.006220
vn 0.963836 -0.036543 0.263981
v 0.000353 -0.042588 0.005504
vn -0.421346 -0.604564 0.675995
v -0.004640 -0.036205 0.006448
vn -0.059328 0.182857 0.981348
v -0.006981 -0.041934 -0.005546
vn -0.804734 -0.001759 -0.593633
v -0.007888 -0.041181 -0.010401
vn 0.990623 0.099918 -0.093182
v 0.000702 -0.041861 0.003357
vn -0.798193 -0.147799 0.583989
v 0.000729 -0.042493 -0.009191
vn -0.911034 -0.384426 0.149110
v 0.017563 -0.042465 0.007324
vn -0.891463 0.152359 0.426708
v -0.008981 -0.037905 -0.006584
vn -0.769589 -0.088766 -0.632339
v -0.007252 -0.041108 -0.011339
vn -0.366345 -0.246895 -0.897125
v -0.007131 -0.041395 -0.011439
vn -0.977589 -0.188147 0.094452
v 0.000288 -0.043230 -0.010532
vn -0.711575 -0.060230 -0.700023
v -0.007293 -0.041012 -0.011305
vn -0.626437 0.259535 -0.734996
v -0.007289 -0.040856 -0.011323
vn -0.967071 -0.167125 0.191944
v 0.020841 -0.039955 -0.010002
vn -0.791689 -0.277127 0.544453
v 0.021786 -0.041183 -0.008182
vn 0.989800 0.141850 0.013203
v 0.000020 -0.039978 0.004228
vn -0.845862 -0.106219 0.522718
v 0.021522 -0.040737 -0.008580
vn -0.819886 -0.122350 0.559300
v 0.021532 -0.040605 -0.008537
vn -0.505984 -0.061747 0.860330
v 0.022013 -0.040586 -0.008025
vn -0.863682 -0.082890 0.497174
v 0.021499 -0.040393 -0.008541
vn -0.139322 0.101413 0.985041
v -0.003006 -0.041512 0.007306
vn -0.598566 -0.441862 -0.668189
v 0.032317 -0.040015 0.004990
vn 0.411270 -0.894812 -0.173691
v -0.000216 -0.040407 0.005701
vn 0.959420 0.097366 0.264638
v -0.000237 -0.040324 0.005702
vn 0.936429 0.226230 0.268182
v -0.000201 -0.040221 0.005570
vn -0.798580 -0.304370 0.519258
v 0.018072 -0.039550 0.009704
vn 0.761700 0.087404 -0.642008
v -0.004789 -0.039969 -0.010464
vn 0.239004 0.119967 -0.963579
v 0.003917 -0.040596 -0.014380
vn 0.964147 0.030879 -0.263566
v 0.038343 -0.040181 0.006997
vn -0.609174 -0.091365 0.787756
v 0.021796 -0.039243 -0.007979
vn -0.964623 -0.186825 -0.186007
v 0.000083 -0.039787 -0.012937
vn 0.662703 -0.748573 -0.021524
v 0.005025 -0.036073 -0.012488
vn 0.238133 -0.112698 0.964672
v 0.024883 -0.036519 -0.007417
vn -0.279290 -0.957960 -0.065653
v -0.007036 -0.035854 0.003274
vn 0.614420 -0.780366 0.116263
v 0.020414 -0.034246 0.007616
vn -0.660745 0.060422 0.748175
v 0.021955 -0.038335 -0.007863
vn 0.354154 0.092521 -0.930599
v 0.022031 -0.038261 -0.007827
vn -0.414748 0.164070 0.895022
v 0.022040 -0.038136 -0.007811
vn -0.374227 -0.328292 0.867282
v 0.032078 -0.038641 0.008932
vn 0.185658 -0.805589 -0.562634
v -0.001247 -0.037177 0.000039
vn 0.467455 -0.831429 -0.300353
v 0.020123 -0.035733 0.003948
vn 0.895439 -0.182447 0.406081
v -0.000594 -0.037393 0.005022
vn 0.704816 0.130621 0.697261
v -0.001562 -0.037941 0.006282
vn 0.963248 -0.155460 0.219058
v -0.000297 -0.037769 0.003850
vn 0.891905 0.192450 0.409230
v -0.000647 -0.037296 0.005085
vn 0.917462 0.219616 0.331710
v -0.000627 -0.037166 0.004946
vn 0.825660 -0.196205 0.528951
v -0.000637 -0.037077 0.004911
vn -0.469930 -0.780392 0.412498
v -0.000624 -0.034978 -0.009438
vn 0.995152 -0.066953 -0.072038
v 0.026494 -0.036631 -0.010491
vn -0.154305 -0.836963 0.525056
v 0.001788 -0.036713 0.009416
vn 0.101124 -0.986387 -0.129670
v -0.000665 -0.036708 -0.003212
vn -0.729360 -0.071764 0.680356
v 0.020836 -0.037543 -0.008768
vn 0.092352 -0.995555 0.018470
v 0.001878 -0.036705 0.009419
vn -0.146194 -0.989252 0.002743
v -0.000839 -0.036695 -0.002961
vn 0.248900 -0.951688 0.179829
v 0.001969 -0.036697 0.009419
vn -0.106410 -0.994110 -0.020541
v -0.000805 -0.036696 -0.003099
vn 0.107734 -0.973462 -0.201906
v -0.000401 -0.036745 -0.002610
vn 0.393719 -0.438708 -0.807787
v -0.001687 -0.036440 -0.005588
vn 0.264049 -0.959865 0.094540
v 0.001692 -0.036485 0.004318
vn 0.154237 -0.979509 0.129511
v 0.001467 -0.036714 0.008413
vn -0.254454 -0.962995 -0.088845
v -0.002134 -0.036354 -0.001134
vn 0.568662 -0.583244 0.580043
v -0.001440 -0.036565 0.006035
vn 0.031848 -0.999360 -0.016298
v 0.010215 -0.036461 -0.018365
vn -0.176782 -0.580536 -0.794812
v -0.002097 -0.036384 -0.005609
vn -0.161937 -0.945269 -0.283272
v -0.002521 -0.036467 -0.017362
vn 0.052311 -0.992213 -0.113037
v 0.002455 -0.036212 -0.003441
vn -0.248661 -0.533497 -0.808424
v -0.002253 -0.036333 -0.005596
vn -0.168501 -0.937922 -0.303167
v -0.000622 -0.036410 -0.014313
vn 0.088691 0.028499 0.995651
v 0.020463 -0.038757 0.010863
vn 0.373906 -0.889664 0.262093
v 0.004453 -0.035932 -0.010145
vn -0.519327 -0.490776 -0.699599
v -0.002376 -0.036257 -0.005605
vn -0.025877 0.299223 -0.953832
v -0.002605 -0.035516 -0.005521
vn -0.000011 -0.999833 -0.018256
v 0.004314 -0.036303 0.000593
vn -0.013329 -0.509606 0.860305
v -0.000076 -0.036869 0.009660
vn -0.198180 -0.950824 -0.238031
v -0.006556 -0.036823 -0.013066
vn 0.346603 -0.752711 0.559726
v 0.002490 -0.036326 0.009581
vn 0.054086 -0.997507 0.045331
v 0.012514 -0.036323 -0.012804
vn 0.022033 -0.999100 -0.036235
v 0.006424 -0.036345 -0.000857
vn 0.241294 -0.863195 -0.443476
v 0.003830 -0.035915 -0.014156
vn -0.066712 0.070393 0.995286
v 0.000434 -0.036129 0.009753
vn -0.085205 0.051829 0.995014
v 0.000157 -0.036099 0.009728
vn -0.077945 0.064006 0.994901
v 0.000302 -0.036122 0.009747
vn -0.004884 -0.999166 0.040551
v 0.006176 -0.036329 0.002548
vn 0.586906 0.341075 0.734309
v 0.019599 -0.035978 0.010553
vn -0.212960 0.268689 0.939390
v 0.001350 -0.035974 0.009668
vn 0.054757 -0.189236 0.980404
v 0.000634 -0.036050 0.009784
vn -0.209970 -0.962744 -0.170400
v -0.002417 -0.036394 -0.004631
vn 0.038914 -0.999229 -0.005241
v 0.010437 -0.036069 -0.000984
vn -0.185306 -0.737061 -0.649926
v -0.003402 -0.036207 -0.005299
vn -0.347425 -0.244124 -0.905373
v -0.003483 -0.036054 -0.005380
vn -0.126120 -0.954149 -0.271467
v 0.002535 -0.035581 -0.005485
vn -0.040283 -0.473669 -0.879781
v -0.003352 -0.036063 -0.005421
vn 0.090808 -0.995788 0.012689
v 0.012937 -0.036321 -0.003242
vn 0.039190 -0.996531 -0.073422
v 0.011253 -0.036144 -0.006629
vn 0.812365 0.516669 -0.270401
v 0.036967 -0.036075 0.005463
vn -0.030573 -0.997492 -0.063839
v 0.009544 -0.036137 -0.007198
vn -0.053978 -0.996382 0.065647
v 0.010918 -0.036164 0.008210
vn -0.371738 -0.577955 -0.726484
v -0.003556 -0.035989 -0.005389
vn 0.061329 -0.998114 0.002578
v 0.011704 -0.035999 -0.008265
vn -0.340248 -0.864472 0.370025
v -0.001011 -0.035938 -0.012800
vn 0.675532 -0.201303 0.709319
v 0.019036 -0.034775 0.010575
vn -0.968724 -0.148038 0.199144
v 0.010599 -0.035989 0.011762
vn -0.679936 -0.733117 0.015033
v 0.010544 -0.035991 0.011620
vn 0.070582 -0.997197 0.024825
v 0.015828 -0.035703 -0.017021
vn 0.121932 -0.933143 0.338197
v 0.004004 -0.035596 -0.008561
vn 0.608849 -0.788343 -0.088421
v -0.004581 -0.035713 -0.010130
vn -0.635780 -0.656215 0.406406
v 0.010583 -0.035928 0.011841
vn -0.791908 -0.543666 0.278045
v -0.000573 -0.035987 -0.012181
vn -0.026565 -0.987287 0.156713
v 0.013318 -0.035901 0.014205
vn -0.328143 -0.905547 0.268899
v 0.011301 -0.036152 0.012080
vn 0.058140 0.536428 0.841941
v -0.000695 -0.036021 0.009684
vn -0.066095 -0.995886 0.061986
v 0.007093 -0.036040 -0.009981
vn 0.635766 0.243510 0.732465
v 0.019481 -0.035719 0.010539
vn 0.602812 0.290092 0.743279
v 0.019489 -0.035852 0.010567
vn -0.526063 -0.775888 0.348217
v -0.011910 -0.035064 0.010937
vn -0.219174 -0.962497 0.159881
v 0.007930 -0.035935 0.009144
vn -0.070495 -0.976763 0.202397
v 0.007739 -0.036013 0.008608
vn 0.172247 -0.956701 0.234635
v 0.008072 -0.035905 0.009150
vn -0.030669 -0.998959 0.033779
v 0.006991 -0.035983 -0.011472
vn 0.198082 -0.979625 0.033152
v 0.017982 -0.035298 -0.001259
vn -0.678509 -0.706880 0.199865
v -0.000703 -0.035823 -0.012105
vn -0.467475 -0.827155 0.311899
v -0.000736 -0.035853 -0.012247
vn 0.165467 -0.956975 0.238370
v 0.008203 -0.035884 0.009149
vn -0.486712 -0.828077 0.278209
v -0.000828 -0.035816 -0.012348
vn -0.122237 -0.975618 -0.182284
v 0.015222 -0.036074 0.004738
vn 0.791837 0.351047 0.499760
v 0.019932 -0.035911 0.009965
vn -0.238420 -0.946484 0.217541
v 0.004752 -0.035789 -0.009702
vn 0.022370 -0.999594 0.017630
v 0.016662 -0.035840 -0.018578
vn 0.160833 -0.985471 0.054594
v 0.013974 -0.035882 -0.010522
vn 0.046573 -0.991444 -0.121941
v 0.016872 -0.035826 -0.018987
vn -0.052911 -0.993400 -0.101767
v 0.016597 -0.035829 -0.019056
vn 0.107682 -0.980839 -0.162355
v 0.016954 -0.035818 -0.019029
vn -0.394620 -0.875162 0.279941
v -0.000807 -0.035703 -0.011982
vn -0.004687 -0.970284 0.241924
v -0.002432 -0.035422 -0.010802
vn -0.076116 -0.721412 0.688310
v 0.007864 -0.035781 0.009346
vn -0.222046 -0.911724 0.345622
v 0.016296 -0.036138 0.009300
vn -0.168265 -0.971771 0.165374
v 0.004683 -0.035733 -0.009518
vn 0.116671 -0.923167 -0.366266
v 0.016124 -0.035670 -0.019711
vn -0.204965 -0.976349 0.068786
v 0.012545 -0.035331 0.016841
vn -0.766852 -0.634056 -0.099548
v 0.004706 -0.035741 -0.009646
vn 0.898687 0.283450 0.334690
v 0.020758 -0.036485 0.008983
vn 0.088362 0.539109 0.837588
v -0.002066 -0.035889 0.009826
vn 0.020093 -0.999153 0.035907
v 0.015421 -0.035659 -0.009792
vn -0.236997 -0.924789 -0.297652
v -0.012546 -0.035869 -0.013127
vn -0.909817 0.131659 0.393572
v 0.011303 -0.034788 0.010567
vn -0.595340 -0.715381 0.365788
v 0.009993 -0.036146 0.010218
vn -0.419573 -0.833387 0.359757
v -0.008460 -0.034333 -0.006646
vn -0.350712 -0.851385 -0.390057
v 0.019980 -0.036419 -0.011511
vn -0.377281 -0.782535 -0.495275
v -0.006943 -0.035616 -0.004524
vn -0.544606 -0.837134 -0.051098
v -0.012113 -0.035607 0.007524
vn -0.076146 -0.925674 0.370581
v 0.006082 -0.035698 0.021628
vn -0.106881 -0.994003 0.023133
v -0.007360 -0.035592 -0.004053
vn -0.041330 -0.996963 -0.066006
v -0.007133 -0.035625 -0.004336
vn -0.107172 -0.985566 -0.131048
v -0.007069 -0.035623 -0.004410
vn -0.366523 -0.902635 -0.225636
v -0.007246 -0.035611 -0.004322
vn -0.333627 -0.706621 -0.624003
v -0.007177 -0.035546 -0.004542
vn -0.136483 -0.990176 0.030387
v -0.007430 -0.035516 -0.003332
vn 0.075370 0.941820 -0.327558
v -0.001008 -0.035406 -0.003775
vn 0.968885 -0.094688 0.228684
v 0.026605 -0.035414 -0.010789
vn -0.570816 -0.819628 -0.048782
v -0.012219 -0.035528 0.008721
vn 0.041348 -0.837993 0.544112
v 0.010197 -0.036058 0.020228
vn -0.174790 -0.282459 -0.943221
v -0.007517 -0.035469 -0.004502
vn 0.276425 -0.943010 -0.185261
v 0.019595 -0.035509 -0.018053
vn -0.334424 -0.869878 -0.362591
v -0.008221 -0.035526 -0.004196
vn -0.032864 -0.798038 -0.601711
v 0.009226 -0.036327 -0.021282
vn -0.228368 -0.369386 -0.900778
v -0.007677 -0.035435 -0.004483
vn -0.248146 -0.776914 -0.578644
v -0.007662 -0.035510 -0.004420
vn -0.490968 -0.871004 -0.017372
v -0.012498 -0.035426 0.008732
vn -0.343651 -0.799868 0.492052
v 0.003078 -0.035236 0.020650
vn -0.498558 -0.866676 -0.017689
v -0.012522 -0.035413 0.008574
vn -0.825436 0.484927 0.288966
v 0.010811 -0.035356 0.012786
vn -0.270083 -0.758888 0.592574
v 0.007643 -0.035340 0.009450
vn 0.141281 -0.679653 0.719800
v 0.007270 -0.035340 0.009453
vn -0.496449 -0.866338 -0.054735
v -0.012539 -0.035409 0.008870
vn -0.186758 -0.432932 -0.881868
v -0.008101 -0.035370 -0.004425
vn -0.237526 -0.445601 -0.863146
v -0.007948 -0.035398 -0.004447
vn -0.243102 -0.810959 -0.532209
v -0.006102 -0.035734 -0.004769
vn 0.111915 -0.871350 -0.477728
v 0.017289 -0.036089 -0.013433
vn -0.500704 -0.379135 -0.778172
v -0.008296 -0.035297 -0.004424
vn 0.216568 -0.939233 0.266345
v 0.021406 -0.034623 -0.003189
vn -0.229453 -0.274043 -0.933944
v -0.007752 -0.035303 -0.004528
vn 0.702335 -0.521377 -0.484657
v 0.019435 -0.035302 -0.013006
vn 0.731961 -0.681311 -0.006961
v 0.019455 -0.035319 -0.012914
vn -0.773929 -0.631212 0.051044
v -0.013310 -0.034701 0.008422
vn -0.314310 -0.947017 -0.066084
v -0.011122 -0.035490 0.000413
vn 0.017898 -0.725586 0.687898
v 0.007521 -0.035314 0.009482
vn 0.583196 -0.657740 -0.476719
v 0.019025 -0.035686 -0.013148
vn 0.042625 -0.693895 0.718814
v 0.009184 -0.035699 0.009159
vn 0.701170 -0.392017 -0.595553
v 0.019435 -0.035229 -0.013137
vn 0.213701 -0.919494 0.329943
v 0.014911 -0.035128 0.019734
vn -0.397481 -0.850613 -0.344191
v 0.000077 -0.034897 -0.003181
vn -0.849651 0.363732 0.381827
v -0.000287 -0.035213 -0.002348
vn 0.248091 -0.792277 -0.557448
v -0.000485 -0.035187 -0.002363
vn -0.141339 -0.680433 0.719051
v -0.000392 -0.035206 -0.002362
vn 0.407165 -0.877325 0.254003
v -0.003560 -0.035116 -0.009226
vn 0.555578 -0.767439 -0.319954
v 0.020023 -0.034637 -0.012463
vn -0.588633 -0.800688 0.111403
v 0.011369 -0.035489 0.014217
vn 0.064544 -0.924306 0.376155
v -0.003396 -0.035074 -0.009173
vn -0.037938 -0.998943 -0.025973
v 0.003060 -0.035306 0.016561
vn 0.261337 -0.869468 0.419200
v 0.009581 -0.035035 0.009363
vn -0.180257 0.586123 -0.789916
v 0.009718 -0.035032 0.009334
vn -0.083954 -0.982767 0.164685
v -0.003182 -0.035062 -0.009194
vn 0.033587 -0.935508 0.351706
v -0.003281 -0.035057 -0.009144
vn -0.015075 -0.992204 0.123709
v 0.007234 -0.034672 0.012301
vn -0.256855 -0.788755 0.558472
v -0.000533 -0.035080 0.019150
vn 0.330190 -0.791293 0.514617
v 0.009407 -0.035002 0.009485
vn -0.712483 0.693640 0.105985
v 0.011794 -0.034987 0.013480
vn -0.753494 0.656651 0.032502
v 0.011789 -0.034992 0.013576
vn -0.222285 -0.746163 0.627559
v 0.009787 -0.034973 0.009362
vn -0.120437 -0.778239 -0.616311
v 0.000192 -0.035907 -0.020241
vn -0.891838 0.446077 -0.075099
v 0.011808 -0.034955 0.013683
vn 0.174780 -0.810347 0.559276
v 0.009511 -0.034982 0.009486
vn -0.059902 -0.993760 0.094087
v 0.010012 -0.034626 0.011370
vn 0.264243 -0.960018 0.092414
v 0.017779 -0.034818 0.011478
vn 0.102330 -0.845696 0.523762
v 0.006337 -0.035078 0.010220
vn -0.999637 0.024451 0.011301
v 0.011855 -0.034877 0.013371
vn 0.178818 -0.983410 -0.030488
v 0.016535 -0.035514 -0.000293
vn -0.146482 -0.984492 0.096538
v -0.010746 -0.036103 -0.011510
vn -0.490161 -0.641872 0.589697
v 0.001968 -0.035022 0.019965
vn 0.768383 -0.476793 0.426914
v 0.025286 -0.034591 -0.007432
vn 0.968571 0.017279 0.248136
v 0.026608 -0.034628 -0.010501
vn -0.609948 -0.782925 0.122442
v 0.002126 -0.034855 0.020482
vn -0.031322 -0.961531 0.272903
v 0.004713 -0.035151 0.009427
vn 0.248212 -0.916307 -0.314281
v 0.021123 -0.034697 0.001270
vn -0.624488 -0.779036 0.055827
v 0.002084 -0.034830 0.020562
vn -0.622865 -0.741300 0.250027
v 0.002070 -0.034797 0.020646
vn 0.064645 0.430886 -0.900088
v -0.011722 -0.034770 -0.003882
vn -0.208470 0.373093 -0.904070
v -0.007962 -0.034768 -0.004417
vn -0.039305 0.479151 -0.876852
v -0.006133 -0.034792 -0.004451
vn 0.597724 0.011382 0.801621
v -0.004296 -0.034722 0.008340
vn -0.380016 -0.766302 0.518043
v 0.001524 -0.034427 0.020922
vn 0.215410 -0.345639 0.913308
v -0.004216 -0.034717 0.008279
vn 0.191615 0.270963 -0.943325
v -0.011885 -0.034685 -0.003882
vn 0.934693 0.055002 0.351174
v 0.025929 -0.034669 -0.009316
vn 0.664159 0.015876 0.747423
v -0.004383 -0.034680 0.008400
vn 0.098678 0.269889 -0.957822
v -0.011991 -0.034607 -0.003888
vn -0.003286 -0.990422 0.138033
v -0.008428 -0.034657 0.014431
vn -0.157871 -0.980936 0.113323
v -0.009543 -0.034657 0.015335
vn -0.196236 -0.978729 0.059847
v -0.009626 -0.034654 0.015211
vn 0.935864 -0.007609 0.352280
v 0.025946 -0.034547 -0.009358
vn 0.253208 -0.893513 -0.370837
v 0.021349 -0.034576 0.001109
vn 0.261695 -0.897029 -0.356166
v 0.021412 -0.034591 0.001185
vn 0.272966 -0.896530 -0.348889
v 0.021507 -0.034584 0.001245
vn -0.066700 -0.975936 0.207606
v -0.009540 -0.034628 0.015541
vn -0.022881 0.874682 0.484156
v 0.001930 -0.035052 0.006376
vn -0.551039 -0.820520 0.151994
v -0.012391 -0.035625 0.010063
vn 0.066866 -0.933866 0.351317
v -0.005547 -0.035349 0.009866
vn 0.186657 -0.982219 -0.020110
v 0.020660 -0.034543 0.015272
vn 0.975978 -0.171707 0.134103
v 0.026621 -0.034383 -0.010504
vn 0.956680 -0.088370 0.277405
v 0.026588 -0.034547 -0.010454
vn 0.007328 -0.999298 0.036726
v -0.003815 -0.034565 0.014537
vn -0.342400 -0.895896 0.283077
v -0.010420 -0.034172 0.016521
vn 0.099913 -0.919189 0.380933
v -0.004053 -0.034566 0.008863
vn -0.097456 -0.887953 0.449491
v -0.008276 -0.033852 0.017643
vn 0.335087 -0.935139 -0.115033
v 0.021349 -0.034190 0.000097
vn 0.996608 -0.033116 -0.075339
v 0.026460 -0.034383 -0.011085
vn 0.904411 -0.163664 0.394023
v 0.025947 -0.034443 -0.009358
vn -0.037751 -0.922622 0.383853
v 0.021658 -0.034537 -0.006274
vn 0.530659 -0.840930 0.106006
v 0.021327 -0.034622 -0.002010
vn -0.022974 0.860399 -0.509103
v -0.007147 -0.034465 -0.003598
vn -0.188730 -0.420104 -0.887634
v -0.012606 -0.034667 -0.003860
vn -0.617258 -0.640221 -0.457285
v -0.013882 -0.033890 -0.015515
vn 0.089324 -0.987786 0.127667
v -0.003753 -0.034884 -0.007574
vn 0.237731 -0.971163 0.018092
v 0.020634 -0.034195 0.011988
vn 0.101661 -0.108445 -0.988891
v -0.003426 -0.034645 -0.003848
vn -0.151534 0.271571 -0.950414
v -0.007388 -0.034312 -0.003258
vn 0.027056 -0.063930 -0.997588
v -0.007568 -0.034310 -0.003267
vn -0.217503 -0.425619 -0.878374
v -0.009671 -0.035102 -0.004141
vn -0.700118 -0.413490 -0.582118
v 0.031492 -0.035486 0.003588
vn -0.532420 -0.820929 0.206406
v -0.014294 -0.034703 -0.010575
vn -0.459968 -0.884713 -0.075583
v -0.013998 -0.034341 -0.002780
vn 0.615502 -0.777473 0.129202
v 0.021351 -0.034309 -0.000898
vn 0.455421 -0.877767 0.148715
v 0.021420 -0.034309 -0.001108
vn 0.050518 -0.053164 -0.997307
v -0.007472 -0.034265 -0.003265
vn 0.329331 -0.942332 -0.059588
v 0.021825 -0.034295 -0.002892
vn 0.464471 -0.873634 0.145018
v 0.021404 -0.034300 -0.000996
vn -0.345583 -0.372732 -0.861187
v -0.013937 -0.034182 -0.003548
vn 0.096422 -0.974886 0.200751
v 0.021962 -0.034281 -0.002892
vn 0.271159 -0.952358 0.139593
v 0.022240 -0.034166 -0.002341
vn 0.160397 -0.981330 0.106129
v 0.022169 -0.034262 -0.002892
vn -0.329555 -0.391948 -0.858935
v -0.014016 -0.034137 -0.003536
vn 0.025643 -0.957120 0.288555
v -0.004687 -0.034309 -0.005030
vn -0.333365 -0.382603 -0.861674
v -0.014121 -0.034040 -0.003544
vn 0.192635 -0.964079 -0.182878
v 0.022459 -0.034443 0.001575
vn 0.071971 -0.937604 -0.340173
v 0.021877 -0.034034 0.014544
vn 0.897074 -0.126376 0.423424
v 0.026314 -0.033831 -0.009494
vn -0.380797 -0.905270 0.188360
v -0.011956 -0.034155 0.013323
vn -0.495271 -0.862968 0.099966
v -0.015354 -0.033470 -0.000747
vn 0.434635 0.026883 -0.900205
v 0.034293 -0.035328 0.002560
vn -0.195747 -0.879329 0.434125
v -0.011859 -0.034445 -0.008811
vn -0.412541 -0.850289 0.326831
v -0.013120 -0.033844 -0.008047
vn -0.375334 -0.850887 0.367581
v -0.013205 -0.033834 -0.008134
vn -0.279358 -0.839670 0.465740
v -0.013074 -0.033825 -0.007946
vn 0.332936 -0.910547 0.245066
v 0.023722 -0.034159 -0.003775
vn -0.188076 -0.951793 0.242318
v -0.003059 -0.034839 0.018155
vn -0.505428 -0.862807 0.010298
v -0.012180 -0.035497 0.004603
vn 0.200767 -0.973303 -0.111241
v 0.022885 -0.033740 0.013817
vn -0.114199 -0.991692 0.059206
v 0.014362 -0.033706 0.022058
vn -0.722791 -0.643552 0.251819
v 0.014083 -0.033607 0.022017
vn 0.171658 -0.603085 0.778988
v 0.014886 -0.033619 0.021892
vn -0.561760 -0.566939 0.602500
v 0.014157 -0.033572 0.022165
vn -0.601447 -0.735895 0.310999
v 0.013863 -0.033234 0.021514
vn -0.338646 -0.425711 0.839100
v 0.014181 -0.033509 0.022254
vn 0.322040 -0.711618 0.624411
v 0.017925 -0.032186 0.021684
vn -0.060650 0.211036 -0.975595
v -0.013289 -0.033351 -0.003060
vn -0.218108 -0.633510 0.742357
v -0.010466 -0.031481 0.019801
vn 0.714316 -0.654682 -0.247272
v 0.026835 -0.033490 -0.010706
vn 0.440188 -0.848737 0.293053
v 0.025320 -0.033823 0.003441
vn -0.117084 -0.603255 0.788907
v 0.013550 -0.032614 0.022072
vn -0.198094 -0.703610 0.682416
v -0.005738 -0.031820 0.020989
vn 0.325758 -0.813979 0.480958
v 0.025820 -0.033007 0.004009
vn 0.307457 -0.948949 0.070468
v 0.024571 -0.034170 0.001792
vn 0.482372 -0.832814 0.271548
v 0.025700 -0.033002 0.004186
vn 0.459504 -0.831464 0.312287
v 0.025814 -0.032971 0.004124
vn -0.747065 -0.606522 0.272075
v -0.015074 -0.031197 0.010379
vn 0.260579 -0.894829 -0.362463
v 0.030941 -0.032132 0.001629
vn -0.139461 -0.844490 0.517095
v -0.012480 -0.032881 0.018315
vn -0.496557 -0.852655 -0.162515
v 0.030351 -0.032760 0.003335
vn 0.215426 -0.707098 0.673502
v -0.012160 -0.032683 0.018441
vn 0.135620 -0.650840 0.747004
v -0.012273 -0.032678 0.018465
vn 0.124007 -0.740518 0.660497
v -0.012085 -0.032641 0.018456
vn -0.122701 -0.663079 0.738424
v -0.012581 -0.032275 0.018905
vn 0.429190 -0.885501 0.177997
v 0.024757 -0.033400 0.005576
vn -0.789544 -0.565828 -0.237611
v -0.016869 -0.031382 -0.012837
vn 0.246963 -0.622440 -0.742683
v 0.022537 -0.034409 -0.013465
vn 0.137745 -0.915130 0.378899
v 0.027552 -0.032581 0.003677
vn 0.755825 -0.557348 -0.343646
v 0.028148 -0.031875 0.016921
vn -0.463605 -0.810693 -0.357557
v 0.028766 -0.032489 0.004279
vn 0.102197 -0.980793 0.166132
v 0.027905 -0.032010 0.005179
vn -0.192668 -0.834216 0.516685
v -0.010867 -0.033172 0.018074
vn 0.334185 -0.941374 0.046208
v 0.015615 -0.032297 0.023638
vn 0.445754 -0.605288 0.659492
v 0.026400 -0.032310 0.008399
vn 0.350541 -0.698218 0.624189
v 0.015499 -0.032231 0.023864
vn -0.319998 -0.928899 -0.186409
v 0.028900 -0.032283 0.003910
vn -0.258035 -0.939934 -0.223477
v 0.028978 -0.032278 0.003855
vn 0.833231 0.509067 0.215817
v 0.025765 -0.032741 0.009253
vn 0.297525 0.840473 -0.452862
v 0.023894 -0.032329 0.010516
vn 0.418640 0.893998 -0.159712
v 0.023819 -0.032329 0.010452
vn -0.449315 -0.884122 -0.128234
v 0.028821 -0.032237 0.003921
vn 0.401728 0.826235 -0.394905
v 0.023726 -0.032313 0.010425
vn 0.549025 0.596383 -0.585576
v 0.024361 -0.032264 0.010770
vn 0.506502 -0.854462 0.115544
v 0.015688 -0.032262 0.023610
vn 0.418861 -0.755573 0.503652
v 0.017410 -0.031190 0.023370
vn 0.518086 -0.714392 0.470353
v 0.015707 -0.032194 0.023691
vn 0.345053 0.883063 -0.318024
v 0.024644 -0.032268 0.011414
vn 0.303211 0.915147 -0.265650
v 0.024891 -0.032269 0.011493
vn 0.087348 0.966225 -0.242447
v 0.024782 -0.032266 0.011483
vn 0.483843 -0.125531 0.866105
v 0.025947 -0.032215 0.008628
vn 0.412557 -0.895007 -0.169585
v 0.025566 -0.032168 0.011780
vn 0.120373 0.962725 -0.242220
v 0.024787 -0.032242 0.011565
vn -0.215305 -0.747972 -0.627839
v -0.011605 -0.032537 -0.017929
vn 0.150573 -0.557759 0.816231
v 0.026497 -0.032207 0.008455
vn 0.783929 -0.070934 -0.616785
v 0.024548 -0.032245 0.011380
vn 0.173276 0.970035 -0.170317
v 0.024877 -0.032244 0.011654
vn 0.726651 0.017285 -0.686790
v 0.024706 -0.032242 0.011528
vn 0.620132 -0.652639 0.435314
v 0.026761 -0.032172 0.008365
vn 0.325998 -0.296985 0.897511
v 0.026156 -0.032113 0.008621
vn 0.190963 -0.348721 0.917566
v 0.026020 -0.032142 0.008639
vn 0.305219 -0.518644 0.798655
v 0.026642 -0.032152 0.008455
vn 0.358449 -0.922240 0.144874
v 0.024380 -0.032149 0.009751
vn -0.276030 -0.929461 0.244764
v 0.015132 -0.032361 0.023704
vn 0.392302 -0.906624 0.155342
v 0.026537 -0.032284 0.007181
vn -0.037580 -0.526706 0.849216
v -0.002650 -0.029685 0.024032
vn 0.763521 0.337356 0.550660
v 0.036602 -0.035739 0.008406
vn -0.629923 -0.763047 0.144765
v -0.016212 -0.030618 -0.007361
vn 0.135690 -0.796488 0.589233
v 0.027031 -0.031957 0.008494
vn 0.270742 -0.745271 0.609320
v 0.027124 -0.031932 0.008474
vn -0.442700 -0.813954 0.376160
v -0.013845 -0.032764 -0.006794
vn 0.712547 -0.700408 0.041299
v 0.026100 -0.032691 0.014748
vn 0.293788 -0.941471 0.165291
v 0.027320 -0.031938 0.007526
vn 0.570636 -0.721155 0.392824
v 0.027256 -0.031860 0.008474
vn 0.513589 -0.856544 0.050593
v 0.028926 -0.032210 -0.008774
vn 0.320043 -0.694809 -0.644060
v 0.019513 -0.032828 -0.021607
vn 0.196279 -0.664759 -0.720812
v 0.011708 -0.029942 -0.026271
vn -0.009126 -0.739307 0.673307
v 0.014478 -0.030851 0.024657
vn -0.324184 -0.672918 -0.664896
v -0.006372 -0.032439 -0.020589
vn 0.307685 -0.950043 -0.052420
v 0.025141 -0.033530 -0.003307
vn 0.193844 -0.518716 0.832682
v 0.026760 -0.031664 0.008550
vn 0.281187 -0.643321 -0.712089
v 0.015802 -0.031919 -0.024115
vn 0.329873 -0.943740 -0.023221
v 0.027115 -0.032090 0.011530
vn 0.357706 -0.488862 0.795651
v 0.026054 -0.031524 0.008741
vn 0.173722 -0.919591 0.352381
v 0.027471 -0.031280 0.009210
vn -0.429195 -0.836128 0.341586
v 0.028867 -0.032204 0.008414
vn 0.632688 -0.771051 0.072016
v 0.032687 -0.029754 0.011343
vn -0.193394 -0.218375 -0.956510
v -0.015664 -0.033002 -0.003321
vn 0.481493 0.551937 -0.680830
v -0.017431 -0.030447 -0.002932
vn 0.585941 -0.738513 -0.333575
v 0.033155 -0.029746 -0.012195
vn -0.104886 -0.966874 0.232708
v 0.014892 -0.031993 0.023059
vn 0.947938 -0.309454 -0.075177
v 0.032710 -0.029600 0.003523
vn -0.712001 -0.691351 0.122836
v -0.014525 -0.031756 0.014443
vn 0.206445 0.445186 -0.871315
v -0.016219 -0.031044 -0.002404
vn -0.740268 -0.664245 0.103834
v -0.017903 -0.030331 -0.009381
vn 0.687332 0.322714 -0.650716
v -0.016377 -0.030967 -0.002468
vn 0.584618 0.349344 -0.732244
v -0.016333 -0.030946 -0.002394
vn 0.580927 -0.788131 -0.203402
v 0.031620 -0.031084 -0.000820
vn -0.025314 0.896057 -0.443217
v 0.023613 -0.030905 0.018155
vn 0.431142 -0.869643 -0.240494
v 0.026906 -0.030847 -0.016674
vn 0.670821 0.632020 0.388007
v 0.023548 -0.030878 0.018223
vn 0.461685 -0.723967 0.512561
v 0.028096 -0.029643 0.016697
vn 0.528802 0.841029 -0.114188
v 0.024370 -0.031036 0.017735
vn 0.435264 0.445961 -0.782089
v -0.016220 -0.030656 -0.002116
vn 0.013597 0.832645 -0.553640
v 0.023475 -0.030843 0.018292
vn -0.052586 -0.773182 0.632000
v 0.009449 -0.032635 0.024154
vn -0.242428 0.557849 -0.793747
v 0.024643 -0.030133 0.018324
vn -0.099657 0.782284 -0.614899
v 0.022543 -0.030807 0.018496
vn -0.429016 -0.251123 -0.867688
v -0.016556 -0.030420 -0.001996
vn 0.007116 -0.854269 0.519782
v 0.013269 -0.030587 0.024315
vn -0.647930 -0.230574 -0.725963
v -0.016625 -0.030351 -0.001982
vn -0.358486 -0.579940 -0.731545
v -0.010077 -0.029752 -0.020737
vn -0.657495 -0.466990 -0.591287
v -0.016632 -0.030263 -0.002003
vn -0.692096 -0.720284 -0.046846
v -0.017030 -0.029869 -0.002437
vn 0.717771 -0.688796 -0.101804
v 0.034588 -0.028209 -0.001916
vn -0.722960 -0.684309 0.095130
v -0.017100 -0.031544 0.001601
vn -0.723752 -0.682662 0.100777
v -0.017489 -0.030408 0.006325
vn 0.073771 0.236193 -0.968902
v -0.016829 -0.030202 -0.001965
vn 0.996428 0.084445 0.000063
v 0.028152 -0.030041 0.018381
vn 0.360299 -0.713231 0.601237
v 0.024740 -0.032063 0.018858
vn -0.578934 -0.440764 -0.685975
v -0.016887 -0.030058 -0.001958
vn -0.365769 -0.388223 -0.845870
v -0.016959 -0.030010 -0.001952
vn 0.434412 -0.535365 -0.724342
v 0.021368 -0.029848 -0.023310
vn -0.118612 0.750461 0.650184
v 0.016165 -0.029975 -0.023826
vn -0.354669 0.843969 0.402401
v 0.016245 -0.029983 -0.023740
vn -0.191245 -0.722474 -0.664422
v 0.008211 -0.031830 -0.024764
vn -0.334283 -0.376561 -0.863977
v -0.017025 -0.029944 -0.001950
vn -0.578738 0.765126 0.282214
v 0.016788 -0.029897 -0.023293
vn -0.455017 0.721237 0.522280
v 0.016316 -0.029928 -0.023760
vn -0.840228 0.532128 0.104192
v 0.016789 -0.028984 0.024057
vn -0.042285 -0.364864 -0.930100
v -0.017769 -0.029452 -0.001954
vn -0.110393 -0.490702 -0.864306
v -0.001747 -0.030926 -0.022792
vn -0.157007 -0.558997 0.814169
v 0.001881 -0.030807 0.022804
vn -0.541763 -0.823161 -0.169998
v -0.019391 -0.028015 -0.003946
vn 0.948052 0.095233 0.303525
v 0.028054 -0.029649 0.018605
vn 0.255384 0.966835 0.003003
v 0.015972 -0.030032 -0.023642
vn -0.591280 -0.496827 0.635256
v -0.017156 -0.028474 0.010726
vn -0.307311 -0.276810 -0.910459
v -0.018546 -0.030652 -0.003390
vn 0.899281 0.418967 -0.125540
v 0.028055 -0.029496 0.018468
vn 0.954810 0.197262 0.222319
v 0.028052 -0.029545 0.018539
vn 0.731326 -0.298964 0.613011
v 0.027498 -0.029048 0.019589
vn -0.735211 -0.627213 0.257039
v -0.019092 -0.028471 0.008130
vn 0.548780 -0.739776 -0.389321
v 0.030130 -0.029740 -0.015627
vn -0.779017 0.440254 -0.446440
v 0.015320 -0.029423 -0.027133
vn 0.459079 0.084312 0.884385
v 0.032865 -0.029777 0.008165
vn -0.653255 -0.718700 0.238177
v -0.015844 -0.031940 0.008932
vn -0.435236 -0.413928 -0.799520
v -0.019907 -0.029438 -0.003045
vn -0.526585 0.581603 0.620037
v 0.016489 -0.029586 -0.024026
vn -0.616101 -0.591392 0.520264
v -0.014590 -0.030615 0.018316
vn -0.465823 -0.593980 -0.655894
v -0.014063 -0.027362 -0.020848
vn -0.772934 -0.625447 -0.106721
v -0.020133 -0.029342 -0.002137
vn -0.322114 -0.389027 -0.863076
v -0.019963 -0.029356 -0.003065
vn 0.420438 -0.727097 0.542736
v 0.023461 -0.029853 0.018924
vn 0.244154 -0.786888 0.566742
v 0.027081 -0.029521 0.017526
vn -0.881160 -0.042195 -0.470932
v -0.020030 -0.029286 -0.003065
vn -0.394934 -0.637074 0.661939
v 0.006105 -0.027652 0.027725
vn -0.139074 -0.660209 0.738094
v -0.001221 -0.031600 0.022710
vn -0.725553 -0.574137 -0.379393
v -0.016276 -0.029673 -0.016271
vn -0.207635 -0.609422 0.765175
v 0.005289 -0.029748 0.024395
vn 0.629709 -0.499925 0.594594
v 0.032456 -0.028853 0.008144
vn -0.185545 -0.163118 -0.969002
v -0.019955 -0.028324 -0.003052
vn 0.231876 0.661376 -0.713313
v 0.027098 -0.029046 0.018242
vn 0.479466 -0.746573 -0.461239
v 0.024908 -0.031092 -0.020511
vn 0.780892 -0.585583 0.217488
v 0.034656 -0.026350 0.007444
vn -0.795056 -0.590175 0.139925
v -0.021756 -0.026462 0.004493
vn 0.575940 -0.807882 -0.124983
v 0.032623 -0.029820 -0.002516
vn -0.782518 -0.554787 -0.282625
v -0.017118 -0.030361 -0.013869
vn 0.719548 -0.690200 -0.076640
v 0.034452 -0.028849 0.001443
vn 0.495294 -0.769130 0.403885
v 0.024933 -0.029255 0.018617
vn 0.118232 -0.112103 -0.986638
v 0.025594 -0.028788 0.019217
vn -0.394810 -0.781390 -0.483274
v 0.016452 -0.028522 -0.024881
vn 0.270089 -0.810553 0.519669
v 0.025745 -0.028652 0.018994
vn 0.288516 -0.939862 0.182809
v 0.025604 -0.028677 0.019046
vn 0.315304 -0.940685 -0.125279
v 0.025536 -0.028671 0.019119
vn 0.609855 -0.345985 -0.713001
v 0.026904 -0.027436 -0.021945
vn 0.674181 -0.730318 0.110069
v 0.033192 -0.029414 -0.007553
vn -0.620021 -0.529723 -0.578764
v -0.016780 -0.027538 -0.017892
vn -0.088968 -0.896148 -0.434745
v 0.003378 -0.036283 -0.020339
vn 0.621874 -0.598691 0.504819
v 0.031764 -0.028231 0.015510
vn 0.086464 -0.730218 0.677721
v 0.010094 -0.029315 0.028741
vn -0.221722 -0.664816 0.713343
v -0.009056 -0.027795 0.024280
vn -0.106782 -0.469833 -0.876273
v 0.000158 -0.027427 -0.024476
vn -0.883530 -0.382285 -0.270616
v -0.022090 -0.024437 -0.013677
vn -0.766883 0.474777 -0.431830
v 0.017295 -0.027714 0.025319
vn 0.443142 -0.581138 0.682572
v 0.024165 -0.028412 0.021908
vn -0.413034 -0.559811 -0.718342
v 0.003563 -0.027543 -0.025398
vn 0.480311 -0.876099 0.041848
v 0.026795 -0.027881 0.019695
vn -0.718514 0.610862 -0.332545
v 0.017539 -0.027553 0.025167
vn -0.965247 0.100274 -0.241337
v 0.017680 -0.027391 0.025079
vn 0.122007 -0.721039 -0.682068
v 0.009838 -0.028998 -0.029129
vn 0.465520 -0.566875 0.679665
v 0.022683 -0.027252 0.024179
vn -0.775295 0.328446 -0.539482
v 0.017582 -0.027427 0.025274
vn -0.732949 0.567674 -0.374877
v 0.017593 -0.027470 0.025200
vn 0.736447 -0.676251 -0.018193
v 0.034811 -0.027550 -0.005732
vn 0.169347 -0.370152 -0.913405
v 0.011288 -0.024458 -0.031012
vn 0.944655 -0.320947 -0.067976
v 0.034781 -0.027469 -0.010579
vn -0.373506 -0.687428 0.622845
v -0.012457 -0.027433 0.022968
vn 0.407287 -0.633157 0.658202
v 0.020497 -0.028446 0.024393
vn 0.608579 -0.462150 0.645018
v 0.030735 -0.025838 0.019412
vn 0.785200 -0.430481 0.445137
v 0.035033 -0.026338 0.014032
vn -0.400188 -0.879023 -0.259170
v 0.016943 -0.027263 0.025946
vn 0.438075 -0.525596 0.729272
v 0.024942 -0.026447 0.023097
vn -0.727361 -0.683495 0.061481
v -0.021166 -0.027344 0.002004
vn 0.926330 -0.285112 -0.246219
v 0.034858 -0.027080 -0.010032
vn 0.909490 -0.415617 0.009466
v 0.034867 -0.027027 -0.010205
vn -0.845375 -0.487422 0.218543
v -0.016866 -0.026880 0.013441
vn -0.652624 -0.549128 0.522054
v 0.016746 -0.028564 0.026545
vn 0.906663 -0.413483 -0.083630
v 0.034869 -0.027042 -0.010115
vn 0.892860 -0.444528 -0.072079
v 0.035194 -0.026524 -0.010438
vn -0.802171 -0.485920 0.346992
v -0.017089 -0.025881 0.020778
vn 0.950643 -0.261202 -0.167484
v 0.035709 -0.026402 -0.008640
vn -0.822612 -0.567706 0.031913
v -0.024522 -0.024208 -0.001722
vn 0.666327 -0.707722 0.234813
v 0.036073 -0.027436 0.002634
vn 0.807892 -0.127841 0.575297
v 0.035767 -0.022770 0.014002
vn -0.194668 -0.638763 -0.744370
v -0.007934 -0.026806 -0.024303
vn 0.574493 -0.621475 0.532660
v 0.028999 -0.026680 0.019755
vn 0.354350 -0.445370 0.822242
v 0.015453 -0.027489 0.027803
vn -0.229132 -0.261600 -0.937584
v 0.007221 -0.026447 -0.031445
vn -0.011510 -0.546267 0.837532
v -0.004647 -0.025400 0.026090
vn 0.754611 -0.174926 0.632426
v 0.031717 -0.024388 0.019392
vn -0.695755 -0.680852 -0.228835
v -0.022858 -0.025944 -0.003191
vn 0.060675 -0.592937 0.802960
v -0.005908 -0.026208 0.025881
vn 0.801671 -0.442751 -0.401616
v 0.035304 -0.025424 -0.015514
vn 0.048317 -0.655418 -0.753719
v -0.001639 -0.024714 -0.025801
vn 0.512302 -0.446645 0.733522
v 0.026373 -0.025357 0.023049
vn 0.660107 -0.624589 0.417309
v 0.031585 -0.025601 0.018769
vn 0.305162 -0.297853 -0.904522
v 0.031658 -0.025534 0.018771
vn -0.033872 -0.635202 0.771603
v -0.003625 -0.025438 0.026240
vn 0.827513 -0.520826 0.209675
v 0.031725 -0.025463 0.018771
vn -0.679685 -0.436278 -0.589653
v -0.019233 -0.023619 -0.018764
vn 0.031993 -0.558199 0.829090
v -0.003625 -0.025353 0.026298
vn 0.543251 -0.244527 -0.803172
v 0.022666 -0.023019 -0.026361
vn 0.815238 -0.420894 0.397787
v 0.031828 -0.026153 0.017852
vn 0.070901 -0.538634 0.839551
v -0.002990 -0.025697 0.026004
vn -0.031909 -0.490476 0.870870
v -0.003690 -0.025227 0.026385
vn 0.417584 -0.453548 0.787348
v 0.025813 -0.025227 0.023505
vn 0.470873 -0.412948 0.779585
v 0.025887 -0.025199 0.023475
vn 0.508955 -0.368344 0.778002
v 0.025953 -0.025128 0.023472
vn 0.370671 -0.370821 0.851525
v 0.020515 -0.025496 0.026843
vn -0.852318 -0.276218 0.444137
v -0.018982 -0.023768 0.017410
vn 0.059913 -0.694448 -0.717044
v -0.004237 -0.024628 -0.026543
vn 0.848349 -0.474034 -0.235788
v 0.035797 -0.024837 -0.008334
vn 0.911670 -0.209162 0.353707
v 0.037721 -0.025775 0.003566
vn -0.213739 -0.453459 0.865269
v -0.021096 -0.024697 0.011387
vn -0.273582 0.672822 0.687360
v -0.018077 -0.024693 0.017436
vn 0.690826 -0.719046 0.075710
v 0.036465 -0.024680 0.005502
vn -0.902192 -0.305508 0.304492
v -0.017662 -0.025797 0.018356
vn 0.818460 -0.053891 0.572031
v 0.032205 -0.023903 0.018386
vn 0.917830 -0.159406 0.363563
v 0.036295 -0.024600 0.005053
vn 0.773666 -0.354019 -0.525464
v 0.036134 -0.024650 -0.007825
vn -0.932495 -0.012388 0.360971
v -0.017944 -0.024590 0.017514
vn -0.245225 0.769307 -0.589942
v -0.018000 -0.024642 0.017469
vn 0.656319 -0.521661 -0.545083
v 0.036272 -0.024541 -0.007852
vn 0.787434 -0.491346 0.372191
v 0.036362 -0.024573 0.004972
vn -0.243007 -0.249776 -0.937315
v 0.001485 -0.021473 -0.028283
vn 0.784697 -0.583954 -0.207964
v 0.036245 -0.024473 -0.007952
vn 0.766462 -0.527148 0.366948
v 0.036413 -0.024489 0.004948
vn -0.079356 -0.447790 0.890610
v -0.000074 -0.023658 0.026872
vn -0.760206 -0.627928 0.166712
v -0.023605 -0.024713 0.001275
vn 0.713067 -0.451229 -0.536589
v 0.036591 -0.025226 -0.007246
vn -0.956594 -0.158946 0.244262
v -0.019723 -0.024522 0.008968
vn 0.017967 -0.439825 0.897904
v -0.002345 -0.023831 0.027037
vn -0.397331 0.270615 0.876867
v -0.019361 -0.024786 0.010452
vn -0.618007 -0.573135 0.538131
v -0.015594 -0.025562 0.023104
vn 0.910203 -0.267027 -0.316586
v -0.019673 -0.024340 0.009356
vn 0.802281 -0.557109 -0.214417
v -0.019638 -0.024456 0.009826
vn -0.355048 -0.908923 0.218632
v -0.019528 -0.024436 0.009901
vn -0.819956 -0.467386 0.330488
v -0.019568 -0.024438 0.009693
vn -0.783405 -0.350406 -0.513316
v -0.021162 -0.024018 -0.017142
vn -0.575687 -0.659837 0.482907
v -0.019173 -0.024343 0.010783
vn 0.425093 -0.648376 0.631589
v -0.005345 -0.024232 0.027182
vn -0.914891 -0.321385 -0.244307
v -0.021707 -0.023039 -0.015672
vn -0.650107 -0.529688 0.544786
v -0.016076 -0.024196 0.023717
vn -0.663880 -0.578148 0.474349
v -0.016003 -0.024209 0.023790
vn 0.247245 0.311909 -0.917378
v -0.005276 -0.024161 0.027225
vn -0.559957 -0.722335 0.405809
v -0.016008 -0.024162 0.023866
vn -0.707716 -0.393484 0.586779
v -0.015936 -0.024147 0.023997
vn 0.238853 -0.582805 0.776716
v -0.004973 -0.023839 0.027320
vn 0.745074 -0.041515 0.665689
v 0.028502 -0.023770 0.022080
vn 0.478767 -0.577915 0.660906
v -0.005207 -0.024047 0.027282
vn -0.411772 -0.766308 -0.493169
v -0.014378 -0.023727 -0.024471
vn -0.775377 -0.253333 0.578458
v -0.016628 -0.023895 0.023293
vn -0.794969 -0.525565 -0.302994
v -0.022923 -0.024760 -0.005576
vn -0.972144 -0.104710 -0.209693
v -0.024838 -0.021306 -0.006221
vn -0.186983 0.061023 0.980466
v 0.009656 -0.024071 0.032367
vn -0.732220 -0.459810 -0.502422
v -0.024552 -0.023821 -0.003442
vn -0.816451 -0.485389 -0.312738
v -0.024695 -0.023808 -0.003266
vn -0.720921 -0.453466 -0.524062
v -0.024633 -0.023844 -0.003332
vn -0.872192 -0.425214 0.241815
v -0.019268 -0.023858 0.014131
vn 0.027296 -0.121719 0.992189
v -0.020656 -0.023436 0.011683
vn -0.885494 -0.283132 -0.368426
v -0.025193 -0.022710 -0.003477
vn 0.486834 -0.222871 0.844583
v 0.025548 -0.024060 0.024167
vn 0.605013 -0.148548 -0.782236
v 0.036101 -0.023681 0.010056
vn 0.923355 -0.381496 -0.043319
v 0.035870 -0.024697 0.009361
vn 0.805706 -0.584496 -0.095935
v 0.036122 -0.023597 0.009901
vn -0.476226 0.051139 -0.877834
v 0.005246 -0.022724 -0.030501
vn 0.600644 -0.085496 0.794932
v 0.027082 -0.023765 0.023427
vn 0.863341 -0.466400 0.192651
v 0.036485 -0.024000 0.011339
vn 0.912712 -0.239489 -0.331061
v 0.036469 -0.023635 -0.013496
vn 0.667451 -0.708728 0.228503
v 0.036143 -0.023566 0.009695
vn 0.863552 -0.446322 0.234680
v 0.037822 -0.022527 0.008411
vn 0.967975 -0.243890 0.059511
v 0.037118 -0.022716 0.010850
vn 0.788381 0.223515 0.573146
v 0.027779 -0.023394 0.022772
vn 0.805719 0.216538 0.551297
v 0.027842 -0.022954 0.022084
vn 0.686848 0.241557 -0.685486
v 0.036618 -0.022130 -0.013158
vn 0.831418 -0.466564 -0.301766
v 0.036827 -0.024000 -0.007681
vn -0.133999 -0.531539 -0.836368
v -0.002732 -0.023563 -0.026882
vn -0.031485 -0.194297 0.980437
v -0.007650 -0.021711 0.028354
vn -0.653197 -0.002111 0.757185
v 0.027771 -0.023073 0.022741
vn 0.842244 0.300127 0.447826
v 0.027764 -0.023198 0.022773
vn -0.148956 -0.497283 -0.854706
v -0.010727 -0.022709 -0.027382
vn -0.887403 -0.242548 0.392029
v -0.022615 -0.022525 0.010515
vn 0.022465 -0.623547 -0.781463
v -0.001493 -0.023198 -0.027586
vn -0.085811 -0.514792 -0.853010
v -0.001548 -0.023118 -0.027630
vn -0.143263 0.387668 -0.910598
v 0.010268 -0.023314 -0.031618
vn -0.203357 -0.813469 -0.544899
v -0.011878 -0.023985 -0.025681
vn -0.021559 -0.172819 0.984718
v -0.006195 -0.021157 0.028270
vn 0.260290 -0.772547 0.579155
v -0.002937 -0.023013 0.027124
vn 0.676647 0.137441 0.723366
v 0.027392 -0.022644 0.023090
vn 0.773153 -0.480892 0.413494
v 0.036862 -0.023078 0.011744
vn -0.256167 -0.224612 -0.940174
v -0.001587 -0.023015 -0.027687
vn 0.933792 -0.303830 0.188995
v 0.036960 -0.022983 0.011593
vn 0.864694 -0.398007 0.306422
v 0.036912 -0.023008 0.011686
vn 0.040437 -0.394573 -0.917975
v -0.000849 -0.022571 -0.027881
vn -0.248263 0.619020 0.745104
v 0.006479 -0.022614 0.030219
vn 0.016919 -0.474597 0.880040
v -0.007102 -0.024162 0.027499
vn 0.311767 0.568826 0.761077
v -0.021344 -0.022800 0.011712
vn 0.893751 -0.317739 -0.316623
v 0.036981 -0.022907 -0.012097
vn -0.921539 -0.355280 0.156657
v -0.024929 -0.022974 0.001647
vn 0.900396 -0.381098 0.209884
v 0.038124 -0.023908 0.003166
vn -0.463350 -0.869828 -0.169429
v -0.017422 -0.022893 -0.023409
vn -0.510802 -0.338247 0.790361
v -0.014195 -0.024370 0.025299
vn 0.861017 -0.419499 -0.287525
v 0.036978 -0.022856 -0.012183
vn -0.390332 0.748532 -0.536041
v 0.010636 -0.022853 -0.031112
vn 0.945417 -0.144715 -0.291966
v 0.036998 -0.022747 -0.012275
vn -0.670804 -0.733244 -0.111244
v -0.017489 -0.022824 -0.023434
vn 0.934625 -0.176625 -0.308674
v 0.037145 -0.022981 -0.011686
vn 0.117115 0.195486 -0.973688
v 0.010407 -0.022785 -0.031102
vn 0.052003 0.231629 -0.971413
v 0.010545 -0.022780 -0.031117
vn -0.120829 -0.339273 0.932896
v -0.005504 -0.022738 0.028170
vn 0.919145 -0.386954 -0.073748
v 0.038998 -0.022526 -0.000158
vn -0.975687 0.029009 -0.217238
v -0.025402 -0.021553 -0.002257
vn 0.177082 -0.472192 0.863526
v -0.004609 -0.023070 0.027911
vn 0.220227 -0.818784 0.530182
v -0.002937 -0.022771 0.027845
vn 0.085680 -0.183654 -0.979250
v 0.011400 -0.021862 -0.031716
vn 0.554264 -0.817185 -0.158114
v -0.017548 -0.022780 -0.023390
vn 0.177638 0.437242 0.881626
v -0.021313 -0.022715 0.011624
vn 0.526153 0.236266 0.816910
v -0.021333 -0.022630 0.011600
vn 0.488092 -0.737880 0.466154
v -0.002659 -0.022733 0.027781
vn 0.231009 -0.819512 0.524438
v -0.002801 -0.022725 0.027849
vn 0.210468 0.164330 0.963690
v -0.021545 -0.023128 0.011948
vn 0.015895 -0.210010 0.977570
v -0.005400 -0.022625 0.028227
vn -0.173409 -0.311351 0.934339
v -0.005482 -0.022647 0.028204
vn 0.492259 -0.283421 0.823015
v 0.022204 -0.024670 0.026289
vn -0.410686 0.167393 0.896279
v 0.007902 -0.022252 0.030162
vn -0.583002 -0.691635 -0.426320
v -0.017638 -0.022505 -0.024672
vn 0.875716 0.104718 -0.471334
v 0.036629 -0.020961 -0.012413
vn -0.787704 -0.372035 -0.491032
v -0.018681 -0.023079 -0.020683
vn 0.673792 -0.213026 -0.707548
v 0.029533 -0.022112 -0.020946
vn -0.238348 -0.407049 -0.881760
v -0.013944 -0.022836 -0.027470
vn 0.072317 -0.195483 0.978037
v 0.007174 -0.022437 0.030003
vn -0.065017 0.203906 0.976829
v 0.007264 -0.022424 0.030010
vn 0.129842 0.094200 -0.987050
v 0.013138 -0.019392 -0.030265
vn -0.583386 -0.014721 0.812062
v -0.022015 -0.022729 0.011926
vn 0.029650 -0.367251 0.929649
v 0.007355 -0.022339 0.030020
vn 0.257740 -0.092017 -0.961823
v -0.013491 -0.022287 -0.027555
vn 0.018432 0.116454 -0.993025
v -0.013598 -0.022235 -0.027566
vn -0.010273 -0.584782 0.811125
v 0.006964 -0.021758 0.030823
vn -0.603090 -0.681008 -0.415343
v -0.017351 -0.023384 -0.021317
vn -0.146515 0.302277 -0.941893
v -0.013590 -0.022139 -0.027549
vn 0.114968 -0.520941 0.845815
v -0.002713 -0.022460 0.028098
vn 0.461705 -0.067964 0.884426
v 0.025335 -0.021169 0.023828
vn 0.913121 -0.369268 -0.172775
v 0.037554 -0.023088 -0.009883
vn 0.449875 -0.354701 -0.819634
v 0.021089 -0.025292 -0.026974
vn -0.335721 0.109819 -0.935538
v 0.007668 -0.022364 -0.030938
vn 0.424976 -0.111913 0.898260
v 0.021439 -0.020753 0.026464
vn -0.104358 -0.237236 -0.965831
v 0.009298 -0.021707 -0.031756
vn -0.612803 0.012374 -0.790138
v -0.016179 -0.020439 -0.025692
vn -0.156788 -0.209298 -0.965200
v 0.009200 -0.021677 -0.031749
vn -0.301480 0.039033 -0.952673
v 0.009122 -0.021614 -0.031746
vn -0.345195 0.164228 0.924051
v -0.021166 -0.021352 0.011422
vn -0.189451 -0.190298 0.963273
v 0.005816 -0.018748 0.030496
vn -0.449823 -0.169521 -0.876882
v 0.002747 -0.021359 -0.028942
vn -0.032592 -0.196276 -0.980007
v 0.009336 -0.023156 -0.031347
vn -0.678466 -0.098624 0.727982
v -0.015702 -0.021708 0.025171
vn -0.449145 -0.258394 -0.855279
v 0.003409 -0.021388 -0.029270
vn 0.904479 -0.157931 0.396201
v 0.036805 -0.022372 0.012446
vn -0.459204 -0.327373 -0.825808
v 0.003287 -0.021342 -0.029202
vn -0.446592 -0.436934 -0.780797
v 0.003184 -0.021273 -0.029186
vn -0.156099 0.317171 0.935433
v 0.009041 -0.022135 0.030917
vn -0.438880 -0.257122 -0.860972
v 0.003131 -0.021190 -0.029195
vn -0.049104 -0.339953 -0.939160
v -0.007463 -0.022403 -0.028890
vn 0.077647 0.088620 -0.993034
v -0.012816 -0.021890 -0.027315
vn -0.382567 0.009732 -0.923877
v 0.003871 -0.022353 -0.029247
vn 0.916344 -0.043868 -0.397981
v 0.037000 -0.018951 -0.011997
vn 0.280843 -0.287550 -0.915665
v 0.014657 -0.024372 -0.029937
vn -0.428472 -0.212255 0.878271
v 0.003449 -0.022464 0.029132
vn 0.701820 -0.181155 -0.688935
v 0.033055 -0.021311 -0.017931
vn 0.979968 -0.155933 -0.123883
v 0.038533 -0.020158 -0.004992
vn 0.479068 -0.292756 0.827519
v 0.022060 -0.018459 0.026783
vn -0.148729 0.232586 -0.961137
v 0.009847 -0.020966 -0.031831
vn 0.648402 -0.226774 0.726739
v 0.029508 -0.019616 0.021004
vn -0.402867 -0.117958 -0.907626
v 0.003899 -0.019740 -0.029731
vn -0.870131 0.075648 0.486980
v -0.021127 -0.020123 0.011113
vn -0.308189 -0.280926 0.908901
v -0.011414 -0.023151 0.027314
vn -0.666833 -0.151466 0.729652
v -0.021300 -0.019679 0.010905
vn -0.900702 0.008779 0.434348
v -0.021113 -0.020034 0.011141
vn -0.915621 -0.170962 0.363882
v -0.021133 -0.019888 0.011104
vn 0.479664 -0.149082 0.864695
v 0.021202 -0.016105 0.027927
vn 0.698067 -0.083569 0.711139
v 0.030717 -0.019926 0.019925
vn -0.937111 -0.106143 0.332500
v -0.020978 -0.020081 0.011825
vn 0.579017 -0.254941 0.774432
v 0.027827 -0.019790 0.022376
vn -0.961199 -0.091301 0.260309
v -0.020152 -0.017854 0.014475
vn 0.992483 -0.094545 0.077708
v 0.039426 -0.018602 0.000542
vn -0.932988 -0.210930 0.291619
v -0.023445 -0.020057 0.009120
vn -0.066815 -0.209082 -0.975613
v -0.000356 -0.018819 -0.028877
vn 0.973374 -0.068381 -0.218784
v 0.038060 -0.020122 -0.008604
vn 0.712901 -0.381103 0.588670
v 0.028567 -0.019585 0.022005
vn -0.402320 0.779334 -0.480393
v 0.028498 -0.019582 0.022069
vn 0.642013 -0.109152 0.758885
v 0.029120 -0.018161 0.021700
vn 0.589320 0.026764 0.807456
v 0.028476 -0.019536 0.022162
vn -0.924005 -0.021723 -0.381763
v -0.021826 -0.019168 -0.015449
vn 0.165254 -0.960622 -0.223373
v 0.025470 -0.019247 0.024610
vn 0.985768 -0.022385 -0.166612
v 0.038125 -0.019062 -0.008581
vn 0.975399 -0.039239 -0.216927
v 0.038090 -0.019140 -0.008764
vn -0.095487 -0.990801 0.095891
v 0.025401 -0.019233 0.024689
vn 0.730669 -0.180288 0.658497
v 0.025980 -0.018199 0.024313
vn -0.921795 -0.068078 0.381654
v -0.018910 -0.020391 0.018556
vn -0.081048 -0.931070 0.355724
v 0.025057 -0.019167 0.025033
vn 0.273478 -0.767548 0.579723
v 0.024819 -0.019120 0.024682
vn 0.984183 -0.021776 -0.175809
v 0.038109 -0.019071 -0.008669
vn -0.957627 0.013852 -0.287677
v -0.023057 -0.017174 -0.010725
vn -0.126973 -0.344670 0.930097
v 0.002169 -0.018928 0.029007
vn 0.642428 -0.442773 0.625490
v 0.025717 -0.019049 0.024885
vn 0.689500 -0.146189 -0.709379
v 0.029186 -0.020005 -0.021957
vn 0.411176 -0.252372 -0.875924
v 0.017336 -0.022266 -0.029257
vn -0.710707 -0.162859 -0.684378
v -0.017215 -0.016625 -0.024246
vn -0.898742 -0.156935 0.409431
v -0.018040 -0.017515 0.020908
vn 0.979977 -0.074199 0.184771
v 0.038266 -0.019542 0.006265
vn 0.966652 -0.041989 -0.252627
v 0.038027 -0.018567 -0.009079
vn 0.897520 0.136606 0.419280
v 0.034375 -0.018557 0.015547
vn -0.585281 -0.052770 0.809111
v -0.021569 -0.018502 0.011245
vn 0.469576 -0.157388 -0.868751
v 0.020693 -0.017797 -0.028395
vn 0.374482 -0.159894 0.913344
v 0.017142 -0.017628 0.029418
vn 0.292476 -0.019263 0.956079
v 0.013057 -0.021919 0.030701
vn 0.984279 -0.052120 0.168757
v 0.039178 -0.016228 0.002430
vn 0.353373 -0.173497 -0.919253
v 0.018451 -0.017821 -0.029395
vn 0.278973 -0.104844 0.954558
v 0.014803 -0.019710 0.029652
vn -0.992758 0.035447 0.114785
v -0.025309 -0.017762 0.002955
vn -0.275373 -0.143307 0.950596
v -0.005011 -0.017847 0.028799
vn -0.884528 -0.134713 -0.446612
v -0.019815 -0.016331 -0.019706
vn -0.720965 -0.122750 0.682013
v -0.015834 -0.017108 0.025008
vn -0.228991 -0.058708 -0.971656
v -0.011686 -0.016137 -0.027570
vn -0.333569 -0.164901 0.928191
v -0.013221 -0.015003 0.026459
vn 0.956630 -0.039632 -0.288599
v 0.037963 -0.016607 -0.009786
vn -0.214314 -0.655593 0.724064
v -0.002295 -0.014710 0.029742
vn 0.427909 0.112432 0.896801
v -0.021589 -0.016673 0.010708
vn 0.992457 -0.086289 -0.087083
v 0.038445 -0.017956 -0.006670
vn 0.089382 -0.172643 0.980921
v 0.010353 -0.017199 0.031085
vn -0.228304 -0.108481 -0.967527
v 0.004607 -0.017846 -0.030276
vn -0.261058 -0.001181 -0.965322
v -0.010633 -0.018645 -0.028149
vn -0.217208 -0.917398 -0.333468
v 0.014329 -0.016708 -0.031165
vn 0.056978 -0.757113 -0.650794
v 0.014446 -0.016695 -0.031233
vn -0.313888 -0.886000 -0.341288
v 0.014242 -0.016696 -0.031165
vn -0.072220 -0.077031 -0.994410
v -0.005357 -0.016325 -0.029117
vn -0.184566 -0.237243 -0.953756
v 0.002509 -0.015138 -0.030305
vn 0.824972 -0.084729 -0.558787
v 0.035459 -0.016539 -0.014815
vn -0.186090 -0.956181 -0.226029
v 0.012346 -0.016417 0.030879
vn -0.220031 -0.807786 -0.546871
v 0.012485 -0.016415 0.030786
vn -0.246837 -0.473751 0.845359
v 0.001888 -0.016844 0.029953
vn 0.257069 -0.439377 -0.860734
v 0.015196 -0.017070 -0.030474
vn -0.168981 -0.411587 -0.895568
v 0.013960 -0.016034 -0.031657
vn -0.308901 -0.822077 -0.478299
v 0.012402 -0.016400 0.030814
vn 0.040428 -0.745951 0.664773
v 0.011790 -0.016346 0.031107
vn 0.554617 -0.156291 0.817296
v 0.024881 -0.016157 0.025916
vn 0.997006 -0.077042 -0.006626
v 0.039782 -0.013675 -0.000669
vn 0.590001 -0.173511 -0.788539
v 0.026122 -0.018522 -0.024766
vn -0.925696 0.042739 0.375847
v -0.023358 -0.015037 0.009487
vn -0.117268 -0.952653 0.280536
v 0.013752 -0.016491 0.030923
vn -0.826815 -0.201851 0.525008
v -0.022747 -0.016044 0.011208
vn 0.500728 0.144869 0.853396
v -0.022398 -0.015905 0.011387
vn -0.906828 0.211958 0.364331
v -0.022767 -0.015839 0.011203
vn -0.863442 0.498372 0.078064
v -0.022778 -0.015739 0.011203
vn 0.277437 0.030290 0.960266
v -0.022509 -0.015570 0.011380
vn 0.346608 0.119099 0.930418
v -0.022471 -0.015706 0.011383
vn -0.919181 -0.089012 0.383644
v 0.014354 -0.015898 0.029551
vn 0.061707 -0.377559 -0.923927
v 0.010984 -0.016141 -0.030941
vn 0.165137 0.070216 0.983768
v 0.014125 -0.015703 0.029329
vn -0.865267 -0.036012 0.500016
v -0.020866 -0.014689 0.011431
vn -0.689989 -0.343749 0.636986
v 0.011910 -0.015035 -0.030967
vn -0.348360 -0.029113 0.936908
v -0.022549 -0.016423 0.011556
vn 0.148978 0.306357 0.940187
v -0.022519 -0.015457 0.011392
vn 0.321610 -0.945251 0.055377
v 0.013051 -0.015638 0.030079
vn 0.204018 -0.305408 0.930109
v 0.014177 -0.015617 0.029333
vn 0.207612 0.021028 0.977985
v 0.013939 -0.015795 0.029369
vn -0.954311 -0.083053 -0.287043
v -0.022042 -0.015460 -0.014393
vn 0.138516 -0.835986 0.530982
v 0.014241 -0.015494 0.029375
vn -0.963746 0.057065 0.260649
v -0.024391 -0.015412 0.005368
vn 0.139325 -0.217297 -0.966111
v 0.013952 -0.015310 -0.031500
vn 0.729808 -0.115008 0.673909
v 0.030988 -0.015128 0.020792
vn 0.176166 -0.593900 -0.785015
v 0.003872 -0.015139 -0.032595
vn -0.529118 -0.701732 -0.477081
v 0.013606 -0.016331 -0.030368
vn -0.099304 -0.334982 -0.936977
v 0.003798 -0.015079 -0.032623
vn -0.943137 0.249508 -0.219632
v 0.003660 -0.015012 -0.032630
vn -0.578410 0.358375 0.732809
v -0.022051 -0.015336 0.010964
vn -0.165379 -0.163136 -0.972644
v -0.005921 -0.014581 -0.029142
vn -0.463791 -0.295971 0.835044
v -0.007121 -0.014321 0.028418
vn 0.604939 -0.097231 0.790313
v 0.025954 -0.014782 0.025121
vn 0.030526 -0.996337 0.079879
v 0.002113 -0.014970 -0.031650
vn -0.154899 -0.840922 -0.518513
v 0.001262 -0.014987 -0.032128
vn 0.017484 -0.797231 -0.603421
v 0.001406 -0.014977 -0.032199
vn -0.239538 -0.044159 -0.969882
v 0.003904 -0.014383 -0.032657
vn -0.106746 -0.874162 -0.473758
v 0.001078 -0.014975 -0.032115
vn -0.059607 -0.341882 -0.937850
v 0.002000 -0.013875 -0.032575
vn -0.176118 -0.981501 -0.075082
v 0.003897 -0.015322 -0.032371
vn -0.946816 -0.180228 0.266565
v -0.019000 -0.015413 0.019226
vn 0.683571 -0.088765 0.724466
v 0.029743 -0.014642 0.021909
vn 0.432809 -0.587203 -0.684009
v 0.004907 -0.014577 -0.032712
vn -0.814559 0.062336 0.576721
v -0.022634 -0.013306 0.010732
vn 0.805562 -0.151817 -0.572731
v 0.032640 -0.013545 -0.019910
vn 0.507255 -0.128489 -0.852164
v 0.024852 -0.012719 -0.027074
vn 0.981836 -0.096061 -0.163616
v 0.039292 -0.014066 -0.003205
vn -0.976641 0.098937 -0.190745
v -0.025161 -0.014940 -0.003931
vn 0.027564 -0.514316 0.857158
v -0.000835 -0.014137 -0.031022
vn 0.092921 -0.898270 0.429507
v -0.004090 -0.013553 -0.030479
vn -0.091037 -0.993206 -0.072486
v -0.002476 -0.014679 -0.031655
vn -0.178247 -0.429794 -0.885158
v -0.003618 -0.014353 -0.031687
vn -0.349637 -0.742375 -0.571519
v -0.003766 -0.014323 -0.031665
vn 0.983969 -0.110002 -0.140377
v 0.039181 -0.014187 -0.003856
vn -0.538423 -0.487245 -0.687527
v -0.003881 -0.014239 -0.031677
vn 0.103985 -0.853760 0.510178
v -0.005752 -0.014194 -0.030502
vn 0.095184 -0.987636 -0.124558
v -0.005478 -0.014299 -0.031162
vn 0.063932 -0.502837 -0.862014
v 0.011607 -0.015084 -0.031854
vn -0.129196 -0.962016 -0.240485
v -0.005693 -0.014297 -0.031029
vn -0.098473 -0.991211 -0.088341
v -0.005800 -0.014289 -0.031006
vn -0.099809 -0.787696 -0.607925
v -0.006092 -0.014198 -0.031144
vn 0.031125 -0.609130 -0.792459
v -0.005210 -0.014094 -0.031472
vn 0.984997 -0.069172 -0.158101
v 0.039198 -0.013984 -0.003827
vn -0.020259 -0.558118 -0.829514
v -0.005969 -0.014085 -0.031266
vn 0.990535 -0.064867 -0.120968
v 0.039186 -0.014033 -0.003897
vn -0.130031 -0.145710 -0.980745
v -0.002804 -0.013775 -0.031849
vn -0.197856 -0.406969 -0.891756
v -0.006103 -0.014047 -0.031255
vn -0.209427 -0.177434 -0.961591
v -0.006190 -0.013974 -0.031263
vn -0.126255 -0.226658 -0.965757
v -0.005725 -0.013914 -0.031349
vn -0.222221 -0.500048 -0.837000
v 0.006888 -0.014002 -0.030916
vn -0.046656 -0.978600 -0.200414
v -0.010201 -0.013911 -0.030181
vn -0.416406 -0.821855 0.388793
v -0.006652 -0.014158 0.029350
vn 0.062020 -0.903664 -0.423728
v 0.013230 -0.014422 -0.030124
vn 0.615561 -0.206289 -0.760612
v 0.029701 -0.012842 -0.023036
vn 0.880236 -0.046801 -0.472222
v 0.035600 -0.012836 -0.014588
vn -0.454252 -0.425052 -0.782934
v -0.010981 -0.012850 -0.030032
vn -0.222571 -0.885667 0.407500
v -0.009980 -0.013825 -0.029351
vn 0.288397 -0.842499 0.454997
v -0.009813 -0.013841 -0.029430
vn 0.448640 -0.812044 0.373238
v -0.009680 -0.013770 -0.029430
vn 0.978684 -0.203513 0.027584
v 0.039019 -0.014146 -0.004757
vn 0.985503 -0.063960 0.157142
v 0.039196 -0.012703 0.003758
vn 0.855364 -0.051703 0.515442
v 0.036390 -0.013440 0.012601
vn 0.893688 -0.053335 -0.445508
v 0.032941 -0.012444 -0.019208
vn -0.832171 -0.510371 0.216824
v -0.020068 -0.013182 0.016567
vn -0.977575 0.144886 -0.152826
v -0.024294 -0.013574 -0.005432
vn 0.379187 0.076377 -0.922162
v 0.012429 -0.013093 -0.030200
vn -0.973492 0.182915 -0.137315
v -0.024294 -0.013527 -0.005349
vn -0.965307 -0.034807 -0.258787
v -0.024297 -0.013428 -0.005224
vn -0.566739 -0.418091 0.709935
v -0.015357 -0.013707 0.026478
vn 0.207241 -0.893358 -0.398701
v -0.008334 -0.012853 -0.028850
vn 0.815903 -0.069462 0.574002
v 0.032898 -0.016338 0.018269
vn 0.986978 -0.114584 -0.112897
v 0.039374 -0.012026 -0.003762
vn -0.912813 -0.336598 -0.231247
v -0.024929 -0.012959 -0.004317
vn 0.121680 -0.174174 0.977168
v -0.005612 -0.013341 0.030924
vn -0.971405 0.041551 -0.233764
v -0.023643 -0.014177 -0.008482
vn -0.153309 -0.241044 0.958329
v -0.006588 -0.013032 0.030994
vn 0.306734 -0.134833 0.942197
v -0.005796 -0.013053 0.031125
vn -0.171390 -0.452063 0.875365
v 0.001432 -0.014919 0.031567
vn -0.039814 -0.612851 0.789195
v -0.008431 -0.013634 0.028236
vn -0.488962 -0.824422 0.285035
v -0.008027 -0.013108 0.028623
vn 0.564798 -0.696551 0.442516
v -0.008275 -0.013088 0.028610
vn -0.183313 -0.847229 0.498598
v -0.009652 -0.013940 0.029637
vn -0.086721 -0.984377 0.153239
v -0.008164 -0.013098 0.028610
vn 0.514879 -0.112582 0.849838
v 0.021595 -0.006642 0.029261
vn 0.148688 -0.041395 0.988017
v -0.005746 -0.012950 0.031093
vn 0.072362 -0.133259 0.988436
v -0.005735 -0.012855 0.031095
vn 0.662210 -0.114446 0.740527
v 0.028539 -0.013813 0.023156
vn -0.869636 -0.137140 -0.474263
v -0.020111 -0.012225 -0.021403
vn 0.158804 -0.986372 -0.043022
v 0.004058 -0.012671 -0.031104
vn 0.025910 -0.966446 -0.255558
v -0.010952 -0.013142 -0.028227
vn -0.907222 -0.340416 -0.247113
v -0.023275 -0.012499 -0.010235
vn -0.942337 -0.165125 -0.291091
v -0.022104 -0.012541 -0.016287
vn -0.077573 -0.226889 0.970826
v -0.003139 -0.011516 0.031757
vn -0.938444 -0.332989 -0.091881
v -0.025161 -0.012263 -0.003206
vn -0.136146 -0.483671 0.864596
v -0.003171 -0.014837 0.031211
vn -0.209524 -0.608276 -0.765572
v -0.012602 -0.013312 -0.028640
vn -0.938664 -0.264415 0.221346
v -0.020737 -0.012381 0.016779
vn -0.945125 -0.261944 0.195254
v -0.020772 -0.012373 0.016644
vn -0.961358 -0.258511 0.094669
v -0.020789 -0.012376 0.016539
vn -0.945926 -0.295535 -0.133730
v -0.023953 -0.012794 -0.007402
vn -0.837960 -0.536934 -0.097597
v -0.024191 -0.012379 -0.008669
vn -0.831907 -0.542864 -0.115020
v -0.024212 -0.012368 -0.008809
vn -0.777710 -0.614203 -0.133873
v -0.024257 -0.012363 -0.008559
vn -0.987536 -0.094313 0.126010
v -0.020815 -0.012641 0.014280
vn -0.965235 -0.170344 -0.198251
v -0.023185 -0.012390 -0.011817
vn -0.226366 -0.172360 -0.958671
v -0.004448 -0.012607 -0.031643
vn -0.834833 -0.541700 0.098057
v -0.025166 -0.012207 -0.003787
vn -0.244639 -0.134224 0.960279
v -0.004981 -0.010584 0.031648
vn -0.657293 -0.753538 -0.012100
v -0.025164 -0.012203 -0.003649
vn 0.140769 -0.733560 0.664886
v -0.004792 -0.012362 -0.029882
vn -0.954792 -0.213165 -0.207201
v -0.024376 -0.011211 -0.008891
vn -0.797359 -0.601913 -0.043808
v -0.025639 -0.011973 -0.004450
vn -0.537395 -0.842582 0.035519
v -0.025218 -0.012171 -0.003718
vn -0.093201 -0.095535 0.991053
v -0.002309 -0.011799 0.031746
vn -0.932238 -0.243672 -0.267500
v -0.024794 -0.010464 -0.007568
vn -0.761182 -0.558457 -0.329740
v -0.020636 -0.011985 0.013885
vn -0.973257 -0.127366 0.191176
v -0.020917 -0.010549 0.016745
vn -0.651790 -0.755453 0.066788
v -0.020652 -0.011945 0.013715
vn 0.829573 -0.004478 -0.558380
v 0.011605 -0.012915 -0.030743
vn 0.512159 -0.035791 -0.858144
v 0.011919 -0.011883 -0.030551
vn -0.813674 -0.142139 0.563677
v -0.024857 -0.011015 0.003934
vn -0.693437 -0.712452 -0.107504
v -0.020683 -0.011931 0.013821
vn 0.098859 -0.876302 -0.471511
v -0.020928 -0.012262 0.014304
vn -0.659387 -0.748270 0.072811
v -0.021446 -0.012221 0.013184
vn -0.898006 -0.252371 0.360407
v -0.020296 -0.012067 0.019404
vn 0.408053 -0.087545 -0.908751
v 0.012040 -0.011996 -0.030476
vn 0.597694 -0.099859 -0.795481
v 0.011851 -0.011711 -0.030600
vn 0.415562 -0.204920 -0.886181
v 0.011912 -0.011642 -0.030573
vn 0.922561 -0.036173 0.384151
v 0.037229 -0.013607 0.011219
vn -0.059363 -0.132846 0.989357
v -0.002508 -0.011578 0.031740
vn -0.154435 -0.705868 -0.691304
v 0.006163 -0.012785 -0.032180
vn 0.865297 -0.061727 -0.497444
v 0.034343 -0.010979 -0.016925
vn -0.665607 -0.745129 -0.041836
v -0.020832 -0.011573 0.012377
vn -0.632948 -0.774194 -0.000777
v -0.020860 -0.011527 0.012260
vn -0.899665 -0.381946 -0.211472
v -0.020845 -0.011547 0.012502
vn -0.647535 -0.238533 -0.723740
v -0.016069 -0.012512 -0.027105
vn -0.602357 -0.240137 0.761249
v -0.014378 -0.012349 0.027795
vn -0.080900 -0.249732 0.964930
v -0.002379 -0.011453 0.031777
vn -0.104487 -0.180798 0.977954
v -0.002455 -0.011504 0.031759
vn -0.102946 -0.241161 0.965010
v -0.001283 -0.011058 0.031993
vn 0.211087 -0.236104 -0.948524
v 0.010092 -0.012245 -0.032647
vn -0.081668 -0.414469 -0.906392
v 0.009526 -0.014046 -0.032614
vn -0.951321 0.154613 0.266613
v -0.024083 -0.012292 0.005706
vn 0.712800 -0.376867 -0.591513
v 0.011818 -0.011275 -0.030778
vn -0.948301 -0.141380 -0.284142
v -0.022850 -0.009827 -0.014926
vn -0.119241 -0.407494 -0.905389
v 0.012503 -0.011458 -0.030490
vn -0.185628 -0.125727 -0.974544
v -0.003451 -0.009819 -0.032198
vn 0.948068 -0.061822 -0.312002
v 0.038437 -0.011936 -0.009013
vn -0.852674 -0.330549 0.404578
v -0.024623 -0.010778 0.003886
vn -0.943944 -0.323334 0.066519
v -0.025605 -0.011412 -0.000998
vn -0.746424 -0.396358 0.534557
v -0.024638 -0.010783 0.003758
vn -0.754587 -0.654845 0.042153
v -0.024631 -0.010718 0.004007
vn -0.958761 -0.186085 0.214824
v -0.024247 -0.011553 0.004517
vn 0.164840 -0.327015 0.930532
v 0.005581 -0.010482 0.032860
vn -0.597936 -0.762330 0.247640
v -0.025140 -0.010499 0.004331
vn -0.093133 -0.212433 0.972727
v 0.003844 -0.010173 0.032982
vn -0.178429 -0.174817 0.968298
v 0.002631 -0.010512 0.032632
vn 0.964761 -0.034489 -0.260858
v 0.038912 -0.009306 -0.007508
vn 0.051729 -0.246565 0.967745
v 0.006111 -0.013456 0.031938
vn 0.865207 -0.089454 0.493372
v 0.033402 -0.011103 0.018206
vn -0.198142 -0.160015 0.967024
v 0.002635 -0.010404 0.032650
vn 0.127901 -0.292973 0.947527
v 0.005224 -0.010346 0.032990
vn -0.180171 -0.246142 0.952340
v 0.002703 -0.010336 0.032675
vn 0.122070 -0.279975 0.952215
v 0.005317 -0.010269 0.032999
vn 0.112253 -0.306142 0.945345
v 0.005388 -0.010200 0.033012
vn -0.791182 -0.293751 0.536416
v -0.022457 -0.011170 0.010364
vn -0.802304 -0.099443 0.588574
v -0.018246 -0.009025 0.024397
vn -0.507559 -0.129329 0.851856
v -0.012110 -0.011035 0.029613
vn 0.789739 -0.133778 0.598678
v 0.032355 -0.010112 0.020587
vn -0.127330 -0.199968 0.971494
v -0.001352 -0.009436 0.032395
vn 0.871260 -0.088335 -0.482807
v 0.035126 -0.006846 -0.016488
vn -0.337607 -0.115206 -0.934211
v -0.010163 -0.009537 -0.030737
vn 0.157684 -0.119624 0.980217
v 0.010774 -0.013747 0.031926
vn -0.957636 -0.258633 0.126657
v -0.025819 -0.009834 0.001322
vn 0.603018 -0.164123 -0.780662
v 0.027688 -0.008613 -0.025473
vn 0.995869 -0.071691 -0.055725
v 0.039961 -0.010266 -0.000425
vn 0.992001 -0.095900 -0.082075
v 0.039988 -0.009579 -0.000898
vn 0.997063 -0.076240 -0.007311
v 0.039988 -0.009648 -0.000726
vn -0.657577 -0.068176 0.750296
v -0.016083 -0.009511 0.026679
vn 0.996188 -0.080991 -0.032396
v 0.039992 -0.009579 -0.000795
vn -0.858325 -0.293168 0.421106
v -0.018890 -0.011638 0.023234
vn -0.869692 -0.384167 0.309921
v -0.024739 -0.009536 0.007241
vn 0.274451 -0.109549 0.955341
v 0.015835 -0.007252 0.031515
vn -0.916414 -0.100423 -0.387427
v -0.021781 -0.009370 -0.018234
vn -0.464056 -0.863603 0.197085
v -0.024122 -0.009194 0.009847
vn -0.533072 -0.686776 0.494139
v -0.023131 -0.008818 0.010741
vn -0.217405 -0.924332 0.313600
v -0.024191 -0.009160 0.009901
vn -0.553359 -0.723036 0.413538
v -0.024177 -0.009131 0.009995
vn -0.986769 -0.095734 -0.130850
v -0.025933 -0.009597 -0.002844
vn 0.907980 0.038912 -0.417203
v 0.037620 -0.004240 -0.012066
vn 0.986619 -0.022899 0.161425
v 0.040038 -0.007814 0.002301
vn -0.027115 -0.138748 0.989956
v 0.003114 -0.005498 0.033461
vn 0.996107 -0.072391 -0.050304
v 0.040304 -0.006589 -0.000374
vn 0.238009 -0.105065 -0.965564
v 0.015506 -0.007859 -0.031712
vn 0.981236 -0.060915 -0.182933
v 0.039634 -0.006921 -0.005152
vn -0.838700 -0.146764 0.524444
v -0.019990 -0.007250 0.020814
vn 0.606613 -0.154285 0.779883
v 0.027216 -0.011367 0.024801
vn -0.964493 -0.204258 0.167430
v -0.025349 -0.008661 0.005341
vn 0.917254 -0.057551 -0.394123
v 0.037545 -0.009638 -0.011674
vn -0.949582 -0.158301 -0.270621
v -0.023825 -0.009138 -0.010978
vn 0.343346 -0.122451 -0.931192
v 0.017861 -0.007559 -0.031126
vn 0.876364 -0.075090 0.475759
v 0.035640 -0.010500 0.014277
vn -0.987472 -0.123090 -0.098733
v -0.026460 -0.007009 -0.001390
vn -0.912033 -0.218892 0.346817
v -0.024449 -0.007983 0.010052
vn -0.936646 -0.201043 0.286838
v -0.022660 -0.007942 0.013005
vn 0.608240 -0.158653 0.777736
v 0.027745 -0.008334 0.025033
vn -0.196706 -0.171861 -0.965283
v -0.003124 -0.007790 -0.032592
vn 0.896620 -0.096881 0.432072
v 0.035948 -0.007798 0.014286
vn -0.137977 -0.178991 -0.974128
v -0.002593 -0.007102 -0.032832
vn -0.184654 -0.137665 -0.973114
v -0.002705 -0.006939 -0.032842
vn -0.155056 -0.166200 -0.973825
v -0.002662 -0.007034 -0.032833
vn 0.498298 -0.108500 -0.860190
v 0.021513 -0.006841 -0.029699
vn -0.873673 -0.085449 -0.478951
v -0.019900 -0.008646 -0.022291
vn -0.963505 -0.102376 -0.247341
v -0.024680 -0.007006 -0.009679
vn -0.129722 -0.079281 -0.988376
v -0.001036 -0.005943 -0.033195
vn -0.612985 -0.090927 -0.784845
v -0.015358 -0.006868 -0.028374
vn 0.957019 -0.018198 0.289455
v 0.038962 -0.006491 0.007748
vn 0.794818 -0.096667 0.599099
v 0.031915 -0.008112 0.021523
vn 0.250190 -0.105537 -0.962428
v 0.016975 -0.004533 -0.031758
vn 0.885632 -0.021972 -0.463867
v 0.033210 -0.005080 -0.020253
vn -0.665646 -0.101245 0.739368
v -0.015142 -0.006322 0.027384
vn -0.948551 -0.038594 -0.314262
v -0.023207 0.000083 -0.016418
vn -0.203416 -0.088694 0.975067
v -0.004388 -0.007475 0.032350
vn 0.626127 -0.066579 -0.776873
v 0.028805 -0.005244 -0.025147
vn -0.913285 -0.216689 0.344900
v -0.022693 -0.008190 0.012621
vn 0.519452 -0.130345 -0.844500
v 0.025215 -0.005733 -0.027556
vn -0.044989 -0.130587 -0.990416
v 0.006966 -0.007553 -0.033890
vn 0.809267 -0.128699 0.573170
v 0.034969 -0.005556 0.016669
vn 0.901755 0.183566 0.391332
v 0.036785 -0.004212 0.012849
vn -0.387636 -0.083104 -0.918059
v -0.010922 -0.005219 -0.030955
vn 0.754913 -0.040019 -0.654602
v 0.032230 -0.005935 -0.021829
vn -0.275489 -0.096837 0.956414
v -0.006750 -0.002490 0.031846
vn 0.946783 0.151751 -0.283856
v 0.039096 -0.004118 -0.006878
vn 0.890708 0.104755 0.442341
v 0.035861 -0.005132 0.015118
vn 0.999804 -0.012085 0.015677
v 0.040424 -0.004688 0.000458
vn -0.237370 -0.116224 -0.964442
v -0.006586 -0.005724 -0.032011
vn 0.776734 0.564399 0.279531
v 0.034932 -0.004386 0.017097
vn 0.960266 0.070346 0.270073
v 0.038543 -0.003157 0.006924
vn -0.116740 -0.094609 -0.988646
v 0.000136 -0.004570 -0.033326
vn 0.084147 -0.218561 0.972188
v 0.007264 -0.008501 0.033404
vn 0.809413 0.294035 -0.508325
v 0.032784 -0.004196 -0.020833
vn 0.579013 -0.122750 0.806025
v 0.028352 -0.004045 0.025395
vn 0.816263 -0.147861 0.558436
v 0.032472 -0.004433 0.021058
vn 0.813788 0.212885 -0.540768
v 0.032433 -0.004363 -0.021664
vn -0.876578 -0.062833 -0.477140
v -0.019805 -0.005569 -0.023129
vn 0.597853 0.785697 -0.158911
v 0.032266 -0.004194 -0.021658
vn 0.629906 0.734193 -0.253334
v 0.032342 -0.004238 -0.021630
vn 0.722509 0.345031 -0.599112
v 0.031911 -0.004019 -0.021973
vn 0.382170 0.030219 0.923598
v 0.019050 -0.004664 0.030697
vn 0.532030 -0.087802 0.842161
v 0.026142 -0.006262 0.026581
vn 0.473463 -0.136639 -0.870151
v 0.021530 -0.003391 -0.030171
vn 0.857751 0.398294 0.324999
v 0.036121 -0.004071 0.014514
vn 0.803216 0.371133 0.465944
v 0.036077 -0.004065 0.014631
vn 0.850410 0.420029 0.316827
v 0.036165 -0.004051 0.014385
vn -0.167304 -0.126648 0.977737
v -0.003393 -0.004154 0.032550
vn 0.827564 -0.192553 0.527315
v 0.032857 -0.001684 0.021711
vn 0.638595 -0.051664 -0.767807
v 0.028546 -0.002369 -0.025365
vn -0.901840 -0.160943 0.400976
v -0.020481 -0.005484 0.020777
vn 0.412842 0.866011 0.282110
v 0.034405 -0.003987 0.017462
vn 0.474830 0.877822 0.062968
v 0.034339 -0.003981 0.017533
vn 0.420447 0.895024 0.148848
v 0.034418 -0.003974 0.017378
vn 0.684307 0.575862 0.447332
v 0.035626 -0.003854 0.014847
vn 0.763112 0.586063 0.272379
v 0.034321 -0.003879 0.016761
vn 0.980538 0.128317 0.148597
v 0.040393 -0.003733 0.000753
vn 0.993928 0.012274 -0.109341
v 0.040192 -0.003194 -0.002140
vn 0.986014 0.165368 0.020736
v 0.040394 -0.003685 0.000604
vn 0.892159 0.428481 0.143026
v 0.040366 -0.003654 0.000684
vn 0.986242 0.045741 0.158856
v 0.040148 -0.002186 0.001187
vn -0.650142 -0.096315 0.753684
v -0.014944 -0.003123 0.028563
vn 0.935208 0.084564 0.343853
v 0.034078 -0.003667 0.017849
vn -0.304743 -0.105277 0.946598
v -0.010601 -0.007092 0.030347
vn 0.499489 -0.046470 -0.865073
v 0.022633 -0.000834 -0.029606
vn -0.920336 -0.217993 0.324748
v -0.023744 -0.002837 0.012228
vn 0.805190 -0.060160 0.589957
v 0.022489 -0.002968 0.029481
vn -0.876817 -0.035163 -0.479537
v -0.019364 -0.000612 -0.024200
vn -0.961124 -0.015493 0.275682
v -0.025678 -0.000339 0.009847
vn 0.541292 0.127356 0.831134
v 0.022021 -0.002625 0.029853
vn -0.949380 -0.088735 0.301335
v -0.026192 -0.004798 0.005288
vn 0.592898 0.091302 -0.800085
v 0.038813 -0.002769 -0.006285
vn -0.881227 -0.015981 -0.472422
v -0.020498 -0.000328 -0.022078
vn 0.634516 0.052461 0.771128
v 0.022175 -0.002769 0.029680
vn 0.195180 -0.097590 -0.975900
v 0.038809 -0.002677 -0.006295
vn 0.515280 0.019027 -0.856810
v 0.038856 -0.002558 -0.006298
vn 0.803831 0.139485 -0.578272
v 0.038493 -0.002167 -0.006381
vn 0.480656 -0.075597 0.873645
v 0.022312 -0.002704 0.029624
vn 0.496558 -0.160924 0.852956
v 0.022235 -0.002706 0.029663
vn 0.648275 0.203311 0.733760
v 0.022661 -0.002425 0.029408
vn 0.220292 -0.125323 -0.967350
v 0.012496 -0.003558 -0.033055
vn -0.958481 -0.068370 -0.276839
v -0.023802 -0.001246 -0.014049
vn 0.910994 0.010508 -0.412285
v 0.039791 -0.001820 -0.004826
vn 0.937514 -0.033701 0.346313
v 0.037201 0.000280 0.011462
vn 0.894016 -0.031360 -0.446936
v 0.034979 -0.002110 -0.015821
vn -0.817643 -0.060264 0.572562
v -0.018828 -0.003407 0.024618
vn -0.928142 -0.061814 -0.367059
v -0.022472 -0.001521 -0.018378
vn 0.926099 0.074580 -0.369835
v 0.037219 -0.002291 -0.012224
vn 0.019578 -0.144576 -0.989300
v 0.006758 -0.002084 -0.034243
vn -0.263872 -0.110647 0.958190
v -0.007249 -0.001766 0.031808
vn -0.326078 -0.140108 0.934903
v -0.007441 -0.001805 0.031739
vn 0.310873 0.128364 -0.941743
v -0.007339 -0.001807 0.031772
vn 0.204879 0.293606 0.933713
v 0.016980 -0.001243 0.030086
vn -0.789660 -0.070479 -0.609483
v -0.017939 -0.002685 -0.026560
vn 0.430915 0.493354 -0.755589
v 0.020929 -0.001536 -0.030763
vn 0.188779 0.551529 0.812513
v 0.019969 -0.001323 -0.031026
vn 0.341859 0.467438 0.815251
v 0.018522 -0.001370 0.030424
vn 0.492846 0.870001 0.014168
v 0.019895 -0.001270 -0.031023
vn 0.432832 0.704224 -0.562783
v 0.019701 -0.001011 -0.030461
vn 0.705744 0.015127 0.708305
v 0.022857 -0.001939 0.028138
vn 0.846252 -0.077298 -0.527145
v 0.034274 0.000034 -0.018908
vn 0.869434 0.076461 0.488097
v 0.035820 -0.002153 0.013556
vn 0.928736 -0.156416 0.336129
v 0.034689 -0.001679 0.016591
vn 0.586666 0.699120 -0.408723
v 0.019765 -0.001195 -0.031028
vn 0.521496 0.162286 -0.837679
v 0.018829 -0.001085 -0.031694
vn 0.516463 0.642245 -0.566381
v 0.019179 -0.001013 -0.031415
vn 0.395817 0.467338 -0.790522
v 0.018728 -0.001051 -0.031727
vn 0.382964 0.595028 -0.706597
v 0.018651 -0.000944 -0.031698
vn -0.221982 -0.083065 -0.971506
v -0.006045 -0.003636 -0.032385
vn 0.351259 0.224549 -0.908953
v 0.018201 -0.001284 -0.032018
vn 0.344152 0.901938 -0.260897
v 0.019006 -0.000961 -0.031440
vn -0.808414 0.040621 0.587212
v -0.020584 0.001622 0.020980
vn 0.958848 -0.058447 -0.277839
v 0.038447 -0.001142 -0.007206
vn 0.382617 0.850589 -0.360696
v 0.018733 -0.000892 -0.031577
vn 0.420817 0.820695 -0.386487
v 0.018589 -0.000842 -0.031621
vn -0.311168 -0.166877 0.935589
v -0.007244 -0.000095 0.031975
vn 0.391439 0.726779 -0.564418
v 0.018524 -0.000819 -0.031647
vn 0.439129 0.689226 -0.576310
v 0.018384 -0.000790 -0.031712
vn 0.441049 0.680175 -0.585524
v 0.018251 -0.000760 -0.031782
vn -0.778558 0.050210 0.625561
v -0.017861 -0.001897 0.025570
vn 0.386509 0.694380 -0.606998
v 0.018175 -0.000708 -0.031777
vn 0.310118 0.375452 0.873420
v 0.012800 0.000334 0.033621
vn 0.439676 0.802834 -0.402669
v 0.018197 -0.000534 -0.031001
vn 0.399410 -0.075046 -0.913695
v 0.016590 -0.000993 -0.032412
vn -0.971661 -0.052938 -0.230375
v -0.025255 -0.000115 -0.009064
vn 0.729840 0.011113 -0.683527
v 0.016750 -0.000495 -0.032429
vn -0.997851 -0.055242 0.035251
v -0.027105 -0.002395 -0.000145
vn -0.499163 -0.049073 -0.865118
v -0.012057 -0.000729 -0.030665
vn 0.081295 0.078178 -0.993619
v 0.016668 -0.000434 -0.032416
vn 0.104229 -0.881884 -0.459800
v 0.016459 -0.000351 -0.032415
vn 0.281254 -0.222589 -0.933462
v 0.010931 0.000398 -0.034170
vn -0.872700 -0.171966 0.456972
v -0.022503 -0.001199 0.017556
vn 0.243658 0.705993 0.664985
v 0.011028 0.000469 0.032356
vn 0.334021 0.810901 -0.480488
v 0.016500 -0.000198 -0.032169
vn 0.341670 0.812200 -0.472857
v 0.016272 -0.000177 -0.032281
vn 0.313058 0.806258 -0.501940
v 0.016392 -0.000206 -0.032260
vn 0.056239 0.872755 0.484908
v 0.005039 0.001845 0.035007
vn -0.590181 -0.053658 -0.805486
v -0.016246 -0.000716 -0.028020
vn -0.264305 -0.152766 0.952263
v -0.009680 -0.001219 0.031031
vn 0.332840 0.536386 -0.775570
v 0.016363 -0.000332 -0.032499
vn 0.440177 0.163982 -0.882810
v 0.013973 0.000629 -0.032662
vn 0.956292 -0.014258 0.292065
v 0.038670 0.000205 0.006537
vn -0.552454 -0.089928 -0.828678
v -0.014017 0.000502 -0.029687
vn 0.989521 -0.032926 0.140586
v 0.040344 0.001962 0.001673
vn 0.297651 -0.102992 -0.949103
v 0.012530 -0.000709 -0.033475
vn 0.440131 0.415811 -0.795855
v 0.013408 0.000566 -0.033196
vn 0.707167 -0.093334 -0.700859
v 0.031037 0.003816 -0.024756
vn 0.660015 -0.262767 -0.703800
v 0.025697 0.000103 -0.027441
vn 0.284864 0.442222 -0.850466
v 0.013157 0.000588 -0.033297
vn 0.359330 0.409626 -0.838503
v 0.013294 0.000583 -0.033227
vn -0.945901 0.213398 0.244404
v -0.024099 0.003207 0.013229
vn 0.343427 -0.073488 -0.936300
v 0.011214 0.000742 -0.034153
vn 0.343808 0.156754 -0.925864
v 0.010964 0.000805 -0.034200
vn -0.945287 -0.119018 0.303754
v -0.023493 0.000642 0.016400
vn 0.264002 0.351525 -0.898183
v 0.010210 0.000755 -0.034525
vn 0.314793 0.261971 -0.912292
v 0.011097 0.000877 -0.034143
vn 0.726896 -0.301151 -0.617196
v 0.025677 0.000944 -0.027929
vn 0.747826 -0.296751 -0.593882
v 0.025727 0.001085 -0.027930
vn 0.311340 0.584975 -0.748914
v 0.011025 0.000942 -0.034135
vn 0.197413 0.674372 -0.711513
v 0.010755 0.001019 -0.034179
vn 0.300998 0.584113 -0.753798
v 0.010891 0.001012 -0.034136
vn 0.724855 -0.287378 -0.626098
v 0.025721 0.001289 -0.028045
vn 0.226661 0.574165 -0.786740
v 0.010516 0.001536 -0.033491
vn 0.467773 0.424343 -0.775320
v 0.017125 -0.000171 -0.031698
vn -0.886893 0.042835 0.459984
v -0.022934 0.001392 0.017689
vn -0.407656 -0.171596 0.896867
v -0.012735 0.000849 0.030828
vn -0.874564 -0.051575 0.482159
v -0.023014 0.000881 0.017608
vn -0.967030 -0.010546 -0.254443
v -0.024825 0.002992 -0.011398
vn 0.641368 -0.120473 -0.757716
v 0.027266 0.004042 -0.027322
vn -0.539692 0.160439 -0.826433
v -0.014678 0.006510 -0.029738
vn -0.901587 0.066442 0.427464
v -0.022846 0.001426 0.017871
vn 0.140344 0.981189 -0.132557
v 0.006050 0.001371 0.032947
vn 0.092853 0.959951 -0.264333
v 0.006142 0.001375 0.033015
vn 0.934817 -0.086756 -0.344371
v 0.037363 0.000393 -0.012280
vn -0.902053 0.033310 0.430337
v -0.022890 0.001426 0.017779
vn 0.222050 0.932427 -0.285086
v 0.005890 0.001396 0.032923
vn 0.137032 0.930204 0.340504
v 0.005528 0.001456 0.032761
vn -0.232637 -0.470584 0.851135
v -0.008240 0.001397 0.032039
vn -0.140238 0.523793 0.840223
v 0.004735 0.001699 0.032709
vn -0.118836 0.909527 0.398294
v 0.004662 0.001531 0.032833
vn 0.236945 0.970909 -0.034547
v 0.006933 0.001870 0.034538
vn -0.846686 -0.060571 0.528635
v -0.022645 0.001702 0.018243
vn 0.195990 0.900434 0.388338
v 0.004560 0.001567 0.032806
vn 0.112145 0.726825 0.677605
v 0.004490 0.001603 0.032769
vn 0.123367 -0.003818 -0.992354
v 0.010491 0.005521 -0.034598
vn 0.376055 0.443672 -0.813473
v 0.015683 0.000342 -0.031945
vn 0.568152 -0.164815 -0.806250
v 0.023976 0.001530 -0.029766
vn -0.250746 0.825762 0.505215
v 0.007930 0.001786 -0.033582
vn 0.354271 0.317989 -0.879417
v 0.012900 0.000820 -0.033238
vn 0.047578 0.950539 0.306941
v 0.007712 0.001805 -0.033603
vn -0.052508 0.632077 -0.773125
v 0.007793 0.001839 -0.033582
vn -0.034730 0.920552 0.389073
v 0.007523 0.001930 -0.033987
vn 0.282052 0.065957 -0.957129
v 0.007586 0.001908 -0.034601
vn 0.126737 0.537049 -0.833976
v 0.006902 0.002237 -0.033645
vn 0.933498 -0.045467 -0.355688
v 0.039526 0.001613 -0.005701
vn 0.238567 0.561684 -0.792210
v 0.007245 0.001922 -0.034665
vn 0.115278 0.408792 -0.905318
v 0.007454 0.001928 -0.034597
vn 0.252893 0.370470 -0.893755
v 0.007353 0.001943 -0.034612
vn 0.003598 0.679274 -0.733876
v 0.007037 0.001965 -0.034675
vn -0.088634 0.934838 -0.343835
v 0.006894 0.002122 -0.034411
vn 0.031670 0.043407 -0.998555
v 0.006074 0.000934 -0.035007
vn -0.215277 -0.099034 0.971519
v -0.005198 0.002002 0.033568
vn -0.687894 0.156219 0.708800
v -0.015788 0.001868 0.027967
vn 0.064790 0.896730 0.437811
v 0.007416 0.001399 0.032751
vn 0.192708 0.902517 -0.385132
v 0.001876 0.002283 0.032850
vn -0.949207 -0.002787 0.314641
v -0.024800 0.001361 0.012117
vn 0.298140 -0.126011 -0.946168
v 0.018651 0.002530 -0.031535
vn 0.194729 0.754440 0.626818
v 0.002914 0.002115 0.032678
vn 0.208120 0.870330 -0.446331
v 0.002154 0.002472 0.033153
vn 0.234837 0.884923 -0.402197
v 0.002281 0.002486 0.033234
vn -0.078847 0.928781 -0.362146
v 0.002019 0.002484 0.033110
vn 0.043655 0.996874 0.065852
v 0.002248 0.002579 0.034352
vn 0.321316 0.946287 0.036008
v 0.000910 0.002625 0.032752
vn -0.723344 0.107812 0.682019
v -0.019988 0.002544 0.021396
vn 0.295769 0.941576 -0.161107
v 0.001605 0.002696 0.033258
vn 0.253615 0.863471 0.436001
v 0.001426 0.002760 0.033302
vn -0.759723 0.217391 0.612831
v -0.017440 0.003927 0.025500
vn 0.194777 0.980728 -0.015342
v 0.001332 0.002784 0.033282
vn -0.072871 0.481771 -0.873262
v 0.003937 0.002632 -0.034414
vn 0.004685 0.740696 0.671824
v 0.001284 0.002145 0.034777
vn -0.474999 0.826318 0.302612
v 0.001190 0.002806 0.033218
vn -0.253769 -0.129089 -0.958612
v -0.007255 0.001507 -0.032383
vn 0.091557 0.659094 -0.746466
v 0.003178 0.002825 -0.033522
vn -0.063051 0.440846 -0.895365
v 0.003278 0.002827 -0.033524
vn -0.215681 0.322181 -0.921782
v 0.003459 0.002870 -0.033521
vn 0.103960 0.406767 -0.907597
v 0.002603 0.003035 -0.033569
vn 0.535665 -0.056544 0.842536
v 0.028087 0.003386 0.026615
vn 0.081534 0.684643 -0.724304
v -0.000022 0.002953 -0.034671
vn -0.640721 -0.080352 -0.763558
v -0.015590 0.003674 -0.028745
vn -0.316935 -0.077400 -0.945284
v -0.004804 0.003140 -0.033403
vn -0.334622 -0.031431 -0.941828
v -0.009890 0.002647 -0.031976
vn -0.051558 -0.084521 0.995087
v 0.005179 0.003423 0.032970
vn -0.013511 0.778059 -0.628046
v -0.001164 0.003263 -0.034224
vn -0.640910 0.511293 -0.572550
v -0.001218 0.003594 -0.033983
vn -0.128149 -0.061070 0.989873
v 0.002194 0.004208 0.032490
vn 0.063379 0.798343 -0.598858
v -0.000891 0.003597 -0.033875
vn 0.193188 0.781948 -0.592651
v -0.001081 0.003611 -0.033917
vn -0.071548 0.679746 -0.729949
v -0.001250 0.003691 -0.033779
vn 0.054822 0.223865 -0.973077
v 0.001006 0.003889 -0.033233
vn -0.891503 -0.003605 -0.453000
v -0.021763 0.004139 -0.020316
vn -0.238648 0.120374 -0.963617
v -0.003487 0.003831 -0.033936
vn 0.032011 0.091809 -0.995262
v 0.008490 0.002498 -0.033724
vn -0.953902 -0.030362 -0.298577
v -0.023391 0.003531 -0.016125
vn -0.270414 0.185500 -0.944704
v -0.003640 0.003950 -0.033871
vn -0.095289 0.382653 -0.918965
v -0.003557 0.003903 -0.033899
vn 0.315440 -0.148507 0.937253
v 0.021826 0.003850 0.029714
vn 0.355081 0.755791 -0.550179
v -0.003668 0.004283 -0.033340
vn 0.019711 0.678679 -0.734171
v -0.003271 0.004272 -0.033183
vn 0.274861 0.703194 -0.655720
v -0.003488 0.004267 -0.033291
vn 0.006403 0.375988 -0.926603
v -0.002506 0.003667 -0.034174
vn 0.930114 -0.041335 0.364937
v 0.038538 0.004856 0.007207
vn -0.773373 0.171453 0.610326
v -0.021637 0.004362 0.020256
vn 0.841327 0.520507 0.145744
v -0.004161 0.004797 -0.033144
vn 0.632441 -0.292095 -0.717425
v -0.003492 0.005812 -0.033698
vn 0.130843 -0.018579 -0.991229
v -0.003380 0.006088 -0.032659
vn -0.322113 -0.082631 -0.943088
v -0.000518 0.005553 -0.033568
vn 0.562563 0.054406 -0.824962
v 0.027076 0.006081 -0.027116
vn 0.756691 0.087592 0.647878
v 0.034069 0.004168 0.022457
vn 0.935590 0.196615 -0.293282
v 0.037582 0.008188 -0.012672
vn 0.103895 0.268542 0.957649
v -0.002938 0.003843 0.033333
vn 0.188760 -0.071016 0.979452
v 0.009958 0.005466 0.033729
vn -0.925053 0.072548 0.372846
v -0.023551 0.002713 0.016633
vn -0.725326 0.016166 -0.688215
v -0.017655 0.004900 -0.027152
vn -0.803083 0.215630 0.555484
v -0.020428 0.005959 0.020840
vn -0.805630 -0.019344 -0.592103
v -0.018723 0.003440 -0.025757
vn 0.356440 0.220078 -0.908029
v -0.004131 0.005676 -0.032749
vn 0.070201 0.178261 0.981476
v 0.000501 0.004441 0.032359
vn 0.330279 0.094854 0.939105
v 0.018743 0.006843 0.031720
vn 0.612886 0.110906 -0.782349
v 0.030249 0.006308 -0.025084
vn 0.676840 0.655731 -0.334523
v -0.004312 0.005686 -0.032863
vn 0.633618 0.292702 -0.716138
v -0.004318 0.005760 -0.032820
vn 0.699853 0.364265 -0.614424
v -0.004390 0.005681 -0.032912
vn -0.984059 0.009505 -0.177591
v -0.026306 0.003428 -0.004568
vn 0.390100 0.612326 -0.687662
v -0.004427 0.005797 -0.032849
vn 0.827819 0.274426 -0.489291
v -0.004411 0.005856 -0.032786
vn -0.976934 0.009725 -0.213319
v -0.025618 0.006073 -0.007591
vn 0.209067 0.145544 0.967010
v -0.002287 0.005940 0.031811
vn 0.519505 -0.318092 0.793053
v -0.002269 0.006252 0.032869
vn -0.108816 -0.124235 0.986268
v 0.006543 0.005833 0.033430
vn -0.381903 0.387411 0.839085
v -0.002228 0.006009 0.031806
vn 0.199223 -0.365404 0.909280
v -0.002159 0.006078 0.031805
vn -0.376157 0.228514 -0.897935
v -0.009524 0.006640 -0.031779
vn -0.805847 0.248839 0.537299
v -0.021813 0.006952 0.018483
vn -0.537338 0.507785 0.673366
v -0.021092 0.006368 0.018983
vn 0.912323 -0.100470 -0.396954
v 0.038939 0.006714 -0.007009
vn 0.913576 0.005976 -0.406623
v 0.036939 0.005940 -0.014983
vn -0.547942 0.462093 0.697301
v -0.021027 0.006447 0.018983
vn 0.935110 0.116235 0.334751
v 0.037670 0.009704 0.009330
vn -0.153919 0.144840 0.977410
v 0.003235 0.007639 0.033009
vn 0.791917 0.155988 -0.590369
v 0.034028 0.006336 -0.021696
vn -0.731644 0.169564 0.660262
v -0.020958 0.006496 0.019004
vn 0.646503 0.447372 0.617974
v 0.031046 0.007947 0.023588
vn -0.851843 0.270200 -0.448727
v -0.020856 0.008085 -0.021129
vn 0.240263 -0.355928 0.903100
v -0.001210 0.006557 0.031955
vn -0.934262 0.289048 -0.208817
v -0.023716 0.007389 -0.015111
vn 0.332591 0.086417 -0.939104
v 0.017490 0.005844 -0.032138
vn 0.651415 0.486395 0.582304
v 0.033649 0.006793 0.021602
vn 0.524524 0.071109 0.848421
v 0.021828 0.006753 0.030336
vn -0.177294 0.046797 -0.983045
v 0.005682 0.005755 -0.033962
vn 0.265765 0.378688 0.886546
v 0.016821 0.009864 0.031407
vn 0.938647 0.066865 0.338335
v 0.036652 0.005327 0.015415
vn -0.933124 0.163186 0.320391
v -0.023756 0.008223 0.009300
vn 0.997196 0.045749 -0.059215
v 0.040519 0.006823 -0.002465
vn -0.869370 0.282225 -0.405641
v -0.023154 0.007096 -0.017751
vn 0.534399 -0.587521 -0.607648
v -0.002067 0.007368 -0.032608
vn 0.407994 -0.732533 0.544919
v -0.002316 0.007254 -0.032881
vn -0.653030 0.479857 0.585909
v -0.019754 0.009009 0.019200
vn 0.958748 -0.282830 -0.028451
v -0.020331 0.007273 0.017677
vn -0.980569 0.196112 0.005042
v -0.025972 0.009287 0.000221
vn -0.511896 -0.858718 -0.023784
v -0.001614 0.007402 -0.032626
vn 0.877708 -0.339440 -0.338243
v 0.039114 0.007507 -0.006987
vn 0.364370 -0.643786 0.672885
v -0.002180 0.007360 -0.032834
vn 0.333693 -0.874012 0.353202
v -0.002131 0.007450 -0.032781
vn 0.067295 0.128783 0.989387
v 0.009776 0.007655 0.033731
vn -0.034508 0.060685 -0.997560
v -0.001805 0.007715 -0.033299
vn -0.821568 0.181374 -0.540489
v -0.018747 0.007760 -0.024995
vn 0.876625 -0.347589 -0.332731
v 0.039220 0.007690 -0.006965
vn 0.776363 -0.030893 -0.629528
v 0.039259 0.007886 -0.006983
vn 0.942693 -0.070210 -0.326190
v 0.038765 0.006963 -0.007595
vn 0.956013 -0.061235 0.286860
v -0.020017 0.007710 0.019544
vn 0.818841 0.347809 0.456648
v 0.033713 0.009006 0.018781
vn 0.952726 0.028839 -0.302460
v 0.039730 0.008705 -0.006089
vn 0.932053 0.250260 0.262006
v -0.020003 0.007754 0.019462
vn 0.973599 0.054547 0.221654
v -0.020025 0.007888 0.019426
vn 0.821744 0.320181 -0.471403
v 0.033113 0.010551 -0.019353
vn 0.644577 0.554892 0.525942
v 0.032625 0.007824 0.021389
vn -0.970806 0.094922 0.220287
v -0.022446 0.008773 0.013306
vn 0.713469 0.519811 0.469849
v 0.031899 0.007901 0.022515
vn -0.620962 0.313481 0.718426
v -0.014271 0.006982 0.027038
vn 0.568274 0.454175 0.686141
v 0.032616 0.007970 0.021273
vn 0.686590 0.479084 0.546875
v 0.032587 0.007923 0.021351
vn 0.258920 0.409658 0.874723
v 0.018617 0.010862 0.030357
vn -0.239512 -0.230612 -0.943108
v 0.000297 0.007750 -0.033233
vn -0.971190 0.144969 0.189139
v -0.026277 0.006514 0.003709
vn -0.042245 -0.664750 -0.745871
v 0.002719 0.007932 -0.033577
vn 0.577681 0.294562 0.761261
v -0.020540 0.007442 0.020316
vn -0.934157 0.171805 -0.312785
v -0.024071 0.006230 -0.013747
vn -0.965701 0.169681 -0.196543
v -0.023648 0.008616 -0.012714
vn 0.231843 0.116892 0.965704
v -0.000353 0.008192 0.032614
vn -0.303459 0.363039 0.880974
v 0.001059 0.008163 0.033125
vn -0.070337 -0.416703 -0.906318
v 0.001534 0.008122 -0.034165
vn -0.381473 0.504829 0.774355
v 0.000965 0.008184 0.033071
vn -0.109763 -0.560723 -0.820696
v 0.001256 0.008170 -0.034131
vn -0.125894 0.484165 0.865872
v 0.001148 0.008242 0.033119
vn -0.356856 -0.131868 -0.924805
v 0.001044 0.008275 -0.034150
vn -0.912174 0.388949 -0.129066
v -0.023181 0.008254 -0.015479
vn 0.683889 0.051276 -0.727782
v 0.025656 0.008643 -0.028247
vn -0.889287 0.442040 -0.117343
v -0.023168 0.008299 -0.015341
vn -0.492970 0.862119 -0.117181
v -0.022466 0.008323 -0.017333
vn -0.361101 0.924257 -0.123914
v -0.022337 0.008321 -0.017714
vn -0.459703 0.861308 -0.216385
v -0.022539 0.008328 -0.017136
vn -0.876591 0.298794 -0.377240
v -0.023167 0.008346 -0.015161
vn -0.372299 0.920796 -0.116312
v -0.022323 0.008340 -0.017601
vn -0.157049 0.887810 -0.432583
v -0.022229 0.008345 -0.017811
vn -0.732215 0.613559 -0.295647
v -0.022922 0.008364 -0.016212
vn -0.620388 0.314055 0.718671
v -0.014760 0.009021 0.025707
vn -0.542847 0.764409 -0.347845
v -0.022760 0.007952 -0.018056
vn -0.351020 0.928368 -0.122140
v -0.022339 0.008352 -0.017478
vn -0.785264 0.282718 -0.550846
v -0.024851 0.008313 -0.010851
vn -0.261822 0.954391 -0.143484
v -0.022489 0.008383 -0.016941
vn -0.256025 0.948602 -0.186025
v -0.021780 0.008430 -0.017554
vn 0.349438 -0.210615 0.912981
v 0.001636 0.007809 0.033213
vn -0.920370 0.287114 -0.265489
v -0.025088 0.009055 -0.009890
vn 0.768905 -0.002474 -0.639358
v 0.038546 0.008889 -0.007348
vn 0.411380 0.122203 -0.903235
v 0.023227 0.007778 -0.029933
vn -0.063227 0.004892 0.997987
v -0.001417 0.006802 0.032578
vn -0.967224 0.250174 -0.043474
v -0.026032 0.006785 -0.003969
vn 0.964322 0.242254 0.106753
v 0.039651 0.009736 0.004570
vn -0.101952 0.098990 -0.989852
v 0.006458 0.009312 -0.033949
vn -0.767547 0.450609 -0.455876
v -0.024912 0.008891 -0.010492
vn -0.218358 0.253979 0.942239
v -0.003006 0.008957 0.031954
vn -0.726188 0.353628 0.589574
v -0.015723 0.009681 0.024620
vn -0.079434 0.413597 0.906988
v -0.001655 0.011975 0.031444
vn -0.774351 0.573254 -0.267883
v -0.024854 0.009026 -0.010363
vn -0.656675 0.586110 -0.474609
v -0.024864 0.008978 -0.010459
vn 0.782860 -0.328713 -0.528279
v 0.025971 0.009030 -0.027620
vn -0.246422 0.222113 0.943367
v -0.002502 0.009390 0.031995
vn -0.248652 0.243828 0.937401
v -0.002937 0.009027 0.031951
vn -0.940903 0.180640 0.286481
v -0.024156 0.010693 0.007670
vn 0.557555 0.209652 -0.803230
v 0.026044 0.009995 -0.027845
vn 0.552407 0.183011 0.813237
v 0.026812 0.008780 0.026751
vn -0.292640 0.273185 0.916369
v -0.002937 0.009130 0.031919
vn 0.849680 -0.148670 -0.505907
v 0.039459 0.009084 -0.006740
vn -0.987647 0.150429 -0.043860
v -0.026569 0.005136 -0.000289
vn -0.852907 0.323984 -0.409371
v -0.024344 0.010096 -0.010034
vn 0.707635 -0.397138 -0.584409
v 0.025952 0.009061 -0.027723
vn -0.334598 0.343274 -0.877614
v -0.013915 0.008934 -0.028843
vn 0.589406 -0.204741 -0.781462
v 0.025985 0.009149 -0.027719
vn 0.853242 0.200702 -0.481348
v 0.039392 0.009214 -0.006867
vn 0.937223 0.275739 -0.213499
v 0.039429 0.009130 -0.006813
vn -0.902601 0.380925 -0.200519
v -0.025860 0.009760 -0.001231
vn -0.215855 0.316968 0.923546
v -0.005905 0.008316 0.031481
vn -0.091191 0.341195 -0.935559
v 0.002731 0.010403 -0.033318
vn 0.561147 0.117354 -0.819355
v 0.027157 0.008837 -0.027163
vn 0.601710 0.289544 0.744385
v 0.029750 0.006852 0.025285
vn -0.086954 0.315411 0.944963
v 0.001074 0.009242 0.032270
vn -0.271813 0.317282 0.908543
v -0.004347 0.009890 0.031248
vn -0.880163 0.318365 -0.352075
v -0.022366 0.009790 -0.015308
vn -0.857906 0.233144 -0.457866
v -0.021442 0.009097 -0.017954
vn 0.943918 0.086374 0.318683
v 0.039389 0.008597 0.006342
vn -0.922087 0.145769 -0.358479
v -0.023440 0.010911 -0.013061
vn -0.820813 0.439307 0.365068
v -0.018502 0.009864 0.019791
vn -0.241079 0.264497 -0.933768
v -0.002503 0.010444 -0.032398
vn 0.380101 0.190673 -0.905079
v 0.015967 0.012331 -0.031314
vn -0.335746 0.306976 0.890528
v -0.007469 0.011240 0.030005
vn 0.527075 0.328065 -0.783943
v 0.027864 0.009672 -0.026305
vn 0.583015 0.296829 -0.756298
v 0.028272 0.009736 -0.026054
vn 0.530259 0.322760 -0.783997
v 0.027762 0.009829 -0.026322
vn 0.616708 0.324052 -0.717399
v 0.027828 0.009749 -0.026301
vn 0.291633 0.377836 -0.878744
v 0.021844 0.009477 -0.029843
vn 0.991709 -0.109500 -0.067253
v -0.018759 0.010157 0.018840
vn 0.642686 -0.518999 0.563555
v -0.018708 0.010284 0.018977
vn -0.477201 0.287063 0.830586
v -0.010835 0.004339 0.030962
vn -0.513213 0.343245 0.786635
v -0.018650 0.010086 0.019059
vn -0.376220 -0.069347 0.923932
v -0.018608 0.010367 0.018984
vn 0.962565 -0.223827 -0.152875
v -0.018725 0.010283 0.018874
vn 0.654770 0.408057 0.636213
v 0.029890 0.010467 0.022757
vn -0.188233 0.014456 0.982018
v 0.008083 0.010005 0.032973
vn -0.734504 0.593376 -0.329256
v -0.025395 0.010369 -0.001354
vn -0.392854 0.239786 -0.887789
v -0.012461 0.011002 -0.028822
vn -0.830051 0.540006 -0.139316
v -0.025374 0.010358 -0.001560
vn -0.833680 0.540946 -0.111152
v -0.025388 0.010364 -0.001447
vn 0.930848 -0.341563 0.129831
v -0.018530 0.010552 0.020000
vn -0.465420 0.809148 0.358696
v -0.018531 0.010488 0.019035
vn -0.947100 0.225762 -0.228107
v -0.025347 0.011120 -0.001181
vn 0.409835 0.487257 -0.771114
v 0.022925 0.010506 -0.029022
vn 0.550656 0.446826 -0.705071
v 0.022856 0.010574 -0.029019
vn -0.264750 0.377809 0.887225
v -0.018625 0.011927 0.019303
vn 0.632480 0.347764 0.692119
v 0.022487 0.011187 0.028353
vn 0.383212 0.532508 -0.754708
v 0.022831 0.010659 -0.028993
vn -0.960343 0.267325 -0.079231
v -0.024712 0.010017 -0.006439
vn 0.649308 0.267096 0.712080
v 0.026391 0.010481 0.026956
vn 0.476252 0.479529 -0.737045
v 0.022760 0.011047 -0.028513
vn -0.957881 0.287132 -0.004383
v -0.025472 0.011020 -0.000223
vn 0.087592 -0.256969 0.962442
v 0.009040 0.010845 0.033545
vn -0.623113 0.116107 0.773466
v -0.018370 0.010933 0.019051
vn -0.918752 0.379654 0.108434
v -0.025837 0.009846 0.002937
vn 0.756699 0.356777 0.547829
v 0.027303 0.011363 0.025258
vn 0.342366 0.092800 0.934973
v 0.010293 0.010847 0.032895
vn -0.980796 0.169657 -0.096207
v -0.024211 0.013878 -0.007639
vn 0.228457 -0.438617 0.869150
v 0.009171 0.010848 0.033496
vn -0.906758 0.088849 0.412184
v -0.025284 0.010904 0.001919
vn 0.881635 0.127475 0.454389
v 0.035881 0.012058 0.012774
vn 0.238438 -0.185846 0.953210
v 0.009273 0.010942 0.033528
vn 0.052104 -0.961906 -0.268368
v 0.010119 0.010944 -0.033857
vn 0.691012 -0.714575 -0.109017
v -0.025236 0.010939 0.001992
vn -0.094883 0.356023 0.929648
v 0.008915 0.011604 0.033303
vn -0.889072 -0.116583 0.442673
v -0.025173 0.010991 0.002050
vn 0.041356 -0.203262 -0.978251
v 0.009884 0.011249 -0.034266
vn -0.075193 -0.575336 -0.814454
v 0.010263 0.010874 -0.033276
vn 0.516439 -0.508437 -0.689044
v 0.010135 0.011102 -0.034020
vn 0.419679 -0.669146 -0.613280
v 0.010153 0.011028 -0.033939
vn -0.718912 0.280888 0.635821
v -0.017465 0.012340 0.019667
vn 0.363194 -0.127124 -0.923000
v 0.011144 0.011419 -0.033585
vn 0.651758 0.327125 -0.684252
v 0.026318 0.012151 -0.026076
vn 0.928264 0.255210 -0.270543
v 0.038161 0.011198 -0.006910
vn 0.456670 0.323493 0.828737
v 0.021911 0.010740 0.029230
vn 0.712667 0.438844 0.547286
v 0.026869 0.011382 0.025875
vn -0.027932 0.404262 -0.914217
v 0.008643 0.011348 -0.033973
vn -0.476624 0.305804 -0.824205
v -0.014626 0.011610 -0.027581
vn 0.688043 0.512058 0.514192
v 0.026843 0.011467 0.025823
vn 0.685946 0.435580 0.582879
v 0.026770 0.011391 0.025988
vn 0.195573 -0.134899 -0.971367
v 0.008539 0.010233 -0.033809
vn -0.033799 0.444714 -0.895035
v 0.008687 0.011413 -0.033925
vn -0.222742 0.454799 -0.862290
v 0.008771 0.011437 -0.033937
vn 0.916085 0.207261 0.343265
v 0.037338 0.012476 0.007715
vn 0.741270 0.348991 0.573344
v 0.021904 0.011504 0.028884
vn 0.879373 0.253525 -0.403023
v 0.036567 0.011761 -0.011836
vn 0.628615 0.472642 0.617618
v 0.026586 0.011508 0.026111
vn -0.239345 0.592744 -0.769005
v 0.008474 0.011659 -0.033598
vn -0.918574 0.273579 0.285266
v -0.022089 0.007705 0.015775
vn -0.614437 0.303259 0.728355
v -0.013174 0.012523 0.025484
vn 0.671900 0.473471 0.569539
v 0.021869 0.011675 0.028816
vn 0.980840 0.194619 -0.008726
v 0.021884 0.011606 0.028885
vn -0.710008 0.347550 -0.612452
v -0.016685 0.011473 -0.025688
vn -0.864942 0.278653 0.417407
v -0.017076 0.010487 0.022240
vn -0.587192 0.314539 0.745836
v -0.011931 0.011234 0.027159
vn 0.483826 0.122509 -0.866547
v 0.021594 0.012912 -0.028881
vn -0.960593 0.139924 0.240173
v -0.024882 0.011901 0.002857
vn 0.690219 0.272497 0.670331
v 0.025803 0.012935 0.025788
vn 0.014677 0.503357 -0.863954
v 0.009255 0.012642 -0.033173
vn -0.191372 0.279144 -0.940986
v -0.000318 0.011417 -0.032661
vn -0.861066 0.010179 -0.508392
v -0.021469 0.012973 -0.017278
vn 0.045493 0.323231 0.945226
v 0.008766 0.017524 0.030285
vn 0.688415 0.381397 0.616945
v 0.028539 0.011082 0.023954
vn -0.775892 0.486077 0.402147
v -0.019768 0.013558 0.015440
vn -0.811940 0.237975 -0.533030
v -0.017763 0.012165 -0.023449
vn 0.647809 0.372957 0.664264
v 0.031776 0.010296 0.020709
vn 0.416234 0.099754 0.903769
v 0.019896 0.013667 0.028585
vn -0.348520 0.269843 -0.897618
v -0.009049 0.011539 -0.030025
vn 0.848547 0.102133 -0.519169
v 0.033346 0.013679 -0.017537
vn 0.719322 0.282686 -0.634558
v 0.029844 0.009826 -0.024179
vn 0.287944 0.195977 0.937380
v 0.013705 0.011270 0.031639
vn -0.106951 0.350108 0.930584
v -0.002876 0.013082 0.030450
vn 0.641978 0.123760 0.756669
v 0.028886 0.012821 0.022405
vn 0.338399 0.150435 -0.928900
v 0.019313 0.010956 -0.030591
vn 0.129930 0.327233 -0.935968
v 0.017612 0.012542 -0.030424
vn -0.077438 0.278769 0.957231
v 0.004918 0.013045 0.031500
vn -0.746756 0.474599 0.465953
v -0.018756 0.013350 0.017522
vn -0.787518 0.408586 0.461381
v -0.023509 0.012447 0.009171
vn 0.708732 0.084531 0.700396
v 0.031006 0.013564 0.020448
vn -0.104924 0.206233 -0.972861
v 0.017767 0.013050 -0.030206
vn 0.043339 0.213905 -0.975892
v 0.017698 0.013119 -0.030200
vn -0.044513 -0.025324 -0.998688
v 0.017722 0.013255 -0.030156
vn -0.285057 0.370058 0.884194
v -0.021920 0.013508 0.008545
vn 0.715957 -0.111694 0.689152
v 0.028182 0.013439 0.022940
vn 0.662759 -0.173661 0.728418
v 0.028262 0.013462 0.022870
vn -0.031885 -0.105572 -0.993900
v 0.018781 0.013157 -0.030697
vn 0.220791 0.165903 0.961107
v -0.022368 0.013587 0.008591
vn 0.544445 -0.262881 0.796538
v 0.028353 0.013549 0.022813
vn 0.343128 -0.306758 -0.887785
v 0.017146 0.013415 -0.030289
vn 0.531190 0.189625 -0.825760
v 0.024732 0.012843 -0.027561
vn 0.232952 0.168701 0.957744
v -0.022394 0.013801 0.008588
vn 0.253085 0.210367 0.944295
v -0.022369 0.013929 0.008537
vn 0.087077 -0.894545 0.438414
v 0.017566 0.014583 0.028349
vn 0.040387 -0.943708 0.328304
v 0.017345 0.013695 0.030631
vn 0.986724 0.077328 -0.142813
v 0.038404 0.014684 -0.004480
vn 0.166105 -0.941071 0.294609
v 0.017428 0.013686 0.030542
vn 0.461649 -0.857831 0.225847
v 0.017602 0.013723 0.030521
vn 0.675485 -0.097989 0.730834
v 0.030196 0.013738 0.020957
vn 0.575410 -0.262326 0.774654
v 0.030331 0.013778 0.020851
vn 0.608569 -0.549160 0.572771
v 0.030264 0.013778 0.020923
vn -0.785947 0.424515 0.449527
v -0.016124 0.015013 0.019718
vn -0.358632 0.233844 0.903715
v -0.023167 0.014280 0.008479
vn 0.685496 -0.061468 0.725477
v 0.029938 0.015303 0.021778
vn 0.666807 -0.137593 0.732418
v 0.028406 0.014702 0.023310
vn 0.875492 0.472214 0.102609
v 0.038262 0.013938 -0.003452
vn 0.931556 0.072206 -0.356357
v 0.038296 0.013900 -0.003260
vn 0.474692 -0.346997 0.808864
v 0.017809 0.014053 0.030575
vn 0.740240 0.101112 -0.664696
v 0.030921 0.013937 -0.020905
vn -0.587834 0.341987 0.733142
v -0.012181 0.015718 0.025080
vn 0.431954 0.146311 0.889949
v 0.022742 0.013503 0.027614
vn 0.984676 0.048708 -0.167455
v 0.038276 0.013944 -0.003366
vn 0.917209 0.383971 -0.106271
v 0.038664 0.013704 -0.003161
vn -0.743382 0.656899 0.125961
v -0.020703 0.014130 0.012519
vn 0.962882 0.094810 -0.252724
v 0.038820 0.015692 -0.002899
vn -0.748899 0.617574 0.240317
v -0.020937 0.013762 0.012724
vn -0.691807 0.702285 0.167927
v -0.020655 0.014158 0.012584
vn -0.686570 0.720108 0.100326
v -0.020584 0.014203 0.011841
vn 0.744955 0.077141 -0.662640
v 0.030011 0.016704 -0.022288
vn -0.669555 0.719953 0.182659
v -0.020580 0.014221 0.012653
vn 0.348101 0.298056 0.888813
v 0.018767 0.014679 0.029586
vn -0.239624 0.277140 -0.930470
v -0.006278 0.010946 -0.031243
vn -0.079480 -0.467254 0.880543
v 0.016913 0.013821 0.030707
vn 0.701151 0.106893 0.704955
v 0.029782 0.013241 0.021422
vn 0.926903 0.101557 0.361298
v 0.036041 0.014374 0.011974
vn 0.831152 -0.025849 0.555444
v 0.033373 0.013675 0.017116
vn 0.054026 -0.596322 0.800925
v 0.015660 0.014691 0.028865
vn 0.536659 0.170449 0.826405
v 0.024123 0.015749 0.026920
vn -0.485196 0.286220 -0.826234
v -0.012658 0.015196 -0.027796
vn 0.938905 0.092221 -0.331591
v 0.036283 0.014024 -0.011406
vn -0.072892 0.326040 -0.942542
v 0.007700 0.015228 -0.031915
vn -0.310603 0.317036 -0.896111
v -0.009513 0.014632 -0.029018
vn -0.926648 0.030081 -0.374725
v -0.022668 0.014781 -0.014629
vn 0.649041 0.100714 0.754058
v 0.014871 0.014213 0.029214
vn 0.070878 -0.962170 -0.263070
v 0.015788 0.014820 0.029165
vn 0.087219 -0.307656 0.947492
v 0.015151 0.014814 0.028934
vn -0.966649 0.089348 0.240015
v -0.024391 0.015535 0.003319
vn -0.976443 0.169478 -0.133553
v -0.024683 0.012434 -0.002815
vn -0.063858 0.267367 -0.961476
v 0.004092 0.013991 -0.031761
vn 0.074158 -0.521941 -0.849752
v 0.015020 0.014814 0.029074
vn 0.442975 -0.061823 0.894400
v 0.021270 0.014956 0.028618
vn -0.317417 0.339316 -0.885501
v -0.009014 0.014913 -0.029071
vn 0.170271 -0.914322 0.367455
v 0.015091 0.014849 0.029016
vn -0.883547 0.351385 0.309636
v -0.014978 0.014861 0.021981
vn -0.229574 0.373877 -0.898617
v -0.009059 0.014976 -0.029033
vn -0.332197 0.276670 -0.901720
v -0.009117 0.015038 -0.028993
vn 0.968042 0.147988 0.202471
v 0.038635 0.013994 0.004420
vn 0.223514 0.323089 0.919595
v 0.016211 0.017396 0.029390
vn 0.342782 0.201613 -0.917525
v 0.018364 0.015338 -0.030532
vn -0.934624 0.009042 -0.355523
v -0.021896 0.015449 -0.016437
vn 0.246444 0.950188 -0.190808
v -0.020259 0.015273 0.008526
vn -0.535231 0.796570 -0.281079
v -0.019741 0.015523 0.009283
vn 0.356539 0.934067 -0.019961
v -0.020308 0.015282 0.008440
vn 0.134922 0.901836 0.410473
v -0.020307 0.015283 0.008356
vn -0.556810 0.622940 0.549462
v -0.020131 0.015349 0.008541
vn -0.381416 0.419884 -0.823540
v -0.012469 0.017481 -0.027048
vn -0.359024 0.260828 -0.896142
v -0.007909 0.014634 -0.029657
vn -0.922350 -0.021795 -0.385740
v -0.021750 0.015664 -0.016837
vn -0.744878 0.546429 0.382846
v -0.017327 0.015703 0.016633
vn 0.970241 0.189081 -0.151265
v -0.020342 0.015574 0.008512
vn -0.322089 0.305081 -0.896205
v -0.010527 0.016325 -0.028097
vn -0.865435 0.007022 -0.500972
v -0.021420 0.015907 -0.017612
vn -0.934750 0.060832 -0.350060
v -0.021766 0.015733 -0.016786
vn -0.940532 0.090796 -0.327345
v -0.021756 0.015841 -0.016791
vn -0.987257 0.097566 -0.125712
v -0.024286 0.014716 -0.004427
vn 0.661361 0.095767 -0.743929
v 0.027254 0.016513 -0.024660
vn -0.012820 0.485373 0.874213
v -0.020588 0.016563 0.007884
vn -0.232748 0.350106 -0.907334
v -0.008079 0.016749 -0.028947
vn 0.713135 0.220785 0.665351
v 0.030311 0.019470 0.020780
vn 0.072414 0.895749 0.438623
v -0.020881 0.017924 0.006946
vn -0.810059 0.352871 0.468281
v -0.018246 0.017152 0.014000
vn -0.821120 0.100281 -0.561877
v -0.020022 0.015013 -0.018964
vn -0.979838 0.109087 -0.167383
v -0.024041 0.016384 -0.010228
vn -0.965634 0.258229 0.029485
v -0.024878 0.018983 0.000202
vn 0.399108 0.265280 0.877690
v 0.021518 0.017919 0.027515
vn 0.343597 0.131076 0.929925
v 0.013435 0.013347 0.031139
vn 0.469295 0.635455 -0.613155
v -0.019522 0.017548 0.010333
vn -0.177295 0.254625 -0.950649
v -0.001394 0.018019 -0.030720
vn -0.897201 0.156877 -0.412820
v -0.021510 0.016932 -0.017139
vn -0.121505 0.174816 -0.977075
v 0.003583 0.016724 -0.031285
vn -0.340330 0.251655 -0.906005
v -0.009279 0.017190 -0.028312
vn -0.311474 0.236220 -0.920426
v -0.009397 0.017292 -0.028244
vn -0.281623 0.287062 -0.915578
v -0.009334 0.017246 -0.028278
vn -0.758003 0.628590 0.174085
v -0.016440 0.019398 0.013426
vn 0.246431 0.294231 0.923418
v 0.019785 0.017476 0.028317
vn 0.404645 0.264330 0.875438
v 0.019948 0.017142 0.028360
vn 0.246781 0.277226 0.928571
v 0.019899 0.017521 0.028273
vn 0.410778 0.266148 0.872025
v 0.019961 0.017618 0.028228
vn -0.007518 0.971165 0.238291
v -0.022601 0.018894 0.007779
vn -0.763231 0.646101 -0.005624
v -0.023322 0.019733 -0.008353
vn -0.700483 0.282036 0.655576
v -0.013469 0.016036 0.023887
vn -0.236180 0.371784 -0.897773
v -0.008996 0.018787 -0.028044
vn 0.126482 0.291056 -0.948308
v 0.011510 0.017290 -0.030958
vn -0.478438 0.876805 -0.048055
v -0.017720 0.017965 0.011285
vn -0.739113 0.097466 0.666493
v -0.022871 0.017202 0.008169
vn 0.645897 0.195257 0.738032
v 0.028622 0.019039 0.022118
vn -0.059007 0.225894 -0.972363
v 0.002190 0.018588 -0.030737
vn 0.389756 0.292366 0.873277
v 0.020090 0.018837 0.027728
vn -0.744596 0.566423 0.353188
v -0.018531 0.018159 0.009696
vn 0.836240 0.106756 0.537872
v 0.032908 0.018641 0.017920
vn 0.055166 0.269073 -0.961539
v 0.008147 0.017581 -0.031280
vn -0.581112 0.451593 0.677032
v -0.008793 0.018399 0.026653
vn -0.620604 0.256402 0.741019
v -0.019762 0.018283 0.011944
vn -0.714750 0.446184 0.538565
v -0.020602 0.018796 0.011076
vn 0.659772 0.171546 0.731623
v 0.027514 0.017914 0.023377
vn -0.602945 0.089154 0.792785
v -0.020169 0.018750 0.011441
vn -0.915518 0.285786 -0.283112
v -0.022583 0.019115 -0.014183
vn -0.955656 0.203166 -0.213180
v -0.014179 0.019125 0.021991
vn 0.581164 0.243042 0.776646
v 0.025686 0.018817 0.024734
vn 0.586764 0.237557 0.774128
v 0.025791 0.018268 0.024854
vn -0.662640 -0.113706 0.740256
v -0.020118 0.018864 0.011493
vn -0.075623 0.987509 -0.138229
v -0.019581 0.019321 0.011300
vn -0.431118 0.403972 0.806811
v -0.020068 0.018919 0.011551
vn 0.573216 0.241345 0.783055
v 0.025709 0.018971 0.024672
vn 0.683027 0.184950 0.706588
v 0.025658 0.018897 0.024741
vn 0.861038 0.032215 -0.507519
v 0.034344 0.016324 -0.016247
vn -0.734015 0.372181 -0.568070
v -0.018320 0.019640 -0.020754
vn -0.158960 0.126591 0.979136
v -0.002431 0.018047 0.029554
vn 0.524509 0.306813 0.794202
v 0.024239 0.019722 0.025529
vn 0.871296 0.349829 -0.344184
v 0.034844 0.021252 -0.014402
vn -0.268651 0.792962 0.546843
v -0.003294 0.019864 0.026012
vn -0.894161 0.435992 -0.101914
v -0.013479 0.018404 0.021419
vn -0.119896 -0.150734 -0.981277
v -0.013427 0.019560 0.021420
vn 0.623959 -0.145954 -0.767706
v -0.013174 0.019572 0.021510
vn -0.557101 0.749945 0.356681
v -0.023391 0.019464 0.006488
vn 0.297392 0.454429 0.839674
v -0.015487 0.019538 -0.023466
vn 0.210956 0.947011 -0.242215
v -0.023185 0.019436 -0.002129
vn -0.462000 0.870073 0.171839
v -0.022996 0.019475 -0.002912
vn -0.633400 0.749805 -0.191301
v -0.022946 0.019494 -0.002479
vn -0.339020 0.940768 0.004605
v -0.022947 0.019494 -0.002686
vn -0.440271 0.553596 -0.706890
v -0.013110 0.019418 -0.025522
vn -0.323900 0.923127 -0.207182
v -0.023903 0.019386 -0.004402
vn 0.381866 0.915464 0.126900
v -0.014801 0.018484 -0.023623
vn 0.333952 -0.209276 -0.919065
v -0.013256 0.019721 0.021433
vn 0.608257 0.768373 0.199063
v -0.015437 0.019644 -0.023680
vn 0.242042 0.865191 0.439158
v -0.015503 0.019605 -0.023527
vn 0.145275 0.298892 0.943164
v 0.012726 0.019536 0.029135
vn 0.824394 0.566001 -0.004218
v -0.023403 0.019616 -0.002310
vn 0.298633 -0.236434 -0.924617
v -0.013322 0.019650 0.021429
vn 0.890528 0.448290 0.077435
v -0.023390 0.019657 -0.002480
vn -0.747378 0.656402 -0.102775
v -0.017150 0.019030 -0.024046
vn -0.115055 0.930330 -0.348209
v -0.015756 0.019520 -0.024702
vn -0.681016 0.283438 0.675188
v -0.017685 0.020120 0.008524
vn 0.946321 0.322760 -0.017398
v -0.023395 0.019726 -0.002594
vn 0.394152 -0.099458 -0.913648
v -0.013232 0.019811 0.021425
vn -0.750586 0.634356 -0.184969
v -0.021904 0.020936 -0.014727
vn -0.621858 0.532761 -0.573985
v -0.017201 0.021438 -0.020340
vn -0.410166 0.834940 0.366932
v -0.013274 0.021514 0.021671
vn -0.488699 -0.533628 0.690228
v -0.024204 0.021192 0.005493
vn -0.021112 -0.013904 -0.999680
v -0.013449 0.019982 0.021340
vn 0.573477 0.811591 -0.111551
v -0.024158 0.020766 -0.002691
vn -0.113661 0.861909 0.494161
v -0.000918 0.019908 0.029644
vn -0.137149 0.627662 0.766310
v -0.003234 0.019914 0.028797
vn -0.231627 0.797730 0.556755
v -0.001250 0.020080 0.028963
vn -0.414084 0.895123 0.165194
v -0.023080 0.020164 0.000363
vn -0.083008 0.784690 0.614305
v -0.001360 0.020084 0.028948
vn -0.100477 0.762255 0.639431
v -0.001485 0.020091 0.028915
vn -0.053487 0.984866 -0.164858
v -0.005632 0.019654 0.025228
vn 0.407672 0.182204 -0.894765
v 0.020756 0.015808 -0.029166
vn -0.487926 0.670964 0.558333
v -0.010566 0.019622 0.023926
vn -0.002220 0.853591 0.520940
v -0.005098 0.020303 0.028296
vn 0.025796 0.893537 0.448248
v -0.004950 0.020286 0.028309
vn -0.377967 0.541913 -0.750647
v -0.004929 0.021118 -0.028235
vn 0.034993 0.899721 0.435061
v -0.004857 0.020306 0.028276
vn -0.346330 0.780399 0.520608
v -0.005227 0.020596 0.027348
vn 0.943578 0.322642 0.074586
v 0.038129 0.019365 0.001572
vn -0.441503 0.893556 -0.081444
v -0.021564 0.020340 -0.006437
vn -0.183213 0.318448 0.930067
v -0.000389 0.021111 0.028937
vn 0.470578 0.472466 0.745206
v 0.022256 0.022418 0.025157
vn 0.624488 0.246702 0.741049
v 0.026901 0.020785 0.023216
vn -0.321136 0.643805 0.694541
v -0.007360 0.020232 0.028002
vn -0.180343 0.983354 -0.022157
v -0.003400 0.021774 0.027635
vn -0.668181 0.677036 -0.308475
v -0.019515 0.021360 -0.017362
vn -0.467661 0.882068 0.056997
v -0.018770 0.020653 0.002402
vn -0.841575 0.454543 0.291792
v -0.016140 0.019857 0.015424
vn -0.738448 0.627829 0.246019
v -0.006938 0.020873 0.025717
vn -0.698235 0.282133 0.657928
v -0.006510 0.020887 0.026320
vn 0.597696 0.331567 -0.729948
v 0.026855 0.022597 -0.023036
vn -0.645482 0.512564 0.566242
v -0.006589 0.020914 0.026223
vn -0.497259 0.634096 0.592162
v -0.006352 0.020977 0.026385
vn -0.816100 0.353056 0.457528
v -0.015258 0.019254 0.017353
vn -0.227702 0.530108 -0.816785
v -0.009069 0.020471 -0.026699
vn -0.343081 0.925788 0.158782
v -0.006094 0.021259 0.026148
vn -0.608453 0.773226 0.178625
v -0.020109 0.021494 -0.010460
vn -0.490812 0.474796 -0.730529
v -0.012157 0.021718 -0.024314
vn -0.914739 0.310463 -0.258582
v 0.000702 0.023528 0.028115
vn -0.314874 -0.412640 0.854741
v -0.023982 0.021648 0.006210
vn -0.474598 -0.213894 0.853818
v -0.023989 0.021782 0.006233
vn -0.353693 -0.761036 -0.543807
v -0.021020 0.021459 -0.006579
vn -0.520575 0.018228 0.853621
v -0.024060 0.021917 0.006237
vn 0.571765 0.349082 0.742446
v 0.026430 0.022072 0.023098
vn 0.196900 0.264416 0.944094
v 0.015196 0.024179 0.027420
vn -0.562227 0.816073 -0.133885
v -0.018647 0.021710 -0.007084
vn 0.919629 0.311795 0.238886
v 0.036161 0.020178 0.008340
vn 0.394191 0.918415 0.033584
v -0.023070 0.019755 0.002742
vn 0.185944 -0.081601 0.979166
v -0.023510 0.021843 0.006281
vn 0.565158 0.803895 -0.185338
v -0.024502 0.022971 0.004848
vn 0.880713 0.467908 -0.073527
v 0.036574 0.021898 -0.004056
vn 0.071116 0.740878 0.667864
v -0.018489 0.021394 0.000166
vn 0.420484 0.340901 0.840821
v 0.021013 0.021204 0.026552
vn -0.673790 0.531649 0.513184
v -0.014508 0.024424 0.009065
vn -0.925642 0.378108 -0.014857
v 0.003019 0.022186 0.027275
vn 0.750005 0.231143 -0.619731
v 0.031472 0.020219 -0.019354
vn -0.376525 0.898549 -0.225472
v 0.000393 0.020460 0.027325
vn -0.754170 0.343138 0.559897
v -0.011979 0.021921 0.021134
vn -0.997366 0.014147 -0.071146
v -0.018233 0.021548 0.005390
vn 0.001222 0.264346 -0.964427
v 0.004465 0.022514 -0.030129
vn -0.985386 0.044955 -0.164295
v 0.003020 0.022267 0.027344
vn -0.793242 -0.387790 -0.469454
v 0.003015 0.022383 0.027338
vn -0.370111 0.823087 -0.430750
v -0.018571 0.022193 -0.005583
vn -0.235067 0.010886 -0.971918
v 0.002911 0.022244 0.027371
vn -0.383516 0.815714 -0.433044
v -0.016510 0.022634 0.001920
vn 0.061548 0.902644 0.425965
v -0.021929 0.019529 0.005002
vn -0.401110 0.417160 -0.815529
v -0.006664 0.021976 -0.026420
vn -0.684195 -0.537959 0.492421
v 0.002850 0.022397 0.027153
vn -0.720312 0.677207 -0.150135
v -0.016530 0.022521 0.001258
vn 0.836458 0.397356 0.377420
v 0.033577 0.022492 0.014984
vn -0.854212 0.514540 -0.074640
v -0.021208 0.021061 -0.003068
vn 0.439405 0.341628 -0.830791
v 0.020992 0.022007 -0.027499
vn -0.732608 0.640941 -0.229088
v -0.016259 0.022886 0.001859
vn -0.773806 -0.468754 0.426022
v -0.019169 0.023268 0.007849
vn 0.852989 0.469590 0.227803
v 0.034230 0.023603 0.009033
vn -0.563650 0.518979 -0.642620
v -0.016211 0.023023 0.001971
vn -0.580324 0.285442 -0.762723
v -0.016148 0.023081 0.001971
vn -0.636644 -0.462632 -0.616973
v -0.019786 0.024004 0.003276
vn -0.856761 0.504681 0.106097
v -0.016323 0.025227 -0.005196
vn -0.433112 0.666045 -0.607288
v -0.000403 0.021787 -0.028116
vn -0.378714 -0.324625 0.866715
v -0.018414 0.023210 0.008537
vn -0.772741 0.618305 -0.143425
v -0.015640 0.023699 0.001270
vn 0.126728 0.193332 0.972915
v 0.004066 0.023662 0.028828
vn -0.855872 0.362768 0.368622
v -0.014462 0.022413 0.016885
vn 0.268536 0.553321 -0.788495
v 0.018757 0.023792 -0.027546
vn -0.697474 0.640865 -0.320657
v -0.017002 0.024060 -0.006110
vn -0.350368 -0.392857 0.850239
v -0.018417 0.023296 0.008585
vn -0.450737 -0.306703 0.838314
v -0.018502 0.023382 0.008571
vn -0.451968 0.274704 0.848683
v -0.006078 0.026062 0.023985
vn -0.783406 0.617585 0.069731
v -0.015639 0.024722 -0.010877
vn -0.708110 0.088279 0.700562
v -0.021158 0.023644 -0.000200
vn -0.056694 0.110242 -0.992287
v -0.017380 0.024134 0.001888
vn -0.673246 0.723422 -0.152973
v -0.016473 0.025269 -0.015213
vn -0.092268 -0.096234 0.991073
v -0.017991 0.023874 0.008689
vn -0.305270 0.320749 -0.896622
v -0.004247 0.025856 -0.026682
vn 0.892819 0.392531 -0.220894
v 0.035667 0.020170 -0.011025
vn 0.544026 0.379514 -0.748335
v 0.025205 0.022211 -0.024500
vn 0.639470 0.539316 0.547919
v 0.028746 0.026367 0.017996
vn 0.493906 0.568690 -0.657761
v 0.023671 0.025473 -0.023118
vn 0.243820 0.284484 -0.927157
v 0.015698 0.022246 -0.028763
vn -0.704736 0.385295 0.595731
v -0.011193 0.026642 0.019086
vn 0.003250 0.281529 0.959547
v 0.007399 0.022425 0.029212
vn -0.086593 0.476924 0.874669
v 0.005687 0.025747 0.027736
vn 0.784020 0.597822 -0.167096
v 0.033750 0.025415 -0.007987
vn -0.576332 0.663489 -0.477099
v -0.015139 0.024334 0.001812
vn 0.340251 0.338840 0.877164
v 0.018801 0.023415 0.026804
vn -0.825502 0.561611 -0.056041
v -0.013775 0.025856 0.001142
vn -0.395377 0.241160 0.886295
v 0.000883 0.024096 0.026549
vn -0.802828 0.585592 -0.112018
v -0.015100 0.024397 0.001854
vn -0.680800 0.729882 -0.061503
v -0.015762 0.023333 -0.008763
vn -0.582442 0.544380 -0.603665
v -0.015047 0.024468 0.001854
vn 0.255283 0.769788 -0.585027
v 0.021224 0.024703 -0.025759
vn -0.322167 0.711560 0.624413
v 0.003806 0.024818 0.028610
vn -0.707730 -0.492916 -0.506114
v -0.023213 0.026155 -0.006894
vn -0.179158 0.580700 -0.794160
v 0.002328 0.025188 -0.028020
vn -0.127368 0.612654 -0.780020
v 0.004655 0.024701 -0.028082
vn 0.759570 -0.313471 -0.569903
v -0.015713 0.025557 -0.002480
vn -0.578226 0.368773 0.727778
v -0.010041 0.024194 0.021903
vn 0.764726 -0.530977 -0.365045
v -0.017530 0.023702 -0.001739
vn 0.166298 0.512720 -0.842296
v 0.012922 0.027395 -0.027992
vn -0.085656 0.635293 -0.767506
v 0.006005 0.025230 -0.028944
vn 0.953855 -0.221993 -0.202186
v -0.017596 0.025065 -0.005189
vn -0.917446 -0.381147 0.114107
v -0.022890 0.024677 -0.003056
vn -0.281086 0.899063 -0.335672
v 0.002565 0.024617 -0.029378
vn -0.019688 0.321874 0.946578
v 0.005491 0.024769 -0.028258
vn -0.325396 -0.226003 -0.918172
v -0.020121 0.026651 0.001906
vn -0.374573 0.756976 0.535428
v 0.005039 0.025194 -0.028448
vn -0.112286 0.722656 0.682026
v 0.004866 0.025271 0.028377
vn -0.070572 0.793260 0.604780
v 0.004772 0.025228 0.028390
vn -0.158572 0.954605 0.252160
v 0.004634 0.025251 0.028315
vn 0.866262 -0.333260 -0.372194
v -0.017323 0.025466 -0.004056
vn -0.281555 0.729349 0.623520
v 0.005379 0.025300 -0.028425
vn -0.291812 0.915886 0.275679
v 0.005243 0.025292 -0.028461
vn -0.058572 0.652991 0.755098
v 0.005454 0.025351 -0.028431
vn -0.358535 0.861874 0.358645
v 0.004233 0.025046 0.027522
vn 0.546038 -0.511248 -0.663677
v -0.016514 0.025489 -0.002854
vn -0.751732 0.624338 0.212369
v -0.015580 0.024677 -0.002299
vn 0.431397 -0.405323 -0.805984
v -0.018385 0.023972 -0.007396
vn -0.616275 -0.394660 0.681505
v -0.021321 0.026464 0.008130
vn 0.605102 0.574208 -0.551486
v 0.029005 0.024687 -0.020050
vn -0.767086 0.374360 0.520993
v -0.012194 0.024165 0.019490
vn -0.896572 0.366641 0.248460
v -0.013751 0.026267 0.014571
vn 0.860390 0.490977 0.136641
v 0.035402 0.023349 0.005805
vn 0.776839 0.537892 0.327405
v 0.031245 0.026256 0.014021
vn 0.533754 -0.294735 -0.792615
v -0.016486 0.025569 -0.002879
vn 0.391260 -0.235301 -0.889690
v -0.016418 0.025638 -0.002874
vn 0.813315 0.191575 -0.549380
v -0.016666 0.027340 -0.003102
vn 0.825059 0.563386 0.043290
v 0.034215 0.025096 0.000789
vn 0.551291 0.504612 0.664412
v 0.025988 0.023724 0.022411
vn 0.662051 -0.299275 -0.687112
v -0.017897 0.026184 -0.008237
vn -0.077402 0.477426 0.875256
v 0.005391 0.029093 0.025937
vn 0.773197 0.630716 -0.066060
v 0.034166 0.025938 -0.003892
vn -0.211486 0.529863 -0.821291
v 0.006121 0.026537 -0.027427
vn -0.110044 -0.240834 -0.964308
v -0.018512 0.026410 -0.008150
vn 0.702608 0.101089 -0.704360
v -0.017876 0.026325 -0.008183
vn 0.625099 -0.000010 -0.780545
v -0.017940 0.026406 -0.008226
vn 0.963544 0.235914 -0.126204
v -0.017957 0.026223 -0.006654
vn -0.345090 -0.434044 -0.832177
v -0.023690 0.028236 -0.008625
vn 0.101666 0.526656 0.843977
v 0.011099 0.027850 0.027321
vn -0.121907 -0.407367 -0.905091
v -0.020423 0.026837 -0.008133
vn -0.482818 0.396805 -0.780662
v -0.008308 0.027737 -0.023878
vn 0.436966 0.435751 0.786881
v 0.016077 0.027406 0.026216
vn -0.952629 0.301369 -0.040915
v -0.011400 0.031487 0.004532
vn -0.231478 0.339554 0.911658
v 0.003935 0.027093 0.026477
vn 0.754825 0.654735 0.039505
v 0.032828 0.027201 -0.000566
vn 0.850560 0.251634 -0.461767
v 0.030263 0.029827 -0.000259
vn 0.516670 0.528795 0.673370
v 0.023950 0.028628 0.020033
vn 0.348816 0.562672 -0.749485
v 0.020349 0.027660 -0.024699
vn 0.734336 0.619805 -0.276751
v 0.030106 0.028076 -0.014716
vn -0.925633 0.362884 0.107327
v -0.013024 0.030233 -0.003432
vn 0.470578 0.685484 -0.555579
v 0.023759 0.028153 -0.020755
vn 0.769119 0.639012 0.010912
v 0.032758 0.027156 0.003667
vn -0.001448 0.790414 -0.612571
v -0.014081 0.026002 0.002165
vn 0.330265 0.636097 -0.697356
v 0.016022 0.028065 -0.025468
vn 0.613861 0.635364 -0.468495
v 0.022318 0.027909 -0.022870
vn 0.283784 0.192422 0.939383
v -0.018790 0.031152 0.008695
vn -0.838131 0.508115 0.198382
v -0.013795 0.026652 -0.002317
vn 0.451132 -0.077773 -0.889062
v -0.019069 0.029363 -0.009027
vn -0.751302 0.337732 0.566995
v -0.011030 0.030061 0.016977
vn -0.817392 0.572406 -0.064973
v -0.013847 0.027799 -0.012686
vn 0.416553 0.480038 0.772041
v 0.017697 0.027349 0.025287
vn 0.631178 0.306977 0.712306
v 0.016469 0.028105 0.025385
vn 0.527139 0.465451 0.710970
v 0.016748 0.028135 0.025216
vn 0.444379 0.459253 0.769165
v 0.016605 0.028150 0.025282
vn 0.451059 0.436472 0.778484
v 0.016527 0.028182 0.025309
vn 0.329317 -0.093956 0.939533
v 0.016857 0.028251 0.025079
vn 0.561655 0.310937 0.766721
v 0.016800 0.028198 0.025142
vn 0.700437 0.672246 0.239737
v 0.030091 0.028540 0.012263
vn 0.514248 0.664156 -0.542629
v 0.027997 0.028399 -0.017378
vn -0.560814 0.336795 0.756344
v -0.006576 0.028793 0.022215
vn 0.687686 0.689821 0.226352
v 0.031440 0.027972 0.009788
vn -0.061902 0.377143 -0.924084
v 0.003613 0.028888 -0.026267
vn -0.791336 0.445951 -0.418228
v -0.011678 0.031455 -0.017657
vn 0.658579 0.752243 -0.020097
v 0.031890 0.028099 0.006797
vn 0.527915 0.597012 -0.604055
v 0.027648 0.028623 -0.017400
vn 0.536897 0.716421 -0.445514
v 0.027713 0.028620 -0.017327
vn -0.872901 0.334531 0.355153
v -0.012857 0.028691 -0.002321
vn -0.000070 0.999982 -0.006051
v 0.031075 0.028446 0.006727
vn -0.067949 0.997687 0.001980
v 0.031239 0.028551 0.006875
vn -0.048387 0.949688 -0.309437
v 0.031283 0.028563 0.006737
vn -0.101611 0.994070 0.038736
v 0.031275 0.028563 0.006977
vn 0.611095 0.745109 0.267161
v 0.029719 0.028299 0.014727
vn 0.592490 0.608832 0.527522
v 0.027383 0.028684 0.017058
vn 0.132631 0.973421 -0.186710
v 0.025323 0.028776 -0.019030
vn -0.102997 0.987140 -0.122255
v 0.025751 0.028678 -0.018236
vn -0.209512 0.956358 0.203677
v 0.025676 0.028670 -0.018299
vn 0.409070 0.650719 -0.639708
v 0.025001 0.029061 -0.018259
vn 0.512710 0.603169 -0.610996
v 0.027581 0.028678 -0.017418
vn 0.637613 0.666577 -0.386167
v 0.021066 0.028731 -0.023526
vn 0.612434 0.788867 0.051122
v 0.029734 0.028683 0.012859
vn 0.196620 0.790049 -0.580658
v 0.026157 0.028822 -0.017954
vn 0.668290 0.733326 0.124986
v 0.029669 0.028702 0.012761
vn -0.447318 0.828996 0.335667
v 0.025649 0.028700 -0.018413
vn 0.435652 0.658383 0.613791
v 0.025124 0.029125 0.017586
vn 0.550148 0.665883 0.503921
v 0.027349 0.028757 0.017009
vn 0.652233 0.602728 0.459686
v 0.029135 0.029217 0.014236
vn 0.564533 0.448577 -0.692879
v 0.020996 0.028800 -0.023539
vn 0.380936 0.760067 -0.526484
v 0.020924 0.028847 -0.023567
vn 0.375590 0.786090 0.490911
v 0.027286 0.028833 0.016964
vn 0.457540 0.469404 0.755194
v 0.016687 0.028667 0.025078
vn 0.589134 0.770344 0.243908
v 0.027219 0.028957 0.016511
vn 0.218621 0.869678 0.442566
v 0.028497 0.028943 0.015404
vn 0.432755 0.628979 0.645839
v 0.017656 0.028928 0.023448
vn 0.247592 0.846299 0.471674
v 0.028359 0.028955 0.015267
vn -0.703957 0.019721 0.709969
v 0.028428 0.028964 0.015335
vn 0.539826 0.693770 -0.476729
v 0.027494 0.029322 -0.016279
vn 0.733249 0.667832 0.127851
v 0.028903 0.030165 0.012536
vn -0.483986 0.064878 0.872667
v -0.024174 0.029046 -0.002104
vn -0.920398 0.390978 0.002047
v -0.012418 0.027929 0.007293
vn 0.314118 0.872443 -0.374397
v 0.020269 0.029009 -0.022710
vn -0.810936 -0.495407 -0.311376
v -0.025760 0.030750 -0.007586
vn -0.832906 -0.491632 -0.254097
v -0.022255 0.027138 0.003646
vn -0.969021 0.243547 -0.041030
v -0.012351 0.030433 -0.010531
vn -0.654924 0.378535 0.654053
v -0.008292 0.031499 0.019262
vn -0.086614 0.416154 -0.905160
v 0.005920 0.031173 -0.025736
vn 0.202609 0.703706 0.680990
v 0.015658 0.029330 0.023454
vn 0.448750 0.615774 -0.647646
v 0.021100 0.031140 -0.020086
vn -0.828031 -0.549766 -0.110102
v -0.024134 0.030372 0.005923
vn 0.759875 0.626006 -0.175231
v -0.017494 0.032069 0.002680
vn 0.549890 0.549122 0.629354
v -0.017916 0.027914 -0.001494
vn 0.062990 0.475032 -0.877711
v 0.009404 0.030365 -0.026263
vn -0.989152 0.144868 0.024306
v -0.012353 0.030768 -0.012022
vn -0.996182 0.085541 -0.017443
v -0.012266 0.031002 -0.010733
vn 0.044712 0.543227 -0.838394
v 0.006904 0.032863 -0.024858
vn -0.993987 0.094230 -0.055775
v -0.012265 0.031071 -0.010665
vn -0.995975 0.074039 -0.050528
v -0.012296 0.032042 -0.009611
vn 0.381614 0.475372 -0.792712
v 0.012616 0.030879 -0.024552
vn -0.999801 0.019962 -0.000451
v -0.012242 0.031209 -0.010733
vn 0.391430 0.362917 -0.845621
v -0.018469 0.032250 0.001325
vn 0.507664 0.859989 0.051921
v 0.027342 0.031881 0.007597
vn -0.144698 0.370103 0.917653
v 0.000561 0.030793 0.025258
vn 0.490727 0.460274 -0.739821
v 0.023407 0.031064 -0.018567
vn -0.509341 -0.329692 -0.794906
v -0.022631 0.031620 0.002177
vn 0.199302 0.538385 0.818792
v 0.011806 0.031984 0.023407
vn 0.071259 0.559577 0.825709
v 0.007669 0.030074 0.025359
vn 0.432371 0.635092 0.640089
v 0.019424 0.031923 0.020944
vn 0.280021 0.937421 -0.206954
v 0.025602 0.033606 -0.002234
vn -0.873215 0.483913 -0.057652
v -0.011586 0.035235 -0.011771
vn 0.528876 0.554465 0.642541
v 0.023228 0.032607 0.017167
vn 0.244975 0.800657 0.546750
v 0.027356 0.032084 0.006259
vn -0.011872 0.358069 0.933620
v -0.020693 0.031086 -0.002580
vn 0.125292 0.888079 0.442287
v 0.027036 0.032124 0.006242
vn -0.195259 0.562342 0.803521
v 0.026983 0.032175 0.006194
vn 0.179792 0.898076 0.401415
v 0.026840 0.032235 0.006117
vn 0.886063 0.355617 -0.297369
v -0.019414 0.031880 -0.008313
vn -0.768268 -0.602113 -0.217310
v -0.025657 0.032305 0.004448
vn 0.587151 0.709917 -0.388936
v 0.026052 0.033026 -0.014159
vn 0.447220 0.541013 -0.712249
v 0.016499 0.033927 -0.021157
vn 0.587802 0.783860 0.200132
v 0.024943 0.033751 0.013779
vn -0.982318 0.094465 0.161637
v -0.010862 0.033008 0.001185
vn 0.593790 0.804608 -0.004479
v 0.024943 0.033396 -0.009334
vn 0.275491 0.454318 0.847172
v 0.016080 0.031844 0.022294
vn 0.305843 0.910378 0.278697
v 0.025536 0.032731 0.005346
vn 0.270010 0.603062 -0.750607
v 0.011888 0.034357 -0.022976
vn -0.951729 0.265715 0.153649
v -0.011624 0.031691 -0.001040
vn 0.557681 0.575049 0.598591
v 0.020489 0.032869 0.018700
vn 0.741795 0.430549 0.514167
v 0.030208 0.029571 0.005730
vn -0.890889 0.327425 0.314818
v -0.011366 0.034140 0.014452
vn 0.658794 0.738832 0.141839
v 0.026834 0.032111 0.011325
vn 0.313196 0.494634 0.810707
v 0.000481 0.033375 0.023755
vn 0.201834 0.496295 0.844366
v 0.001693 0.032572 0.023502
vn -0.543318 0.435260 -0.717882
v -0.006827 0.032067 -0.022479
vn -0.435542 0.475215 0.764509
v -0.003298 0.033560 0.022751
vn 0.345805 0.608953 0.713859
v 0.000528 0.033439 0.023688
vn 0.447219 0.370375 -0.814136
v 0.015485 0.033346 -0.022052
vn 0.358637 0.599024 0.715926
v 0.000513 0.033518 0.023617
vn 0.180978 0.510423 0.840664
v 0.000077 0.033404 0.023898
vn 0.913408 -0.407015 0.004961
v 0.031589 0.031873 0.004139
vn 0.207899 0.583783 0.784841
v 0.010599 0.034457 0.022186
vn -0.255566 0.445739 -0.857906
v -0.002838 0.032291 -0.025026
vn 0.126029 0.531045 -0.837919
v 0.007234 0.035330 -0.023041
vn -0.170795 0.981470 0.086870
v 0.025528 0.033535 0.000221
vn -0.758223 -0.519402 -0.394105
v -0.027437 0.035961 0.002940
vn 0.625009 0.665744 -0.407613
v 0.024352 0.034254 0.001114
vn 0.161123 0.489814 0.856809
v 0.008889 0.033440 0.023008
vn 0.276680 -0.142884 -0.950280
v -0.022909 0.034368 -0.010659
vn -0.033709 0.554830 -0.831281
v 0.003005 0.035338 -0.023242
vn 0.442305 0.782645 -0.437988
v 0.021512 0.035247 -0.015748
vn 0.900895 -0.433403 0.023465
v 0.033152 0.035509 0.003032
vn 0.455042 0.815254 0.358187
v 0.020476 0.035085 0.016468
vn -0.475843 0.631128 -0.612577
v -0.005123 0.035030 -0.021479
vn 0.333054 0.449887 -0.828660
v 0.013047 0.033105 -0.023227
vn 0.012056 0.486498 0.873598
v 0.004608 0.034793 0.023186
vn -0.994029 0.101294 0.040581
v -0.012146 0.034097 -0.006109
vn -0.648470 0.426958 0.630233
v -0.008235 0.034455 0.017564
vn 0.394381 0.915813 0.075831
v 0.023546 0.034489 0.012719
vn 0.355257 0.773150 -0.525388
v 0.015996 0.035307 -0.019502
vn 0.456043 0.884339 -0.099849
v 0.022740 0.034755 -0.009281
vn -0.506413 0.568620 0.648241
v -0.005030 0.034506 0.020539
vn -0.663247 -0.371602 0.649627
v -0.025403 0.032977 0.008534
vn 0.683720 0.543036 0.487482
v -0.021489 0.036377 0.008451
vn 0.110669 0.571130 0.813365
v 0.000249 0.035905 0.022235
vn 0.457573 0.886552 0.068205
v 0.022842 0.034963 0.009861
vn -0.926697 0.375801 -0.002512
v -0.010717 0.035060 0.001923
vn -0.406994 0.360943 0.839092
v 0.028088 0.035241 0.005982
vn 0.483382 0.874376 0.042530
v 0.022637 0.035108 0.009317
vn -0.949200 0.314666 -0.002119
v -0.010682 0.035182 0.002058
vn -0.979142 0.073137 0.189559
v -0.010698 0.035129 0.001992
vn 0.743825 0.553533 0.374601
v 0.024641 0.034070 0.008505
vn 0.504000 0.863586 0.014228
v 0.022581 0.035140 0.009419
vn 0.473164 0.879003 0.058904
v 0.022552 0.035154 0.009523
vn -0.842871 0.537772 0.019223
v 0.027587 0.036258 0.001991
vn -0.507488 0.273781 0.817007
v 0.029427 0.036630 0.006129
vn 0.600629 -0.250432 0.759295
v 0.032465 0.035182 0.005867
vn 0.370277 0.056173 -0.927221
v -0.023005 0.038160 0.001263
vn 0.478610 0.868513 -0.128911
v 0.020391 0.036081 -0.015090
vn 0.045355 0.318718 0.946764
v -0.024962 0.036204 -0.004321
vn -0.795758 0.587503 0.147003
v -0.010042 0.036383 0.001388
vn -0.927435 0.220010 0.302422
v -0.011939 0.035802 -0.001370
vn -0.713716 0.511052 0.478994
v -0.011090 0.035919 0.000373
vn -0.820846 0.322883 0.471124
v -0.011002 0.034563 0.001008
vn 0.379668 0.849477 0.366389
v 0.021454 0.035787 0.009027
vn -0.444414 0.684106 0.578356
v -0.011012 0.035983 0.000391
vn -0.591027 0.604443 0.534168
v -0.010972 0.036044 0.000330
vn -0.893281 -0.445804 0.057512
v -0.034367 0.036741 -0.011419
vn 0.404401 0.888933 -0.215077
v 0.019065 0.036388 -0.007198
vn 0.997994 -0.012084 0.062141
v -0.024453 0.039743 -0.008932
vn 0.037889 0.820499 -0.570391
v 0.005235 0.040119 -0.018722
vn 0.006526 0.529964 0.847995
v 0.001807 0.035980 0.021826
vn 0.600535 0.795305 -0.082746
v 0.025607 0.033294 -0.005064
vn 0.030450 -0.999535 0.001285
v -0.030596 0.035635 -0.013802
vn 0.500552 0.865621 0.012157
v 0.021741 0.035878 -0.001125
vn -0.723207 0.402849 0.560968
v -0.011051 0.035588 0.013675
vn -0.035123 0.603859 0.796317
v 0.004340 0.036308 0.022156
vn 0.315171 0.769823 0.555014
v 0.013929 0.036928 0.018816
vn 0.053701 -0.201016 -0.978115
v -0.025540 0.036019 -0.011123
vn -0.551169 -0.332997 0.765066
v -0.027748 0.037305 0.008417
vn 0.524574 0.849933 0.049351
v 0.018983 0.036487 -0.010229
vn 0.513483 0.546501 0.661568
v -0.021343 0.035966 -0.004649
vn 0.233200 0.618100 -0.750713
v 0.010434 0.035665 -0.021981
vn -0.874668 0.483590 -0.033127
v -0.011220 0.036429 0.010771
vn -0.679167 0.721409 0.135282
v -0.012227 0.036683 -0.002791
vn -0.728822 0.550819 0.406715
v -0.011007 0.036723 0.013043
vn -0.594648 0.560359 0.576535
v -0.010962 0.036692 0.013113
vn -0.497620 0.549948 0.670769
v -0.010883 0.036716 0.013177
vn -0.687807 0.677626 0.260277
v 0.018818 0.037137 0.006036
vn -0.456664 0.808917 0.370285
v -0.010109 0.037291 0.012991
vn 0.436897 0.887082 -0.149017
v 0.019658 0.037263 -0.005590
vn -0.375480 0.923529 -0.078155
v -0.010663 0.037244 -0.005236
vn -0.257796 -0.133142 -0.956982
v -0.028281 0.037331 -0.017780
vn 0.393643 0.841707 0.369560
v 0.017397 0.036473 0.015938
vn -0.340551 0.773616 0.534362
v -0.003494 0.038128 0.017442
vn -0.907424 0.359219 -0.218047
v -0.011755 0.034551 -0.015027
vn -0.532913 0.144739 0.833699
v 0.020013 0.038064 0.008434
vn -0.798158 0.501395 -0.333985
v -0.008592 0.037486 0.001169
vn -0.897281 0.438813 -0.048272
v -0.010652 0.035505 0.004913
vn -0.892107 0.261697 -0.368320
v -0.009322 0.038192 -0.014168
vn -0.523542 0.617367 -0.587165
v -0.007879 0.035624 -0.019053
vn -0.192197 0.623270 -0.758020
v -0.001663 0.037270 -0.022067
vn -0.797623 -0.255432 0.546399
v 0.019980 0.037536 0.008308
vn 0.427793 0.819561 0.381198
v 0.014147 0.038140 0.016410
vn 0.729215 0.033672 -0.683456
v 0.019942 0.037674 0.008273
vn -0.922224 -0.075474 0.379218
v 0.019936 0.037767 0.008272
vn 0.078753 -0.936228 -0.342455
v -0.028875 0.036623 -0.011449
vn 0.046865 -0.783747 0.619310
v -0.030294 0.038110 -0.006111
vn 0.008157 -0.010669 -0.999910
v 0.023059 0.039843 0.001275
vn 0.217115 0.895781 -0.387864
v -0.000239 0.037819 -0.021829
vn 0.177027 0.884441 -0.431770
v 0.000121 0.037762 -0.021218
vn -0.028572 0.831401 -0.554938
v 0.000227 0.037767 -0.021215
vn -0.010623 0.930959 -0.364970
v 0.000317 0.037763 -0.021226
vn -0.016446 0.816330 -0.577351
v -0.000213 0.038583 -0.020419
vn -0.287247 -0.469272 0.835029
v -0.029053 0.038579 -0.005193
vn -0.411823 0.794707 -0.445918
v -0.003328 0.037963 -0.019281
vn 0.446945 0.886087 0.122841
v 0.019324 0.037274 0.011088
vn -0.369402 0.928726 0.031774
v -0.007008 0.038811 -0.001635
vn -0.337742 0.535072 -0.774357
v -0.008006 0.038014 0.000901
vn 0.542142 0.836916 0.075188
v 0.016618 0.038504 -0.000577
vn 0.120385 0.676034 -0.726971
v 0.001721 0.037848 -0.020864
vn -0.266840 0.804252 -0.531014
v -0.007756 0.038174 0.001164
vn 0.437546 0.850312 -0.292444
v 0.016489 0.038746 -0.005722
vn -0.445413 0.785135 -0.430314
v -0.007683 0.038217 0.001166
vn -0.565525 0.487073 -0.665538
v -0.007286 0.038525 0.001236
vn -0.287141 0.613974 -0.735246
v -0.007613 0.038290 0.001226
vn 0.577478 -0.482650 0.658459
v 0.034564 0.039529 0.005983
vn -0.033419 0.902786 -0.428790
v 0.019013 0.037115 0.001938
vn -0.545185 0.830542 0.113905
v -0.008941 0.037821 0.009578
vn 0.182205 0.281268 -0.942173
v 0.013702 0.039197 -0.013960
vn -0.478109 0.725614 0.494870
v -0.006576 0.037692 0.016510
vn 0.331729 0.767617 -0.548379
v 0.012509 0.036594 -0.020327
vn -0.535516 -0.759779 0.368726
v -0.032883 0.037478 -0.006859
vn -0.766171 -0.640865 0.047694
v -0.029185 0.038909 0.004589
vn -0.330572 0.907802 0.258103
v -0.003273 0.039432 0.015062
vn -0.770463 -0.636456 0.036195
v -0.028832 0.038534 0.005663
vn -0.141164 0.959180 -0.245046
v 0.000794 0.040417 -0.017527
vn -0.434017 0.084965 -0.896889
v 0.020630 0.038827 0.001092
vn -0.328720 0.145174 -0.933203
v -0.008730 0.039363 0.001490
vn -0.199271 0.769182 0.607165
v 0.000653 0.038900 0.019548
vn -0.988533 0.150963 -0.003690
v 0.019475 0.039128 0.004172
vn 0.583204 0.678656 -0.446430
v 0.016697 0.038186 -0.013556
vn -0.702261 0.484300 0.521808
v -0.007396 0.038083 -0.008252
vn -0.740789 -0.671696 0.007537
v -0.029135 0.038847 0.005224
vn -0.748122 -0.663421 0.013664
v -0.029234 0.038960 0.005293
vn -0.915051 0.188047 -0.356818
v 0.019356 0.038981 0.002267
vn 0.718882 0.512501 -0.469630
v 0.015450 0.039166 0.002773
vn -0.646556 -0.510231 0.567125
v -0.032503 0.039161 -0.003745
vn -0.752537 -0.658470 0.010324
v -0.029200 0.038921 0.005224
vn 0.123075 0.610737 -0.782211
v 0.006207 0.037454 -0.022334
vn -0.057049 0.976674 0.207012
v 0.002458 0.040319 0.016575
vn 0.298056 0.903504 0.307966
v 0.014665 0.039027 0.002110
vn 0.296277 0.915136 0.273396
v 0.011324 0.039921 0.014572
vn 0.335001 0.929111 0.156612
v 0.014647 0.039322 0.001200
vn -0.929197 -0.359527 0.085638
v -0.032602 0.039233 -0.003796
vn -0.932035 0.131556 -0.337644
v 0.019370 0.039193 0.002329
vn -0.979489 0.167725 -0.111669
v 0.019386 0.039305 0.002333
vn -0.709362 -0.364788 -0.603105
v -0.032751 0.036308 -0.014718
vn 0.819358 0.549356 -0.163893
v 0.014514 0.039136 0.002103
vn 0.457315 0.887999 -0.048162
v 0.014592 0.039129 0.002145
vn 0.709662 -0.377242 -0.595036
v 0.032364 0.036642 -0.001565
vn -0.850775 0.180963 -0.493391
v 0.019604 0.040299 0.002108
vn -0.757249 -0.653111 -0.004523
v -0.030318 0.040178 0.005891
vn -0.544745 0.555181 -0.628512
v -0.006720 0.038613 0.000579
vn -0.798725 -0.051159 0.599518
v -0.032595 0.039325 -0.003771
vn -0.738258 0.308860 0.599651
v -0.032576 0.039452 -0.003745
vn -0.832144 -0.222009 0.508182
v -0.009568 0.039482 -0.011056
vn -0.824559 -0.387383 0.412354
v -0.009661 0.039195 -0.011321
vn -0.145046 0.184898 -0.971995
v -0.025407 0.040581 0.000414
vn -0.766410 -0.296201 0.569983
v -0.008981 0.039738 -0.010260
vn -0.357651 -0.300852 0.884067
v -0.031730 0.039120 -0.003103
vn -0.936530 0.330766 -0.116216
v 0.028858 0.039644 0.000516
vn 0.591595 -0.050265 -0.804667
v 0.014812 0.041548 0.001973
vn 0.544605 0.668603 -0.506334
v 0.013736 0.039496 0.001551
vn -0.905835 -0.056963 0.419784
v -0.009560 0.039594 -0.011012
vn 0.152507 0.986292 -0.063013
v 0.010782 0.041249 -0.004415
vn 0.570954 0.805170 -0.160351
v 0.013708 0.039526 0.001441
vn -0.969756 0.244052 -0.003396
v -0.008699 0.037744 0.004062
vn -0.876060 0.189260 0.443508
v -0.009532 0.039699 -0.010949
vn 0.455351 0.829073 -0.324490
v 0.013617 0.039559 0.001421
vn 0.573024 0.746306 -0.338633
v 0.013463 0.039635 0.001340
vn 0.174502 0.976966 0.122826
v 0.010916 0.040488 0.012471
vn 0.664918 0.605511 -0.437310
v 0.013309 0.039718 0.001184
vn 0.721891 0.600351 -0.344169
v 0.013385 0.039693 0.001281
vn -0.530561 -0.224540 -0.817366
v 0.031360 0.042078 -0.001503
vn -0.394229 0.918750 0.021978
v -0.003467 0.039697 0.012038
vn -0.783148 0.480022 -0.395294
v -0.033859 0.040069 -0.009787
vn -0.864199 0.064199 0.499038
v -0.033017 0.039647 -0.004188
vn 0.771271 -0.018784 -0.636230
v 0.025324 0.039390 0.001678
vn 0.033992 0.958213 0.284027
v 0.011604 0.039851 -0.007239
vn 0.227273 0.709776 0.666757
v 0.012604 0.039897 0.008846
vn -0.814913 0.576476 0.059931
v 0.009214 0.040106 0.003891
vn -0.399652 -0.351698 -0.846515
v -0.027281 0.039816 0.001289
vn 0.744249 -0.652227 -0.143848
v -0.022105 0.039390 -0.011695
vn -0.902814 0.169792 0.395092
v 0.019400 0.041448 0.006909
vn 0.422293 0.901178 0.097708
v 0.014936 0.040287 -0.002295
vn -0.486932 -0.234671 -0.841324
v -0.028439 0.038667 0.002256
vn 0.717441 0.563544 0.409508
v 0.016593 0.038294 -0.008708
vn 0.138421 0.982413 0.125319
v 0.010547 0.040113 0.013531
vn 0.142551 0.878705 0.455584
v 0.007363 0.039820 0.017751
vn 0.429328 0.865816 0.256982
v 0.010452 0.040153 0.013361
vn 0.238553 0.966851 0.091061
v 0.010475 0.040136 0.013478
vn 0.218028 -0.787607 -0.576315
v 0.035685 0.041938 -0.001174
vn -0.797532 -0.454007 -0.397265
v -0.030231 0.040016 0.003672
vn -0.716726 0.692955 0.078209
v 0.010751 0.040151 0.007769
vn -0.246908 -0.473712 0.845360
v 0.010652 0.040180 0.007605
vn 0.179938 0.809992 0.558153
v 0.010376 0.040172 0.007604
vn -0.675034 0.505451 0.537447
v 0.010726 0.040179 0.007657
vn 0.118268 0.992199 -0.039412
v 0.006780 0.040158 0.002743
vn 0.168975 0.961945 -0.214730
v 0.009090 0.040451 -0.016113
vn -0.286896 0.944994 0.157087
v -0.001798 0.040563 0.011955
vn 0.002264 -0.492124 -0.870522
v 0.012495 0.040385 -0.014055
vn -0.011941 0.634063 0.773189
v -0.006520 0.038367 0.009172
vn 0.765991 0.539030 0.350292
v -0.022828 0.040412 0.005622
vn 0.270934 -0.361364 -0.892194
v 0.012600 0.040454 -0.014055
vn -0.239442 0.965863 -0.098878
v -0.002071 0.040333 0.000165
vn 0.821202 0.570326 -0.018857
v 0.015551 0.038633 0.004437
vn 0.611792 -0.078544 -0.787110
v 0.013704 0.040230 0.001457
vn -0.738229 0.224864 -0.635967
v 0.010620 0.040526 -0.013307
vn 0.894603 -0.284061 0.344956
v -0.020700 0.042446 -0.007756
vn -0.278306 -0.180180 -0.943441
v -0.029285 0.040490 0.002345
vn -0.301609 0.852783 0.426373
v 0.009912 0.040621 0.007803
vn 0.167715 -0.495749 -0.852118
v 0.012670 0.040501 -0.014050
vn 0.361551 0.912390 0.191900
v 0.009791 0.040435 0.014681
vn 0.390984 0.334918 0.857299
v -0.005560 0.041572 -0.008806
vn -0.322121 0.640514 -0.697122
v -0.005332 0.038820 -0.015851
vn -0.661805 -0.104970 -0.742290
v -0.029447 0.040551 0.002405
vn -0.353620 -0.160213 -0.921566
v -0.029353 0.040560 0.002347
vn -0.109362 0.986741 0.119923
v -0.001700 0.040530 -0.008926
vn 0.034531 -0.187146 -0.981725
v 0.012380 0.042624 -0.014790
vn 0.038883 0.996773 -0.070227
v 0.006270 0.040121 -0.010240
vn -0.789011 0.613979 -0.022177
v -0.033403 0.041155 -0.007263
vn -0.993206 -0.068080 0.094381
v -0.009962 0.041126 -0.012217
vn 0.722328 -0.458066 -0.518091
v -0.022573 0.039472 -0.017504
vn 0.831293 -0.396333 0.389708
v 0.035454 0.040096 0.005471
vn 0.087246 0.995957 0.021405
v 0.004032 0.040554 0.002707
vn -0.420901 0.831183 -0.363288
v -0.029752 0.040707 -0.014423
vn -0.814836 -0.474074 0.333611
v 0.009853 0.041351 -0.008582
vn -0.489888 0.765773 -0.416654
v 0.009954 0.039868 0.002132
vn -0.982375 -0.166628 0.084708
v 0.009031 0.040919 0.003022
vn -0.097714 0.995100 -0.015097
v 0.001537 0.041366 -0.004441
vn -0.027305 0.997852 0.059540
v -0.002966 0.040143 0.007565
vn 0.063267 0.985850 0.155233
v 0.006354 0.040969 -0.001002
vn -0.396439 0.918032 0.007337
v -0.000537 0.040865 0.010383
vn -0.479889 0.877315 -0.005076
v -0.000521 0.040871 0.010589
vn -0.228772 0.973409 -0.011751
v -0.000493 0.040876 0.010311
vn -0.105897 0.045040 -0.993357
v 0.012231 0.041015 0.000308
vn -0.071149 0.997432 0.008210
v -0.000099 0.040954 0.010171
vn -0.468644 0.300889 0.830565
v -0.029633 0.041570 -0.001451
vn -0.514342 0.857438 0.015900
v -0.000496 0.040898 0.010855
vn 0.002938 0.999875 0.015538
v 0.002391 0.040795 0.008105
vn 0.448264 0.844262 -0.293735
v -0.001965 0.040677 -0.011863
vn 0.277240 0.496983 -0.822281
v 0.012130 0.040267 0.000258
vn -0.592001 -0.146775 0.792460
v -0.009797 0.042867 0.008937
vn -0.920358 0.125527 -0.370385
v 0.009055 0.041114 0.003017
vn -0.927107 0.181362 0.327996
v 0.009062 0.041204 0.003017
vn 0.003465 0.108180 -0.994125
v 0.012331 0.041169 0.000314
vn 0.989289 -0.143011 -0.029254
v 0.026014 0.041860 0.005347
vn -0.507808 0.061808 0.859250
v 0.010893 0.040544 0.007878
vn 0.209830 0.179185 -0.961178
v 0.012401 0.041251 0.000330
vn -0.944417 0.000993 0.328748
v 0.009803 0.042933 0.003937
vn 0.167377 -0.295725 -0.940496
v -0.026310 0.037757 -0.017761
vn -0.369891 0.909708 -0.188711
v -0.028140 0.041405 -0.013591
vn 0.825998 0.516330 0.226122
v 0.015746 0.039127 0.007485
vn -0.825065 0.004883 -0.565016
v 0.009366 0.042390 0.003015
vn -0.582650 -0.167391 -0.795298
v -0.029056 0.041058 0.002157
vn -0.481221 -0.140515 -0.865264
v -0.009497 0.040838 0.001675
vn -0.109176 0.993997 0.007081
v -0.000679 0.040878 0.002793
vn -0.944362 -0.306527 -0.119251
v -0.009938 0.041042 0.003214
vn 0.619766 -0.253005 0.742886
v 0.034690 0.042076 0.006344
vn -0.887979 -0.285180 -0.360785
v -0.010179 0.043330 -0.012860
vn -0.337457 0.908670 -0.245847
v -0.028665 0.041587 -0.012229
vn -0.244815 0.845508 -0.474534
v -0.024432 0.043117 -0.012935
vn 0.615060 -0.170835 0.769751
v -0.024233 0.039689 -0.005617
vn -0.473639 -0.406254 -0.781424
v -0.031648 0.042376 0.002191
vn -0.224167 0.229829 -0.947063
v -0.027159 0.041648 0.001578
vn -0.833815 -0.293565 0.467518
v 0.009863 0.041888 -0.008044
vn -0.348235 -0.177007 -0.920544
v -0.029603 0.041608 0.002232
vn 0.998366 -0.053787 -0.019313
v 0.016643 0.043111 0.004374
vn 0.323165 0.726123 -0.606885
v -0.020148 0.043367 -0.013796
vn -0.159417 0.054005 -0.985733
v -0.027734 0.042457 0.001790
vn -0.765789 -0.191004 0.614073
v 0.009854 0.042076 -0.007982
vn 0.537235 0.296468 0.789611
v -0.023005 0.043975 -0.002535
vn 0.877343 -0.478978 0.029144
v 0.035888 0.040822 0.004277
vn 0.959389 -0.139505 -0.245175
v 0.025737 0.040998 0.002742
vn -0.314426 0.017829 -0.949115
v -0.027589 0.042283 0.001753
vn -0.837671 -0.241182 0.490040
v 0.009825 0.042167 -0.007990
vn -0.818079 -0.222368 0.530377
v 0.009820 0.042244 -0.007946
vn -0.707876 -0.292183 0.643072
v 0.010303 0.042275 -0.007218
vn -0.667579 -0.132285 -0.732693
v -0.010332 0.042580 0.001951
vn -0.364947 -0.001352 -0.931027
v -0.027630 0.042420 0.001762
vn 0.701596 0.056449 0.710336
v 0.016063 0.042667 0.007531
vn 0.953662 -0.009819 0.300718
v 0.016041 0.043189 -0.008894
vn -0.361022 0.891962 -0.272151
v -0.029469 0.042019 -0.009647
vn -0.389001 -0.057965 -0.919412
v -0.027558 0.042489 0.001741
vn -0.717876 -0.603552 0.346957
v -0.030947 0.041341 0.008503
vn -0.929705 -0.260596 0.260264
v -0.010184 0.042717 -0.011238
vn -0.871165 -0.480558 0.100679
v 0.030545 0.043164 0.001480
vn -0.779944 -0.609650 0.141470
v -0.032338 0.042730 0.007830
vn -0.836172 -0.312826 0.450507
v -0.009450 0.042146 -0.010498
vn 0.868751 -0.154949 -0.470385
v 0.025944 0.042852 0.002535
vn -0.822407 -0.373354 0.429248
v -0.010197 0.042938 -0.011102
vn -0.905887 -0.310012 0.288551
v -0.010207 0.042831 -0.011212
vn 0.376989 0.098102 -0.921008
v 0.013784 0.042253 0.001167
vn -0.786000 -0.595061 0.167649
v -0.032446 0.042903 0.007910
vn -0.781928 -0.585070 0.215132
v -0.032416 0.042837 0.007840
vn -0.772989 -0.634132 0.019085
v -0.032306 0.042670 0.007336
vn 0.629712 -0.776742 -0.011627
v 0.038159 0.043468 -0.000510
vn -0.193970 -0.073724 0.978233
v 0.012591 0.043251 -0.005978
vn 0.921443 -0.122859 -0.368577
v 0.025932 0.042968 0.002467
vn 0.906785 -0.008679 -0.421504
v 0.025944 0.043082 0.002458
vn 0.134020 0.879868 -0.455929
v -0.003606 0.040317 0.001613
vn -0.754679 -0.655993 0.011554
v -0.032333 0.042708 0.006524
vn -0.205911 -0.032440 -0.978033
v -0.008779 0.046566 -0.015295
vn -0.795288 -0.602523 -0.066963
v -0.032274 0.042503 0.003357
vn -0.626481 -0.106991 0.772058
v -0.009807 0.043933 -0.009535
vn -0.979941 -0.189788 -0.060800
v 0.031264 0.043239 0.004779
vn -0.060869 -0.066510 0.995927
v -0.027594 0.041876 -0.001190
vn -0.083461 0.518941 0.850726
v -0.028385 0.043457 -0.002013
vn -0.383267 0.474897 0.792199
v -0.028512 0.043457 -0.002026
vn -0.906334 0.044677 0.420194
v 0.009644 0.042706 -0.008124
vn -0.585303 0.762807 0.274856
v -0.029698 0.043702 -0.004111
vn -0.629042 0.001262 0.777370
v 0.030664 0.041362 0.005914
vn -0.026628 0.524916 0.850738
v -0.028303 0.043499 -0.002031
vn 0.972298 -0.108289 -0.207146
v 0.026045 0.043141 0.003020
vn -0.760108 -0.536253 0.366972
v -0.032984 0.043597 0.008027
vn 0.789923 -0.611749 -0.042241
v 0.042221 0.044516 0.004018
vn -0.874128 -0.400426 0.274881
v -0.010308 0.043189 -0.011067
vn 0.078106 -0.993917 -0.077638
v 0.039445 0.043549 0.005935
vn -0.984007 -0.151112 0.094312
v 0.027547 0.044832 0.001881
vn 0.920473 0.354049 -0.165466
v -0.004382 0.043562 0.003318
vn 0.085425 -0.991530 0.097832
v 0.039364 0.043605 0.006462
vn 0.289886 -0.949282 0.121780
v 0.039603 0.043627 0.006329
vn 0.254857 -0.747163 -0.613837
v 0.036346 0.043713 -0.004941
vn 0.129777 -0.985460 0.109661
v 0.039500 0.043635 0.006461
vn 0.658705 -0.402871 -0.635454
v 0.026085 0.043864 0.002541
vn -0.521556 -0.813359 0.257735
v 0.030396 0.044018 0.006466
vn 0.501255 -0.370563 -0.781937
v 0.026064 0.044037 0.002441
vn -0.929846 0.092832 0.356046
v 0.026069 0.043933 0.002482
vn 0.450494 -0.845244 0.287433
v 0.038903 0.043764 0.008039
vn 0.868083 0.152682 -0.472356
v 0.015732 0.045065 0.002395
vn -0.128228 0.751735 0.646879
v -0.028106 0.043878 -0.002285
vn -0.409389 0.027191 0.911955
v 0.021428 0.045367 0.008462
vn -0.002321 0.114978 -0.993365
v -0.028699 0.044924 0.001790
vn -0.244826 0.930057 -0.273960
v -0.023451 0.043738 -0.011942
vn 0.809778 -0.135696 -0.570830
v 0.026197 0.044659 0.002316
vn 0.663481 -0.101977 -0.741211
v 0.025255 0.044153 0.001643
vn 0.587326 0.806095 -0.072527
v -0.020090 0.044774 -0.010189
vn 0.178331 0.981265 0.072917
v -0.023389 0.045127 -0.007317
vn -0.647414 -0.087372 -0.757114
v -0.007779 0.041586 -0.014834
vn -0.318737 0.909374 -0.267294
v -0.026202 0.043502 -0.008848
vn 0.602261 0.082331 0.794043
v 0.014391 0.043871 -0.006477
vn 0.929640 -0.007905 0.368384
v 0.015756 0.044284 -0.008105
vn -0.445637 0.220701 -0.867582
v 0.011434 0.041545 0.000845
vn -0.036014 -0.946252 0.321419
v 0.035225 0.043661 0.007806
vn -0.065134 -0.639412 0.766101
v 0.035283 0.044399 0.009382
vn 0.969913 0.016143 0.242915
v 0.015741 0.044648 -0.008214
vn 0.895761 0.151150 0.418050
v 0.015714 0.044485 -0.008124
vn -0.464964 -0.654522 0.596162
v 0.028452 0.044464 0.007502
vn -0.188196 -0.567759 0.801394
v 0.035036 0.044465 0.009390
vn -0.013533 -0.619798 -0.784645
v 0.033160 0.044489 -0.005052
vn -0.138944 -0.606421 0.782910
v 0.035168 0.044437 0.009393
vn 0.617604 0.153947 -0.771276
v -0.003933 0.043296 -0.012864
vn 0.242473 -0.534957 0.809338
v 0.037181 0.043883 0.008841
vn 0.998274 0.039569 0.043391
v 0.016360 0.044621 0.006605
vn -0.184301 0.982402 0.030317
v -0.026341 0.044650 -0.004663
vn 0.162175 0.288228 0.943729
v 0.036203 0.045883 0.009561
vn -0.977107 -0.001182 0.212743
v 0.009577 0.044606 -0.010596
vn 0.987637 -0.141217 -0.068052
v 0.026303 0.044757 0.004177
vn 0.952737 0.301147 -0.040036
v 0.016359 0.045024 0.006532
vn 0.956548 0.026852 0.290337
v 0.016321 0.044895 0.006600
vn 0.213258 -0.227071 -0.950242
v 0.033034 0.044931 -0.005295
vn 0.481559 0.254427 -0.838670
v -0.005792 0.044625 0.001345
vn -0.113809 -0.455947 -0.882700
v 0.032962 0.044882 -0.005265
vn -0.102904 -0.347926 -0.931857
v 0.032827 0.044900 -0.005253
vn -0.090966 -0.257922 -0.961874
v 0.032700 0.044961 -0.005263
vn 0.044563 -0.100547 -0.993934
v 0.034576 0.044905 -0.005692
vn 0.106835 0.044365 -0.993287
v 0.023070 0.047545 0.001467
vn 0.692899 0.161724 0.702664
v 0.015728 0.045634 0.007587
vn -0.023192 -0.067659 -0.997439
v 0.032870 0.045364 -0.005329
vn 0.835575 0.196354 0.513088
v 0.015738 0.044962 -0.008295
vn 0.164687 0.057957 0.984642
v -0.030273 0.044359 0.008913
vn -0.211334 -0.400877 -0.891424
v 0.032052 0.044755 -0.005147
vn -0.945587 -0.207714 -0.250440
v -0.011316 0.044753 -0.012378
vn 0.730230 0.231182 0.642898
v 0.015611 0.045172 -0.008231
vn 0.791121 0.239544 0.562802
v 0.015619 0.045378 -0.008322
vn 0.735940 0.397959 0.547742
v 0.015585 0.045511 -0.008323
vn 0.685818 0.315541 0.655810
v 0.015114 0.045458 -0.007843
vn -0.581639 -0.811903 -0.050093
v -0.041080 0.045152 0.003748
vn 0.823019 0.563396 0.072277
v -0.026177 0.044846 0.005708
vn -0.457362 -0.016718 0.889124
v 0.010400 0.044130 0.007506
vn 0.955254 0.283516 -0.084306
v -0.003945 0.045400 -0.011932
vn -0.328033 -0.909787 0.254328
v -0.041215 0.045584 0.006174
vn 0.570883 -0.820835 0.017945
v -0.039057 0.046394 0.006145
vn -0.949358 -0.309861 0.052009
v -0.011376 0.045723 0.004268
vn -0.104834 0.613105 -0.783015
v 0.033204 0.046553 -0.005381
vn -0.820306 -0.564097 0.094298
v -0.041373 0.045661 0.004494
vn -0.818280 -0.568849 0.082638
v -0.041362 0.045626 0.004373
vn -0.830469 -0.549332 0.092499
v -0.041413 0.045732 0.004546
vn 0.613164 0.391005 -0.686400
v -0.030798 0.050365 0.003387
vn -0.825417 0.163491 -0.540331
v 0.020724 0.045897 0.001665
vn -0.887207 -0.431958 0.162100
v -0.041325 0.045659 0.004919
vn -0.916333 -0.398968 0.034047
v -0.042221 0.046796 0.003936
vn 0.447171 -0.011970 -0.894368
v 0.014143 0.045522 0.001402
vn 0.654850 0.513044 0.554939
v 0.039438 0.045964 0.007796
vn -0.230336 0.171027 0.957964
v 0.011227 0.047496 -0.007670
vn -0.429741 0.163843 -0.887963
v 0.011468 0.048313 0.000664
vn 0.621420 -0.098781 0.777226
v 0.026762 0.047443 0.008103
vn 0.603302 0.361781 0.710733
v -0.029683 0.048648 0.007929
vn -0.941344 -0.285896 -0.179261
v -0.011568 0.046168 0.002756
vn -0.935236 -0.297883 -0.191309
v -0.011635 0.046349 0.002822
vn 0.338548 0.551710 0.762235
v 0.038614 0.046213 0.008082
vn -0.943702 -0.319070 -0.087292
v -0.011602 0.046272 0.002747
vn 0.836031 0.272930 0.475984
v -0.005147 0.046530 0.007735
vn 0.339561 0.619711 0.707571
v 0.038655 0.046297 0.008001
vn 0.327583 0.724658 0.606267
v 0.038626 0.046364 0.007946
vn -0.422604 -0.130527 -0.896866
v -0.011449 0.047371 0.001925
vn 0.068662 0.611824 -0.788008
v 0.034342 0.046427 -0.005210
vn 0.141131 0.817195 -0.558815
v 0.034248 0.046523 -0.005122
vn 0.079888 0.806679 -0.585566
v 0.034336 0.046484 -0.005154
vn 0.310527 0.629679 -0.712093
v 0.036241 0.046389 -0.005362
vn 0.009699 0.821118 -0.570677
v 0.034451 0.046522 -0.005101
vn 0.889250 0.323593 0.323299
v 0.015686 0.045614 -0.008618
vn -0.026228 0.948308 -0.316267
v 0.034239 0.046785 -0.004467
vn 0.949384 0.267422 -0.164789
v -0.004883 0.045575 0.005398
vn 0.682488 -0.038758 -0.729869
v 0.039647 0.045012 -0.003428
vn 0.503793 0.836051 -0.217280
v 0.040009 0.047022 -0.001045
vn -0.283776 0.957629 -0.049171
v 0.029734 0.047012 0.000163
vn -0.662097 -0.086796 -0.744375
v 0.027648 0.045489 -0.003326
vn 0.188402 0.971980 -0.140569
v 0.037042 0.047444 -0.001139
vn -0.335110 0.892625 0.301534
v 0.029940 0.047071 0.008001
vn -0.057435 0.996668 0.057921
v 0.034117 0.046937 0.000494
vn 0.287782 0.913805 0.286605
v 0.037467 0.047292 0.007342
vn -0.941304 0.334306 0.046763
v -0.041641 0.048948 0.005446
vn -0.088779 0.995996 0.010509
v 0.034386 0.047353 -0.001825
vn 0.296755 0.940659 0.164610
v 0.035953 0.047419 -0.002073
vn 0.688879 0.698999 -0.191954
v 0.036827 0.046993 -0.003360
vn 0.711071 0.222207 0.667085
v -0.004387 0.046454 -0.009510
vn 0.550692 0.769502 -0.323427
v 0.036404 0.047321 -0.003097
vn 0.791412 0.611275 -0.003050
v 0.036578 0.047337 -0.002892
vn 0.472960 0.726241 -0.498881
v 0.036473 0.047347 -0.002959
vn 0.309478 0.949676 -0.048367
v 0.036579 0.047345 0.005504
vn 0.529775 -0.807864 0.258253
v -0.036525 0.048470 0.008803
vn 0.258058 0.926938 -0.272381
v 0.036104 0.047514 -0.003067
vn 0.499658 -0.846888 0.181996
v -0.035988 0.048739 0.010237
vn -0.968651 0.151695 0.196731
v 0.020623 0.046903 0.007344
vn -0.989713 0.142669 -0.010624
v 0.020710 0.047691 0.006603
vn 0.898342 0.395794 -0.190602
v -0.005676 0.047795 0.003453
vn -0.976984 0.211367 0.028751
v 0.020736 0.047816 0.006590
vn -0.964014 0.265134 0.019526
v 0.020769 0.047964 0.006600
vn -0.353304 -0.412231 0.839787
v -0.037935 0.048682 0.012174
vn -0.977314 0.207532 -0.042279
v 0.020758 0.047697 0.005142
vn 0.137824 -0.924890 -0.354377
v -0.036091 0.048987 0.002340
vn -0.997993 0.061649 -0.014489
v 0.010356 0.048271 0.003789
vn 0.729763 0.199214 0.654034
v 0.014570 0.049108 -0.008232
vn 0.923118 0.136810 -0.359355
v 0.015787 0.046634 -0.012187
vn -0.783512 0.171493 0.597242
v 0.021304 0.049589 0.008096
vn -0.024003 -0.083776 -0.996196
v 0.013191 0.047740 -0.014477
vn -0.740641 -0.136581 -0.657872
v -0.040358 0.047047 -0.000370
vn -0.848521 -0.050939 0.526704
v -0.041107 0.048336 0.009844
vn 0.787182 -0.321078 0.526548
v -0.031072 0.050507 0.008346
vn 0.675706 0.335620 -0.656339
v -0.006051 0.047112 0.001715
vn -0.418491 -0.435086 0.797223
v -0.035186 0.047991 0.008652
vn 0.474992 -0.875866 -0.085097
v -0.036435 0.048210 -0.000726
vn -0.217679 0.115312 0.969185
v -0.009062 0.050483 -0.009255
vn -0.727787 -0.246859 0.639834
v -0.011944 0.049814 0.008749
vn 0.739253 -0.664016 -0.112195
v -0.029647 0.052171 -0.000460
vn 0.586403 0.081157 0.805944
v -0.006971 0.050248 0.008261
vn -0.994913 0.099635 0.014867
v -0.011575 0.050005 -0.011453
vn 0.913344 0.053496 0.403659
v 0.015483 0.050844 0.006918
vn -0.648044 0.432044 -0.627198
v -0.036738 0.050722 -0.002835
vn 0.653800 -0.520052 -0.549629
v -0.032864 0.051191 0.002989
vn 0.866819 0.176103 0.466490
v 0.015100 0.050724 -0.009256
vn 0.124219 0.049175 0.991036
v -0.008774 0.051114 0.008483
vn 0.954435 0.124822 0.271060
v -0.006540 0.050767 0.007593
vn -0.007070 -0.076153 0.997071
v 0.026365 0.050803 0.008427
vn -0.369026 -0.081288 0.925857
v 0.011277 0.050360 0.008596
vn 0.981754 0.170352 0.084496
v -0.006544 0.050920 0.007468
vn 0.988945 0.095642 0.113311
v -0.006549 0.050858 0.007548
vn -0.694784 0.692383 -0.194627
v -0.039923 0.050228 0.001898
vn 0.978001 0.208134 -0.013917
v -0.006603 0.051082 0.006987
vn 0.947340 0.318148 0.036462
v -0.006213 0.049884 0.006655
vn 0.853411 0.280194 0.439525
v -0.007007 0.051656 0.008124
vn -0.940261 0.315572 -0.127767
v 0.021698 0.051104 0.004262
vn 0.755935 0.231627 -0.612300
v -0.006641 0.050725 0.002514
vn 0.918527 0.374250 0.127458
v 0.014956 0.051087 -0.009188
vn 0.432964 0.172778 0.884698
v 0.014060 0.050415 -0.008472
vn -0.576341 0.576891 -0.578816
v -0.036215 0.051193 -0.002916
vn 0.938183 0.225849 0.262305
v 0.014884 0.051230 -0.009168
vn 0.941368 0.136822 0.308392
v 0.014891 0.051431 -0.009197
vn -0.917822 -0.065658 -0.391526
v 0.009375 0.050171 -0.012720
vn -0.800647 0.223374 0.555938
v -0.011334 0.052875 -0.010417
vn -0.548542 0.475014 -0.688087
v -0.036257 0.051253 -0.002854
vn -0.602869 0.568060 -0.560228
v -0.036242 0.051332 -0.002800
vn 0.971881 -0.204510 -0.116714
v 0.027361 0.051106 0.003475
vn 0.984596 0.170342 0.039424
v 0.015162 0.049954 -0.010649
vn 0.635651 0.432554 0.639409
v -0.007191 0.055016 -0.010822
vn 0.235574 -0.129704 -0.963162
v 0.011945 0.051376 -0.014986
vn 0.547305 -0.797914 0.252567
v -0.032085 0.051638 0.010712
vn 0.959830 -0.210005 -0.186076
v 0.027426 0.051640 0.002687
vn -0.591694 0.806124 0.007880
v -0.037680 0.051885 0.005132
vn 0.112771 0.378844 -0.918564
v -0.008467 0.052389 -0.014747
vn 0.496770 -0.711164 0.497459
v -0.032877 0.051654 0.012672
vn 0.481489 -0.812469 0.328730
v -0.032861 0.051623 0.012585
vn 0.676800 -0.622433 0.393088
v -0.032756 0.051675 0.012522
vn 0.911840 0.116188 -0.393761
v 0.027431 0.051825 0.002579
vn 0.963799 -0.145278 -0.223576
v 0.027447 0.051775 0.002679
vn 0.455747 -0.107481 0.883596
v -0.032683 0.052656 0.013290
vn -0.366778 0.370405 0.853390
v -0.036406 0.052182 0.012831
vn 0.974913 -0.124997 -0.184174
v 0.027570 0.052673 0.004464
vn -0.539993 0.542060 -0.643877
v -0.035564 0.051824 -0.003204
vn 0.718463 -0.138861 -0.681564
v 0.026842 0.050900 0.001839
vn -0.980497 -0.178553 -0.082125
v 0.009969 0.052125 0.005796
vn 0.407155 -0.091867 -0.908727
v 0.014528 0.051215 0.001409
vn -0.471559 0.216457 -0.854856
v 0.022579 0.052006 0.001701
vn 0.288612 -0.400313 0.869743
v -0.034320 0.051736 0.013194
vn -0.065464 0.440220 0.895500
v -0.035402 0.052324 0.012862
vn -0.016921 -0.774034 0.632918
v -0.013011 0.054216 0.008773
vn -0.160136 0.329500 0.930476
v -0.035340 0.052400 0.012844
vn 0.632453 0.657478 0.409543
v -0.035241 0.052503 0.012828
vn 0.428915 -0.724898 0.539031
v -0.031344 0.052498 0.012136
vn -0.472359 0.704935 0.529098
v -0.036430 0.052968 0.012058
vn 0.905734 -0.372019 -0.203096
v -0.031120 0.052576 0.011965
vn 0.555507 -0.712797 0.428173
v -0.031205 0.052583 0.012106
vn 0.792869 -0.383098 0.473914
v -0.030857 0.053206 0.012389
vn -0.059622 -0.036178 -0.997565
v -0.011920 0.051239 0.001965
vn 0.135417 -0.322281 -0.936908
v -0.034817 0.049685 -0.003476
vn -0.842630 -0.153296 -0.516212
v 0.009778 0.050959 -0.013948
vn -0.539805 -0.768745 0.342990
v 0.021851 0.053822 0.007922
vn -0.693137 -0.214360 -0.688194
v 0.011417 0.053974 0.001137
vn 0.761546 0.514696 0.393874
v -0.028514 0.055493 0.009407
vn 0.821623 -0.566099 -0.066840
v -0.030941 0.053163 0.004372
vn 0.590303 0.155870 -0.791989
v -0.030586 0.053712 -0.002165
vn -0.780335 0.489534 0.389144
v -0.009922 0.054818 -0.010788
vn 0.723961 -0.206906 -0.658081
v 0.013747 0.053037 -0.013908
vn -0.376305 0.112311 0.919663
v 0.009483 0.056160 0.008240
vn -0.123066 -0.970920 -0.205349
v 0.022663 0.055283 0.001345
vn 0.925775 0.069181 -0.371691
v 0.014904 0.052111 -0.011990
vn 0.645296 0.228252 0.729036
v 0.013917 0.055064 -0.009180
vn -0.737181 -0.101098 0.668089
v 0.009498 0.054433 0.008133
vn 0.408951 0.130674 0.903152
v 0.015027 0.054958 0.007427
vn -0.395020 -0.077402 0.915406
v 0.010595 0.053985 0.008692
vn -0.219980 -0.594326 -0.773554
v 0.024306 0.054700 0.001517
vn -0.673118 -0.699355 0.240446
v -0.019140 0.054277 0.007075
vn 0.995405 0.094479 -0.015549
v -0.007892 0.054857 0.004023
vn 0.196434 -0.979684 0.040418
v -0.017190 0.054210 0.000393
vn 0.085158 -0.994439 0.061967
v -0.017053 0.054210 0.000251
vn 0.096843 -0.995125 0.018645
v -0.016984 0.054213 0.000174
vn -0.826553 0.070904 0.558375
v 0.009511 0.050805 -0.008723
vn 0.275334 -0.956977 0.091572
v -0.016309 0.054450 0.000473
vn 0.091946 -0.985520 -0.142464
v -0.016985 0.054169 -0.000257
vn -0.664288 0.310820 0.679789
v 0.009971 0.054492 0.008430
vn -0.635444 0.712752 -0.296978
v -0.036577 0.052218 -0.001011
vn 0.163090 0.973068 0.162909
v -0.028741 0.056486 0.005481
vn 0.635058 0.152328 -0.757296
v -0.007584 0.053336 0.002061
vn -0.061152 -0.994950 -0.079587
v -0.017597 0.054056 0.000976
vn -0.433399 0.323256 0.841231
v 0.010062 0.054594 0.008440
vn 0.554554 -0.381778 -0.739402
v -0.008652 0.055145 0.001931
vn 0.913462 0.250190 -0.320922
v -0.007781 0.054648 0.002835
vn -0.847363 -0.322304 -0.422014
v 0.010139 0.053932 0.003195
vn -0.604665 0.145315 0.783111
v 0.010145 0.054661 0.008435
vn 0.882610 -0.053313 -0.467072
v -0.007812 0.054763 0.002826
vn -0.101015 0.794489 0.598818
v -0.033816 0.054656 0.011497
vn -0.390893 -0.012285 0.920354
v 0.009817 0.055241 0.008303
vn 0.216977 0.600700 0.769468
v -0.031143 0.054790 0.011438
vn 0.550931 0.227485 0.802948
v -0.029984 0.053797 0.011530
vn 0.879018 0.004709 -0.476766
v -0.007848 0.054836 0.002715
vn -0.810292 -0.508942 -0.290527
v 0.019806 0.055462 -0.000369
vn 0.266365 0.690600 0.672400
v -0.031088 0.054827 0.011372
vn 0.257754 0.723593 0.640294
v -0.031114 0.054896 0.011321
vn 0.070512 -0.996342 0.048277
v 0.030093 0.054805 0.005029
vn -0.756040 -0.320031 -0.570950
v -0.013990 0.053793 0.002359
vn -0.303662 -0.640952 -0.704961
v -0.015005 0.054770 -0.000350
vn 0.113967 -0.993432 -0.010262
v 0.030796 0.054848 0.003664
vn 0.996859 0.078853 0.007385
v -0.027592 0.054949 0.004410
vn -0.258524 -0.012193 -0.965928
v 0.021607 0.056272 -0.003257
vn -0.386934 -0.603091 0.697541
v 0.019369 0.055079 0.009930
vn 0.879374 0.188296 -0.437317
v -0.027882 0.054299 0.001085
vn -0.052233 -0.526887 -0.848329
v -0.012873 0.055042 0.001814
vn 0.946972 0.321230 0.007420
v -0.007681 0.054250 0.005032
vn 0.024219 -0.681057 0.731829
v 0.025196 0.054540 0.008860
vn 0.547163 -0.816767 -0.183043
v 0.032065 0.055118 0.003229
vn 0.377795 -0.915336 -0.139398
v 0.032118 0.055110 0.003467
vn 0.635443 -0.771879 0.020371
v 0.032958 0.055416 0.004567
vn 0.072032 -0.918651 -0.388449
v -0.012846 0.055179 0.001680
vn -0.012046 -0.696664 -0.717296
v -0.012823 0.055112 0.001753
vn 0.054432 -0.729926 -0.681355
v -0.011466 0.055374 0.001653
vn 0.955358 0.294659 0.021632
v -0.007578 0.053962 0.006515
vn 0.874302 -0.305270 -0.377367
v -0.007995 0.055347 0.002768
vn 0.391328 -0.795910 -0.461942
v 0.029425 0.054720 -0.001163
vn 0.535447 -0.812398 -0.230879
v 0.032141 0.055146 0.003370
vn 0.097907 0.801690 -0.589667
v -0.030885 0.055555 -0.001111
vn 0.153729 -0.984481 -0.084642
v 0.028563 0.055077 0.001735
vn 0.724661 -0.533994 0.435564
v 0.031138 0.055418 0.009494
vn -0.173015 -0.959086 -0.224097
v -0.014610 0.055056 0.002264
vn 0.026126 -0.970473 -0.239791
v -0.013440 0.054704 -0.001411
vn 0.399998 -0.850838 0.340700
v 0.028046 0.054982 0.008465
vn -0.249224 -0.618521 0.745197
v 0.029300 0.055327 0.010777
vn 0.409510 -0.785011 0.464822
v 0.029528 0.055327 0.010589
vn 0.407664 -0.780980 0.473161
v 0.029459 0.055328 0.010658
vn 0.321686 -0.537806 0.779283
v 0.029390 0.055974 0.011319
vn -0.774142 -0.072458 0.628851
v 0.008475 0.056639 -0.009069
vn 0.842797 -0.302902 0.444908
v -0.008218 0.055572 0.008180
vn -0.514535 0.853342 -0.084030
v -0.032882 0.054767 0.002374
vn 0.721225 0.175956 -0.669980
v 0.013756 0.056475 -0.014512
vn -0.349593 0.935791 0.045614
v -0.031928 0.055875 0.007933
vn 0.893937 0.009429 -0.448093
v 0.032572 0.056705 0.002023
vn -0.762195 0.619615 -0.187447
v 0.020304 0.057726 0.000361
vn 0.720640 0.654095 -0.229866
v -0.028845 0.056225 0.002734
vn 0.041262 -0.723919 0.688649
v -0.010801 0.056067 0.011867
vn -0.592452 0.075843 0.802027
v -0.016003 0.056031 0.011995
vn 0.555850 0.770201 -0.312764
v -0.028923 0.056284 0.002704
vn 0.415817 0.890884 -0.182814
v -0.028815 0.056466 0.003523
vn -0.494292 0.869282 0.004903
v -0.033129 0.054835 0.004979
vn 0.627611 0.703589 -0.333268
v -0.028703 0.055801 0.002028
vn 0.495876 0.824608 -0.272268
v -0.028945 0.056341 0.002816
vn 0.579820 -0.609309 -0.540881
v -0.006573 0.056474 -0.001548
vn -0.156124 0.957448 0.242731
v -0.009288 0.059411 -0.012114
vn 0.790746 0.570349 0.222313
v 0.032398 0.057392 0.007904
vn 0.188981 0.946009 -0.263349
v -0.029756 0.056560 0.002557
vn 0.522119 -0.842430 0.133056
v -0.006557 0.056665 0.007333
vn 0.867681 0.486288 -0.103214
v 0.032412 0.058266 0.003471
vn -0.330564 0.943747 0.008273
v -0.030336 0.056512 0.004427
vn 0.203894 0.977162 0.059842
v -0.029625 0.056661 0.004436
vn 0.176200 0.968194 -0.177634
v -0.029625 0.056657 0.004240
vn 0.876681 0.481051 -0.004496
v -0.029625 0.056658 0.004330
vn 0.594269 -0.800881 -0.073720
v -0.006313 0.056701 0.002498
vn -0.522382 0.212904 0.825705
v 0.020983 0.056407 0.011369
vn -0.985151 -0.155932 -0.071851
v 0.009795 0.056732 0.003479
vn 0.319111 -0.820549 0.474202
v -0.008390 0.056653 0.011642
vn -0.928085 -0.033324 -0.370875
v 0.009822 0.057045 0.002984
vn 0.314832 -0.834127 0.452895
v -0.008094 0.056818 0.011762
vn 0.589642 -0.802949 0.087147
v -0.008018 0.056820 0.011709
vn 0.285201 -0.816693 0.501670
v -0.008160 0.056872 0.011902
vn -0.133733 0.579600 0.803852
v 0.020824 0.057022 0.011039
vn 0.486964 -0.824017 0.289588
v -0.006998 0.056987 0.010300
vn -0.926592 -0.088126 0.365597
v 0.020620 0.056986 0.010892
vn -0.759671 0.292585 0.580770
v 0.020415 0.057321 0.010521
vn -0.486467 0.492919 0.721374
v 0.020739 0.057074 0.010964
vn -0.520611 0.061664 0.851564
v 0.008940 0.057172 -0.008974
vn -0.948972 0.058170 -0.309948
v 0.009814 0.057139 0.003027
vn -0.948971 0.107012 -0.296651
v 0.009824 0.057304 0.003024
vn 0.840736 0.088534 0.534158
v 0.015659 0.058265 0.006102
vn -0.291763 0.234618 -0.927270
v -0.010646 0.057775 -0.003578
vn 0.577748 -0.816102 0.013587
v -0.004684 0.057329 0.005632
vn -0.612340 -0.053015 0.788815
v 0.008956 0.057279 -0.008955
vn -0.612128 0.054687 0.788865
v 0.008929 0.057365 -0.008976
vn 0.400288 -0.475180 0.783565
v -0.007783 0.057144 0.012139
vn -0.203613 0.104008 0.973511
v 0.009425 0.057550 -0.008827
vn -0.629828 0.179356 -0.755743
v 0.010897 0.057803 0.001619
vn -0.175924 0.496947 0.849761
v 0.023213 0.057398 0.011653
vn -0.267448 0.519966 0.811238
v 0.023053 0.057352 0.011644
vn -0.960947 0.251653 -0.115117
v 0.009639 0.059042 0.004787
vn -0.184114 0.495602 0.848811
v 0.023338 0.057418 0.011666
vn -0.112349 0.063611 0.991631
v 0.024547 0.055798 0.012503
vn 0.317274 0.228809 0.920317
v -0.008387 0.057446 0.012418
vn 0.174133 -0.405039 0.897564
v -0.008508 0.057411 0.012427
vn 0.323874 -0.739963 0.589543
v -0.008651 0.057344 0.012425
vn 0.082120 -0.393209 0.915775
v -0.009411 0.057196 0.012586
vn -0.296336 0.834185 0.465103
v 0.021856 0.058381 0.010372
vn 0.004081 0.542809 0.839846
v 0.023556 0.057502 0.011669
vn 0.718966 0.398137 0.569715
v 0.031672 0.057774 0.009263
vn -0.777118 0.623976 -0.082105
v 0.017327 0.056706 0.006212
vn -0.989316 -0.000651 0.145787
v 0.009302 0.058246 0.007085
vn 0.937532 -0.094705 0.334761
v -0.003209 0.058805 0.006980
vn 0.715336 0.269973 -0.644522
v 0.014401 0.057355 0.001954
vn 0.450626 0.423605 0.785808
v 0.029499 0.058103 0.011197
vn 0.264606 0.945458 -0.189981
v 0.030338 0.058639 0.001834
vn -0.749481 0.303723 0.588243
v 0.008703 0.061004 -0.010609
vn 0.652699 0.580482 -0.486851
v 0.031429 0.057667 0.000769
vn 0.669602 0.551298 -0.497699
v 0.031480 0.057935 0.001560
vn 0.554172 0.663251 0.502983
v 0.031035 0.057993 0.009689
vn 0.511768 0.787660 -0.343052
v 0.031332 0.057936 0.001359
vn 0.634533 0.671466 -0.382754
v 0.031384 0.057940 0.001445
vn -0.242274 0.662365 0.708926
v 0.025191 0.058050 0.011687
vn -0.093254 0.672723 0.733994
v 0.025378 0.058080 0.011713
vn -0.897098 0.076021 0.435243
v 0.017180 0.055275 0.008403
vn -0.421037 0.633147 0.649502
v 0.025057 0.058066 0.011618
vn -0.454327 0.052452 0.889289
v -0.014194 0.057188 0.012616
vn 0.609259 0.688985 0.392559
v 0.031064 0.058057 0.009578
vn -0.266271 0.963717 -0.018711
v 0.020850 0.058129 0.001667
vn 0.467250 0.707051 0.530808
v 0.030118 0.058125 0.010527
vn 0.570349 0.710652 0.411916
v 0.030470 0.058003 0.010367
vn 0.540487 0.767772 0.344093
v 0.031020 0.058127 0.009527
vn 0.524163 0.799529 0.293268
v 0.030243 0.058155 0.010392
vn -0.255646 0.016533 0.966629
v 0.011136 0.058605 0.007856
vn 0.521714 0.591104 0.615150
v 0.030150 0.058173 0.010453
vn -0.334865 0.630165 0.700540
v -0.012557 0.058430 0.012794
vn 0.266615 0.704236 -0.658004
v 0.028414 0.057677 -0.002281
vn 0.298351 0.942545 0.150320
v 0.029830 0.058342 0.010433
vn -0.053909 0.993796 -0.097282
v 0.024373 0.058324 0.006657
vn 0.458274 0.883448 0.097494
v 0.030923 0.058318 0.008898
vn -0.612282 0.676555 0.409126
v -0.013076 0.058392 0.012358
vn -0.551945 0.633172 0.542633
v -0.013679 0.057867 0.012470
vn 0.099903 0.994614 0.027609
v 0.028582 0.058856 0.008380
vn -0.852543 0.240243 -0.464171
v -0.019380 0.057216 0.002440
vn -0.422008 0.136629 -0.896238
v 0.009494 0.056030 -0.014519
vn -0.599763 0.687609 0.409240
v -0.013012 0.058472 0.012329
vn -0.117778 0.789997 0.601692
v 0.023486 0.058293 0.010851
vn -0.522216 0.749754 0.406399
v -0.013107 0.059091 0.011448
vn 0.224736 0.207788 0.952007
v 0.010960 0.058664 -0.009104
vn -0.596724 0.711778 0.370531
v -0.012944 0.058551 0.012284
vn -0.497655 0.708757 -0.500003
v -0.016177 0.058092 -0.000159
vn -0.156281 0.750252 -0.642416
v -0.011933 0.058682 -0.001976
vn 0.052640 0.186775 0.980991
v -0.009129 0.058515 0.012395
vn -0.302498 0.643677 -0.702976
v -0.012726 0.058747 -0.001739
vn -0.202870 0.886707 0.415444
v 0.024768 0.058624 0.010688
vn -0.140387 0.825532 -0.546615
v -0.011544 0.058815 -0.001934
vn -0.159760 0.707988 -0.687917
v -0.011972 0.058753 -0.001892
vn -0.125309 0.825323 -0.550581
v -0.011924 0.058848 -0.001807
vn -0.217948 0.975380 0.033664
v -0.012689 0.058585 0.004079
vn -0.455204 0.880520 0.132192
v -0.016968 0.058434 0.007953
vn 0.957078 -0.129113 -0.259485
v -0.003434 0.058921 0.003216
vn -0.321690 0.882188 -0.343888
v -0.013669 0.059107 -0.000636
vn -0.842594 0.106080 0.527998
v 0.008481 0.058377 -0.009534
vn 0.849837 0.523338 0.062408
v 0.013649 0.060141 -0.011526
vn -0.438628 0.894073 0.090773
v -0.012963 0.059349 0.009590
vn -0.269296 0.957188 -0.106165
v -0.009761 0.059470 0.007824
vn 0.811765 -0.026392 0.583387
v -0.007079 0.058478 0.012444
vn 0.158533 0.678258 -0.717519
v -0.007914 0.059559 -0.001854
vn -0.557138 0.508340 0.656649
v 0.008800 0.063639 -0.011699
vn 0.086591 0.946620 -0.310504
v -0.006668 0.060565 -0.000294
vn 0.030091 0.930091 0.366094
v -0.007444 0.060569 0.010122
vn -0.409270 0.911426 0.042437
v -0.007329 0.060487 0.005430
vn 0.110392 0.992271 -0.056672
v -0.005872 0.061169 0.003737
vn -0.360257 0.932814 -0.008580
v -0.006582 0.060864 0.005224
vn -0.319059 0.941462 0.108857
v -0.006388 0.060925 0.005601
vn -0.359633 0.932588 0.030713
v -0.006518 0.060889 0.005439
vn -0.337516 0.941278 -0.008822
v -0.006530 0.060883 0.005293
vn 0.163604 0.957454 0.237728
v -0.004990 0.060913 0.007634
vn -0.683353 0.084428 -0.725190
v 0.010117 0.060219 -0.014490
vn 0.483945 0.385098 0.785810
v 0.013902 0.060834 0.006956
vn 0.095562 0.267702 0.958751
v 0.012243 0.061841 0.006719
vn 0.331580 0.308247 0.891649
v 0.013580 0.061888 0.006498
vn 0.382165 0.220576 0.897383
v 0.013505 0.061956 0.006513
vn 0.309192 0.399426 0.863052
v 0.013481 0.062050 0.006498
vn 0.701098 0.352227 0.619998
v 0.013801 0.062386 0.006092
vn 0.290724 0.196316 0.936450
v 0.013296 0.063123 0.006249
vn -0.699928 0.235344 0.674325
v 0.009849 0.061812 0.006670
vn 0.467427 0.384233 0.796164
v 0.013273 0.063759 0.006086
vn 0.414748 0.238641 0.878085
v 0.013370 0.063297 0.006180
vn 0.533908 0.281281 0.797385
v 0.013368 0.063393 0.006151
vn -0.276630 0.102485 -0.955496
v 0.011601 0.064817 0.003119
vn 0.204124 0.443053 0.872948
v 0.011566 0.064405 0.006082
vn 0.020309 0.852160 -0.522888
v 0.010369 0.066124 -0.012085
vn 0.881063 -0.108351 -0.460422
v 0.012504 0.065074 0.003866
vn 0.910746 0.303919 -0.279597
v 0.012463 0.065118 0.003780
vn 0.796542 0.352296 -0.491332
v 0.012432 0.065218 0.003789
vn 0.214574 0.840207 -0.498007
v 0.011205 0.066661 0.003915
vn 0.942829 0.325377 0.072137
v 0.012849 0.064997 0.004928
vn 0.463549 -0.157481 0.871964
v 0.012482 0.065809 0.005535
vn -0.088483 0.125509 0.988139
v 0.012292 0.066050 0.005540
vn 0.075274 0.089531 0.993135
v 0.012340 0.065951 0.005556
vn 0.459869 0.569054 0.681688
v 0.012231 0.066532 0.005439
vn -0.226401 0.257567 0.939363
v 0.010691 0.065726 0.005738
# 2914 vertices, 0 vertices normals


usemtl nailbomb_mat
vt 0.2792297303676605 0.6805496811866760
vt 0.2746510803699493 0.6838583350181580
vt 0.2744513750076294 0.6808621287345886
f 1/1/1 9/2/9 12/3/12
vt 0.2805182933807373 0.6727378964424133
vt 0.2784873843193054 0.6713477969169617
vt 0.2815340161323547 0.6710308790206909
f 3/4/3 1/5/1 15/6/15
vt 0.2774699032306671 0.6906073093414307
vt 0.2851048111915588 0.6932995319366455
vt 0.2704777121543884 0.7001022100448608
f 1/7/1 3/8/3 13/9/13
vt 0.2737733721733093 0.6875330209732056
vt 0.2677777409553528 0.6891726255416870
f 9/10/9 1/7/1 2/11/2
vt 0.1251659989356995 0.6085339784622192
vt 0.1244290024042130 0.6091859936714172
vt 0.1197816133499146 0.6044262647628784
f 1/12/1 4/13/4 15/14/15
vt 0.2727831006050110 0.6715059280395508
vt 0.2768430113792419 0.6698150038719177
f 1/5/1 12/15/12 5/16/5
vt 0.2779853343963623 0.6693904995918274
f 1/5/1 5/16/5 4/17/4
vt 0.2769050002098083 0.6694260239601135
vt 0.2774330079555511 0.6692410111427307
f 4/17/4 5/18/5 6/19/6
vt 0.1224426999688148 0.6099759340286255
f 15/14/15 4/13/4 14/20/14
vt 0.2760519683361053 0.6684576272964478
f 4/17/4 6/19/6 14/21/14
vt 0.2762570083141327 0.6691409945487976
f 5/16/5 12/15/12 7/22/7
vt 0.2770740091800690 0.6691200137138367
f 5/18/5 7/22/7 6/23/6
vt 0.2658213675022125 0.6828253269195557
vt 0.2681100070476532 0.6867319941520691
f 9/24/9 2/11/2 8/25/8
vt 0.2766470015048981 0.6688860058784485
f 6/23/6 5/26/5 14/21/14
f 5/26/5 7/22/7 14/21/14
vt 0.2679699957370758 0.6861140131950378
vt 0.2672170102596283 0.6858329772949219
f 9/24/9 8/27/8 11/28/11
vt 0.2747084498405457 0.6687161922454834
f 7/22/7 12/29/12 14/21/14
vt 0.2674520015716553 0.6864219903945923
f 8/27/8 10/30/10 11/28/11
vt 0.2676610052585602 0.6868100166320801
vt 0.2685641050338745 0.6891780495643616
vt 0.2668739855289459 0.6861720085144043
f 8/31/8 2/32/2 11/33/11
vt 0.2671322226524353 0.6849308609962463
vt 0.2641126513481140 0.6857483983039856
f 9/34/9 11/33/11 16/35/16
vt 0.2660560309886932 0.6862481236457825
f 11/33/11 2/32/2 16/36/16
vt 0.1276042461395264 0.5929921269416809
vt 0.1187792271375656 0.5990538597106934
vt 0.1164866760373116 0.5889044404029846
f 3/37/3 15/38/15 13/39/13
vt 0.2716566622257233 0.6944586038589478
vt 0.2564193606376648 0.6971601843833923
f 1/40/1 31/41/31 2/11/2
f 1/40/1 13/9/13 31/41/31
vt 0.1192338913679123 0.6115894913673401
vt 0.1200339570641518 0.6102658510208130
f 12/42/12 15/14/15 14/43/14
vt 0.2633790373802185 0.6892175078392029
vt 0.2565949559211731 0.6888910531997681
f 2/44/2 31/41/31 22/45/22
vt 0.1158703565597534 0.6137302517890930
f 12/42/12 9/46/9 15/14/15
vt 0.2637763619422913 0.6879065036773682
vt 0.2581214308738708 0.6872775554656982
f 2/47/2 22/45/22 16/48/16
vt 0.9854245781898499 0.1535546332597733
vt 0.9865846633911133 0.1572869420051575
vt 0.9790526032447815 0.1566418856382370
f 17/49/17 28/50/28 21/51/21
vt 0.9750915169715881 0.1467371284961700
vt 0.9762716889381409 0.1528052836656570
vt 0.9750499725341797 0.1499190032482147
f 17/52/17 21/53/21 18/54/18
vt 0.9747030138969421 0.1500039994716644
vt 0.9727080464363098 0.1504893898963928
f 17/52/17 18/55/18 24/56/24
vt 0.9747930169105530 0.1507509946823120
f 18/54/18 21/53/21 19/57/19
vt 0.9746959805488586 0.1503120064735413
f 18/54/18 19/57/19 20/58/20
vt 0.9744679927825928 0.1506209969520569
f 24/56/24 18/55/18 19/59/19
vt 0.9762320518493652 0.1521977931261063
vt 0.9740875959396362 0.1507129222154617
f 19/59/19 21/60/21 24/61/24
vt 0.9807930588722229 0.1593836843967438
vt 0.9783806800842285 0.1566447764635086
f 28/50/28 29/62/29 21/63/21
vt 0.2608012259006500 0.7017652392387390
f 31/41/31 13/9/13 30/64/30
vt 0.2556914091110229 0.6712986826896667
vt 0.2507422864437103 0.6750376224517822
vt 0.2556976377964020 0.6672390699386597
f 16/65/16 22/66/22 9/67/9
vt 0.0034197035711259 0.6650474071502686
vt 0.0032591621857136 0.6594727635383606
vt 0.0106075573712587 0.6621938943862915
f 17/68/17 24/69/24 28/70/28
vt 0.9726476669311523 0.1507048606872559
vt 0.9739084243774414 0.1541472822427750
vt 0.9734740257263184 0.1547279953956604
f 24/71/24 21/72/21 23/73/23
vt 0.1121820360422134 0.5890598893165588
vt 0.1038778051733971 0.5926300883293152
vt 0.1045007631182671 0.5849089026451111
f 13/74/13 15/75/15 30/76/30
vt 0.0041734180413187 0.6589614748954773
vt 0.0054727653041482 0.6574213504791260
f 28/70/28 24/77/24 25/78/25
vt 0.9738019704818726 0.1552541106939316
vt 0.9734910130500793 0.1552879959344864
vt 0.9734079837799072 0.1550880074501038
f 21/79/21 26/80/26 23/81/23
vt 0.1096691414713860 0.6193898320198059
vt 0.1072486490011215 0.6199868321418762
vt 0.1021680459380150 0.6125808358192444
f 15/82/15 9/83/9 32/84/32
vt 0.9732009768486023 0.1547800004482269
vt 0.9731240272521973 0.1552579998970032
f 23/85/23 26/86/26 24/71/24
vt 0.2498123347759247 0.6718176007270813
vt 0.2454717457294464 0.6673921346664429
f 22/87/22 33/88/33 9/67/9
vt 0.9727370142936707 0.1554179936647415
f 24/71/24 26/86/26 25/89/25
vt 0.9733359813690186 0.1557109951972961
f 23/81/23 26/80/26 27/90/27
f 21/79/21 27/90/27 26/80/26
vt 0.9733774065971375 0.1564887911081314
f 21/79/21 29/91/29 27/90/27
f 26/86/26 27/90/27 25/89/25
f 27/90/27 29/91/29 25/89/25
vt 0.0031688855960965 0.6571081876754761
vt 0.0013313313247636 0.6534979343414307
vt 0.0081422151997685 0.6516254544258118
f 25/92/25 29/93/29 39/94/39
f 25/78/25 39/94/39 28/70/28
vt 0.2494192868471146 0.6654067039489746
f 9/67/9 33/88/33 38/95/38
vt 0.9227212667465210 0.5283403992652893
vt 0.9254921078681946 0.5278857350349426
vt 0.9222126007080078 0.5376139879226685
f 28/96/28 40/97/40 29/98/29
vt 0.2500185072422028 0.6778450012207031
vt 0.2272965610027313 0.6714085340499878
f 22/99/22 34/100/34 33/88/33
vt 0.1003309115767479 0.6198845505714417
vt 0.1022439971566200 0.6240860223770142
vt 0.0996105521917343 0.6262642741203308
f 32/101/32 9/102/9 38/103/38
vt 0.2417698502540588 0.6827595829963684
vt 0.2456519156694412 0.6912630200386047
vt 0.2405326068401337 0.6907203793525696
f 34/104/34 22/105/22 46/106/46
vt 0.0141506334766746 0.6587584018707275
vt 0.0163796246051788 0.6484857201576233
vt 0.0239492300897837 0.6571453809738159
f 28/107/28 39/108/39 66/109/66
vt 0.1004972904920578 0.5857598781585693
vt 0.0944785550236702 0.5900809764862061
f 30/110/30 15/75/15 43/111/43
vt 0.2490831911563873 0.6600644588470459
vt 0.2452629953622818 0.6607149839401245
f 38/112/38 33/88/33 35/113/35
vt 0.2445249110460281 0.6605682969093323
f 33/88/33 41/114/41 35/113/35
vt 0.2460635006427765 0.6599490642547607
vt 0.2455549985170364 0.6604459881782532
vt 0.2452369928359985 0.6597849726676941
f 38/115/38 35/116/35 36/117/36
vt 0.2452650070190430 0.6602640151977539
f 35/116/35 37/118/37 36/117/36
vt 0.0986452624201775 0.5835117101669312
vt 0.0961920693516731 0.5859136581420898
vt 0.0953930988907814 0.5854204893112183
f 31/119/31 30/120/30 46/121/46
vt 0.2380489706993103 0.6633801460266113
vt 0.2432018220424652 0.6604644656181335
f 33/88/33 34/122/34 41/123/41
vt 0.9325444698333740 0.5230258703231812
vt 0.9253076910972595 0.5210283994674683
vt 0.9227014183998108 0.5180799365043640
f 40/124/40 28/125/28 66/126/66
vt 0.2449530065059662 0.6604179739952087
f 35/127/35 41/123/41 36/117/36
vt 0.2442719638347626 0.6593416929244995
vt 0.2459912002086639 0.6582688689231873
f 36/117/36 41/128/41 38/129/38
vt 0.0934350341558456 0.5857724547386169
vt 0.0944769978523254 0.5863959789276123
f 46/130/46 30/120/30 42/131/42
vt 0.9325205683708191 0.5241261720657349
vt 0.9383542537689209 0.5129643678665161
f 40/132/40 66/126/66 49/133/49
vt 0.0943190008401871 0.5869740247726440
f 30/120/30 43/134/43 42/131/42
vt 0.0943870022892952 0.5859730243682861
vt 0.0939109995961189 0.5862590074539185
f 42/135/42 44/136/44 46/130/46
vt 0.0941359996795654 0.5866320133209229
vt 0.0936750024557114 0.5868750214576721
f 42/131/42 44/137/44 45/138/45
f 42/131/42 43/134/43 44/137/44
vt 0.0937480032444000 0.5872380137443542
f 44/137/44 43/134/43 45/139/45
vt 0.0919180512428284 0.5851477980613708
f 44/136/44 45/138/45 46/140/46
vt 0.2427486032247543 0.6975910067558289
vt 0.2416039109230042 0.6945133209228516
f 31/41/31 46/141/46 22/142/22
vt 0.0919347032904625 0.5852135419845581
f 45/139/45 43/111/43 46/143/46
vt 0.1012609228491783 0.5916203856468201
vt 0.0940441638231277 0.5970472693443298
f 15/144/15 32/145/32 43/111/43
vt 0.0942642614245415 0.6269148588180542
vt 0.0793353915214539 0.6218549609184265
vt 0.0979885011911392 0.6224057078361511
f 38/146/38 48/147/48 32/148/32
vt 0.0945431739091873 0.6274240612983704
vt 0.0864152014255524 0.6299368739128113
f 38/149/38 41/150/41 48/147/48
vt 0.0966797471046448 0.6018154621124268
vt 0.0848838463425636 0.5947406291961670
f 43/111/43 32/151/32 48/152/48
vt 0.0888088941574097 0.5874686837196350
f 46/153/46 43/111/43 48/152/48
vt 0.9409402012825012 0.5214823484420776
vt 0.9467189311981201 0.5217332243919373
vt 0.9449746608734131 0.5222169756889343
f 49/154/49 47/155/47 40/156/40
vt 0.2280050367116928 0.6832072734832764
vt 0.2310262024402618 0.6965843439102173
vt 0.2174947708845139 0.6919450163841248
f 34/157/34 46/158/46 84/159/84
vt 0.4970436692237854 0.0230604317039251
vt 0.5025606751441956 0.0250473525375128
vt 0.4957461655139923 0.0314043574035168
f 58/160/58 117/161/117 50/162/50
vt 0.9442124962806702 0.5103041529655457
vt 0.9551255702972412 0.5094546079635620
vt 0.9494313597679138 0.5139839053153992
f 49/163/49 64/164/64 47/165/47
vt 0.5032472610473633 0.0314162373542786
vt 0.4970906078815460 0.0362581759691238
f 50/162/50 117/166/117 77/167/77
vt 0.9511173963546753 0.5201295018196106
vt 0.9513689875602722 0.5193349719047546
vt 0.9514949917793274 0.5197269916534424
f 52/168/52 53/169/53 54/170/54
vt 0.9521369934082031 0.5199519991874695
f 52/168/52 54/170/54 63/171/63
vt 0.9503064751625061 0.5209818482398987
vt 0.9551298618316650 0.5253293514251709
vt 0.9470220208168030 0.5273869037628174
f 52/172/52 63/173/63 47/174/47
vt 0.9504727125167847 0.5182638168334961
vt 0.9516119956970215 0.5189549922943115
f 52/175/52 55/176/55 53/169/53
vt 0.9546232819557190 0.5176776647567749
f 52/175/52 57/177/57 55/176/55
f 53/169/53 55/176/55 54/170/54
vt 0.9379408359527588 0.5412753224372864
vt 0.9449028372764587 0.5383117198944092
vt 0.9503365159034729 0.5418391823768616
f 40/178/40 47/179/47 29/180/29
vt 0.9517560005187988 0.5192880034446716
f 54/170/54 53/181/53 57/177/57
f 54/170/54 57/177/57 63/171/63
f 55/176/55 57/177/57 53/181/53
vt 0.9524787664413452 0.5141140222549438
f 47/165/47 64/164/64 52/182/52
vt 0.9477295279502869 0.5048435330390930
f 49/163/49 66/183/66 64/164/64
vt 0.8099379539489746 0.2569698989391327
vt 0.8096103072166443 0.2601958215236664
vt 0.8012673854827881 0.2579283118247986
f 51/184/51 65/185/65 68/186/68
vt 0.8158159255981445 0.2547560334205627
f 51/184/51 56/187/56 65/185/65
vt 0.3710372149944305 0.9826486706733704
vt 0.3624923825263977 0.9859448075294495
vt 0.3616241812705994 0.9781533479690552
f 50/188/50 77/189/77 82/190/82
vt 0.2203675508499146 0.6649634242057800
vt 0.2069528549909592 0.6603539586067200
vt 0.2181557416915894 0.6573987007141113
f 34/191/34 116/192/116 41/193/41
vt 0.9547096490859985 0.5140889883041382
f 52/194/52 64/164/64 57/177/57
vt 0.9468654990196228 0.5049846172332764
vt 0.9511424303054810 0.4997786581516266
f 66/195/66 62/196/62 64/164/64
vt 0.8053280115127563 0.2633199989795685
vt 0.8058216571807861 0.2635340690612793
vt 0.8053429722785950 0.2637520134449005
f 68/197/68 65/198/65 59/199/59
vt 0.9456961750984192 0.5384523868560791
vt 0.9497521519660950 0.5356239080429077
f 47/200/47 63/201/63 29/180/29
vt 0.0717003718018532 0.5932420492172241
vt 0.0783355832099915 0.5950431823730469
vt 0.0606997944414616 0.6000522375106812
f 46/202/46 48/203/48 84/204/84
vt 0.8049929738044739 0.2639079988002777
vt 0.8052120208740234 0.2641499936580658
vt 0.8051170110702515 0.2645159959793091
f 59/205/59 60/206/60 61/207/61
vt 0.8048160076141357 0.2645530104637146
vt 0.8044099211692810 0.2634926140308380
f 59/205/59 61/208/61 68/209/68
vt 0.5048481225967407 0.0293725747615099
vt 0.5050020217895508 0.0346830002963543
vt 0.5013558864593506 0.0380843803286552
f 117/210/117 67/211/67 77/212/77
vt 0.8054180145263672 0.2640750110149384
vt 0.8069895505905151 0.2640340924263000
f 59/213/59 65/214/65 61/207/61
vt 0.8015816211700439 0.2679157555103302
f 68/209/68 61/208/61 71/215/71
vt 0.0759107246994972 0.6247079968452454
vt 0.0719305574893951 0.6359655261039734
vt 0.0660551860928535 0.6251493692398071
f 48/216/48 41/217/41 74/218/74
vt 0.8238855004310608 0.2617405354976654
vt 0.8225917816162109 0.2699346542358398
vt 0.8134391903877258 0.2677991688251495
f 56/219/56 146/220/146 65/221/65
vt 0.8050640225410461 0.2649959921836853
f 61/208/61 65/222/65 71/215/71
vt 0.5072442293167114 0.0102377962321043
vt 0.5149304270744324 0.0103182410821319
vt 0.5175895094871521 0.0148311248049140
f 50/223/50 82/224/82 58/225/58
vt 0.0710632875561714 0.6395710706710815
vt 0.0631393343210220 0.6422666907310486
f 41/226/41 116/227/116 74/218/74
vt 0.2005868107080460 0.6821883916854858
vt 0.2116953730583191 0.6869482994079590
f 84/159/84 120/228/120 34/229/34
vt 0.1252011507749557 0.9767741560935974
vt 0.1140284910798073 0.9815986752510071
vt 0.1084922701120377 0.9717622995376587
f 56/230/56 51/231/51 85/232/85
vt 0.2077321857213974 0.6719830632209778
vt 0.1982617676258087 0.6706337332725525
f 34/233/34 120/234/120 116/192/116
vt 0.2062157541513443 0.6947755217552185
f 120/228/120 84/159/84 115/235/115
vt 0.8129719495773315 0.2691890597343445
vt 0.8111736178398132 0.2788015902042389
vt 0.8067789673805237 0.2687980234622955
f 65/236/65 95/237/95 71/238/71
vt 0.7415607571601868 0.7678819894790649
vt 0.7382476329803467 0.7638036608695984
vt 0.7403810024261475 0.7641350030899048
f 77/239/77 67/240/67 70/241/70
vt 0.1132799535989761 0.9819610118865967
vt 0.1077036485075951 0.9864256978034973
vt 0.1070057526230812 0.9845492839813232
f 51/242/51 68/243/68 75/244/75
vt 0.8182337880134583 0.2715699076652527
f 146/245/146 95/237/95 65/236/65
vt 0.7410619854927063 0.7637000083923340
f 77/239/77 70/241/70 72/246/72
vt 0.7406529784202576 0.7634969949722290
f 70/241/70 67/240/67 72/247/72
vt 0.7413660287857056 0.7628309726715088
f 70/241/70 72/247/72 73/248/73
vt 0.5977426767349243 0.0259095933288336
vt 0.6030058860778809 0.0211528819054365
vt 0.6028028130531311 0.0273958276957273
f 64/249/64 62/250/62 81/251/81
f 77/239/77 72/246/72 73/248/73
vt 0.7425728440284729 0.7613062858581543
f 77/239/77 73/248/73 94/252/94
vt 0.7379226684570312 0.7630529999732971
f 72/247/72 67/253/67 73/248/73
vt 0.0231624338775873 0.9658583998680115
vt 0.0269295442849398 0.9660976529121399
vt 0.0236569996923208 0.9666119813919067
f 69/254/69 79/255/79 76/256/76
vt 0.7523271441459656 0.7717864513397217
vt 0.7477396726608276 0.7610080838203430
f 82/257/82 77/239/77 94/258/94
vt 0.0184977967292070 0.9643958210945129
vt 0.0231134258210659 0.9668855071067810
f 69/259/69 76/256/76 83/260/83
vt 0.1054342240095139 0.9800236821174622
f 51/242/51 75/244/75 85/261/85
vt 0.7938858270645142 0.2685558199882507
vt 0.7968478798866272 0.2643383741378784
f 71/215/71 75/262/75 68/263/68
vt 0.7423092126846313 0.7612282037734985
f 67/253/67 94/264/94 73/248/73
vt 0.0240260008722544 0.9674310088157654
f 79/255/79 78/265/78 76/256/76
vt 0.0236859992146492 0.9674209952354431
vt 0.0231797732412815 0.9691976308822632
f 76/256/76 78/266/78 83/267/83
vt 0.0239770002663136 0.9680110216140747
f 76/256/76 78/265/78 80/268/80
vt 0.9610009789466858 0.5502251982688904
vt 0.9532896876335144 0.5488795638084412
vt 0.9610108137130737 0.5431557297706604
f 39/269/39 29/270/29 63/271/63
vt 0.1921697258949280 0.6596150994300842
f 120/234/120 137/272/137 116/192/116
f 78/266/78 80/268/80 83/267/83
vt 0.0240919999778271 0.9677270054817200
f 78/265/78 79/255/79 80/273/80
vt 0.7308302521705627 0.7524107694625854
vt 0.7440381646156311 0.7611877918243408
f 67/253/67 117/274/117 94/275/94
vt 0.7968665361404419 0.2732874453067780
f 71/215/71 95/276/95 75/262/75
vt 0.0226489212363958 0.9703116416931152
vt 0.0177338868379593 0.9767692089080811
f 69/259/69 83/277/83 99/278/99
vt 0.8713883161544800 0.4680798947811127
vt 0.8652475476264954 0.4660623967647552
vt 0.8669169545173645 0.4635314345359802
f 69/279/69 87/280/87 79/281/79
vt 0.0255655553191900 0.9678881764411926
f 80/268/80 79/282/79 83/267/83
vt 0.8251920342445374 0.2600818872451782
vt 0.8299338817596436 0.2718224227428436
f 146/220/146 56/283/56 85/284/85
vt 0.0538247264921665 0.6364816427230835
vt 0.0587176568806171 0.6235432028770447
f 74/218/74 116/285/116 131/286/131
vt 0.0265832711011171 0.9708333611488342
vt 0.0251129996031523 0.9701030254364014
f 79/282/79 103/287/103 86/288/86
f 79/282/79 86/288/86 83/267/83
vt 0.0247750002890825 0.9706019759178162
f 83/267/83 86/288/86 88/289/88
vt 0.8655269742012024 0.4634560048580170
vt 0.8643602728843689 0.4597218930721283
f 79/281/79 89/290/89 90/291/90
f 87/280/87 89/290/89 79/281/79
vt 0.8651239871978760 0.4635939896106720
f 87/280/87 91/292/91 89/290/89
vt 0.7543524503707886 0.7573342323303223
vt 0.7539377808570862 0.7665681242942810
f 94/258/94 130/293/130 82/294/82
vt 0.8645740151405334 0.4634430110454559
f 89/290/89 91/292/91 92/295/92
vt 0.8649510145187378 0.4632599949836731
f 89/290/89 91/296/91 90/291/90
vt 0.0250310003757477 0.9705780148506165
vt 0.0247920006513596 0.9711340069770813
f 86/288/86 88/297/88 93/298/93
vt 0.0152310580015182 0.9703557491302490
f 69/259/69 99/278/99 96/299/96
vt 0.1942722499370575 0.6588581800460815
vt 0.1896236091852188 0.6497424244880676
vt 0.2025039792060852 0.6536882519721985
f 137/300/137 112/301/112 116/302/116
vt 0.0252950005233288 0.9702780246734619
f 86/303/86 103/287/103 88/297/88
vt 0.0257508270442486 0.9715367555618286
f 88/297/88 103/304/103 93/298/93
vt 0.8645550012588501 0.4631710052490234
vt 0.8637206554412842 0.4627527594566345
f 91/296/91 92/305/92 90/306/90
vt 0.7624362111091614 0.7745781540870667
vt 0.7629312872886658 0.7641463875770569
vt 0.7747070789337158 0.7650296092033386
f 82/307/82 130/308/130 144/309/144
vt 0.8648639917373657 0.4637709856033325
f 91/310/91 87/280/87 92/295/92
vt 0.1013665348291397 0.9869321584701538
vt 0.0930168703198433 0.9785282015800476
f 75/311/75 123/312/123 85/261/85
vt 0.7061877846717834 0.7415705919265747
vt 0.6978712677955627 0.7405578494071960
vt 0.7007881999015808 0.7333944439888000
f 58/313/58 82/314/82 144/315/144
vt 0.0247079990804195 0.9708849787712097
vt 0.0245489999651909 0.9713129997253418
f 83/267/83 88/316/88 93/317/93
f 83/267/83 93/317/93 103/304/103
vt 0.5938993096351624 0.0383448451757431
vt 0.5974177122116089 0.0438535697758198
vt 0.5872148871421814 0.0383535325527191
f 64/318/64 81/319/81 57/320/57
f 92/295/92 87/280/87 90/306/90
vt 0.0530109554529190 0.6189838051795959
vt 0.0574943684041500 0.6157209873199463
f 74/218/74 131/321/131 48/322/48
vt 0.8641313314437866 0.4595305323600769
vt 0.8683324456214905 0.4556782841682434
vt 0.8709771037101746 0.4590673744678497
f 90/323/90 103/324/103 79/325/79
vt 0.8621647357940674 0.4686044752597809
vt 0.8587303161621094 0.4665661752223969
f 87/280/87 69/326/69 96/327/96
vt 0.8624049425125122 0.4640275537967682
f 87/280/87 96/327/96 90/328/90
vt 0.9841935634613037 0.2167679667472839
vt 0.9785109162330627 0.2094728201627731
vt 0.9849483370780945 0.2116865813732147
f 66/329/66 39/330/39 62/331/62
vt 0.7477095127105713 0.7534720301628113
f 94/258/94 107/332/107 130/293/130
vt 0.0573294870555401 0.6092403531074524
vt 0.0456083081662655 0.6126898527145386
f 48/333/48 131/334/131 84/204/84
vt 0.3888710737228394 0.0570115149021149
vt 0.3920921683311462 0.0552377887070179
vt 0.3907667398452759 0.0603360384702682
f 63/335/63 97/336/97 39/337/39
vt 0.0233640000224113 0.9741709828376770
vt 0.0228152889758348 0.9719426631927490
f 103/304/103 98/338/98 83/339/83
vt 0.0230800006538630 0.9745659828186035
f 83/339/83 98/338/98 99/340/99
vt 0.1060420572757721 0.0052436511032283
vt 0.1136007979512215 0.0074875797145069
vt 0.1106529384851456 0.0101703573018312
f 63/341/63 57/342/57 119/343/119
vt 0.8676975369453430 0.4555797874927521
vt 0.8672000765800476 0.4516563117504120
vt 0.8691613078117371 0.4517612755298615
f 103/344/103 122/345/122 110/346/110
vt 0.8668500185012817 0.4564458727836609
vt 0.8647680282592773 0.4562439918518066
f 103/347/103 90/323/90 101/348/101
vt 0.8659334778785706 0.4558757543563843
vt 0.8650990128517151 0.4557499885559082
f 103/349/103 101/350/101 122/345/122
vt 0.8711215257644653 0.4490684568881989
vt 0.8707309961318970 0.4494630098342896
vt 0.8707619905471802 0.4489789903163910
f 110/351/110 100/352/100 102/353/102
vt 0.0494262836873531 0.6068364381790161
vt 0.0456122048199177 0.6018502712249756
f 131/354/131 115/355/115 84/204/84
vt 0.8717640042304993 0.4485169947147369
vt 0.8715029954910278 0.4489222764968872
vt 0.8713579773902893 0.4480510056018829
f 98/356/98 103/357/103 104/358/104
vt 0.8715720176696777 0.4478580057621002
vt 0.8718755841255188 0.4478136897087097
f 98/356/98 104/359/104 99/360/99
vt 0.8710590004920959 0.4473589956760406
f 98/356/98 104/358/104 105/361/105
vt 0.1864424794912338 0.6550645828247070
f 137/272/137 149/362/149 112/301/112
vt 0.5824227333068848 0.0431128777563572
vt 0.5887903571128845 0.0437428653240204
vt 0.5935966968536377 0.0514614470303059
f 57/363/57 81/364/81 126/365/126
vt 0.8704959750175476 0.4499500095844269
vt 0.8705744147300720 0.4500966668128967
f 100/366/100 110/367/110 122/345/122
vt 0.8642150163650513 0.4557430148124695
f 101/348/101 90/323/90 109/368/109
vt 0.8647059798240662 0.4558010101318359
f 101/348/101 109/368/109 106/369/106
vt 0.8705329895019531 0.4491240084171295
f 100/352/100 122/345/122 102/370/102
vt 0.8704959750175476 0.4484379887580872
f 100/352/100 102/370/102 108/371/108
vt 0.8643990159034729 0.4554510116577148
f 101/350/101 109/372/109 122/345/122
f 110/351/110 102/353/102 108/371/108
vt 0.8709830641746521 0.4483174383640289
f 103/357/103 110/373/110 104/358/104
vt 0.3984121680259705 0.0590585283935070
f 97/336/97 142/374/142 39/337/39
vt 0.3915015161037445 0.0536040477454662
vt 0.3926700055599213 0.0524789988994598
f 63/375/63 111/376/111 97/336/97
vt 0.8617009520530701 0.4548847973346710
f 90/323/90 128/377/128 109/368/109
f 102/370/102 122/345/122 108/371/108
vt 0.3913635313510895 0.0530396997928619
vt 0.3928810060024261 0.0517599992454052
vt 0.3924770057201385 0.0522430017590523
f 63/378/63 114/379/114 111/380/111
vt 0.8710179924964905 0.4476220011711121
f 104/358/104 110/373/110 105/381/105
vt 0.3934190571308136 0.0509264096617699
vt 0.3932430148124695 0.0515099987387657
f 63/378/63 119/382/119 114/383/114
vt 0.3935410082340240 0.0517949983477592
vt 0.3919762670993805 0.0548935271799564
f 111/376/111 114/384/114 97/385/97
f 122/345/122 109/372/109 128/377/128
vt 0.8714740276336670 0.4476259946823120
vt 0.8713768124580383 0.4472275376319885
f 104/386/104 105/361/105 99/387/99
vt 0.3926959931850433 0.0522000007331371
vt 0.3928860127925873 0.0520059987902641
f 111/388/111 114/379/114 113/389/113
vt 0.8684076070785522 0.4464368820190430
f 110/373/110 108/371/108 156/390/156
vt 0.8703077435493469 0.4465816617012024
f 110/373/110 156/391/156 105/381/105
f 108/371/108 122/345/122 156/390/156
vt 0.3940435051918030 0.0510911606252193
f 114/383/114 119/382/119 97/392/97
vt 0.8703606724739075 0.4462823867797852
f 99/387/99 105/361/105 156/393/156
vt 0.7433320283889771 0.7560644745826721
vt 0.7483189702033997 0.7479567527770996
vt 0.7503811717033386 0.7518752217292786
f 94/394/94 121/395/121 107/396/107
vt 0.7544595599174500 0.7477496862411499
f 130/293/130 107/396/107 129/397/129
vt 0.8255555033683777 0.2820769548416138
vt 0.8177420496940613 0.2955662012100220
f 95/237/95 146/398/146 127/399/127
vt 0.7500920295715332 0.7503389716148376
f 107/396/107 121/395/121 118/400/118
vt 0.8636648058891296 0.4512788057327271
f 122/345/122 128/377/128 156/401/156
vt 0.8597821593284607 0.4617341458797455
vt 0.8571317791938782 0.4619554579257965
vt 0.8587566614151001 0.4563525915145874
f 90/402/90 96/403/96 128/404/128
vt 0.7502369880676270 0.7490730285644531
f 118/400/118 121/395/121 124/405/124
vt 0.7507190108299255 0.7480850219726562
f 118/400/118 124/405/124 125/406/125
vt 0.7506520152091980 0.7491800189018250
f 118/400/118 124/407/124 107/396/107
vt 0.7541289925575256 0.7469022870063782
f 107/396/107 124/407/124 129/408/129
f 124/405/124 121/395/121 125/406/125
f 124/407/124 125/406/125 129/408/129
vt 0.9338845014572144 0.7580513358116150
vt 0.9275447130203247 0.7614257931709290
vt 0.9294406175613403 0.7539812326431274
f 120/409/120 115/410/115 154/411/154
vt 0.7428824901580811 0.7473490238189697
vt 0.7350541949272156 0.7469384074211121
vt 0.7462494373321533 0.7368496060371399
f 94/412/94 117/413/117 143/414/143
vt 0.7503439784049988 0.7478259801864624
f 125/415/125 121/395/121 129/408/129
vt 0.7479385733604431 0.7459705471992493
f 94/412/94 143/414/143 121/416/121
vt 0.5840418338775635 0.0501465685665607
vt 0.5824298858642578 0.0554760918021202
vt 0.5806823968887329 0.0528493188321590
f 126/417/126 119/418/119 57/419/57
vt 0.7213960886001587 0.7434369921684265
vt 0.7164019942283630 0.7345641851425171
vt 0.7184760570526123 0.7229267954826355
f 117/420/117 58/421/58 138/422/138
vt 0.8561972379684448 0.4587481021881104
vt 0.8551744818687439 0.4654439985752106
vt 0.8533648252487183 0.4606744349002838
f 128/423/128 96/424/96 152/425/152
vt 0.0404763817787170 0.6126593947410583
vt 0.0338082686066628 0.6052942872047424
f 115/355/115 131/426/131 154/427/154
vt 0.1009789854288101 0.9578790068626404
vt 0.0997340008616447 0.9620481133460999
vt 0.0907755792140961 0.9590106010437012
f 85/428/85 123/429/123 146/430/146
vt 0.7488450407981873 0.7449481487274170
vt 0.7523819208145142 0.7424971461296082
f 121/431/121 143/432/143 129/408/129
vt 0.7117475867271423 0.7372995615005493
vt 0.7042918801307678 0.7256157398223877
f 58/433/58 144/434/144 138/422/138
vt 0.7613174319267273 0.7547048926353455
vt 0.7661627531051636 0.7466514706611633
f 130/435/130 129/408/129 144/436/144
vt 0.9792140126228333 0.2375505119562149
vt 0.9831164479255676 0.2365312427282333
vt 0.9849221110343933 0.2420212477445602
f 62/437/62 39/438/39 142/439/142
vt 0.7329389452934265 0.7363986968994141
f 117/413/117 145/440/145 143/414/143
vt 0.4004149138927460 0.0514464713633060
vt 0.4016639888286591 0.0489594973623753
vt 0.4032014906406403 0.0577562749385834
f 97/441/97 119/442/119 142/443/142
vt 0.7974746823310852 0.2842696607112885
vt 0.7996957898139954 0.2940020561218262
vt 0.7929803729057312 0.2843435108661652
f 95/444/95 141/445/141 75/446/75
vt 0.7593881487846375 0.7387676835060120
f 144/436/144 129/408/129 143/447/143
vt 0.8296992778778076 0.2996093034744263
vt 0.8176365494728088 0.2941101193428040
f 146/398/146 159/448/159 127/449/127
vt 0.8487108349800110 0.4665487706661224
vt 0.8460455536842346 0.4613894820213318
f 96/424/96 133/450/133 152/451/152
vt 0.8070001602172852 0.2899645268917084
vt 0.8055714368820190 0.2967399954795837
f 95/452/95 127/399/127 141/453/141
vt 0.0128969326615334 0.9810357689857483
vt 0.0131925567984581 0.9864751696586609
f 96/454/96 99/278/99 133/455/133
vt 0.9520526528358459 0.3068231642246246
vt 0.9545530080795288 0.3029260039329529
vt 0.9559715390205383 0.3031900823116302
f 120/456/120 132/457/132 137/458/137
vt 0.9519770741462708 0.3026537895202637
f 120/456/120 134/459/134 132/457/132
vt 0.9548479914665222 0.3023810088634491
f 137/458/137 132/457/132 135/460/135
vt 0.9543309807777405 0.3024689853191376
vt 0.9545840024948120 0.3021630048751831
f 132/457/132 135/461/135 136/462/136
f 132/457/132 134/459/134 135/461/135
vt 0.8316591382026672 0.2843930125236511
f 146/398/146 148/463/148 159/448/159
f 135/461/135 134/459/134 136/462/136
vt 0.9541459083557129 0.3010967373847961
f 135/460/135 136/462/136 140/464/140
f 135/460/135 140/464/140 137/458/137
vt 0.0466986075043678 0.6230764389038086
vt 0.0361533612012863 0.6221743822097778
vt 0.0342817716300488 0.6176870465278625
f 131/465/131 116/466/116 147/467/147
f 136/462/136 134/459/134 140/464/140
vt 0.9470263123512268 0.3053941726684570
vt 0.9521779417991638 0.3017816543579102
f 120/456/120 154/468/154 134/469/134
vt 0.0207451675087214 0.9864913225173950
vt 0.0146731613203883 0.9852620363235474
f 99/278/99 156/470/156 133/471/133
vt 0.0339209586381912 0.6135306954383850
f 131/426/131 147/467/147 154/472/154
vt 0.7280963659286499 0.7350724935531616
vt 0.7322997450828552 0.7274687290191650
f 117/473/117 138/422/138 145/474/145
vt 0.8282508850097656 0.3862865567207336
vt 0.8260912299156189 0.3785856068134308
vt 0.8291701674461365 0.3858950138092041
f 134/475/134 165/476/165 140/477/140
vt 0.4041136205196381 0.0451048947870731
vt 0.4133150577545166 0.0465574935078621
f 119/478/119 166/479/166 142/443/142
vt 0.0979394465684891 0.9654350280761719
vt 0.0888763666152954 0.9693403840065002
f 123/480/123 139/481/139 146/430/146
vt 0.8315218687057495 0.3872081637382507
f 140/477/140 165/476/165 137/482/137
vt 0.8266885876655579 0.3862059712409973
vt 0.8249008059501648 0.3853112757205963
f 134/483/134 154/484/154 165/476/165
vt 0.7582958936691284 0.7374472022056580
vt 0.7710247635841370 0.7339738607406616
f 143/485/143 192/486/192 144/436/144
vt 0.8310523033142090 0.3840827047824860
vt 0.8377286195755005 0.3812229037284851
f 137/487/137 165/476/165 149/488/149
vt 0.4065988659858704 0.0416818931698799
vt 0.4117026329040527 0.0378439761698246
f 119/489/119 126/490/126 166/479/166
vt 0.0802447050809860 0.9810148477554321
vt 0.0834268629550934 0.9755657315254211
f 123/312/123 75/491/75 167/492/167
vt 0.8455398678779602 0.4582675993442535
vt 0.8464658856391907 0.4711363017559052
vt 0.8393021225929260 0.4701771140098572
f 152/493/152 133/494/133 191/495/191
vt 0.8455201387405396 0.4725140035152435
vt 0.8382548093795776 0.4740488231182098
f 133/496/133 169/497/169 191/495/191
vt 0.8017132282257080 0.9609446525573730
vt 0.7923857569694519 0.9625564813613892
vt 0.8016158342361450 0.9579504132270813
f 147/498/147 189/499/189 154/500/154
vt 0.8619350194931030 0.3881324529647827
vt 0.8603239059448242 0.3814389407634735
vt 0.8706154227256775 0.3839066326618195
f 116/501/116 112/502/112 147/503/147
vt 0.0812740325927734 0.9716755747795105
vt 0.0852805748581886 0.9709448218345642
f 123/312/123 167/504/167 139/505/139
vt 0.7624368667602539 0.7328093647956848
f 143/485/143 164/506/164 192/486/192
vt 0.8489814996719360 0.3875446915626526
vt 0.8497474789619446 0.3771851658821106
vt 0.8534092307090759 0.3814213275909424
f 149/507/149 151/508/151 112/509/112
vt 0.8234105110168457 0.3033464252948761
f 159/448/159 155/510/155 127/399/127
vt 0.7592546939849854 0.7310586571693420
f 143/485/143 150/511/150 164/506/164
vt 0.7496964335441589 0.7338052392005920
vt 0.7459253072738647 0.7206764817237854
vt 0.7507968544960022 0.7291677594184875
f 143/512/143 145/513/145 150/514/150
vt 0.9582360982894897 0.2573782205581665
vt 0.9671744108200073 0.2604435980319977
vt 0.9596341848373413 0.2669324874877930
f 81/515/81 62/516/62 126/517/126
vt 0.7595812082290649 0.7296912074089050
vt 0.7607030272483826 0.7310450077056885
f 164/506/164 150/518/150 153/519/153
vt 0.7248572707176208 0.7231730818748474
vt 0.7367694377899170 0.7084351181983948
vt 0.7338389754295349 0.7214429974555969
f 138/520/138 168/521/168 145/522/145
vt 0.8031649589538574 0.3084908425807953
vt 0.7945386767387390 0.3019730746746063
f 141/445/141 196/523/196 75/524/75
vt 0.8190234899520874 0.3074008226394653
vt 0.8096733093261719 0.3020479679107666
f 127/399/127 155/525/155 141/526/141
vt 0.0805053487420082 0.9836682081222534
vt 0.0742982774972916 0.9765310287475586
f 75/527/75 162/528/162 167/504/167
vt 0.7956840395927429 0.9436119794845581
vt 0.7846879363059998 0.9436601400375366
vt 0.7965402603149414 0.9386256933212280
f 154/529/154 163/530/163 165/531/165
vt 0.7619743943214417 0.7291358113288879
vt 0.7578189969062805 0.7292943000793457
vt 0.7605969905853271 0.7288770079612732
f 153/532/153 150/533/150 157/534/157
vt 0.0254024229943752 0.9334713816642761
vt 0.0360800214111805 0.9364766478538513
vt 0.0275589991360903 0.9373940229415894
f 142/535/142 200/536/200 62/537/62
vt 0.8512760400772095 0.3728957772254944
vt 0.8391816020011902 0.3719766736030579
f 151/538/151 149/488/149 165/539/165
vt 0.7614793181419373 0.7262926101684570
f 150/533/150 158/540/158 157/534/157
vt 0.8858710527420044 0.5304338335990906
vt 0.8868332505226135 0.5263489484786987
vt 0.8965837955474854 0.5300186872482300
f 144/541/144 170/542/170 138/543/138
vt 0.7609360218048096 0.7282279729843140
f 157/534/157 158/540/158 160/544/160
vt 0.7608879804611206 0.7289810180664062
vt 0.7612289786338806 0.7275810241699219
f 157/545/157 160/544/160 161/546/161
vt 0.7613729834556580 0.7284039855003357
f 157/545/157 160/547/160 153/532/153
vt 0.8481813073158264 0.4470916688442230
vt 0.8469079732894897 0.4553963243961334
vt 0.8413608670234680 0.4470821619033813
f 128/548/128 152/549/152 186/550/186
f 160/544/160 158/540/158 161/546/161
vt 0.7628135681152344 0.7282618880271912
f 160/547/160 161/546/161 153/551/153
vt 0.8603373765945435 0.4344160854816437
vt 0.8583837747573853 0.4462631642818451
vt 0.8534572124481201 0.4333141446113586
f 156/552/156 128/553/128 212/554/212
vt 0.8824740648269653 0.5292510986328125
vt 0.8786675930023193 0.5202368497848511
vt 0.8823285102844238 0.5149891376495361
f 144/555/144 192/556/192 170/557/170
f 153/551/153 161/546/161 158/540/158
vt 0.8123210072517395 0.3083879947662354
vt 0.8083667159080505 0.3104600012302399
f 141/526/141 155/558/155 196/559/196
vt 0.7569780349731445 0.7175502181053162
vt 0.7553246021270752 0.7286921739578247
f 145/513/145 158/560/158 150/561/150
vt 0.0818232372403145 0.9636260271072388
vt 0.0810705050826073 0.9569272398948669
f 146/430/146 139/562/139 148/563/148
vt 0.7642008662223816 0.7253965735435486
f 153/551/153 158/540/158 164/564/164
vt 0.8393769860267639 0.0577712953090668
vt 0.8298738002777100 0.0515031069517136
vt 0.8380403518676758 0.0508929640054703
f 191/565/191 174/566/174 152/567/152
vt 0.8210028409957886 0.3715533018112183
vt 0.8236698508262634 0.3657180666923523
f 165/476/165 163/568/163 231/569/231
vt 0.8157618641853333 0.3162412941455841
f 155/525/155 232/570/232 196/559/196
vt 0.8603049516677856 0.3778184652328491
vt 0.8661066293716431 0.3718475997447968
f 151/571/151 181/572/181 112/502/112
vt 0.4220889508724213 0.0411113314330578
vt 0.4203041493892670 0.0348298922181129
vt 0.4208094775676727 0.0277132932096720
f 187/573/187 166/574/166 126/575/126
vt 0.9869246482849121 0.0950755923986435
vt 0.9820483326911926 0.0980296432971954
vt 0.9847682118415833 0.0939706191420555
f 133/576/133 177/577/177 169/578/169
vt 0.8431119322776794 0.4532006382942200
vt 0.8381766676902771 0.4475521147251129
vt 0.8401570916175842 0.4458851218223572
f 152/579/152 174/580/174 186/581/186
vt 0.8641064763069153 0.4252313971519470
vt 0.8616447448730469 0.4283792376518250
vt 0.8564042448997498 0.4186067581176758
f 133/582/133 156/583/156 212/584/212
vt 0.9878956675529480 0.1037696972489357
vt 0.9842135310173035 0.0980815961956978
f 133/576/133 212/585/212 177/586/177
vt 0.8902910947799683 0.5192112326622009
vt 0.9028722643852234 0.5190173387527466
f 138/543/138 170/587/170 168/588/168
vt 0.4245245754718781 0.0611174218356609
vt 0.4218220710754395 0.0560245886445045
vt 0.4262689948081970 0.0589549988508224
f 142/589/142 166/590/166 182/591/182
vt 0.8684629201889038 0.3668100237846375
vt 0.8703307509422302 0.3769143819808960
f 112/502/112 181/592/181 147/593/147
vt 0.7642040252685547 0.7220870256423950
f 158/560/158 204/594/204 164/564/164
vt 0.0261874236166477 0.9288654327392578
vt 0.0352581180632114 0.9302623271942139
f 142/595/142 182/596/182 200/536/200
vt 0.7694073915481567 0.7196701765060425
f 164/564/164 204/594/204 192/597/192
vt 0.7819566130638123 0.9583849310874939
vt 0.7861623167991638 0.9501998424530029
f 189/499/189 209/598/209 154/599/154
vt 0.8324776291847229 0.3700837790966034
vt 0.8349098563194275 0.3654570877552032
vt 0.8430731296539307 0.3605852425098419
f 165/600/165 231/601/231 180/602/180
vt 0.4232299327850342 0.0343770571053028
vt 0.4292106926441193 0.0336953252553940
f 187/573/187 126/603/126 203/604/203
vt 0.8491729497909546 0.4406626820564270
vt 0.8436532020568848 0.4326644539833069
f 212/554/212 128/605/128 179/606/179
vt 0.8323717713356018 0.0603377260267735
vt 0.8275344967842102 0.0556413345038891
vt 0.8315552473068237 0.0583101250231266
f 202/607/202 174/608/174 191/609/191
vt 0.7766502499580383 0.9595655202865601
vt 0.7784922122955322 0.9475946426391602
f 154/599/154 209/610/209 163/611/163
vt 0.4301486611366272 0.0552848801016808
vt 0.4297522604465485 0.0586839541792870
f 166/590/166 172/612/172 182/613/182
vt 0.8060935139656067 0.3157168328762054
f 196/559/196 232/570/232 215/614/215
vt 0.9790546298027039 0.0942920669913292
vt 0.9806743264198303 0.1007148474454880
vt 0.9791780114173889 0.0973109975457191
f 169/615/169 177/616/177 173/617/173
vt 0.4251213073730469 0.0485873259603977
vt 0.4329347908496857 0.0494068376719952
f 166/618/166 187/619/187 172/612/172
vt 0.8560234904289246 0.3697115778923035
vt 0.8474039435386658 0.3690658509731293
f 180/602/180 151/620/151 165/621/165
vt 0.9789819717407227 0.0970069989562035
vt 0.9781230092048645 0.0978140011429787
f 173/622/173 176/623/176 169/615/169
vt 0.9783480167388916 0.0980520024895668
f 173/617/173 177/616/177 176/624/176
vt 0.9785959720611572 0.0974339991807938
f 173/617/173 176/624/176 175/625/175
vt 0.0304377656430006 0.7678667306900024
vt 0.0248885564506054 0.7633616924285889
vt 0.0322763994336128 0.7604544758796692
f 139/626/139 167/627/167 162/628/162
vt 0.8400921225547791 0.4388376772403717
vt 0.8398140072822571 0.4377380013465881
vt 0.8433657884597778 0.4336967766284943
f 128/629/128 178/630/178 179/631/179
vt 0.8369473218917847 0.0377486757934093
vt 0.8351084589958191 0.0391183346509933
vt 0.8363400101661682 0.0362690016627312
f 128/632/128 186/633/186 178/634/178
vt 0.9778112173080444 0.0988766700029373
f 177/616/177 183/635/183 176/624/176
vt 0.0194335021078587 0.7571102380752563
vt 0.0159802902489901 0.7505314350128174
vt 0.0212741754949093 0.7452836036682129
f 162/636/162 75/637/75 196/638/196
f 169/615/169 176/623/176 183/635/183
vt 0.8355190157890320 0.0359739996492863
f 178/634/178 186/633/186 184/639/184
vt 0.8394719958305359 0.4368030130863190
f 178/630/178 184/640/184 179/631/179
vt 0.8352739810943604 0.0356910005211830
f 178/634/178 184/639/184 185/641/185
vt 0.0448939353227615 0.9711313843727112
vt 0.0459459312260151 0.9732646346092224
vt 0.0431824252009392 0.9736328125000000
f 62/642/62 199/643/199 126/644/126
vt 0.7806893587112427 0.9666655659675598
vt 0.7690909504890442 0.9696925878524780
f 209/645/209 189/499/189 181/646/181
vt 0.4303517937660217 0.0188699271529913
vt 0.4338893890380859 0.0268593188375235
f 126/575/126 199/647/199 203/648/203
vt 0.8395409584045410 0.4365195035934448
f 179/631/179 184/640/184 190/649/190
vt 0.9738610982894897 0.0935831964015961
f 183/635/183 191/650/191 169/615/169
vt 0.4323618113994598 0.0575246512889862
vt 0.4340719878673553 0.0583939999341965
vt 0.4328233003616333 0.0609944127500057
f 172/651/172 188/652/188 182/653/182
vt 0.8392050266265869 0.4365650117397308
f 190/649/190 184/640/184 185/654/185
f 184/639/184 186/633/186 185/641/185
vt 0.9802810549736023 0.1001351997256279
vt 0.9770126938819885 0.1003816276788712
f 183/635/183 177/655/177 191/656/191
vt 0.7889233827590942 0.7433714866638184
vt 0.7920644879341125 0.7393260002136230
vt 0.7953601479530334 0.7503794431686401
f 162/657/162 148/658/148 139/659/139
vt 0.7549479603767395 0.7117654681205750
vt 0.7598612904548645 0.7036910057067871
vt 0.7634939551353455 0.7133806943893433
f 158/660/158 210/661/210 204/662/204
vt 0.8394464850425720 0.4359398186206818
vt 0.8390888571739197 0.4332085251808167
f 190/663/190 220/664/220 179/631/179
vt 0.8343979716300964 0.0351170003414154
f 185/641/185 186/633/186 190/665/190
vt 0.8011838197708130 0.7507407069206238
vt 0.7973704934120178 0.7363960742950439
vt 0.8045673370361328 0.7464040517807007
f 148/666/148 198/667/198 159/668/159
vt 0.4346089959144592 0.0581610016524792
f 188/652/188 193/669/193 182/653/182
vt 0.7770385146141052 0.9717332720756531
f 189/499/189 147/670/147 181/646/181
vt 0.4324279725551605 0.0576159507036209
vt 0.4328723549842834 0.0503292158246040
vt 0.4343650043010712 0.0575190000236034
f 172/671/172 187/672/187 193/673/193
vt 0.0367718748748302 0.9304202795028687
vt 0.0426615849137306 0.9308378696441650
vt 0.0435734502971172 0.9406144618988037
f 182/674/182 219/675/219 200/676/200
vt 0.4341759979724884 0.0579000003635883
vt 0.4344890117645264 0.0578459985554218
vt 0.4342789947986603 0.0581590011715889
f 172/677/172 193/678/193 188/679/188
vt 0.4350590109825134 0.0576980002224445
f 188/679/188 193/678/193 194/680/194
vt 0.8321269154548645 0.3607007563114166
vt 0.8345260620117188 0.3511223495006561
f 231/681/231 236/682/236 180/602/180
vt 0.4358205497264862 0.0572557933628559
f 193/673/193 187/672/187 197/683/197
vt 0.0439235754311085 0.9624759554862976
vt 0.0475057400763035 0.9538370966911316
vt 0.0508837625384331 0.9640356898307800
f 62/684/62 200/685/200 199/686/199
f 193/669/193 194/680/194 182/653/182
f 193/678/193 197/683/197 194/680/194
vt 0.7475261688232422 0.7083130478858948
vt 0.7536379098892212 0.7140346169471741
f 145/687/145 210/661/210 158/688/158
vt 0.8590118288993835 0.3605394959449768
f 151/620/151 195/689/195 181/592/181
vt 0.4380289316177368 0.0595036447048187
f 182/653/182 197/683/197 219/690/219
vt 0.8312259316444397 0.0404013916850090
f 190/665/190 186/633/186 174/691/174
vt 0.8385452628135681 0.4349489212036133
f 190/663/190 174/692/174 220/664/220
f 182/653/182 194/680/194 197/683/197
vt 0.7713366150856018 0.7102564573287964
vt 0.7775538563728333 0.7175499200820923
f 192/597/192 204/693/204 170/694/170
vt 0.8558129072189331 0.3616241216659546
vt 0.8554741740226746 0.3574700951576233
vt 0.8567730188369751 0.3609369993209839
f 151/695/151 201/696/201 195/697/195
vt 0.8057420253753662 0.4455875754356384
vt 0.7984117269515991 0.4369808733463287
vt 0.8107096552848816 0.4356804192066193
f 171/698/171 217/699/217 218/700/218
vt 0.4361051619052887 0.0571934729814529
vt 0.4374547004699707 0.0560671351850033
f 197/701/197 187/672/187 219/702/219
vt 0.8513799905776978 0.3577550053596497
f 151/620/151 180/703/180 201/696/201
vt 0.0262618642300367 0.7532616257667542
vt 0.0306681897491217 0.7461792826652527
f 162/704/162 196/638/196 198/705/198
vt 0.8167278170585632 0.4321289062500000
vt 0.8252955675125122 0.4327886104583740
vt 0.8256876468658447 0.4349491596221924
f 218/706/218 254/707/254 171/708/171
vt 0.8422291278839111 0.4297239482402802
vt 0.8405569791793823 0.4266809523105621
vt 0.8483719825744629 0.4262601435184479
f 179/709/179 220/710/220 212/711/212
vt 0.8624576926231384 0.3624687790870667
vt 0.8603400588035583 0.3577512204647064
vt 0.8605412244796753 0.3531529903411865
f 181/712/181 195/713/195 208/714/208
vt 0.7891358733177185 0.7351924777030945
f 162/657/162 198/715/198 148/658/148
vt 0.8892914056777954 0.5005733966827393
vt 0.8820453286170959 0.5007797479629517
f 168/716/168 170/557/170 222/717/222
vt 0.8653257489204407 0.3577727079391479
f 208/714/208 253/718/253 181/712/181
vt 0.4406210184097290 0.0472449585795403
vt 0.4390490055084229 0.0526899993419647
f 230/719/230 219/720/219 187/619/187
vt 0.8594790101051331 0.3559589982032776
vt 0.8599991798400879 0.3571316897869110
f 201/696/201 206/721/206 195/722/195
vt 0.8591570258140564 0.3556379973888397
f 201/696/201 205/723/205 206/721/206
vt 0.8129781484603882 0.7407149076461792
vt 0.8189411163330078 0.7245190143585205
vt 0.8276212811470032 0.7321589589118958
f 159/724/159 294/725/294 155/726/155
vt 0.7740553617477417 0.7061359286308289
vt 0.7822470664978027 0.7109848856925964
f 170/694/170 204/727/204 222/728/222
vt 0.8598210215568542 0.3560580015182495
vt 0.8595719933509827 0.3556280136108398
f 195/729/195 206/721/206 205/730/205
f 195/729/195 205/730/205 208/714/208
vt 0.8592330217361450 0.3549700081348419
f 206/721/206 205/723/205 207/731/207
vt 0.8588299751281738 0.3555260002613068
vt 0.8584834933280945 0.3546657264232635
f 205/732/205 201/733/201 207/731/207
vt 0.4429762959480286 0.0528376772999763
vt 0.4393637478351593 0.0555365607142448
f 230/719/230 226/734/226 219/735/219
f 205/730/205 207/731/207 208/714/208
vt 0.8155630230903625 0.7329319715499878
vt 0.8108140230178833 0.7285946607589722
f 294/736/294 159/724/159 198/737/198
vt 0.0485688969492912 0.9326285123825073
vt 0.0571642853319645 0.9394996762275696
f 219/738/219 246/739/246 200/676/200
f 207/731/207 201/733/201 208/714/208
vt 0.8861343264579773 0.2673223912715912
vt 0.8910882472991943 0.2740432322025299
vt 0.8786641955375671 0.2726287245750427
f 171/740/171 254/741/254 217/742/217
vt 0.9339987039566040 0.0486808605492115
vt 0.9364839196205139 0.0546047128736973
vt 0.9298615455627441 0.0565681234002113
f 191/743/191 177/744/177 202/745/202
vt 0.0553289428353310 0.9504688978195190
f 200/685/200 246/746/246 199/686/199
vt 0.7702895998954773 0.7044398188591003
vt 0.7708079814910889 0.7027570009231567
vt 0.7761897444725037 0.7014237642288208
f 204/747/204 211/748/211 225/749/225
vt 0.7698682546615601 0.7028896212577820
f 204/727/204 210/750/210 211/748/211
vt 0.8225413560867310 0.0491278991103172
vt 0.8209172487258911 0.0526290088891983
vt 0.8215426802635193 0.0465841032564640
f 174/751/174 202/752/202 220/753/220
vt 0.0247991941869259 0.7354615926742554
vt 0.0266919992864132 0.7393689751625061
f 196/638/196 215/754/215 198/755/198
vt 0.7702540159225464 0.7024210095405579
vt 0.7707750201225281 0.7022240161895752
f 211/748/211 210/756/210 213/757/213
vt 0.7716689705848694 0.7005069851875305
f 211/748/211 213/757/213 214/758/214
vt 0.7711889743804932 0.7024300098419189
f 211/748/211 213/759/213 225/749/225
vt 0.7707251310348511 0.6997909545898438
f 210/756/210 228/760/228 213/757/213
vt 0.8260187506675720 0.7313917279243469
vt 0.8311051130294800 0.7233806848526001
f 155/761/155 294/725/294 232/762/232
vt 0.8839132189750671 0.2759043574333191
f 254/741/254 589/763/589 217/742/217
vt 0.0587268695235252 0.9624009132385254
f 246/746/246 227/764/227 199/686/199
f 213/757/213 228/760/228 214/758/214
f 213/759/213 214/758/214 225/749/225
vt 0.8458327054977417 0.3515659272670746
vt 0.8540287613868713 0.3461956381797791
f 180/602/180 236/765/236 201/766/201
vt 0.4450609982013702 0.0549330003559589
vt 0.4443861246109009 0.0574252940714359
f 226/734/226 216/767/216 219/768/219
vt 0.4022047519683838 0.8880211114883423
vt 0.4071828722953796 0.8892750740051270
vt 0.4033123850822449 0.8934994339942932
f 187/769/187 203/770/203 230/771/230
vt 0.4453819990158081 0.0544070005416870
f 226/734/226 221/772/221 216/767/216
vt 0.7780370116233826 0.7005285620689392
f 204/727/204 225/773/225 222/728/222
vt 0.7895509004592896 0.4348734617233276
vt 0.7879483103752136 0.4391807019710541
vt 0.7859150767326355 0.4340355098247528
f 247/774/247 217/775/217 264/776/264
vt 0.8044225573539734 0.4223169684410095
vt 0.8020022511482239 0.4159755110740662
vt 0.8129402995109558 0.4245246052742004
f 217/777/217 247/778/247 218/779/218
vt 0.4456689953804016 0.0543450005352497
f 216/767/216 221/772/221 223/780/223
vt 0.4455350041389465 0.0546899996697903
f 216/767/216 221/781/221 219/768/219
vt 0.4455400109291077 0.0540309995412827
f 226/734/226 223/782/223 221/772/221
vt 0.7688490152359009 0.9696379899978638
vt 0.7545220851898193 0.9742796421051025
vt 0.7595629096031189 0.9729707837104797
f 181/783/181 253/784/253 209/785/209
vt 0.7558551430702209 0.6932461857795715
vt 0.7673834562301636 0.6975042223930359
f 210/661/210 145/786/145 228/787/228
vt 0.4462549984455109 0.0543369986116886
f 221/781/221 223/780/223 224/788/224
f 221/781/221 224/788/224 219/768/219
f 214/758/214 228/760/228 225/749/225
vt 0.8796269893646240 0.4945103228092194
vt 0.8882049918174744 0.4914328157901764
f 168/716/168 222/789/222 229/790/229
vt 0.8271869421005249 0.0231772847473621
vt 0.8243316411972046 0.0289300866425037
vt 0.8171373605728149 0.0241305157542229
f 212/791/212 220/792/220 550/793/550
vt 0.4458679854869843 0.0540970005095005
f 223/794/223 226/734/226 224/788/224
vt 0.0317795090377331 0.7337685823440552
f 198/705/198 215/754/215 266/795/266
vt 0.8920384645462036 0.4936918914318085
f 168/716/168 229/790/229 235/796/235
vt 0.8055956959724426 0.4190236032009125
vt 0.8126827478408813 0.4154067635536194
f 218/779/218 247/797/247 254/798/254
vt 0.8602477908134460 0.3456057310104370
vt 0.8651418685913086 0.3456092476844788
f 208/714/208 201/799/201 253/800/253
vt 0.9259988069534302 0.0561118535697460
vt 0.9292173981666565 0.0558141097426414
vt 0.9262471795082092 0.0600730255246162
f 220/801/220 202/802/202 240/803/240
vt 0.7715487480163574 0.6917955279350281
vt 0.7708147764205933 0.6960707902908325
f 228/787/228 233/804/233 225/805/225
vt 0.7662789225578308 0.6949663162231445
f 145/786/145 233/804/233 228/806/228
vt 0.4022392630577087 0.8974596858024597
vt 0.4001349508762360 0.9055157303810120
vt 0.3979541063308716 0.9060930013656616
f 230/807/230 224/808/224 226/809/226
vt 0.4089200794696808 0.9014924764633179
f 230/807/230 241/810/241 224/808/224
vt 0.8835462927818298 0.2820807397365570
vt 0.8692432641983032 0.2841880619525909
f 217/742/217 589/811/589 264/812/264
vt 0.8832327723503113 0.4846603274345398
f 222/789/222 233/813/233 229/790/229
vt 0.9358557462692261 0.0555332377552986
vt 0.9405142068862915 0.0594823770225048
f 177/814/177 212/815/212 202/802/202
vt 0.5278084874153137 0.0474863722920418
vt 0.5199593901634216 0.0363855101168156
vt 0.5291453599929810 0.0328688770532608
f 168/816/168 235/817/235 252/818/252
vt 0.8501501679420471 0.3468641936779022
vt 0.8468900918960571 0.3434137403964996
vt 0.8524386882781982 0.3365874886512756
f 236/819/236 231/820/231 256/821/256
vt 0.8710674047470093 0.4897420108318329
vt 0.8732729554176331 0.4830903112888336
vt 0.8755992650985718 0.4918841123580933
f 225/822/225 233/823/233 222/824/222
vt 0.5394068956375122 0.0483880154788494
vt 0.5356289744377136 0.0438745729625225
vt 0.5410026907920837 0.0409463047981262
f 145/825/145 168/826/168 252/827/252
vt 0.8928819894790649 0.4923520088195801
vt 0.8927260041236877 0.4918650090694427
vt 0.8929100036621094 0.4911729991436005
f 234/828/234 237/829/237 238/830/238
vt 0.8932511210441589 0.4920670986175537
f 234/828/234 238/830/238 235/831/235
vt 0.8925759792327881 0.4922229945659637
f 235/796/235 229/790/229 234/832/234
f 234/832/234 229/790/229 238/830/238
vt 0.8075738549232483 0.7235202789306641
vt 0.8009704351425171 0.7153634428977966
vt 0.8106169104576111 0.7194918394088745
f 198/833/198 260/834/260 294/835/294
vt 0.7946775555610657 0.7243142724037170
vt 0.7993969917297363 0.7315695881843567
f 266/836/266 260/834/260 198/837/198
vt 0.0638304054737091 0.9678797125816345
vt 0.0643135234713554 0.9611788392066956
vt 0.0744224414229393 0.9629367589950562
f 199/838/199 227/839/227 259/840/259
vt 0.8196889758110046 0.0452185459434986
vt 0.8151830434799194 0.0538303516805172
vt 0.8112031817436218 0.0455984100699425
f 220/841/220 240/842/240 239/843/239
vt 0.4082998633384705 0.8947577476501465
f 230/807/230 203/844/203 241/810/241
f 236/819/236 256/821/256 201/766/201
vt 0.8919984698295593 0.4861074090003967
f 235/831/235 238/830/238 252/845/252
vt 0.8134638667106628 0.0521405600011349
vt 0.8113511800765991 0.0549842230975628
vt 0.8125650286674500 0.0523369982838631
f 240/846/240 244/847/244 242/848/242
vt 0.8123459815979004 0.0521269999444485
f 240/846/240 242/849/242 239/843/239
f 238/830/238 229/790/229 252/845/252
vt 0.8060934543609619 0.4049161672592163
vt 0.8103238344192505 0.4151341915130615
f 247/778/247 514/850/514 254/851/254
vt 0.8182908296585083 0.7246249914169312
vt 0.8239381909370422 0.7107299566268921
f 232/762/232 294/852/294 251/853/251
vt 0.8120149970054626 0.0523860007524490
f 244/847/244 243/854/243 242/848/242
vt 0.8112480044364929 0.0520670004189014
f 242/848/242 243/854/243 245/855/245
vt 0.8378816246986389 0.7137708067893982
f 232/762/232 251/853/251 215/856/215
vt 0.8116243481636047 0.0525777973234653
f 244/847/244 255/857/255 243/854/243
vt 0.4121599793434143 0.8943087458610535
f 203/844/203 265/858/265 241/810/241
vt 0.8120909929275513 0.0520949997007847
vt 0.8126465082168579 0.0516009069979191
f 242/849/242 243/859/243 239/860/239
vt 0.4084898531436920 0.8762903213500977
vt 0.4094575643539429 0.8721109628677368
vt 0.4163132011890411 0.8698410987854004
f 203/861/203 199/862/199 265/863/265
vt 0.8088949918746948 0.0534159205853939
f 243/854/243 255/864/255 245/855/245
f 243/859/243 245/855/245 239/843/239
vt 0.4030365943908691 0.9088522791862488
vt 0.4048766493797302 0.9061174988746643
vt 0.4035539925098419 0.9070209860801697
f 224/865/224 241/866/241 248/867/248
vt 0.8574872016906738 0.3440519571304321
vt 0.8550609350204468 0.3314597606658936
vt 0.8674489855766296 0.3407688736915588
f 201/868/201 256/869/256 253/870/253
vt 0.0604317523539066 0.9313789606094360
vt 0.0644094347953796 0.9318696260452271
vt 0.0616420544683933 0.9324604272842407
f 219/871/219 224/872/224 246/873/246
vt 0.8177656531333923 0.0385683998465538
vt 0.8148308396339417 0.0341637246310711
f 220/874/220 239/843/239 550/875/550
vt 0.8803406357765198 0.4816444516181946
f 229/790/229 233/876/233 252/845/252
vt 0.4033260047435760 0.9072989821434021
vt 0.4038110077381134 0.9071099758148193
vt 0.4041320085525513 0.9071679711341858
f 248/877/248 249/878/249 250/879/250
vt 0.4036319851875305 0.9074000120162964
vt 0.4029995799064636 0.9089714884757996
f 248/877/248 249/880/249 224/881/224
f 245/855/245 255/864/255 239/843/239
f 248/867/248 241/866/241 249/878/249
vt 0.9312593936920166 0.0618860088288784
vt 0.9251667857170105 0.0632643327116966
f 240/803/240 202/882/202 244/883/244
vt 0.4044010043144226 0.9068980216979980
f 249/878/249 241/866/241 250/884/250
f 249/880/249 250/879/250 224/881/224
vt 0.8387184739112854 0.3385916650295258
vt 0.8378173708915710 0.3330640494823456
f 256/821/256 231/885/231 273/886/273
vt 0.4096694588661194 0.9097111821174622
f 250/879/250 268/887/268 224/881/224
vt 0.8346289396286011 0.3396206498146057
vt 0.8325583934783936 0.3352991342544556
f 231/888/231 163/889/163 273/886/273
vt 0.4047209918498993 0.9066259860992432
f 250/890/250 241/866/241 268/887/268
vt 0.4081514477729797 0.8626745343208313
vt 0.4110882282257080 0.8644721508026123
f 199/891/199 259/892/259 265/863/265
vt 0.9416095018386841 0.0608099438250065
vt 0.9430891871452332 0.0667012929916382
vt 0.9410396814346313 0.0727511569857597
f 212/893/212 274/894/274 258/895/258
vt 0.9269950389862061 0.0690710321068764
f 202/882/202 258/896/258 244/883/244
vt 0.8226126432418823 0.0190034378319979
vt 0.8199757337570190 0.0175110809504986
f 212/897/212 550/793/550 274/898/274
vt 0.9258010387420654 0.0648768171668053
vt 0.9222335815429688 0.0668394193053246
f 244/899/244 258/896/258 255/900/255
vt 0.0674745887517929 0.9334029555320740
f 246/739/246 224/872/224 268/901/268
vt 0.8907778859138489 0.4788493514060974
f 233/876/233 300/902/300 252/845/252
vt 0.9320181608200073 0.0740509331226349
f 202/882/202 212/893/212 258/903/258
vt 0.0736701563000679 0.9357815980911255
vt 0.0680679008364677 0.9407771229743958
f 246/739/246 268/904/268 227/905/227
vt 0.8363926410675049 0.7076856493949890
f 215/856/215 251/853/251 361/906/361
vt 0.8077901005744934 0.0511841811239719
vt 0.8031429052352905 0.0513982996344566
f 255/907/255 277/908/277 239/843/239
vt 0.7442131638526917 0.9709592461585999
vt 0.7504659295082092 0.9673340320587158
f 253/784/253 257/909/257 209/910/209
vt 0.8469256162643433 0.5868695378303528
vt 0.8394723534584045 0.5776349902153015
vt 0.8474473953247070 0.5825716853141785
f 247/911/247 494/912/494 514/913/514
vt 0.8643286824226379 0.3291765451431274
f 253/870/253 256/869/256 293/914/293
vt 0.4157580435276031 0.8949018120765686
vt 0.4186618328094482 0.9020264744758606
f 241/810/241 265/915/265 269/916/269
vt 0.7401031851768494 0.9738627672195435
f 253/784/253 304/917/304 257/909/257
vt 0.8018181920051575 0.0360167212784290
vt 0.8093296289443970 0.0405578985810280
f 239/843/239 373/918/373 550/919/550
vt 0.8087691068649292 0.7098064422607422
vt 0.7969906330108643 0.7099239230155945
vt 0.8051821589469910 0.7031128406524658
f 294/920/294 260/921/260 366/922/366
vt 0.5536916255950928 0.0430541224777699
vt 0.5478118062019348 0.0307167954742908
vt 0.5583719611167908 0.0344766080379486
f 145/923/145 252/924/252 507/925/507
vt 0.9518824815750122 0.6559707522392273
vt 0.9471231698989868 0.6568726301193237
vt 0.9556624293327332 0.6512557268142700
f 209/926/209 257/927/257 163/928/163
vt 0.8061175346374512 0.0533349998295307
vt 0.8026549816131592 0.0531419999897480
f 255/929/255 261/930/261 277/908/277
vt 0.5626028180122375 0.0381516739726067
vt 0.5670133829116821 0.0454037077724934
f 145/923/145 507/931/507 233/932/233
vt 0.9199529886245728 0.0717289969325066
vt 0.9202656149864197 0.0708996281027794
vt 0.9199090003967285 0.0726019963622093
f 261/933/261 255/934/255 263/935/263
vt 0.9199159741401672 0.0720369964838028
f 261/933/261 263/935/263 262/936/262
vt 0.9255183935165405 0.0739748626947403
f 255/934/255 258/937/258 263/935/263
vt 0.9195169806480408 0.0718519985675812
vt 0.9195780158042908 0.0726300030946732
vt 0.9195175170898438 0.0729056894779205
f 261/938/261 263/939/263 277/940/277
vt 0.8665124177932739 0.3274045884609222
vt 0.8729450106620789 0.3321772813796997
f 253/870/253 293/941/293 304/942/304
vt 0.9247311353683472 0.0078299138695002
vt 0.9322500228881836 0.0079639535397291
vt 0.9231144189834595 0.0112418793141842
f 361/943/361 350/944/350 215/945/215
vt 0.4141441881656647 0.9047118425369263
f 268/946/268 241/810/241 269/916/269
vt 0.8008744120597839 0.0460267290472984
f 239/843/239 277/947/277 373/918/373
f 263/935/263 258/937/258 277/940/277
vt 0.8113873004913330 0.3898075222969055
vt 0.8156202435493469 0.3961342573165894
f 320/948/320 254/949/254 514/850/514
vt 0.5667036771774292 0.0404768362641335
f 233/932/233 507/931/507 372/950/372
vt 0.8187826871871948 0.7102090120315552
vt 0.8123517632484436 0.7021549344062805
vt 0.8236114978790283 0.6947096586227417
f 251/951/251 294/952/294 361/953/361
vt 0.4176835715770721 0.8703114986419678
vt 0.4177547693252563 0.8634572029113770
vt 0.4241394996643066 0.8713880181312561
f 265/954/265 259/955/259 286/956/286
vt 0.8919956088066101 0.3054811656475067
vt 0.8969674110412598 0.3030816018581390
vt 0.8936032056808472 0.3152730166912079
f 589/957/589 254/958/254 320/959/320
vt 0.4143162071704865 0.9085209965705872
vt 0.4163900017738342 0.9083459973335266
f 268/960/268 269/916/269 267/961/267
vt 0.5308419466018677 0.0191889014095068
vt 0.5414335131645203 0.0193712301552296
vt 0.5436757206916809 0.0288509279489517
f 300/962/300 331/963/331 252/964/252
vt 0.4166080057621002 0.9079480171203613
vt 0.4169720113277435 0.9081000089645386
f 267/965/267 269/916/269 270/966/270
vt 0.4173719882965088 0.9082980155944824
f 267/961/267 270/966/270 271/967/271
vt 0.4167380034923553 0.9084389805793762
f 267/961/267 270/968/270 268/960/268
vt 0.4229098260402679 0.9026439189910889
vt 0.4200081229209900 0.9057669639587402
f 269/916/269 265/969/265 284/970/284
vt 0.7928894162178040 0.0447151884436607
f 277/947/277 483/971/483 373/918/373
vt 0.0808389559388161 0.9378677606582642
vt 0.0788219869136810 0.9411084055900574
f 268/904/268 287/972/287 227/973/227
vt 0.8628478050231934 0.3227735459804535
vt 0.8573228120803833 0.3214898407459259
f 293/974/293 256/869/256 325/975/325
vt 0.4156340956687927 0.9098226428031921
vt 0.4171890020370483 0.9086490273475647
f 268/976/268 270/968/270 287/977/287
vt 0.9529796838760376 0.6504157781600952
vt 0.9446107745170593 0.6482419371604919
vt 0.9509731531143188 0.6411068439483643
f 163/978/163 257/979/257 295/980/295
vt 0.4176290035247803 0.9079499840736389
f 270/966/270 269/916/269 271/981/271
vt 0.4180470108985901 0.9079300165176392
f 270/966/270 271/981/271 272/982/272
f 270/968/270 271/967/271 287/977/287
vt 0.8083011507987976 0.7012549638748169
vt 0.8077498674392700 0.6970937848091125
f 294/983/294 366/922/366 351/984/351
vt 0.5556160211563110 0.0319189988076687
f 507/925/507 252/924/252 488/985/488
vt 0.4188352227210999 0.9099742770195007
f 271/967/271 272/982/272 287/986/287
vt 0.9265529513359070 0.0168749541044235
vt 0.9358996152877808 0.0172232203185558
vt 0.9290778636932373 0.0281810648739338
f 215/987/215 350/988/350 266/989/266
vt 0.4178439974784851 0.9076290130615234
vt 0.4168215692043304 0.9062774777412415
f 271/990/271 269/991/269 272/982/272
vt 0.4198575615882874 0.9072805047035217
vt 0.4184049963951111 0.9078950285911560
f 269/991/269 284/992/284 272/993/272
f 272/993/272 284/992/284 287/986/287
vt 0.9186140298843384 0.0776308029890060
vt 0.9257827997207642 0.0793466269969940
vt 0.9192700386047363 0.0802456289529800
f 277/994/277 258/995/258 483/996/483
vt 0.7665638923645020 0.0115030631422997
vt 0.7642828226089478 0.0052251755259931
vt 0.7700789570808411 0.0069670323282480
f 390/997/390 288/998/288 700/999/700
vt 0.6660610437393188 0.0274015404284000
vt 0.6676931381225586 0.0289553124457598
vt 0.6648104786872864 0.0277168620377779
f 336/1000/336 367/1001/367 299/1002/299
vt 0.4314720332622528 0.8873385190963745
vt 0.4306831657886505 0.8784294128417969
vt 0.4367037415504456 0.8824238777160645
f 265/1003/265 286/1004/286 282/1005/282
vt 0.9228311777114868 0.9845687150955200
vt 0.9205291867256165 0.9873974919319153
vt 0.9216840267181396 0.9841579794883728
f 310/1006/310 285/1007/285 275/1008/275
vt 0.9193688631057739 0.9831127524375916
f 310/1006/310 275/1008/275 301/1009/301
vt 0.6634128689765930 0.0222325809299946
vt 0.6637917757034302 0.0211802273988724
vt 0.6651408076286316 0.0223073866218328
f 285/1010/285 310/1011/310 311/1012/311
vt 0.6649930477142334 0.0239799432456493
f 285/1010/285 311/1012/311 299/1013/299
vt 0.9210370182991028 0.9839209914207458
f 285/1007/285 280/1014/280 275/1008/275
vt 0.4420731365680695 0.8786299824714661
vt 0.4438790082931519 0.8752880096435547
vt 0.4448127150535583 0.8754807710647583
f 282/1015/282 276/1016/276 283/1017/283
vt 0.9214400053024292 0.9839630126953125
f 275/1008/275 280/1014/280 278/1018/278
vt 0.9578388333320618 0.6427781581878662
vt 0.9645107984542847 0.6455357074737549
f 163/928/163 295/1019/295 330/1020/330
vt 0.4443812370300293 0.8782933950424194
vt 0.4424880146980286 0.8753929734230042
vt 0.4434669911861420 0.8751689791679382
f 282/1021/282 279/1022/279 276/1023/276
vt 0.4436070024967194 0.8748660087585449
vt 0.4421363472938538 0.8720308542251587
f 283/1017/283 276/1024/276 312/1025/312
vt 0.4430409967899323 0.8751199841499329
f 276/1023/276 279/1022/279 281/1026/281
f 280/1014/280 285/1007/285 301/1009/301
vt 0.4213069975376129 0.9102330207824707
vt 0.4259870350360870 0.9104717969894409
vt 0.4210860729217529 0.9150354862213135
f 287/1027/287 284/1028/284 285/1029/285
vt 0.4387699067592621 0.8720016479492188
f 282/1015/282 286/1030/286 279/1022/279
vt 0.9211789965629578 0.9837759733200073
vt 0.9217150211334229 0.9839130043983459
f 280/1031/280 301/1009/301 275/1032/275
vt 0.4426099956035614 0.8750590085983276
f 276/1024/276 279/1033/279 312/1025/312
f 279/1033/279 286/1030/286 312/1025/312
vt 0.8477774858474731 0.3183145225048065
vt 0.8501262664794922 0.3186328709125519
f 256/869/256 273/1034/273 333/1035/333
vt 0.0840044319629669 0.9296684861183167
vt 0.0887286663055420 0.9294214844703674
vt 0.0830503404140472 0.9318504333496094
f 285/1036/285 299/1037/299 287/1038/287
vt 0.9900975823402405 0.0758436843752861
vt 0.9863893389701843 0.0701523125171661
vt 0.9898335337638855 0.0685908570885658
f 282/1039/282 283/1040/283 316/1041/316
vt 0.4386568963527679 0.8876683115959167
vt 0.4413033723831177 0.8910802602767944
vt 0.4389905333518982 0.8990240097045898
f 265/1042/265 291/1043/291 284/1044/284
vt 0.9930711388587952 0.7474659085273743
vt 0.9882919788360596 0.7551473379135132
vt 0.9846742153167725 0.7485148906707764
f 274/1045/274 550/1046/550 384/1047/384
vt 0.6676220893859863 0.0332771390676498
vt 0.6647914052009583 0.0307617727667093
f 367/1001/367 472/1048/472 299/1049/299
vt 0.4423568546772003 0.8789063096046448
vt 0.4508139193058014 0.8855271339416504
f 265/1042/265 282/1050/282 291/1051/291
vt 0.9119668006896973 0.9895095229148865
vt 0.9177603721618652 0.9832065105438232
f 285/1007/285 284/1052/284 301/1053/301
vt 0.9135770201683044 0.9791486263275146
vt 0.9116268754005432 0.9832231998443604
f 448/1054/448 301/1053/301 284/1055/284
vt 0.5822050571441650 0.1474954932928085
vt 0.5701870918273926 0.1509797424077988
vt 0.5754486918449402 0.1332427561283112
f 293/1056/293 435/1057/435 700/1058/700
vt 0.9846685528755188 0.0745908394455910
vt 0.9823212623596191 0.0808428674936295
vt 0.9823369979858398 0.0745460018515587
f 283/1059/283 312/1060/312 289/1061/289
vt 0.9821578860282898 0.0720901563763618
f 283/1059/283 289/1061/289 297/1062/297
vt 0.5849723219871521 0.1506210267543793
vt 0.5765691995620728 0.1541163772344589
f 293/1056/293 290/1063/290 435/1064/435
vt 0.4438185691833496 0.8906211256980896
vt 0.4486260116100311 0.8939572572708130
f 284/1044/284 291/1065/291 298/1066/298
vt 0.9815580248832703 0.0747049972414970
f 312/1060/312 292/1067/292 289/1061/289
vt 0.3324777781963348 0.0329394042491913
vt 0.3220094740390778 0.0322265662252903
vt 0.3257689774036407 0.0212280917912722
f 316/1068/316 291/1069/291 282/1070/282
vt 0.5863262414932251 0.1576949506998062
f 290/1063/290 601/1071/601 435/1064/435
vt 0.6016854047775269 0.1548501849174500
vt 0.6024909019470215 0.1624067276716232
vt 0.5943481326103210 0.1609417647123337
f 293/1072/293 300/1073/300 290/1074/290
vt 0.9808409810066223 0.0746219977736473
f 289/1061/289 292/1067/292 296/1075/296
vt 0.9814140200614929 0.0743530020117760
f 289/1061/289 292/1076/292 297/1062/297
f 312/1060/312 296/1075/296 292/1067/292
vt 0.6165742874145508 0.9758374691009521
vt 0.6245760321617126 0.9877135753631592
vt 0.6154280900955200 0.9835934042930603
f 257/1077/257 288/1078/288 302/1079/302
vt 0.9121332764625549 0.9812453985214233
vt 0.9045971035957336 0.9825093746185303
f 448/1054/448 284/1080/284 308/1081/308
vt 0.6173263192176819 0.9698879122734070
vt 0.6109902858734131 0.9727424383163452
vt 0.6168096065521240 0.9640411734580994
f 257/1082/257 302/1083/302 344/1084/344
vt 0.6039775013923645 0.1538205295801163
vt 0.6056231260299683 0.1450709551572800
vt 0.6151939034461975 0.1524883359670639
f 293/1085/293 325/1086/325 300/1087/300
vt 0.4606685936450958 0.9049721956253052
vt 0.4492725133895874 0.9028102755546570
vt 0.4612171053886414 0.8986302018165588
f 303/1088/303 298/1089/298 291/1090/291
vt 0.9827069640159607 0.0789690837264061
f 312/1091/312 297/1062/297 296/1075/296
vt 0.9061131477355957 0.9880253672599792
f 284/1055/284 298/1092/298 308/1081/308
vt 0.4240141212940216 0.6785621047019958
vt 0.4147222042083740 0.6792153716087341
vt 0.4202462732791901 0.6735385656356812
f 322/1093/322 308/1094/308 350/1095/350
vt 0.4526505768299103 0.9106851220130920
vt 0.4511065781116486 0.9142692685127258
f 298/1089/298 303/1096/303 308/1097/308
f 292/1076/292 296/1075/296 297/1062/297
vt 0.9694277644157410 0.3906237781047821
vt 0.9699509739875793 0.3937180042266846
vt 0.9656940102577209 0.3976145386695862
f 368/1098/368 318/1099/318 319/1100/319
vt 0.9154523015022278 0.8513640165328979
vt 0.9208961129188538 0.8528785705566406
vt 0.9149361848831177 0.8592519760131836
f 386/1101/386 376/1102/376 429/1103/429
vt 0.6058823466300964 0.9718145132064819
vt 0.6116800308227539 0.9644170999526978
f 302/1104/302 337/1105/337 344/1084/344
vt 0.6650944948196411 0.0240013916045427
vt 0.6666874289512634 0.0216519515961409
vt 0.6668969988822937 0.0223210006952286
f 299/1106/299 311/1107/311 305/1108/305
vt 0.4698332250118256 0.9093114733695984
vt 0.4720359444618225 0.9067887663841248
vt 0.4751950204372406 0.9099747538566589
f 308/1109/308 303/1110/303 313/1111/313
vt 0.6674889922142029 0.0230529997497797
vt 0.6694070100784302 0.0241299476474524
f 299/1106/299 306/1112/306 336/1113/336
vt 0.6671400070190430 0.0226850006729364
f 299/1106/299 305/1108/305 307/1114/307
f 299/1106/299 307/1114/307 306/1112/306
vt 0.6490148305892944 0.4743463397026062
vt 0.6553667187690735 0.4707617461681366
vt 0.6552543044090271 0.4758693277835846
f 299/1115/299 227/1116/227 287/1117/287
vt 0.9775170087814331 0.0797778591513634
vt 0.9742718935012817 0.0810426771640778
vt 0.9763242602348328 0.0778448060154915
f 312/1118/312 402/1119/402 314/1120/314
vt 0.9595274329185486 0.3968200981616974
vt 0.9657387137413025 0.3915681540966034
f 319/1100/319 324/1121/324 368/1122/368
vt 0.3340977430343628 0.0735235884785652
vt 0.3389860093593597 0.0656504780054092
vt 0.3455625176429749 0.0580770038068295
f 163/1123/163 330/1124/330 273/1125/273
vt 0.4974804520606995 0.9577218890190125
vt 0.5022882819175720 0.9599592089653015
vt 0.5026469230651855 0.9638084173202515
f 318/1126/318 368/1127/368 483/1128/483
vt 0.4161410629749298 0.6770323514938354
f 308/1094/308 313/1129/313 350/1095/350
vt 0.9859840869903564 0.4082457721233368
vt 0.9883059859275818 0.4169668555259705
vt 0.9836197495460510 0.4175594747066498
f 313/1130/313 303/1131/303 291/1132/291
vt 0.9794087409973145 0.4082237482070923
vt 0.9771161079406738 0.4158881306648254
f 321/1133/321 313/1130/313 291/1134/291
vt 0.5785900950431824 0.1186768114566803
vt 0.5909407138824463 0.1268895566463470
f 700/1058/700 304/1135/304 293/1136/293
vt 0.6164206862449646 0.9915588498115540
vt 0.6104203462600708 0.9900057911872864
f 302/1079/302 288/1137/288 329/1138/329
vt 0.9746092557907104 0.4040835201740265
vt 0.9797782897949219 0.3917619585990906
f 319/1139/319 318/1140/318 321/1133/321
vt 0.9811037778854370 0.4051638841629028
vt 0.9825406670570374 0.4046197533607483
f 313/1130/313 321/1141/321 318/1142/318
vt 0.6263837814331055 0.9727632999420166
vt 0.6282799243927002 0.9670611619949341
vt 0.6301327347755432 0.9703395962715149
f 288/1143/288 257/1144/257 304/1145/304
vt 0.4386830031871796 0.8698211312294006
vt 0.4344834685325623 0.8666837215423584
vt 0.4367812573909760 0.8635813593864441
f 286/1146/286 382/1147/382 312/1148/312
vt 0.6358237862586975 0.9725009799003601
f 288/1143/288 304/1145/304 700/1149/700
vt 0.9762064218521118 0.0774681940674782
vt 0.9760910272598267 0.0765959993004799
f 314/1150/314 317/1151/317 312/1091/312
vt 0.9755759835243225 0.0770030021667480
f 314/1150/314 315/1152/315 317/1151/317
vt 0.6120820641517639 0.1466372460126877
vt 0.6169815659523010 0.1451994180679321
f 300/1087/300 325/1153/325 331/1154/331
vt 0.5458852052688599 0.0232618916779757
vt 0.5494039058685303 0.0192682500928640
f 331/1155/331 420/1156/420 252/964/252
vt 0.6669610142707825 0.0220769997686148
f 307/1114/307 305/1157/305 306/1112/306
vt 0.6478943228721619 0.4738537967205048
vt 0.6484160423278809 0.4644944667816162
f 299/1158/299 472/1159/472 227/1116/227
vt 0.9718621373176575 0.4176154732704163
vt 0.9620984196662903 0.4118293523788452
f 291/1134/291 316/1160/316 321/1161/321
vt 0.0903033837676048 0.0044880770146847
vt 0.0877344757318497 0.0074570146389306
vt 0.0881792008876801 0.0038483559619635
f 322/1162/322 371/1163/371 413/1164/413
vt 0.8083593249320984 0.9700751304626465
vt 0.8123916983604431 0.9747464060783386
vt 0.8068727254867554 0.9724901318550110
f 335/1165/335 371/1166/371 361/1167/361
vt 0.9513396024703979 0.4136876761913300
vt 0.9508032798767090 0.4073890745639801
f 321/1161/321 337/1168/337 324/1169/324
vt 0.6673949956893921 0.0225760005414486
vt 0.6682772636413574 0.0222554821521044
f 306/1112/306 307/1170/307 311/1171/311
f 306/1112/306 311/1171/311 336/1113/336
vt 0.8863592743873596 0.8664802908897400
vt 0.8868489861488342 0.8664690256118774
vt 0.8868912458419800 0.8672281503677368
f 335/1172/335 328/1173/328 370/1174/370
vt 0.9064700603485107 0.9751891493797302
vt 0.9065510034561157 0.9736160039901733
vt 0.9091485142707825 0.9724765419960022
f 448/1175/448 360/1176/360 440/1177/440
vt 0.9032667875289917 0.9738715887069702
f 448/1175/448 308/1081/308 342/1178/342
f 305/1157/305 311/1171/311 307/1170/307
vt 0.8040871620178223 0.9778121113777161
vt 0.8112776875495911 0.9763871431350708
vt 0.8148537278175354 0.9841396808624268
f 361/1179/361 371/1180/371 322/1181/322
vt 0.6094616055488586 0.9619613289833069
vt 0.6045235991477966 0.9592067599296570
f 337/1182/337 302/1104/302 324/1183/324
vt 0.5976142883300781 0.9759777188301086
vt 0.5982515811920166 0.9673669934272766
f 302/1104/302 329/1184/329 354/1185/354
vt 0.9623649716377258 0.4016526043415070
vt 0.9549024105072021 0.4018649160861969
f 319/1186/319 321/1161/321 324/1187/324
vt 0.9052954912185669 0.9732304215431213
f 448/1175/448 342/1178/342 360/1188/360
vt 0.9755781888961792 0.0761357247829437
f 312/1091/312 317/1151/317 297/1189/297
vt 0.6018723249435425 0.9653927683830261
f 302/1104/302 354/1185/354 324/1190/324
vt 0.9750970005989075 0.0768759995698929
f 317/1151/317 315/1152/315 323/1191/323
vt 0.9753659963607788 0.0766090005636215
f 317/1151/317 315/1192/315 297/1189/297
vt 0.8892039656639099 0.8583911061286926
vt 0.8904547691345215 0.8652929663658142
vt 0.8872822523117065 0.8644856810569763
f 334/1193/334 396/1194/396 335/1195/335
f 314/1150/314 323/1191/323 315/1152/315
vt 0.0867102146148682 0.0107139293104410
vt 0.0857926532626152 0.0103460764512420
vt 0.0876830518245697 0.0086733382195234
f 335/1196/335 370/1197/370 371/1198/371
vt 0.8873314857482910 0.8654305338859558
vt 0.8872979879379272 0.8663340210914612
f 335/1199/335 327/1200/327 328/1173/328
vt 0.9668075442314148 0.4218826889991760
vt 0.9590179920196533 0.4215781092643738
f 321/1161/321 316/1201/316 337/1202/337
vt 0.5051741003990173 0.9041645526885986
vt 0.5095044374465942 0.9057929515838623
vt 0.5050295591354370 0.9148312211036682
f 335/1203/335 361/1204/361 334/1205/334
vt 0.9746419787406921 0.0775049999356270
vt 0.9746249914169312 0.0768150016665459
f 314/1206/314 402/1207/402 323/1191/323
vt 0.8875690102577209 0.8663830161094666
f 335/1199/335 332/1208/332 327/1200/327
vt 0.5981112122535706 0.9733371138572693
vt 0.5894473791122437 0.9667147397994995
f 329/1209/329 368/1210/368 354/1185/354
vt 0.8122316002845764 0.6945846676826477
vt 0.8101243972778320 0.6926645636558533
vt 0.8105990290641785 0.6936269998550415
f 294/1211/294 351/1212/351 309/1213/309
vt 0.8515562415122986 0.3170403242111206
vt 0.8533302545547485 0.3164724409580231
f 256/869/256 333/1214/333 325/1215/325
vt 0.5977354645729065 0.9746485352516174
vt 0.5942661762237549 0.9750430583953857
f 329/1216/329 403/1217/403 368/1210/368
vt 0.9000098109245300 0.9757815599441528
f 342/1178/342 308/1081/308 322/1218/322
vt 0.3225286006927490 0.0543620549142361
vt 0.3204782009124756 0.0604919083416462
vt 0.3186921477317810 0.0502653084695339
f 330/1219/330 337/1220/337 316/1221/316
vt 0.8870260119438171 0.8665130138397217
f 328/1222/328 327/1200/327 332/1208/332
vt 0.8874139785766602 0.8664669990539551
vt 0.8872269988059998 0.8665800094604492
f 328/1222/328 327/1223/327 370/1224/370
f 315/1192/315 323/1191/323 402/1207/402
vt 0.9747196435928345 0.0737505778670311
f 315/1192/315 402/1207/402 297/1225/297
vt 0.9430170059204102 0.0829995200037956
vt 0.9339933991432190 0.0897007510066032
vt 0.9337367415428162 0.0855241417884827
f 274/1226/274 445/1227/445 258/1228/258
vt 0.8087860345840454 0.9899705648422241
vt 0.8045209050178528 0.9851567149162292
f 322/1181/322 350/1229/350 361/1230/361
vt 0.8109490275382996 0.6928160190582275
f 309/1213/309 339/1231/339 294/1211/294
vt 0.8105720281600952 0.6929039955139160
f 309/1213/309 351/1212/351 339/1232/339
vt 0.8106819987297058 0.6921960115432739
f 309/1213/309 338/1233/338 339/1231/339
vt 0.5867342948913574 0.9796016812324524
vt 0.5900354385375977 0.9825068116188049
vt 0.5855348706245422 0.9817336797714233
f 373/1234/373 403/1235/403 412/1236/412
vt 0.5871456861495972 0.9756138920783997
f 403/1235/403 373/1237/373 368/1210/368
vt 0.3765237927436829 0.6837137341499329
vt 0.3715539276599884 0.6826307177543640
vt 0.3788554072380066 0.6725667715072632
f 318/1238/318 483/1239/483 345/1240/345
vt 0.3887667357921600 0.6849447488784790
vt 0.3917813599109650 0.6791049242019653
vt 0.3952506780624390 0.6837262511253357
f 318/1241/318 442/1242/442 313/1243/313
vt 0.8913969993591309 0.8632400035858154
f 334/1193/334 422/1244/422 396/1194/396
vt 0.8906083703041077 0.8659010529518127
f 335/1199/335 396/1245/396 332/1208/332
vt 0.8911097049713135 0.8601563572883606
vt 0.8932746648788452 0.8592001199722290
f 422/1246/422 334/1193/334 364/1247/364
vt 0.9038329720497131 0.9718980193138123
vt 0.9045445322990417 0.9712612628936768
f 342/1178/342 341/1248/341 360/1249/360
vt 0.9036319851875305 0.9717720150947571
f 342/1178/342 343/1250/343 341/1248/341
vt 0.8115967512130737 0.6902064681053162
f 294/1211/294 339/1231/339 326/1251/326
vt 0.9033020138740540 0.9718649983406067
vt 0.9034610986709595 0.9736676812171936
vt 0.9029499888420105 0.9715769886970520
f 343/1252/343 342/1253/342 348/1254/348
vt 0.9906684756278992 0.1935270130634308
vt 0.9808020591735840 0.1984404027462006
vt 0.9843997955322266 0.1886866539716721
f 337/1255/337 295/1256/295 344/1257/344
f 332/1208/332 396/1245/396 327/1223/327
f 327/1223/327 396/1245/396 370/1174/370
vt 0.8983995914459229 0.9778897166252136
vt 0.8999849557876587 0.9716559648513794
f 342/1178/342 322/1258/322 413/1259/413
vt 0.8122032880783081 0.6903111934661865
f 294/1211/294 326/1260/326 361/953/361
vt 0.9027910232543945 0.9712669849395752
f 342/1253/342 413/1259/413 348/1261/348
vt 0.8514599800109863 0.3160780072212219
vt 0.8521180152893066 0.3163270056247711
f 333/1214/333 346/1262/346 347/1263/347
vt 0.9034320116043091 0.9716089963912964
vt 0.9030470252037048 0.9713400006294250
vt 0.9039520025253296 0.9717010259628296
f 343/1264/343 348/1265/348 341/1266/341
vt 0.9035670161247253 0.9713749885559082
f 341/1266/341 343/1267/343 360/1249/360
vt 0.6000636219978333 0.9596201777458191
vt 0.5961356759071350 0.9659907817840576
vt 0.5924516916275024 0.9559295177459717
f 324/1268/324 354/1269/354 368/1270/368
vt 0.9238826632499695 0.6532906293869019
vt 0.9198413491249084 0.6556369662284851
vt 0.9212313294410706 0.6517903804779053
f 388/1271/388 329/1272/329 353/1273/353
vt 0.9806634783744812 0.1934668421745300
f 344/1257/344 295/1256/295 257/1274/257
f 348/1265/348 360/1249/360 343/1267/343
f 348/1261/348 413/1259/413 360/1249/360
vt 0.8462427258491516 0.3177047967910767
vt 0.8509746789932251 0.3152338862419128
vt 0.8514683842658997 0.3172171413898468
f 273/1275/273 358/1276/358 333/1277/333
vt 0.8524420261383057 0.3164440095424652
vt 0.8526099920272827 0.3160040080547333
f 325/1215/325 333/1278/333 349/1279/349
vt 0.7062147259712219 0.4702925682067871
vt 0.7047853469848633 0.4609636962413788
vt 0.7093660235404968 0.4704008996486664
f 312/1280/312 382/1281/382 402/1282/402
f 333/1278/333 347/1263/347 349/1279/349
vt 0.5532006621360779 0.9164254665374756
vt 0.5467759966850281 0.9192169904708862
vt 0.5444549918174744 0.9188556671142578
f 366/1283/366 326/1284/326 351/1285/351
f 347/1263/347 346/1262/346 349/1279/349
f 339/1232/339 351/1212/351 338/1233/338
f 339/1231/339 338/1233/338 326/1251/326
vt 0.6693474054336548 0.0217222236096859
vt 0.6664634943008423 0.0191721301525831
vt 0.6716532111167908 0.0187058039009571
f 311/1286/311 310/1287/310 336/1288/336
vt 0.3251927495002747 0.0620704889297485
vt 0.3252409994602203 0.0628739967942238
vt 0.3258131742477417 0.0640422105789185
f 337/1289/337 352/1290/352 295/1291/295
vt 0.5923107266426086 0.1680233776569366
vt 0.5805929899215698 0.1660644561052322
f 290/1074/290 300/1292/300 601/1293/601
vt 0.9206792116165161 0.6469275951385498
vt 0.9218264818191528 0.6441215872764587
vt 0.9215329885482788 0.6449570059776306
f 353/1294/353 363/1295/363 356/1296/356
vt 0.6090179681777954 0.1337473839521408
vt 0.6221814751625061 0.1329163312911987
vt 0.6167002320289612 0.1406718790531158
f 325/1297/325 359/1298/359 331/1299/331
vt 0.9219160079956055 0.6460919976234436
f 353/1294/353 356/1296/356 355/1300/355
vt 0.9222999811172485 0.6462829709053040
f 353/1294/353 355/1300/355 357/1301/357
vt 0.9233036041259766 0.6473228931427002
f 353/1294/353 357/1301/357 388/1302/388
vt 0.9189280271530151 0.6438059806823730
vt 0.9188178181648254 0.6444168686866760
vt 0.9174849987030029 0.6410760283470154
f 363/1303/363 353/1304/353 288/1305/288
vt 0.9222769737243652 0.6458709836006165
f 356/1296/356 363/1295/363 355/1306/355
f 356/1296/356 357/1301/357 355/1300/355
f 333/1277/333 358/1276/358 346/1262/346
vt 0.5961291790008545 0.5646586418151855
vt 0.5966982245445251 0.5544549226760864
vt 0.6006875038146973 0.5655379295349121
f 300/1307/300 443/1308/443 576/1309/576
vt 0.8521639704704285 0.3158349990844727
f 346/1262/346 358/1276/358 347/1310/347
vt 0.8524559736251831 0.3155669867992401
f 325/1215/325 349/1279/349 359/1311/359
vt 0.9869163036346436 0.0674472972750664
vt 0.9842595458030701 0.0689955279231071
vt 0.9781090021133423 0.0649066641926765
f 283/1312/283 297/1313/297 383/1314/383
vt 0.9229049682617188 0.6456728577613831
f 357/1301/357 355/1306/355 363/1315/363
vt 0.9233967065811157 0.6467383503913879
f 357/1301/357 363/1315/363 388/1316/388
vt 0.5970747470855713 0.9866332411766052
vt 0.5867919325828552 0.9896681308746338
f 329/1317/329 388/1318/388 403/1235/403
vt 0.3262266516685486 0.0609957091510296
vt 0.3257969915866852 0.0621710009872913
f 337/1220/337 330/1319/330 362/1320/362
f 337/1220/337 362/1320/362 352/1290/352
f 349/1279/349 347/1310/347 359/1311/359
vt 0.6460077166557312 0.4573816657066345
vt 0.6487266421318054 0.4517129659652710
vt 0.6507534384727478 0.4577516317367554
f 340/1321/340 471/1322/471 472/1323/472
vt 0.9198985695838928 0.6463724970817566
vt 0.9160046577453613 0.6441299915313721
f 353/1324/353 329/1325/329 288/1305/288
f 347/1310/347 358/1276/358 359/1311/359
vt 0.6569654345512390 0.4517366886138916
vt 0.6518193483352661 0.4576814472675323
f 259/1326/259 472/1327/472 471/1322/471
vt 0.3255439996719360 0.0627489984035492
f 352/1290/352 362/1320/362 365/1328/365
vt 0.6585452556610107 0.4634800553321838
f 227/1329/227 472/1323/472 259/1326/259
vt 0.6122350096702576 0.1304479986429214
vt 0.6132279634475708 0.1308614164590836
f 359/1298/359 358/1330/358 273/1331/273
vt 0.7985280156135559 0.0264313165098429
vt 0.7970893383026123 0.0340182296931744
vt 0.7946047186851501 0.0312841720879078
f 550/1332/550 373/1333/373 421/1334/421
vt 0.9843886494636536 0.6922145485877991
vt 0.9854609966278076 0.6858392953872681
vt 0.9871660470962524 0.6865954995155334
f 233/1335/233 372/1336/372 300/1337/300
f 351/1212/351 326/1260/326 338/1233/338
vt 0.3253009915351868 0.0631709992885590
vt 0.3259469866752625 0.0625170022249222
f 352/1338/352 362/1339/362 295/1291/295
vt 0.3263761401176453 0.0618595816195011
f 330/1319/330 295/1340/295 362/1320/362
vt 0.9232655763626099 0.6414601206779480
vt 0.9302739500999451 0.6464297175407410
f 388/1316/388 363/1341/363 598/1342/598
vt 0.3940270543098450 0.6692667603492737
vt 0.3917498588562012 0.6721085906028748
vt 0.3896245956420898 0.6670611500740051
f 350/1343/350 313/1344/313 442/1345/442
vt 0.6530190706253052 0.4420461356639862
vt 0.6567757129669189 0.4390808939933777
vt 0.6584363579750061 0.4480124711990356
f 471/1346/471 375/1347/375 259/1348/259
vt 0.6938620805740356 0.4684594571590424
vt 0.6866539716720581 0.4588032960891724
vt 0.6947576999664307 0.4581652283668518
f 286/1349/286 259/1350/259 382/1351/382
vt 0.8542307019233704 0.8393390178680420
vt 0.8526570200920105 0.8386539816856384
vt 0.8529313802719116 0.8333166241645813
f 264/1352/264 589/1353/589 667/1354/667
vt 0.3844060003757477 0.6770809888839722
vt 0.3862961530685425 0.6728392839431763
f 318/1355/318 345/1240/345 442/1356/442
vt 0.7093316316604614 0.4654132723808289
vt 0.7082074284553528 0.4610238075256348
f 402/1357/402 382/1281/382 377/1358/377
vt 0.9847365617752075 0.4815179109573364
vt 0.9845129847526550 0.4834179878234863
vt 0.9841349720954895 0.4832760095596313
f 402/1359/402 377/1360/377 379/1361/379
vt 0.9841799736022949 0.4825679957866669
f 402/1359/402 379/1361/379 374/1362/374
vt 0.8952829241752625 0.8546219468116760
vt 0.8935260176658630 0.8499984741210938
f 364/1363/364 334/1193/334 415/1364/415
vt 0.9843192696571350 0.6727424263954163
vt 0.9794855713844299 0.6607518792152405
vt 0.9872123003005981 0.6696390509605408
f 443/1365/443 495/1366/495 369/1367/369
vt 0.6652652025222778 0.0146280322223902
vt 0.6641496419906616 0.0093612773343921
vt 0.6668580174446106 0.0147409997880459
f 301/1368/301 448/1369/448 310/1370/310
vt 0.7094299793243408 0.4617809951305389
vt 0.7096959948539734 0.4619700014591217
f 377/1358/377 378/1371/378 379/1372/379
vt 0.7094590067863464 0.4613969922065735
f 377/1358/377 380/1373/380 378/1371/378
f 378/1371/378 380/1373/380 379/1372/379
vt 0.9838290214538574 0.4836199879646301
f 379/1361/379 378/1374/378 374/1362/374
vt 0.9838619828224182 0.4830940067768097
vt 0.9832647442817688 0.4832475483417511
f 374/1362/374 379/1375/379 381/1376/381
f 374/1362/374 381/1376/381 402/1359/402
vt 0.6679530143737793 0.0159084685146809
vt 0.6703302264213562 0.0138141857460141
f 310/1377/310 470/1378/470 336/1288/336
vt 0.7099019885063171 0.4616299867630005
vt 0.7097880244255066 0.4611870050430298
f 378/1379/378 380/1373/380 381/1380/381
f 378/1374/378 381/1376/381 379/1375/379
f 380/1373/380 377/1358/377 381/1380/381
vt 0.7101991176605225 0.4598706364631653
f 377/1358/377 392/1381/392 381/1380/381
vt 0.4453379511833191 0.3444478213787079
vt 0.4447026252746582 0.3478095829486847
vt 0.4430814683437347 0.3479838967323303
f 471/1382/471 385/1383/385 375/1384/375
vt 0.6853324174880981 0.4525932073593140
vt 0.6896968483924866 0.4449890851974487
vt 0.6888282895088196 0.4540248215198517
f 259/1385/259 410/1386/410 382/1387/382
vt 0.9877968430519104 0.6849818229675293
vt 0.9852833747863770 0.6804521083831787
f 443/1365/443 300/1388/300 372/1389/372
vt 0.6667989492416382 0.0161058362573385
f 310/1390/310 448/1369/448 470/1378/470
vt 0.7092694640159607 0.4590952694416046
f 377/1358/377 389/1391/389 392/1381/392
vt 0.3504207730293274 0.0235037952661514
vt 0.3477537333965302 0.0349630378186703
vt 0.3473002314567566 0.0274449419230223
f 383/1392/383 316/1393/316 283/1394/283
vt 0.9007422924041748 0.9694492816925049
vt 0.9026569724082947 0.9677389860153198
f 413/1395/413 429/1396/429 360/1249/360
vt 0.9832244515419006 0.4828856289386749
vt 0.9820746183395386 0.4851090312004089
vt 0.9822540283203125 0.4843519926071167
f 381/1397/381 392/1398/392 387/1399/387
vt 0.7048425674438477 0.4616071879863739
vt 0.7086104750633240 0.4579028487205505
f 377/1358/377 382/1400/382 389/1401/389
vt 0.8162971735000610 0.6870013475418091
f 326/1260/326 439/1402/439 361/953/361
vt 0.5241708755493164 0.9844070076942444
vt 0.5230078101158142 0.9869567155838013
vt 0.5205704569816589 0.9829264283180237
f 412/1403/412 421/1404/421 373/1405/373
vt 0.5552299022674561 0.0254319421947002
f 252/964/252 420/1156/420 488/1406/488
vt 0.9242619276046753 0.8602111339569092
vt 0.9261770248413086 0.8632968664169312
vt 0.9226920008659363 0.8624027967453003
f 376/1407/376 394/1408/394 424/1409/424
vt 0.9225643873214722 0.8641160130500793
f 376/1407/376 424/1410/424 429/1103/429
vt 0.9817439913749695 0.4848960041999817
f 392/1398/392 391/1411/391 387/1399/387
vt 0.9810699820518494 0.4850639998912811
f 392/1398/392 406/1412/406 391/1411/391
vt 0.3963254988193512 0.6640850305557251
vt 0.3841456770896912 0.6570110917091370
f 350/1413/350 442/1345/442 266/1414/266
vt 0.9823338985443115 0.4836507439613342
f 381/1376/381 387/1399/387 454/1415/454
f 387/1399/387 391/1411/391 406/1412/406
vt 0.9814649820327759 0.4846290051937103
vt 0.9805234670639038 0.4823578894138336
f 387/1399/387 391/1416/391 454/1417/454
vt 0.3673128485679626 0.6748741269111633
vt 0.3750160932540894 0.6734756827354431
f 483/1239/483 405/1418/405 345/1419/345
vt 0.4460240006446838 0.3482240140438080
vt 0.4459440112113953 0.3490589857101440
f 385/1383/385 393/1420/393 395/1421/395
vt 0.9066149592399597 0.8553352952003479
vt 0.9124870300292969 0.8603808283805847
vt 0.9017830491065979 0.8591142296791077
f 386/1422/386 429/1423/429 364/1424/364
vt 0.4447557926177979 0.3500076830387115
vt 0.4462366104125977 0.3514969646930695
f 385/1425/385 395/1421/395 375/1426/375
vt 0.7113488912582397 0.4538647234439850
vt 0.7092540860176086 0.4573743939399719
f 382/1281/382 493/1427/493 389/1428/389
vt 0.9057725071907043 0.9708390235900879
vt 0.9050344824790955 0.9696109294891357
vt 0.9058730006217957 0.9702550172805786
f 360/1429/360 429/1430/429 397/1431/397
vt 0.9216734170913696 0.0827613323926926
vt 0.9238663911819458 0.0878861919045448
vt 0.9186270236968994 0.0846292674541473
f 258/1432/258 445/1433/445 483/1434/483
vt 0.9062110185623169 0.9705169796943665
f 360/1429/360 397/1431/397 411/1435/411
vt 0.9071608185768127 0.9714039564132690
vt 0.9070240259170532 0.9708099961280823
f 440/1436/440 360/1429/360 398/1437/398
f 360/1429/360 411/1435/411 398/1437/398
vt 0.4459770619869232 0.3467649519443512
vt 0.4464049935340881 0.3477790057659149
f 385/1438/385 399/1439/399 393/1420/393
vt 0.4476060569286346 0.3455153405666351
f 385/1438/385 471/1440/471 399/1439/399
vt 0.6623324751853943 0.4357695281505585
vt 0.6677826642990112 0.4369032979011536
f 259/1348/259 375/1441/375 521/1442/521
vt 0.7103520035743713 0.4584150016307831
f 389/1428/389 401/1443/401 392/1381/392
vt 0.7103000283241272 0.4575699865818024
f 389/1428/389 400/1444/400 401/1443/401
vt 0.9809150099754333 0.4854240119457245
f 392/1398/392 401/1445/401 406/1412/406
f 393/1420/393 399/1439/399 395/1421/395
vt 0.9044244289398193 0.8510885238647461
vt 0.8990594744682312 0.8516508936882019
f 386/1446/386 364/1424/364 415/1447/415
vt 0.9199638366699219 0.6254541277885437
vt 0.9222375750541687 0.6354496479034424
vt 0.9150720834732056 0.6313273906707764
f 390/1448/390 363/1449/363 288/1450/288
vt 0.4464200139045715 0.3485009968280792
vt 0.4494867920875549 0.3498480618000031
f 395/1421/395 393/1451/393 409/1452/409
f 395/1421/395 409/1452/409 375/1426/375
vt 0.9252154231071472 0.8633385300636292
vt 0.9280138611793518 0.8691803812980652
vt 0.9228476285934448 0.8664149641990662
f 394/1453/394 430/1454/430 424/1455/424
vt 0.9255639910697937 0.6421740055084229
f 363/1341/363 604/1456/604 598/1342/598
vt 0.0834947004914284 0.0050815078429878
vt 0.0857518389821053 0.0037153158336878
f 371/1163/371 370/1457/370 413/1458/413
vt 0.7105150222778320 0.4567669928073883
f 401/1443/401 400/1444/400 404/1459/404
vt 0.9808220267295837 0.4857119917869568
vt 0.9801949858665466 0.4860340058803558
vt 0.9795998930931091 0.4858905971050262
f 401/1460/401 400/1461/400 453/1462/453
vt 0.4465200006961823 0.3481799960136414
f 399/1463/399 471/1440/471 409/1452/409
f 399/1463/399 409/1452/409 393/1451/393
vt 0.9810060262680054 0.4846900105476379
f 391/1416/391 406/1464/406 454/1417/454
vt 0.9081906080245972 0.6716830730438232
vt 0.9090325236320496 0.6704630255699158
vt 0.9086809754371643 0.6712009906768799
f 412/1465/412 403/1466/403 407/1467/407
vt 0.9821352958679199 0.4828642010688782
vt 0.9830385446548462 0.4811734855175018
f 381/1376/381 454/1468/454 402/1469/402
vt 0.9801926612854004 0.4852658510208130
f 401/1445/401 453/1470/453 406/1412/406
vt 0.9084789752960205 0.6714640259742737
f 412/1465/412 407/1467/407 408/1471/408
f 400/1444/400 389/1428/389 404/1459/404
vt 0.9063180088996887 0.9703140258789062
f 397/1431/397 411/1472/411 398/1437/398
f 397/1431/397 429/1430/429 411/1472/411
f 398/1437/398 411/1472/411 429/1430/429
vt 0.9077240824699402 0.9710591435432434
f 398/1437/398 429/1430/429 440/1473/440
vt 0.7074862122535706 0.4515860974788666
vt 0.6971463561058044 0.4541487097740173
vt 0.7000235915184021 0.4433912634849548
f 493/1474/493 382/1475/382 410/1476/410
vt 0.9090859889984131 0.6709539890289307
f 403/1466/403 414/1477/414 407/1467/407
vt 0.7118090987205505 0.4560524523258209
f 493/1427/493 453/1478/453 389/1428/389
vt 0.3575864732265472 0.0292669925838709
vt 0.3607877492904663 0.0318768210709095
vt 0.3597629964351654 0.0315640009939671
f 383/1479/383 416/1480/416 316/1481/316
vt 0.9330149888992310 0.8663139939308167
vt 0.9333139657974243 0.8642014861106873
vt 0.9321023225784302 0.8670537471771240
f 394/1482/394 444/1483/444 430/1484/430
f 408/1471/408 407/1467/407 414/1477/414
vt 0.9088400006294250 0.6713160276412964
vt 0.9080824851989746 0.6733490824699402
f 408/1471/408 407/1485/407 421/1486/421
f 408/1471/408 421/1486/421 412/1465/412
vt 0.7106480002403259 0.4575290083885193
vt 0.7108079791069031 0.4564659893512726
f 400/1487/400 404/1488/404 453/1478/453
vt 0.9773312211036682 0.0713405087590218
vt 0.9743822813034058 0.0678233653306961
f 383/1314/383 297/1489/297 490/1490/490
vt 0.9421712756156921 0.0915838479995728
f 274/1226/274 384/1491/384 445/1227/445
f 406/1464/406 453/1470/453 454/1417/454
vt 0.6771659851074219 0.4426783323287964
vt 0.6803763508796692 0.4374803304672241
vt 0.6877197623252869 0.4458514750003815
f 259/1492/259 521/1493/521 410/1494/410
f 389/1428/389 453/1478/453 404/1488/404
vt 0.6254964470863342 0.4729030430316925
vt 0.6272804141044617 0.4710731804370880
vt 0.6300563812255859 0.4704048037528992
f 336/1495/336 478/1496/478 367/1497/367
vt 0.9272624254226685 0.5539020299911499
vt 0.9295470118522644 0.5545619726181030
vt 0.9288939833641052 0.5547429919242859
f 416/1498/416 383/1499/383 417/1500/417
vt 0.9107494354248047 0.6713598966598511
f 407/1485/407 414/1477/414 421/1501/421
vt 0.9101499915122986 0.6690626144409180
f 403/1502/403 421/1501/421 414/1477/414
vt 0.9308731555938721 0.5548777580261230
vt 0.9295669794082642 0.5551180243492126
f 490/1503/490 418/1504/418 383/1499/383
f 383/1499/383 418/1504/418 417/1500/417
vt 0.9291539788246155 0.5550259947776794
f 417/1500/417 418/1504/418 419/1505/419
vt 0.5045030117034912 0.9291979670524597
vt 0.5101970434188843 0.9411213994026184
vt 0.5019180178642273 0.9391292929649353
f 334/1506/334 473/1507/473 415/1508/415
vt 0.9893900156021118 0.4717891216278076
vt 0.9860755205154419 0.4728584587574005
vt 0.9888719916343689 0.4687786698341370
f 402/1509/402 454/1510/454 297/1511/297
vt 0.6315892338752747 0.1332647651433945
vt 0.6268584132194519 0.1403324007987976
f 359/1298/359 420/1512/420 331/1513/331
vt 0.9286302328109741 0.5554538965225220
vt 0.9289320111274719 0.5552620291709900
f 418/1504/418 416/1514/416 417/1515/417
vt 0.9308345913887024 0.5558580756187439
f 418/1504/418 490/1516/490 416/1514/416
vt 0.5153074860572815 0.9210593700408936
vt 0.5234740972518921 0.9166675806045532
vt 0.5242493748664856 0.9246035218238831
f 334/1517/334 361/1518/361 439/1519/439
vt 0.8130674362182617 0.5757776498794556
vt 0.8082938194274902 0.5707865953445435
vt 0.8165653347969055 0.5636937618255615
f 264/1520/264 608/1521/608 247/1522/247
vt 0.8908087015151978 0.8658961653709412
vt 0.8926766514778137 0.8661880493164062
vt 0.8917323350906372 0.8679556250572205
f 396/1523/396 441/1524/441 370/1525/370
vt 0.3692716956138611 0.6729618310928345
vt 0.3651963472366333 0.6696052551269531
vt 0.3756027519702911 0.6704659461975098
f 405/1526/405 484/1527/484 345/1528/345
vt 0.9003210067749023 0.9663770198822021
vt 0.8998280167579651 0.9659339785575867
f 425/1529/425 413/1395/413 434/1530/434
vt 0.9000639915466309 0.9659879803657532
f 425/1529/425 434/1530/434 426/1531/426
vt 0.8976577520370483 0.9615110754966736
f 370/1532/370 434/1530/434 413/1395/413
vt 0.6324369907379150 0.1322640031576157
vt 0.6324499845504761 0.1327040046453476
f 420/1512/420 427/1533/427 428/1534/428
f 420/1512/420 359/1298/359 427/1533/427
vt 0.6329309940338135 0.1328729987144470
f 420/1512/420 428/1534/428 423/1535/423
vt 0.6329820156097412 0.1325300037860870
f 423/1535/423 427/1533/427 428/1536/428
vt 0.2869710028171539 0.9624069929122925
vt 0.2873019874095917 0.9623950123786926
vt 0.2877952158451080 0.9632806777954102
f 423/1537/423 428/1538/428 488/1539/488
vt 0.2870619297027588 0.9639465212821960
f 423/1537/423 488/1539/488 420/1540/420
vt 0.6332906484603882 0.1320464164018631
f 427/1533/427 359/1298/359 488/1541/488
f 427/1533/427 488/1541/488 428/1536/428
vt 0.9004369974136353 0.9662809967994690
vt 0.9006249904632568 0.9662899971008301
f 413/1395/413 425/1542/425 437/1543/437
vt 0.9008679986000061 0.9664019942283630
f 413/1395/413 437/1543/437 431/1544/431
vt 0.5091540813446045 0.9345803260803223
vt 0.5192312598228455 0.9352060556411743
f 334/1545/334 439/1546/439 473/1507/473
vt 0.3414144515991211 0.0574910789728165
vt 0.3402959704399109 0.0614830665290356
f 316/1547/316 273/1125/273 330/1548/330
vt 0.8936089873313904 0.8656749725341797
vt 0.8935024142265320 0.8660674095153809
f 396/1523/396 432/1549/432 441/1550/441
vt 0.8942425251007080 0.8649406433105469
vt 0.8937529921531677 0.8654230237007141
f 396/1523/396 422/1551/422 433/1552/433
f 396/1523/396 433/1552/433 432/1549/432
f 413/1395/413 431/1544/431 429/1396/429
vt 0.9844027757644653 0.4675835967063904
f 297/1511/297 454/1510/454 490/1553/490
vt 0.8940129876136780 0.8652330040931702
f 422/1551/422 436/1554/436 433/1552/433
vt 0.9003890156745911 0.9659960269927979
f 437/1543/437 425/1555/425 431/1544/431
vt 0.9006909728050232 0.9660559892654419
vt 0.9005629420280457 0.9638867974281311
f 431/1544/431 437/1556/437 438/1557/438
f 431/1544/431 438/1557/438 429/1396/429
vt 0.9044247269630432 0.8830888271331787
vt 0.9091016054153442 0.8824517130851746
vt 0.9085920453071594 0.8882976174354553
f 440/1558/440 429/1559/429 448/1560/448
vt 0.8900107145309448 0.3175547122955322
vt 0.8906345963478088 0.3269122540950775
vt 0.8822267651557922 0.3203645050525665
f 320/1561/320 514/1562/514 589/1563/589
vt 0.8999680280685425 0.9657130241394043
f 425/1555/425 434/1564/434 438/1557/438
f 425/1555/425 438/1557/438 437/1556/437
vt 0.8940060138702393 0.8653540015220642
f 433/1552/433 436/1565/436 432/1549/432
vt 0.6328036189079285 0.1230676993727684
vt 0.6343610286712646 0.1309604197740555
f 359/1298/359 273/1566/273 488/1567/488
f 370/1532/370 438/1557/438 434/1564/434
vt 0.9356654286384583 0.8635745644569397
f 430/1484/430 444/1483/444 679/1568/679
vt 0.9125936627388000 0.6680634021759033
vt 0.9140120148658752 0.6672000288963318
vt 0.9175412654876709 0.6670040488243103
f 421/1569/421 403/1570/403 388/1571/388
vt 0.5937607288360596 0.5391621589660645
vt 0.6018729209899902 0.5425481796264648
vt 0.5964075326919556 0.5509546399116516
f 369/1572/369 576/1573/576 443/1574/443
vt 0.7059000134468079 0.4407837688922882
vt 0.7082433700561523 0.4425926208496094
f 410/1476/410 486/1575/486 493/1576/493
vt 0.8980990052223206 0.8634495735168457
vt 0.8986086845397949 0.8697701096534729
vt 0.8952792882919312 0.8655902743339539
f 364/1577/364 438/1578/438 422/1579/422
vt 0.8937010169029236 0.8657900094985962
vt 0.8938509821891785 0.8656479716300964
f 432/1580/432 433/1581/433 441/1550/441
vt 0.9197012186050415 0.8758397102355957
vt 0.9222189784049988 0.8801556825637817
vt 0.9149672985076904 0.8813068866729736
f 429/1582/429 424/1583/424 448/1584/448
vt 0.5164109468460083 0.9828292727470398
vt 0.5108385086059570 0.9817331433296204
vt 0.5154665708541870 0.9787963628768921
f 373/1585/373 483/1586/483 368/1587/368
vt 0.8941209912300110 0.8653230071067810
f 433/1581/433 436/1588/436 441/1550/441
vt 0.9474326372146606 0.0889600142836571
vt 0.9461900591850281 0.0925233885645866
vt 0.9454349875450134 0.0923380032181740
f 384/1589/384 481/1590/481 446/1591/446
vt 0.6241127252578735 0.4717673361301422
f 478/1496/478 336/1495/336 470/1592/470
vt 0.9195361733436584 0.6302665472030640
vt 0.9265152812004089 0.6348219513893127
f 390/1593/390 604/1594/604 363/1449/363
vt 0.3776644170284271 0.6541708111763000
vt 0.3803010284900665 0.6590552330017090
vt 0.3742611706256866 0.6557310819625854
f 509/1595/509 266/1596/266 449/1597/449
f 436/1588/436 422/1579/422 441/1550/441
vt 0.5146005153656006 0.2468693554401398
vt 0.5146348476409912 0.2539128661155701
vt 0.5025870800018311 0.2564372420310974
f 424/1598/424 520/1599/520 476/1600/476
vt 0.8301966190338135 0.5607790946960449
vt 0.8303896784782410 0.5527988076210022
vt 0.8352525830268860 0.5545975565910339
f 494/1601/494 541/1602/541 514/1603/514
vt 0.9328739643096924 0.8584625124931335
vt 0.9330850243568420 0.8608769774436951
vt 0.9325472116470337 0.8627578616142273
f 394/1604/394 447/1605/447 444/1606/444
vt 0.9358740448951721 0.8604096174240112
f 444/1606/444 447/1605/447 456/1607/456
vt 0.8959174156188965 0.8664342761039734
vt 0.8950191140174866 0.8676496744155884
f 422/1608/422 438/1578/438 441/1609/441
vt 0.9717008471488953 0.6724622845649719
vt 0.9731377363204956 0.6643117666244507
f 443/1365/443 515/1610/515 495/1611/495
vt 0.9748688340187073 0.6815322041511536
vt 0.9756529331207275 0.6764771938323975
f 443/1365/443 372/1612/372 515/1613/515
vt 0.9333419799804688 0.8606989979743958
f 447/1605/447 394/1604/394 450/1614/450
vt 0.9332619905471802 0.8609700202941895
f 447/1605/447 450/1615/450 456/1607/456
vt 0.9336739778518677 0.8606830239295959
f 447/1605/447 450/1614/450 451/1616/451
vt 0.9335409998893738 0.8604599833488464
f 394/1604/394 451/1617/451 450/1614/450
vt 0.9014360308647156 0.8693958520889282
vt 0.9072367548942566 0.8700088858604431
vt 0.9019083380699158 0.8736610412597656
f 438/1618/438 364/1619/364 429/1620/429
vt 0.5471808314323425 0.9226614236831665
vt 0.5542114377021790 0.9234673380851746
f 326/1621/326 366/1283/366 260/1622/260
vt 0.7096834778785706 0.4378989338874817
vt 0.7094240188598633 0.4418169856071472
vt 0.7091565132141113 0.4427008926868439
f 486/1623/486 452/1624/452 493/1625/493
vt 0.9265176057815552 0.8846697807312012
vt 0.9274319410324097 0.8884456753730774
vt 0.9237673282623291 0.8913672566413879
f 424/1626/424 476/1627/476 448/1628/448
f 450/1615/450 451/1616/451 456/1607/456
vt 0.7120001316070557 0.4413957893848419
f 493/1625/493 452/1624/452 530/1629/530
vt 0.8980973362922668 0.8690888881683350
vt 0.8937840461730957 0.8699167966842651
f 441/1630/441 438/1578/438 370/1631/370
vt 0.9339108467102051 0.8600189685821533
f 451/1617/451 394/1604/394 456/1632/456
f 444/1606/444 456/1607/456 679/1568/679
vt 0.9215199947357178 0.8487520217895508
vt 0.9220924973487854 0.8449789881706238
vt 0.9261486530303955 0.8436011075973511
f 376/1633/376 386/1634/386 681/1635/681
vt 0.6301546096801758 0.4702632129192352
vt 0.6299710273742676 0.4684250056743622
vt 0.6304090023040771 0.4681519865989685
f 367/1636/367 460/1637/460 472/1638/472
vt 0.7096340060234070 0.4410240054130554
vt 0.7095370292663574 0.4414840042591095
f 486/1623/486 458/1639/458 452/1640/452
vt 0.9394840002059937 0.0913579985499382
f 445/1227/445 384/1491/384 459/1641/459
vt 0.6299344897270203 0.4687200486660004
vt 0.6296039819717407 0.4689610004425049
vt 0.6295580267906189 0.4688169956207275
f 367/1642/367 455/1643/455 460/1644/460
vt 0.4471296072006226 0.3536520898342133
vt 0.4501883387565613 0.3517580926418304
vt 0.4502568244934082 0.3555001914501190
f 375/1645/375 409/1646/409 521/1647/521
vt 0.6293219923973083 0.4690279960632324
f 367/1636/367 457/1648/457 455/1643/455
vt 0.7099609971046448 0.4405300021171570
f 452/1640/452 458/1639/458 461/1649/461
vt 0.7099760174751282 0.4409869909286499
f 452/1640/452 458/1650/458 530/1629/530
f 455/1643/455 457/1648/457 460/1644/460
vt 0.3731507956981659 0.6601598262786865
f 266/1414/266 442/1651/442 449/1597/449
vt 0.6292619705200195 0.4691790044307709
vt 0.6283596754074097 0.4677132368087769
f 457/1652/457 367/1497/367 478/1653/478
vt 0.8250128030776978 0.9237220287322998
vt 0.8176394701004028 0.9197146296501160
vt 0.8252124786376953 0.9142248034477234
f 415/1654/415 473/1655/473 642/1656/642
vt 0.4374785423278809 0.3297252953052521
vt 0.4331274032592773 0.3297193348407745
vt 0.4364338219165802 0.3250523209571838
f 340/1657/340 472/1658/472 462/1659/462
vt 0.4426060914993286 0.3250000476837158
vt 0.4423912167549133 0.3289064466953278
f 512/1660/512 340/1661/340 462/1659/462
vt 0.6786687970161438 0.0607842430472374
vt 0.6820572018623352 0.0637683793902397
vt 0.6793320178985596 0.0689300298690796
f 453/1662/453 485/1663/485 454/1664/454
f 458/1639/458 486/1623/486 461/1649/461
vt 0.9399219751358032 0.0922549962997437
f 384/1491/384 482/1665/482 459/1641/459
vt 0.6292970180511475 0.4688929915428162
f 457/1648/457 478/1653/478 455/1666/455
vt 0.5000751614570618 0.2804909646511078
vt 0.5012990236282349 0.2807640135288239
vt 0.4992963969707489 0.2873376905918121
f 462/1667/462 464/1668/464 512/1669/512
vt 0.5025584101676941 0.2797605693340302
vt 0.5025820136070251 0.2802070081233978
vt 0.5020689964294434 0.2801600098609924
f 462/1670/462 469/1671/469 463/1672/463
vt 0.5013846158981323 0.2798014581203461
vt 0.5015329718589783 0.2805730104446411
f 462/1673/462 463/1672/463 464/1674/464
vt 0.5085259079933167 0.2796114981174469
f 462/1670/462 479/1675/479 469/1671/469
vt 0.9396129846572876 0.0919229984283447
vt 0.9392539858818054 0.0921640023589134
f 459/1641/459 465/1676/465 482/1677/482
f 459/1641/459 482/1677/482 445/1227/445
vt 0.3729999959468842 0.6557030081748962
vt 0.3730179965496063 0.6552699804306030
f 449/1597/449 466/1678/466 467/1679/467
vt 0.5137795805931091 0.9424338340759277
vt 0.5224479436874390 0.9446647763252258
f 473/1680/473 439/1546/439 510/1681/510
vt 0.3728500008583069 0.6548179984092712
vt 0.3709216117858887 0.6528156399726868
f 449/1597/449 468/1682/468 509/1683/509
vt 0.6822991371154785 0.0612641945481300
f 485/1663/485 453/1662/453 530/1684/530
f 463/1672/463 469/1671/469 464/1674/464
vt 0.6799026727676392 0.0586125552654266
f 453/1662/453 493/1685/493 530/1684/530
vt 0.5020329952239990 0.2805519998073578
vt 0.5067362189292908 0.2846436500549316
f 464/1674/464 463/1686/463 477/1687/477
vt 0.3734512627124786 0.6573850512504578
f 449/1597/449 442/1651/442 480/1688/480
vt 0.6818239688873291 0.0640789121389389
vt 0.6828524470329285 0.0688762664794922
f 454/1664/454 485/1689/485 490/1690/490
vt 0.5009233951568604 0.2812422811985016
f 464/1668/464 477/1687/477 512/1691/512
vt 0.6271106004714966 0.4676800668239594
vt 0.6294090151786804 0.4687010049819946
f 455/1666/455 478/1692/478 460/1693/460
vt 0.6296849846839905 0.4684869945049286
vt 0.6305806040763855 0.4676480293273926
f 460/1694/460 478/1692/478 472/1695/472
f 469/1671/469 477/1687/477 463/1686/463
vt 0.3737290203571320 0.6552914977073669
f 449/1696/449 467/1679/467 468/1682/468
vt 0.3506097495555878 0.0600987076759338
vt 0.3580406904220581 0.0527301095426083
vt 0.3610565364360809 0.0567451454699039
f 273/1697/273 316/1698/316 488/1699/488
vt 0.5029129981994629 0.2803669869899750
f 469/1700/469 479/1675/479 477/1687/477
vt 0.9280222654342651 0.8928636908531189
vt 0.9309631586074829 0.8899570703506470
vt 0.9311788082122803 0.8949505686759949
f 448/1701/448 476/1702/476 478/1703/478
vt 0.9455459713935852 0.0927219986915588
f 446/1591/446 481/1590/481 475/1704/475
vt 0.9451779723167419 0.0926730036735535
vt 0.9458168745040894 0.0909424945712090
f 446/1591/446 475/1705/475 384/1706/384
vt 0.9453439712524414 0.0934389978647232
f 446/1591/446 474/1707/474 475/1705/475
vt 0.3715377449989319 0.6652490496635437
vt 0.3770315349102020 0.6639960408210754
f 345/1240/345 484/1708/484 442/1709/442
f 458/1650/458 461/1649/461 530/1629/530
vt 0.4932857155799866 0.2707268595695496
vt 0.4911207854747772 0.2684518992900848
vt 0.4926237761974335 0.2639321982860565
f 462/1710/462 472/1711/472 476/1712/476
vt 0.6274670958518982 0.4648418128490448
vt 0.6324669122695923 0.4603030383586884
f 476/1713/476 472/1714/472 478/1692/478
vt 0.9447569847106934 0.0929360017180443
f 384/1706/384 475/1705/475 511/1715/511
vt 0.5068708062171936 0.2604091167449951
vt 0.5094583034515381 0.2647112011909485
f 520/1716/520 479/1717/479 476/1600/476
f 461/1649/461 486/1623/486 530/1629/530
vt 0.9338799118995667 0.8582900762557983
vt 0.9359924197196960 0.8579403758049011
f 456/1607/456 394/1718/394 681/1719/681
f 467/1679/467 466/1678/466 468/1682/468
vt 0.5193710923194885 0.2482425123453140
vt 0.5248790383338928 0.2484828531742096
vt 0.5181020498275757 0.2554385364055634
f 424/1720/424 430/1721/430 520/1722/520
vt 0.4515730142593384 0.3475583791732788
vt 0.4571313261985779 0.3455502986907959
vt 0.4524785280227661 0.3495306670665741
f 471/1723/471 340/1724/340 409/1725/409
vt 0.3726829886436462 0.6551640033721924
vt 0.3717924058437347 0.6555983424186707
f 468/1682/468 467/1726/467 480/1727/480
f 468/1682/468 480/1727/480 509/1683/509
vt 0.3728896975517273 0.6502611041069031
vt 0.3712068796157837 0.6476382613182068
vt 0.3782873451709747 0.6460553407669067
f 509/1728/509 533/1729/533 266/1730/266
f 449/1597/449 480/1727/480 466/1678/466
vt 0.5061453580856323 0.2630405128002167
vt 0.5058147907257080 0.2687523365020752
f 476/1731/476 479/1717/479 462/1732/462
vt 0.8312469124794006 0.6082417368888855
vt 0.8359848856925964 0.6086960434913635
vt 0.8332687616348267 0.6099467873573303
f 496/1733/496 486/1734/486 513/1735/513
f 466/1678/466 480/1727/480 467/1726/467
vt 0.3595339953899384 0.0500267259776592
vt 0.3673386275768280 0.0467333793640137
vt 0.3635713160037994 0.0541939064860344
f 316/1736/316 416/1737/416 488/1738/488
vt 0.9222232699394226 0.9015394449234009
vt 0.9229542016983032 0.8956539630889893
vt 0.9252152442932129 0.9017199873924255
f 470/1739/470 448/1740/448 478/1741/478
vt 0.8384844660758972 0.6116976737976074
vt 0.8332665562629700 0.6156868934631348
f 410/1742/410 513/1743/513 486/1734/486
vt 0.9462688565254211 0.0931824073195457
f 475/1704/475 481/1744/481 474/1707/474
f 475/1705/475 474/1707/474 511/1715/511
vt 0.5959457755088806 0.5381919145584106
vt 0.5975880026817322 0.5378289818763733
vt 0.5984315872192383 0.5391042232513428
f 369/1745/369 487/1746/487 576/1747/576
vt 0.8657660484313965 0.8263620138168335
vt 0.8593731522560120 0.8165070414543152
vt 0.8636247515678406 0.8114591240882874
f 264/1748/264 667/1749/667 608/1750/608
vt 0.9395729899406433 0.0923769995570183
vt 0.9395666122436523 0.0934156253933907
f 482/1751/482 384/1491/384 511/1752/511
vt 0.5356326699256897 0.9404204487800598
vt 0.5273960828781128 0.9437131881713867
f 439/1546/439 489/1753/489 510/1754/510
vt 0.3037533462047577 0.9743663072586060
vt 0.2995357215404510 0.9719248414039612
vt 0.3007428944110870 0.9691262245178223
f 490/1755/490 488/1756/488 416/1757/416
vt 0.3698014914989471 0.6607528328895569
vt 0.3719079494476318 0.6613367199897766
f 484/1708/484 480/1758/480 442/1759/442
vt 0.9393119812011719 0.0924720019102097
vt 0.9355240464210510 0.0902446582913399
f 482/1760/482 511/1752/511 445/1761/445
vt 0.2983466088771820 0.9720075130462646
vt 0.2955146729946136 0.9776163697242737
f 488/1762/488 490/1755/490 507/1763/507
vt 0.9440976977348328 0.0950944572687149
vt 0.9459716677665710 0.0983185544610023
f 511/1764/511 474/1707/474 532/1765/532
vt 0.5369429588317871 0.9316163659095764
vt 0.5396019220352173 0.9254021644592285
vt 0.5428931117057800 0.9268575906753540
f 489/1766/489 439/1767/439 326/1768/326
vt 0.5885139107704163 0.5318216085433960
vt 0.5851892828941345 0.5255306363105774
vt 0.5967555642127991 0.5311991572380066
f 369/1769/369 495/1770/495 487/1771/487
f 474/1707/474 481/1744/481 532/1765/532
vt 0.3649554848670959 0.6671909093856812
vt 0.3638994097709656 0.6651516556739807
vt 0.3669449985027313 0.6636890172958374
f 484/1772/484 504/1773/504 498/1774/498
vt 0.6837059855461121 0.0629749968647957
vt 0.6837080121040344 0.0635119974613190
f 485/1663/485 491/1775/491 507/1776/507
vt 0.6836659908294678 0.0621579997241497
f 485/1663/485 492/1777/492 491/1775/491
vt 0.6852861046791077 0.0606903582811356
f 530/1778/530 492/1777/492 485/1663/485
vt 0.3672049939632416 0.6633419990539551
f 484/1772/484 498/1774/498 501/1779/501
vt 0.9827648997306824 0.7526980042457581
vt 0.9781618714332581 0.7514159083366394
vt 0.9832511544227600 0.7487680315971375
f 550/1780/550 532/1781/532 384/1782/384
vt 0.3674820065498352 0.6628310084342957
f 484/1772/484 501/1779/501 497/1783/497
vt 0.3699651062488556 0.6592124104499817
f 484/1772/484 497/1783/497 480/1784/480
vt 0.8214188218116760 0.5472006201744080
vt 0.8319251537322998 0.5492244362831116
f 494/1601/494 543/1785/543 541/1786/541
vt 0.6838859915733337 0.0625889971852303
f 491/1775/491 492/1777/492 499/1787/499
vt 0.3604519963264465 0.6684979796409607
vt 0.3601132929325104 0.6655439138412476
f 484/1772/484 500/1788/500 504/1789/504
vt 0.3588840961456299 0.6700493693351746
f 484/1772/484 405/1790/405 500/1788/500
vt 0.3667410016059875 0.6634039878845215
vt 0.3670510053634644 0.6630110144615173
f 497/1783/497 498/1791/498 501/1792/501
vt 0.3608997762203217 0.6619638800621033
vt 0.3671637773513794 0.6617726683616638
f 498/1791/498 504/1793/504 480/1794/480
f 498/1791/498 480/1794/480 501/1792/501
vt 0.8272738456726074 0.6083765029907227
vt 0.8265529870986938 0.6078100204467773
vt 0.8288930654525757 0.6058035492897034
f 496/1795/496 502/1796/502 486/1797/486
vt 0.3675160109996796 0.6625639796257019
f 501/1792/501 480/1794/480 497/1798/497
vt 0.3600130081176758 0.6685169935226440
f 500/1788/500 405/1790/405 503/1799/503
vt 0.3592459857463837 0.6680080294609070
f 500/1788/500 503/1799/503 505/1800/505
vt 0.3600069880485535 0.6681720018386841
f 500/1788/500 503/1801/503 504/1789/504
f 503/1799/503 405/1790/405 505/1800/505
vt 0.3597730100154877 0.6680039763450623
f 503/1801/503 505/1800/505 504/1802/504
vt 0.6842720508575439 0.0686148107051849
vt 0.6846256256103516 0.0651305690407753
vt 0.6875748038291931 0.0705982744693756
f 490/1803/490 485/1804/485 507/1805/507
vt 0.9697887301445007 0.6816353201866150
vt 0.9690160155296326 0.6763970255851746
vt 0.9722243547439575 0.6735228300094604
f 372/1806/372 593/1807/593 515/1808/515
vt 0.3322465121746063 0.6726025938987732
vt 0.3299541771411896 0.6750199794769287
vt 0.3244916200637817 0.6722974181175232
f 597/1809/597 445/1810/445 532/1811/532
vt 0.3593060076236725 0.6676909923553467
vt 0.3556903004646301 0.6673835515975952
f 504/1789/504 505/1812/505 519/1813/519
f 505/1800/505 405/1790/405 519/1813/519
vt 0.3687418401241302 0.6486436128616333
vt 0.3693093955516815 0.6513694524765015
vt 0.3666412532329559 0.6490776538848877
f 533/1814/533 509/1815/509 537/1816/537
vt 0.5687294006347656 0.1602864414453506
vt 0.5672452449798584 0.1713341921567917
f 435/1817/435 601/1293/601 654/1818/654
vt 0.8263499736785889 0.6081079840660095
f 496/1795/496 506/1819/506 502/1796/502
vt 0.8248180150985718 0.9105047583580017
vt 0.8355061411857605 0.9014065861701965
vt 0.8369284868240356 0.9127338528633118
f 642/1820/642 529/1821/529 415/1822/415
vt 0.6840249896049500 0.0630669966340065
vt 0.6839979887008667 0.0621359981596470
vt 0.6844422221183777 0.0631109848618507
f 491/1823/491 492/1824/492 507/1825/507
f 492/1824/492 530/1778/530 507/1825/507
vt 0.4581788182258606 0.3518335521221161
f 409/1646/409 540/1826/540 521/1647/521
vt 0.8249861001968384 0.6070610880851746
f 486/1797/486 502/1796/502 530/1827/530
vt 0.8941460251808167 0.8416926860809326
vt 0.8969110250473022 0.8346889615058899
vt 0.8972885608673096 0.8375506401062012
f 415/1828/415 525/1829/525 386/1830/386
vt 0.8258950114250183 0.6084589958190918
f 502/1796/502 506/1819/506 508/1831/508
vt 0.8260570168495178 0.6080480217933655
f 502/1796/502 506/1832/506 530/1827/530
vt 0.5483317971229553 0.9306933283805847
vt 0.5477263927459717 0.9265159964561462
f 260/1622/260 489/1833/489 326/1834/326
vt 0.8256098628044128 0.6093437671661377
f 496/1795/496 610/1835/610 508/1831/508
f 496/1795/496 508/1831/508 506/1819/506
vt 0.3415523171424866 0.6694512963294983
vt 0.3380658328533173 0.6725173592567444
vt 0.3401417434215546 0.6671171188354492
f 519/1836/519 445/1837/445 597/1838/597
vt 0.6876823306083679 0.0623235553503036
vt 0.6883445978164673 0.0619094185531139
f 507/1839/507 530/1778/530 372/1840/372
vt 0.3633259534835815 0.6450805664062500
vt 0.3676644861698151 0.6549913287162781
vt 0.3627391457557678 0.6544906497001648
f 537/1841/537 509/1842/509 602/1843/602
vt 0.4561333954334259 0.3613854348659515
f 521/1647/521 540/1826/540 668/1844/668
vt 0.7908565402030945 0.5825299024581909
vt 0.7896000146865845 0.5657735466957092
vt 0.7984714508056641 0.5679884552955627
f 576/1845/576 601/1846/601 300/1847/300
vt 0.8227462768554688 0.6049886345863342
f 506/1832/506 508/1831/508 530/1848/530
vt 0.9801081418991089 0.7471743822097778
f 384/1782/384 532/1781/532 481/1849/481
vt 0.8167513012886047 0.5565444827079773
vt 0.8131696581840515 0.5509191155433655
f 494/1850/494 247/1522/247 608/1851/608
vt 0.4533429145812988 0.3504104316234589
f 409/1852/409 340/1724/340 540/1826/540
vt 0.8243097662925720 0.6084902286529541
f 508/1831/508 610/1835/610 530/1853/530
vt 0.3661085963249207 0.6600755453109741
vt 0.3647049963474274 0.6565510034561157
f 509/1842/509 480/1854/480 602/1855/602
vt 0.8100461959838867 0.9212020635604858
vt 0.8036006689071655 0.9257627725601196
vt 0.8019549250602722 0.9177662134170532
f 510/1856/510 489/1857/489 522/1858/522
vt 0.9868977069854736 0.7719272375106812
vt 0.9817149043083191 0.7707979083061218
vt 0.9824808835983276 0.7628504037857056
f 421/1859/421 388/1860/388 550/1861/550
vt 0.8286502957344055 0.6116767525672913
vt 0.8314833045005798 0.6204184889793396
vt 0.8258811831474304 0.6121120452880859
f 496/1862/496 513/1863/513 610/1864/610
vt 0.8446800112724304 0.6256260275840759
vt 0.8406996130943298 0.6333275437355042
vt 0.8413020968437195 0.6219669580459595
f 521/1865/521 668/1866/668 410/1867/410
vt 0.3497695028781891 0.6729258298873901
vt 0.3511032164096832 0.6746521592140198
vt 0.3440435528755188 0.6746751666069031
f 519/1868/519 405/1869/405 445/1870/445
vt 0.3617920875549316 0.6592394113540649
f 504/1793/504 602/1871/602 480/1854/480
vt 0.9329077601432800 0.8523801565170288
vt 0.9308304786682129 0.8480714559555054
vt 0.9348794817924500 0.8499935865402222
f 394/1872/394 376/1873/376 681/1874/681
vt 0.8097218871116638 0.9170096516609192
vt 0.8068755269050598 0.9089782834053040
vt 0.8163717389106750 0.9057050347328186
f 510/1875/510 522/1876/522 473/1877/473
vt 0.5440857410430908 0.9406312108039856
vt 0.5513314008712769 0.9324857592582703
vt 0.5602934956550598 0.9377791881561279
f 522/1878/522 489/1879/489 260/1880/260
vt 0.5646988153457642 0.5182870030403137
vt 0.5647400021553040 0.5179830193519592
vt 0.5653640031814575 0.5179790258407593
f 515/1881/515 516/1882/516 517/1883/517
vt 0.5685319900512695 0.5186995863914490
f 515/1881/515 517/1883/517 495/1884/495
vt 0.5642610192298889 0.5182170271873474
vt 0.5648689866065979 0.5113655924797058
vt 0.5644289851188660 0.5177659988403320
f 515/1885/515 593/1886/593 518/1887/518
vt 0.5183641314506531 0.2616491317749023
vt 0.5203600525856018 0.2616522908210754
vt 0.5198620557785034 0.2645126581192017
f 520/1888/520 679/1889/679 479/1890/479
f 515/1881/515 518/1887/518 516/1882/516
vt 0.8057941198348999 0.3662669658660889
vt 0.8122192025184631 0.3651151955127716
vt 0.8100450038909912 0.3700889945030212
f 541/1891/541 614/1892/614 514/1893/514
vt 0.5248782634735107 0.2554496824741364
vt 0.5315902829170227 0.2550004720687866
f 520/1894/520 430/1721/430 679/1895/679
f 516/1882/516 518/1887/518 517/1883/517
vt 0.5642994046211243 0.5107579231262207
f 495/1884/495 517/1883/517 593/1896/593
vt 0.5650730133056641 0.5177299976348877
f 517/1883/517 516/1897/516 593/1896/593
vt 0.3553494513034821 0.6608235239982605
vt 0.3532963991165161 0.6604653596878052
vt 0.3584996163845062 0.6573625206947327
f 519/1898/519 602/1899/602 504/1900/504
f 518/1887/518 593/1896/593 516/1897/516
vt 0.5075642466545105 0.2939183712005615
vt 0.5061365962028503 0.2898455858230591
f 477/1687/477 615/1901/615 512/1902/512
vt 0.3257163166999817 0.6763039827346802
f 445/1810/445 511/1903/511 532/1811/532
vt 0.3473759889602661 0.6776400208473206
vt 0.3456309735774994 0.6773429512977600
f 405/1869/405 483/1904/483 445/1905/445
vt 0.8992618322372437 0.8369856476783752
vt 0.8997564911842346 0.8354603052139282
f 386/1906/386 525/1829/525 527/1907/527
vt 0.8988445401191711 0.8351880908012390
f 525/1829/525 523/1908/523 527/1907/527
vt 0.8216943144798279 0.5556357502937317
vt 0.8151620030403137 0.5519700050354004
f 494/1909/494 608/1910/608 543/1785/543
vt 0.1740141510963440 0.9933118820190430
vt 0.1685661375522614 0.9864256381988525
vt 0.1812831014394760 0.9894621968269348
f 388/1911/388 598/1912/598 685/1913/685
vt 0.8992480039596558 0.8352789878845215
f 527/1907/527 523/1908/523 524/1914/524
vt 0.3681862056255341 0.6354503035545349
vt 0.3731559514999390 0.6318556666374207
f 266/1730/266 533/1915/533 548/1916/548
vt 0.8982984423637390 0.8342802524566650
vt 0.8989689946174622 0.8347859978675842
f 523/1908/523 525/1917/525 526/1918/526
vt 0.8991310000419617 0.8350219726562500
f 523/1908/523 526/1918/526 524/1919/524
vt 0.5110099911689758 0.2805480062961578
vt 0.5139070153236389 0.2878355979919434
f 477/1687/477 479/1920/479 555/1921/555
vt 0.5105298757553101 0.2870774865150452
f 477/1687/477 555/1922/555 615/1901/615
vt 0.8321650028228760 0.6208537220954895
vt 0.8373495936393738 0.6251564621925354
f 513/1923/513 410/1867/410 668/1924/668
vt 0.3809584975242615 0.6386870145797729
vt 0.3785997629165649 0.6298583149909973
f 266/1925/266 548/1916/548 260/1926/260
vt 0.8016481399536133 0.5304697751998901
vt 0.8062463402748108 0.5225508809089661
vt 0.8094027042388916 0.5286815762519836
f 537/1927/537 602/1928/602 541/1929/541
vt 0.8039465546607971 0.9014511108398438
vt 0.8111783862113953 0.9043005704879761
f 522/1858/522 552/1930/552 473/1931/473
vt 0.8990349769592285 0.8346379995346069
f 524/1919/524 526/1918/526 528/1932/528
vt 0.8991680145263672 0.8348159790039062
vt 0.8992180228233337 0.8349729776382446
f 524/1919/524 526/1933/526 527/1934/527
vt 0.8989170193672180 0.8344810009002686
f 526/1918/526 525/1829/525 528/1935/528
vt 0.7930884361267090 0.9150954484939575
vt 0.7974830269813538 0.9043836593627930
f 522/1858/522 594/1936/594 552/1937/552
vt 0.9615340828895569 0.6830436587333679
vt 0.9559310674667358 0.6797317266464233
vt 0.9604704380035400 0.6760388612747192
f 372/1938/372 530/1939/530 593/1940/593
vt 0.8991764783859253 0.8343623876571655
f 526/1933/526 528/1932/528 534/1941/534
vt 0.9001005291938782 0.8340739607810974
vt 0.8992509841918945 0.8348439931869507
f 526/1933/526 534/1942/534 527/1943/527
vt 0.7901093959808350 0.9265144467353821
vt 0.7856185436248779 0.9188216328620911
vt 0.7927350997924805 0.9204115867614746
f 260/1944/260 561/1945/561 522/1946/522
f 528/1935/528 525/1829/525 534/1941/534
vt 0.5369621515274048 0.2385273724794388
vt 0.5486090779304504 0.2423517554998398
vt 0.5369023680686951 0.2420826703310013
f 681/1947/681 655/1948/655 456/1949/456
f 522/1946/522 561/1945/561 594/1936/594
vt 0.9019149541854858 0.8394041657447815
vt 0.9023243188858032 0.8362647891044617
vt 0.9036264419555664 0.8335102200508118
f 386/1950/386 527/1951/527 534/1952/534
vt 0.9082422256469727 0.8374915719032288
f 386/1950/386 534/1952/534 628/1953/628
vt 0.8917101025581360 0.8331162333488464
f 415/1828/415 529/1954/529 525/1829/525
vt 0.8972202539443970 0.8320090174674988
f 525/1829/525 613/1955/613 534/1941/534
vt 0.9779105782508850 0.7674405574798584
vt 0.9742165803909302 0.7631780505180359
f 550/1861/550 388/1956/388 685/1957/685
vt 0.5146339535713196 0.2777464091777802
vt 0.5231978297233582 0.2717436254024506
vt 0.5239906907081604 0.2891281545162201
f 479/1958/479 535/1959/535 531/1960/531
vt 0.5758041143417358 0.5155982375144958
f 495/1884/495 593/1896/593 617/1961/617
vt 0.9190112352371216 0.8409296274185181
vt 0.9223489761352539 0.8381312489509583
f 681/1635/681 386/1962/386 628/1963/628
vt 0.5135486125946045 0.2881520688533783
vt 0.5129694938659668 0.2914280295372009
f 555/1964/555 542/1965/542 615/1901/615
vt 0.7752233743667603 0.9347246289253235
vt 0.7710358500480652 0.9364618659019470
vt 0.7731230258941650 0.9346780180931091
f 260/1966/260 548/1967/548 561/1968/561
vt 0.5090384483337402 0.2965693771839142
vt 0.5090910792350769 0.2999967336654663
f 542/1969/542 671/1970/671 615/1901/615
vt 0.5166051387786865 0.2647313177585602
vt 0.5271372795104980 0.2613899707794189
f 479/1971/479 679/1972/679 535/1959/535
vt 0.4561127424240112 0.3170638680458069
vt 0.4630132317543030 0.3137806653976440
vt 0.4646205902099609 0.3232980072498322
f 512/1973/512 615/1974/615 340/1975/340
vt 0.8937250375747681 0.8332245349884033
f 525/1829/525 529/1976/529 613/1955/613
vt 0.7964828610420227 0.5345582365989685
vt 0.7963680028915405 0.5358089804649353
vt 0.7958909869194031 0.5359060168266296
f 533/1977/533 536/1978/536 539/1979/539
vt 0.7807992696762085 0.9135858416557312
vt 0.7848815917968750 0.9101510047912598
f 561/1945/561 574/1980/574 594/1981/594
vt 0.7952389717102051 0.5362039804458618
f 533/1977/533 539/1979/539 538/1982/538
vt 0.7942095398902893 0.5357726216316223
f 533/1977/533 538/1982/538 548/1983/548
vt 0.6010134220123291 0.5237988829612732
vt 0.6039160490036011 0.5310659408569336
f 487/1771/487 549/1984/549 680/1985/680
vt 0.7984735369682312 0.5381392240524292
vt 0.7981075048446655 0.5352146029472351
f 537/1927/537 554/1986/554 533/1987/533
vt 0.7990947365760803 0.5412794947624207
f 536/1978/536 533/1987/533 554/1988/554
vt 0.7960219979286194 0.5363209843635559
f 536/1978/536 539/1989/539 538/1982/538
f 536/1978/536 554/1988/554 539/1989/539
f 538/1982/538 539/1989/539 554/1988/554
vt 0.8136613965034485 0.5312188863754272
vt 0.8062023520469666 0.5397386550903320
f 541/1990/541 551/1991/551 537/1927/537
vt 0.7950919866561890 0.5365239977836609
vt 0.7915322184562683 0.5393347740173340
f 538/1992/538 554/1988/554 548/1993/548
vt 0.5936713814735413 0.5224874615669250
f 495/1994/495 549/1984/549 487/1771/487
vt 0.5413282513618469 0.2451074272394180
f 456/1949/456 655/1948/655 679/1995/679
vt 0.8907006978988647 0.3373866379261017
vt 0.8809145689010620 0.3296102583408356
f 514/1562/514 614/1996/614 589/1997/589
vt 0.8089184761047363 0.8967374563217163
vt 0.8131119012832642 0.8860809803009033
f 473/1877/473 552/1998/552 642/1999/642
vt 0.3423196673393250 0.6610162854194641
vt 0.3352217674255371 0.6641791462898254
vt 0.3389602005481720 0.6536693572998047
f 519/2000/519 597/2001/597 602/2002/602
vt 0.5144214034080505 0.2878910303115845
vt 0.5156630277633667 0.2837742269039154
f 555/2003/555 479/2004/479 531/1960/531
f 537/1927/537 551/1991/551 554/1988/554
vt 0.8374953866004944 0.6282055974006653
vt 0.8323090076446533 0.6290106177330017
f 668/2005/668 638/2006/638 513/1923/513
vt 0.5141179561614990 0.2938431501388550
vt 0.5148559808731079 0.2938889861106873
vt 0.5147939920425415 0.2943640053272247
f 542/2007/542 544/2008/544 545/2009/545
vt 0.8146705627441406 0.5234562158584595
vt 0.8231501579284668 0.5132728219032288
vt 0.8264600038528442 0.5248923301696777
f 541/2010/541 602/2011/602 620/2012/620
vt 0.5151259899139404 0.2936489880084991
f 542/2007/542 546/2013/546 544/2008/544
vt 0.5110278129577637 0.2970047891139984
vt 0.5127165913581848 0.2976592183113098
vt 0.5105261206626892 0.3000533580780029
f 542/2014/542 547/2015/547 671/2016/671
vt 0.8109939694404602 0.5467685461044312
vt 0.8135385513305664 0.5467117428779602
f 608/1851/608 553/2017/553 543/2018/543
vt 0.5713546872138977 0.5115369558334351
f 617/1961/617 593/1896/593 590/2019/590
f 544/2008/544 546/2013/546 545/2009/545
vt 0.5151649713516235 0.2939800024032593
vt 0.5174024105072021 0.2952611744403839
f 545/2009/545 544/2020/544 547/2021/547
vt 0.5146729946136475 0.2948290109634399
f 545/2009/545 547/2021/547 542/2022/542
vt 0.7942480444908142 0.5407484173774719
vt 0.7945361733436584 0.5479193925857544
f 548/2023/548 554/1988/554 595/2024/595
vt 0.9499706029891968 0.1024109348654747
vt 0.9517207741737366 0.1068444773554802
vt 0.9470903873443604 0.1056359782814980
f 532/2025/532 665/2026/665 597/2027/597
vt 0.8138434290885925 0.5368353724479675
vt 0.8109645843505859 0.5395504832267761
f 541/2010/541 543/2028/543 551/2029/551
vt 0.5145019888877869 0.2933546304702759
vt 0.5164038538932800 0.2924502193927765
f 546/2013/546 542/2030/542 555/2031/555
f 546/2013/546 555/2031/555 547/2021/547
f 546/2013/546 547/2021/547 544/2020/544
vt 0.7903525829315186 0.5422181487083435
vt 0.7887932062149048 0.5469161272048950
f 548/2032/548 595/2024/595 587/2033/587
vt 0.8086150884628296 0.5523189902305603
vt 0.8027738332748413 0.5559600591659546
vt 0.8046355247497559 0.5491923689842224
f 553/2034/553 608/2035/608 554/2036/554
vt 0.9718673825263977 0.7495875954627991
vt 0.9755088686943054 0.7559120059013367
vt 0.9686747789382935 0.7499750852584839
f 532/2037/532 550/2038/550 665/2039/665
vt 0.1899034529924393 0.0668107196688652
vt 0.1883332729339600 0.0723504200577736
vt 0.1837674826383591 0.0744829401373863
f 529/2040/529 568/2041/568 613/2042/613
vt 0.1833853870630264 0.0785561278462410
vt 0.1860139966011047 0.0777539983391762
f 586/2043/586 613/2042/613 556/2044/556
vt 0.1864709556102753 0.0790274590253830
f 586/2043/586 556/2044/556 558/2045/558
vt 0.8725462555885315 0.7845438718795776
vt 0.8689543008804321 0.7852272391319275
vt 0.8698938488960266 0.7819591760635376
f 548/2046/548 557/2047/557 561/2048/561
vt 0.8122950196266174 0.5447149872779846
vt 0.8128079771995544 0.5445700287818909
f 553/2017/553 559/2049/559 560/2050/560
vt 0.8140693902969360 0.5448340177536011
f 553/2017/553 560/2050/560 543/2051/543
vt 0.7688636183738708 0.9201201200485229
vt 0.7697169780731201 0.9192780256271362
vt 0.7703106999397278 0.9202958941459656
f 585/2052/585 563/2053/563 561/2054/561
vt 0.7694330215454102 0.9189440011978149
f 585/2052/585 565/2055/565 563/2053/563
vt 0.8686609268188477 0.7835938930511475
vt 0.8688539862632751 0.7831699848175049
f 561/2048/561 557/2056/557 573/2057/573
vt 0.8688399791717529 0.7826920151710510
vt 0.8662413954734802 0.7826268076896667
f 561/2048/561 573/2058/573 606/2059/606
vt 0.7704430222511292 0.9186909794807434
f 563/2053/563 562/2060/562 561/2054/561
vt 0.7708479166030884 0.9185090065002441
f 562/2060/562 566/2061/566 561/2054/561
vt 0.7699720263481140 0.9189180135726929
vt 0.7703490257263184 0.9185349941253662
f 563/2062/563 565/2055/565 562/2063/562
vt 0.8118240237236023 0.5444790124893188
f 553/2017/553 564/2064/564 559/2049/559
vt 0.8079799413681030 0.5446615815162659
f 553/2017/553 554/2065/554 564/2064/564
vt 0.8724687099456787 0.7880341410636902
vt 0.8692941069602966 0.7868081331253052
f 548/2046/548 587/2066/587 557/2067/557
vt 0.5892555713653564 0.5186621546745300
vt 0.5790562629699707 0.5149374008178711
vt 0.5916889905929565 0.5082431435585022
f 495/2068/495 617/2069/617 549/2070/549
vt 0.8654130101203918 0.7665370106697083
vt 0.8664507865905762 0.7667970061302185
vt 0.8643426895141602 0.7677087187767029
f 565/2071/565 585/2072/585 566/2073/566
vt 0.8650580048561096 0.7669289708137512
f 565/2071/565 566/2073/566 563/2074/563
vt 0.8683444261550903 0.7856181859970093
vt 0.8680530190467834 0.7858260273933411
vt 0.8672798275947571 0.7852029204368591
f 557/2075/557 577/2076/577 606/2077/606
vt 0.8646519780158997 0.7666370272636414
f 562/2078/562 563/2074/563 566/2073/566
vt 0.1863320022821426 0.0773969963192940
f 613/2042/613 567/2079/567 556/2044/556
vt 0.1897118836641312 0.0757832378149033
f 613/2042/613 568/2080/568 567/2079/567
vt 0.1868419945240021 0.0776550024747849
f 556/2044/556 567/2079/567 569/2081/569
vt 0.1865050047636032 0.0777800008654594
f 556/2044/556 567/2082/567 558/2045/558
vt 0.7751569747924805 0.9152240157127380
vt 0.7743480205535889 0.9156739711761475
vt 0.7748690247535706 0.9151840209960938
f 570/2083/570 566/2084/566 578/2085/578
vt 0.7738702297210693 0.9166783690452576
vt 0.7757030129432678 0.9147980213165283
vt 0.7763879895210266 0.9144330024719238
f 566/2086/566 570/2087/570 571/2088/571
vt 0.7768322229385376 0.9143881797790527
f 566/2086/566 571/2088/571 561/2089/561
f 559/2049/559 564/2064/564 560/2050/560
vt 0.8684509992599487 0.7834780216217041
f 557/2056/557 583/2090/583 573/2057/573
vt 0.7760609984397888 0.9145259857177734
f 570/2087/570 572/2091/572 571/2088/571
vt 0.7759109735488892 0.9144189953804016
f 570/2087/570 580/2092/580 572/2091/572
vt 0.5388578176498413 0.2498029172420502
vt 0.5476436614990234 0.2605250179767609
vt 0.5367980003356934 0.2547533512115479
f 679/2093/679 588/2094/588 535/2095/535
vt 0.7753739953041077 0.9149240255355835
f 570/2096/570 578/2085/578 580/2092/580
vt 0.7761520147323608 0.9142630100250244
f 572/2091/572 580/2092/580 575/2097/575
vt 0.7763699889183044 0.9142320156097412
f 572/2091/572 575/2097/575 571/2098/571
vt 0.7767109870910645 0.9141799807548523
vt 0.7765520215034485 0.9138399958610535
f 571/2099/571 579/2100/579 561/2089/561
f 567/2079/567 568/2080/568 569/2081/569
vt 0.7771729826927185 0.9135239720344543
f 561/2089/561 579/2100/579 574/2101/574
f 571/2098/571 575/2097/575 579/2100/579
vt 0.8599680066108704 0.7672470211982727
vt 0.8606380224227905 0.7672479748725891
vt 0.8599025607109070 0.7702327370643616
f 578/2102/578 566/2103/566 585/2104/585
vt 0.8595209717750549 0.7676090002059937
f 578/2102/578 585/2104/585 570/2105/570
vt 0.8580870032310486 0.7676709890365601
vt 0.8585889935493469 0.7680760025978088
vt 0.8582856655120850 0.7685660719871521
f 579/2106/579 571/2107/571 574/2108/574
vt 0.8590440154075623 0.7674220204353333
vt 0.8593146204948425 0.7689888477325439
f 580/2109/580 570/2105/570 585/2110/585
vt 0.8586400151252747 0.7676100134849548
f 580/2109/580 571/2107/571 575/2111/575
f 580/2109/580 585/2110/585 571/2107/571
vt 0.8676300048828125 0.7868599891662598
vt 0.8677489757537842 0.7861959934234619
f 557/2075/557 584/2112/584 577/2113/577
f 558/2045/558 567/2082/567 569/2081/569
vt 0.8120169639587402 0.5409798622131348
vt 0.8123369812965393 0.5442559719085693
f 564/2064/564 551/2114/551 559/2115/559
f 564/2064/564 554/2065/554 551/2114/551
vt 0.3561179935932159 0.1165156587958336
vt 0.3568530380725861 0.1244756132364273
vt 0.3458206951618195 0.1190867945551872
f 550/2116/550 685/2117/685 622/2118/622
vt 0.8128399848937988 0.5442349910736084
f 559/2115/559 551/2114/551 560/2119/560
f 560/2119/560 551/2114/551 543/2051/543
vt 0.8677302002906799 0.7879966497421265
vt 0.8673560023307800 0.7874450087547302
f 557/2120/557 581/2121/581 584/2112/584
vt 0.8667762875556946 0.7887083292007446
f 557/2120/557 587/2122/587 581/2121/581
vt 0.8686230182647705 0.7831190228462219
vt 0.8681560158729553 0.7833719849586487
f 573/2123/573 583/2124/583 606/2059/606
vt 0.8677650094032288 0.7840240001678467
f 573/2123/573 582/2125/582 583/2124/583
vt 0.8677679896354675 0.7844269871711731
f 557/2047/557 606/2077/606 582/2126/582
f 557/2047/557 582/2125/582 583/2090/583
f 555/2031/555 531/1960/531 547/2021/547
vt 0.8672969937324524 0.7867590188980103
f 577/2113/577 581/2121/581 584/2127/584
vt 0.8671423792839050 0.7853977084159851
f 577/2113/577 584/2127/584 606/2128/606
vt 0.8691738247871399 0.7807852625846863
vt 0.8681817650794983 0.7793575525283813
f 561/2129/561 606/2059/606 585/2130/585
f 571/2107/571 585/2110/585 574/2108/574
f 569/2081/569 568/2080/568 558/2045/558
vt 0.2361435890197754 0.0181604586541653
vt 0.2300543785095215 0.0313730426132679
vt 0.2318171262741089 0.0189850442111492
f 613/2131/613 632/2132/632 534/2133/534
vt 0.8319575190544128 0.6352051496505737
vt 0.8217868804931641 0.6304762959480286
f 513/1923/513 638/2134/638 610/2135/610
vt 0.8651920557022095 0.7869473099708557
f 581/2121/581 587/2122/587 603/2136/603
f 581/2121/581 603/2136/603 584/2127/584
vt 0.8672199845314026 0.7863180041313171
f 584/2127/584 603/2136/603 606/2137/606
vt 0.8676170110702515 0.7837299704551697
vt 0.8648895025253296 0.7825278639793396
f 583/2124/583 582/2138/582 606/2139/606
vt 0.8658019900321960 0.7886120080947876
f 603/2136/603 587/2122/587 591/2140/591
vt 0.8653109669685364 0.7905673980712891
f 587/2122/587 595/2141/595 591/2140/591
vt 0.1880472898483276 0.0786641538143158
vt 0.1953865140676498 0.0832052826881409
vt 0.1858936846256256 0.0805554911494255
f 558/2142/558 600/2143/600 586/2144/586
vt 0.8554389476776123 0.7713543772697449
vt 0.8631573319435120 0.7708138823509216
vt 0.8538851141929626 0.7783817052841187
f 574/2145/574 585/2146/585 605/2147/605
vt 0.8655610084533691 0.7891119718551636
f 595/2141/595 592/2148/592 591/2140/591
f 568/2080/568 600/2143/600 558/2142/558
vt 0.8543277382850647 0.7719655036926270
vt 0.8477795124053955 0.7687314152717590
f 574/2149/574 605/2147/605 594/2150/594
vt 0.1838446557521820 0.0814651101827621
vt 0.1851390749216080 0.0954163298010826
vt 0.1826282590627670 0.0886805951595306
f 586/2151/586 600/2152/600 613/2153/613
vt 0.8650490045547485 0.7897319793701172
f 591/2140/591 592/2148/592 596/2154/596
vt 0.8652489781379700 0.7890179753303528
vt 0.8649913072586060 0.7869970202445984
f 591/2140/591 592/2155/592 603/2156/603
f 592/2148/592 595/2141/595 596/2154/596
vt 0.2288727164268494 0.0197731480002403
vt 0.2258626371622086 0.0236139912158251
f 534/2157/534 632/2132/632 628/2158/628
vt 0.8588131666183472 0.7894681692123413
f 595/2141/595 607/2159/607 596/2154/596
f 592/2155/592 596/2154/596 607/2159/607
vt 0.8645752072334290 0.7894889116287231
f 592/2155/592 607/2160/607 603/2156/603
vt 0.3557738661766052 0.1064004376530647
vt 0.3551312088966370 0.1103078275918961
f 665/2161/665 550/2162/550 622/2118/622
vt 0.8635929822921753 0.7944703102111816
f 595/2141/595 608/2163/608 607/2159/607
vt 0.8017289042472839 0.5462443828582764
vt 0.8023465871810913 0.5507764220237732
f 595/2024/595 554/2164/554 608/2165/608
vt 0.8673697113990784 0.7780041694641113
f 605/2147/605 585/2166/585 606/2139/606
vt 0.8505734801292419 0.8090631365776062
vt 0.8600392937660217 0.8048539757728577
vt 0.8581879138946533 0.8074821829795837
f 682/2167/682 608/2168/608 667/2169/667
vt 0.6037973761558533 0.5112968683242798
vt 0.6074677109718323 0.5244638323783875
f 549/1984/549 689/2170/689 680/2171/680
vt 0.3258226513862610 0.9625346064567566
vt 0.3241473734378815 0.9573337435722351
vt 0.3269871473312378 0.9627106785774231
f 594/2172/594 624/2173/624 625/2174/625
vt 0.7846136689186096 0.8864006400108337
vt 0.7856852412223816 0.8833996057510376
vt 0.7897685170173645 0.8909114003181458
f 625/2175/625 552/2176/552 594/2177/594
vt 0.8592715859413147 0.7877611517906189
f 606/2139/606 607/2178/607 605/2147/605
vt 0.9041213989257812 0.5004995465278625
vt 0.9036797285079956 0.4908385872840881
vt 0.9153891801834106 0.4996155798435211
f 648/2179/648 599/2180/599 390/2181/390
vt 0.1729743778705597 0.9712126255035400
vt 0.1652950048446655 0.9785320162773132
f 645/2182/645 598/1912/598 604/2183/604
vt 0.9173409342765808 0.4859943985939026
vt 0.9097422957420349 0.4821621179580688
vt 0.9210016131401062 0.4737608134746552
f 390/2184/390 599/2185/599 604/2186/604
vt 0.8564272522926331 0.7857205867767334
vt 0.8499743938446045 0.7849029302597046
f 605/2147/605 607/2187/607 609/2188/609
vt 0.1759140342473984 0.9774258136749268
f 598/1912/598 645/2182/645 685/2189/685
vt 0.8630759119987488 0.7850739955902100
f 606/2190/606 603/2156/603 607/2178/607
vt 0.3163945674896240 0.9559062719345093
vt 0.3221562206745148 0.9624342322349548
f 605/2191/605 624/2173/624 594/2192/594
vt 0.4776077270507812 0.3232906162738800
vt 0.4738737046718597 0.3334329724311829
f 340/1975/340 615/2193/615 540/2194/540
vt 0.0300427749752998 0.3662576377391815
vt 0.0311179161071777 0.3537892103195190
vt 0.0394673980772495 0.3594632148742676
f 597/2195/597 665/2196/665 612/2197/612
vt 0.7833628058433533 0.5702149271965027
vt 0.7716702818870544 0.5892223715782166
f 601/2198/601 576/1845/576 634/2199/634
vt 0.4628969430923462 0.3720097839832306
vt 0.4748740792274475 0.3694594800472260
vt 0.4725005626678467 0.3856231570243835
f 668/2200/668 639/2201/639 638/2202/638
vt 0.9134619235992432 0.4762438535690308
f 604/2186/604 599/2185/599 666/2203/666
vt 0.0476335510611534 0.3730946481227875
vt 0.0464184172451496 0.3638019859790802
vt 0.0570780970156193 0.3699315488338470
f 597/2204/597 612/2205/612 698/2206/698
vt 0.8128160238265991 0.6051449179649353
vt 0.8111076951026917 0.6124547719955444
vt 0.8025633692741394 0.6126364469528198
f 593/2207/593 530/2208/530 590/2209/590
vt 0.1956054568290710 0.0582899414002895
vt 0.2046943902969360 0.0632257312536240
f 529/2040/529 642/2210/642 720/2211/720
vt 0.1972510069608688 0.0652899965643883
f 568/2212/568 529/2040/529 720/2211/720
vt 0.8167493939399719 0.6156783699989319
vt 0.8125450015068054 0.6168490052223206
vt 0.8120521903038025 0.6151067614555359
f 610/2213/610 616/2214/616 530/2215/530
vt 0.4029589593410492 0.7336571812629700
vt 0.3977136611938477 0.7344495058059692
vt 0.3986350893974304 0.7236225008964539
f 602/2216/602 688/2217/688 620/2218/620
vt 0.8110725879669189 0.6226044297218323
vt 0.8126729726791382 0.6177819967269897
f 610/2213/610 611/2219/611 618/2220/618
vt 0.8548809885978699 0.7932119965553284
vt 0.8507608175277710 0.7883661389350891
f 607/2178/607 608/2221/608 609/2222/609
vt 0.7750630378723145 0.5579754114151001
vt 0.7655650973320007 0.5631603002548218
f 654/2223/654 601/2198/601 737/2224/737
vt 0.8121485114097595 0.6180864572525024
f 611/2219/611 626/2225/626 618/2220/618
vt 0.8105881810188293 0.6171979308128357
f 530/2215/530 616/2214/616 626/2226/626
vt 0.8125129938125610 0.6173020005226135
vt 0.8124470114707947 0.6171150207519531
f 610/2213/610 619/2227/619 616/2228/616
vt 0.8124309778213501 0.6176000237464905
f 610/2213/610 618/2229/618 619/2227/619
f 616/2228/616 619/2227/619 618/2229/618
vt 0.8121780157089233 0.6173269748687744
f 616/2228/616 619/2230/619 626/2226/626
vt 0.3981613516807556 0.7064610123634338
vt 0.3998042047023773 0.7119011282920837
vt 0.3894203603267670 0.7078082561492920
f 614/2231/614 541/2232/541 690/2233/690
vt 0.8141333460807800 0.6228349208831787
vt 0.8134748935699463 0.6260948777198792
vt 0.8103356957435608 0.6229973435401917
f 610/2234/610 660/2235/660 611/2236/611
f 618/2229/618 626/2226/626 619/2230/619
vt 0.3392269909381866 0.9617589712142944
vt 0.3413629829883575 0.9613475799560547
vt 0.3394849896430969 0.9620850086212158
f 625/2237/625 630/2238/630 621/2239/621
vt 0.3395015299320221 0.9623314738273621
f 625/2237/625 621/2239/621 629/2240/629
vt 0.3400720059871674 0.9617949724197388
vt 0.3405950069427490 0.9616339802742004
vt 0.3403249979019165 0.9620169997215271
f 621/2241/621 627/2242/627 623/2243/623
f 621/2241/621 630/2238/630 627/2242/627
vt 0.7699889540672302 0.5728296041488647
f 601/2198/601 634/2199/634 737/2244/737
vt 0.3400659859180450 0.9621880054473877
vt 0.3406060039997101 0.9626010060310364
f 621/2245/621 627/2246/627 629/2240/629
f 620/2218/620 690/2233/690 541/2232/541
vt 0.8101119995117188 0.6139022707939148
vt 0.8096387386322021 0.6161666512489319
vt 0.8084707856178284 0.6152131557464600
f 530/2247/530 626/2248/626 636/2249/636
vt 0.3389480113983154 0.9609900116920471
vt 0.3434965312480927 0.9571095108985901
f 625/2250/625 675/2251/675 630/2238/630
vt 0.7840632796287537 0.8797203898429871
vt 0.7874115109443665 0.8789328336715698
f 552/2176/552 625/2252/625 629/2253/629
f 530/2247/530 636/2249/636 590/2209/590
vt 0.0179709997028112 0.9543060064315796
vt 0.0172189995646477 0.9538559913635254
vt 0.0208463445305824 0.9515992403030396
f 627/2254/627 630/2255/630 629/2256/629
vt 0.8247482776641846 0.6370980143547058
vt 0.8183579444885254 0.6390593647956848
f 610/2135/610 638/2257/638 673/2258/673
vt 0.3356497287750244 0.9606163501739502
vt 0.3314487040042877 0.9578248262405396
f 625/2259/625 624/2260/624 675/2251/675
vt 0.4051266312599182 0.7384480237960815
vt 0.4023395478725433 0.7456309199333191
vt 0.3929609954357147 0.7381274700164795
f 602/2261/602 597/2262/597 688/2263/688
vt 0.2455943375825882 0.0195132642984390
vt 0.2467565089464188 0.0279773045331240
f 613/2264/613 600/2265/600 632/2132/632
vt 0.7833710312843323 0.6117410063743591
vt 0.7733750939369202 0.6126963496208191
vt 0.7887481451034546 0.5984035730361938
f 487/2266/487 672/2267/672 576/2268/576
vt 0.2485055625438690 0.7726333141326904
vt 0.2410435229539871 0.7773179411888123
vt 0.2385582327842712 0.7701089382171631
f 589/2269/589 614/2270/614 667/2271/667
vt 0.3092839419841766 0.9483355879783630
vt 0.3191343545913696 0.9459367394447327
f 605/2191/605 701/2272/701 624/2273/624
vt 0.2997388541698456 0.9530074596405029
vt 0.3003230094909668 0.9463518857955933
f 605/2274/605 609/2275/609 701/2272/701
vt 0.8092160224914551 0.6178659796714783
vt 0.8092399835586548 0.6175349950790405
f 626/2226/626 631/2276/631 636/2277/636
f 634/2199/634 576/2268/576 672/2267/672
vt 0.8087152242660522 0.6185832023620605
f 626/2226/626 640/2278/640 631/2276/631
vt 0.5312690138816833 0.2731359004974365
vt 0.5398753881454468 0.2833699882030487
vt 0.5340803861618042 0.2815228700637817
f 535/2279/535 703/2280/703 531/2281/531
vt 0.8091973066329956 0.6185901165008545
f 626/2226/626 611/2219/611 640/2282/640
vt 0.0138211017474532 0.9528324007987976
vt 0.0141252335160971 0.9471909999847412
f 630/2283/630 675/2284/675 629/2256/629
vt 0.8089089989662170 0.6181359887123108
f 631/2276/631 640/2278/640 633/2285/633
vt 0.3934707939624786 0.7497113943099976
vt 0.3842442929744720 0.7418786883354187
f 597/2262/597 698/2286/698 716/2287/716
vt 0.5405992865562439 0.2666998505592346
vt 0.5491232872009277 0.2750262320041656
f 535/2288/535 588/2094/588 744/2289/744
vt 0.3261692523956299 0.9467003941535950
f 624/2260/624 676/2290/676 675/2251/675
vt 0.7999891042709351 0.8787416219711304
vt 0.8056737184524536 0.8680128455162048
f 552/2291/552 663/2292/663 642/1999/642
vt 0.8088759779930115 0.6177769899368286
vt 0.8084920048713684 0.6181529760360718
f 631/2293/631 633/2285/633 635/2294/635
vt 0.8086240291595459 0.6178929805755615
vt 0.8052216172218323 0.6188024878501892
f 631/2293/631 633/2295/633 636/2296/636
vt 0.8084512948989868 0.6190973520278931
f 633/2285/633 640/2297/640 635/2294/635
vt 0.3896248340606689 0.7322380542755127
vt 0.3869293630123138 0.7236210107803345
f 620/2218/620 688/2298/688 637/2299/637
vt 0.7839450240135193 0.6261466145515442
vt 0.7696940302848816 0.6271468400955200
vt 0.7833972573280334 0.6187031269073486
f 680/2300/680 699/2301/699 487/2302/487
vt 0.4770889282226562 0.3432032167911530
vt 0.4808492362499237 0.3389033079147339
f 668/2303/668 540/2194/540 659/2304/659
vt 0.8084143996238708 0.6177354454994202
f 633/2295/633 635/2294/635 636/2305/636
vt 0.7980507016181946 0.8717893958091736
vt 0.8013544082641602 0.8717523217201233
f 552/2291/552 641/2306/641 663/2307/663
vt 0.8079320192337036 0.6186896562576294
f 635/2294/635 640/2308/640 636/2296/636
f 597/2262/597 716/2287/716 688/2263/688
vt 0.5220996141433716 0.3021258413791656
vt 0.5278985500335693 0.2970717251300812
vt 0.5236777663230896 0.3060955703258514
f 547/2309/547 531/2310/531 671/2311/671
vt 0.2158203572034836 0.0306639540940523
vt 0.2155954688787460 0.0435143597424030
f 628/2312/628 632/2132/632 702/2313/702
f 620/2218/620 637/2299/637 690/2233/690
vt 0.8156524896621704 0.6313760876655579
vt 0.8112226724624634 0.6374921798706055
vt 0.8108530044555664 0.6329159736633301
f 610/2314/610 673/2315/673 660/2316/660
vt 0.1634636372327805 0.9716985225677490
vt 0.1702151149511337 0.9663719534873962
f 645/2182/645 604/2317/604 896/2318/896
vt 0.9015341997146606 0.4964292049407959
vt 0.8992830514907837 0.4907414913177490
f 648/2319/648 712/2320/712 599/2180/599
vt 0.8073359727859497 0.6183829903602600
vt 0.8073220252990723 0.6191509962081909
vt 0.8067403435707092 0.6190041303634644
f 640/2321/640 643/2322/643 636/2323/636
vt 0.8078709840774536 0.6194409728050232
vt 0.8077595233917236 0.6201743483543396
vt 0.8075709939002991 0.6197789907455444
f 643/2324/643 640/2325/640 644/2326/644
vt 0.2300392389297485 0.0313881300389767
vt 0.2322618216276169 0.0373010188341141
vt 0.2303327918052673 0.0417795665562153
f 632/2327/632 600/2328/600 702/2329/702
vt 0.9388619065284729 0.6180644035339355
vt 0.9377620220184326 0.6179869771003723
vt 0.9379929900169373 0.6177340149879456
f 658/2330/658 647/2331/647 646/2332/646
vt 0.7413949966430664 0.1467634439468384
vt 0.7377349734306335 0.1321505457162857
vt 0.7475987076759338 0.1438770443201065
f 435/2333/435 704/2334/704 700/2335/700
vt 0.8073250055313110 0.6200910210609436
vt 0.8072019815444946 0.6197760105133057
f 644/2326/644 640/2336/640 649/2337/649
vt 0.7908052802085876 0.8679051995277405
vt 0.7890673875808716 0.8746710419654846
f 629/2253/629 684/2338/684 552/2339/552
vt 0.8074759840965271 0.6194999814033508
f 644/2340/644 649/2337/649 643/2322/643
vt 0.8071200251579285 0.6194890141487122
f 643/2322/643 644/2341/644 636/2296/636
vt 0.9359620809555054 0.6180760264396667
f 658/2330/658 650/2342/650 647/2331/647
vt 0.9373450279235840 0.6178280115127563
f 647/2331/647 650/2342/650 651/2343/651
f 647/2331/647 651/2343/651 646/2332/646
vt 0.9375429749488831 0.6177179813385010
vt 0.9373952746391296 0.6173028349876404
f 646/2332/646 647/2344/647 670/2345/670
f 646/2332/646 670/2345/670 658/2330/658
vt 0.8067710399627686 0.6211597323417664
f 640/2336/640 611/2236/611 653/2346/653
vt 0.8064618110656738 0.6200593113899231
f 640/2336/640 653/2347/653 649/2337/649
vt 0.8069369792938232 0.6197450160980225
f 644/2341/644 649/2348/649 636/2296/636
vt 0.9360245466232300 0.6167908906936646
f 647/2344/647 651/2343/651 670/2349/670
f 650/2342/650 670/2349/670 651/2343/651
vt 0.1102948635816574 0.0713128000497818
vt 0.1081678196787834 0.0692954808473587
vt 0.1169130727648735 0.0680449977517128
f 658/2350/658 670/2351/670 666/2352/666
vt 0.1138390228152275 0.0717588663101196
f 658/2350/658 666/2352/666 599/2353/599
f 636/2296/636 649/2348/649 653/2347/653
vt 0.8243376016616821 0.8798275589942932
vt 0.8262099623680115 0.8648614883422852
vt 0.8405643701553345 0.8794442415237427
f 642/2354/642 707/2355/707 720/2356/720
vt 0.3343635499477386 0.9503436088562012
f 676/2290/676 691/2357/691 675/2251/675
vt 0.7346241474151611 0.1492027342319489
f 654/2358/654 704/2334/704 435/2333/435
vt 0.2033147215843201 0.0773165374994278
vt 0.2129285037517548 0.0824846252799034
f 600/2143/600 568/2359/568 729/2360/729
vt 0.5920493006706238 0.5068948864936829
vt 0.5997290611267090 0.4913159310817719
f 549/2361/549 617/2362/617 689/2170/689
vt 0.7958376407623291 0.6291652321815491
f 636/2296/636 656/2363/656 590/2209/590
vt 0.2462145090103149 0.7504097223281860
vt 0.2422309070825577 0.7538445591926575
vt 0.2365999370813370 0.7392867207527161
f 608/2364/608 682/2365/682 609/2366/609
vt 0.7996720075607300 0.8696650266647339
vt 0.7990940213203430 0.8690829873085022
vt 0.8020320534706116 0.8661174178123474
f 641/2367/641 657/2368/657 663/2369/663
vt 0.8116945624351501 0.8689429163932800
vt 0.8246512413024902 0.8655228614807129
f 642/1999/642 663/2370/663 707/2371/707
vt 0.9371332526206970 0.6195029020309448
vt 0.9397503733634949 0.6194434762001038
vt 0.9456831216812134 0.6238947510719299
f 650/2372/650 658/2373/658 693/2374/693
vt 0.7985019683837891 0.8700164556503296
vt 0.7983700037002563 0.8690180182456970
f 641/2375/641 662/2376/662 657/2368/657
vt 0.4756926000118256 0.3647189736366272
vt 0.4788425266742706 0.3543633520603180
vt 0.4850272536277771 0.3578118681907654
f 639/2377/639 668/2378/668 664/2379/664
vt 0.5247494578361511 0.2863943278789520
vt 0.5384549498558044 0.2862933278083801
vt 0.5374704599380493 0.2905308008193970
f 531/2380/531 703/2381/703 671/2382/671
vt 0.1048988774418831 0.0693174153566360
vt 0.1088100820779800 0.0667665228247643
f 650/2383/650 693/2384/693 670/2351/670
vt 0.4855619072914124 0.3822773396968842
f 639/2201/639 687/2385/687 638/2202/638
vt 0.7985470294952393 0.8687160015106201
f 657/2368/657 662/2386/662 663/2369/663
vt 0.7980610132217407 0.8685849905014038
f 657/2368/657 661/2387/661 662/2386/662
f 641/2375/641 661/2387/661 662/2376/662
f 666/2352/666 670/2351/670 693/2384/693
vt 0.7918298244476318 0.8735458254814148
vt 0.7950714826583862 0.8680091500282288
f 641/2375/641 552/2388/552 684/2389/684
f 641/2375/641 684/2389/684 661/2387/661
vt 0.2029943615198135 0.0455554127693176
vt 0.2038563489913940 0.0507388971745968
vt 0.2004371434450150 0.0488809384405613
f 681/2390/681 628/2391/628 678/2392/678
vt 0.5848146677017212 0.4996953010559082
vt 0.5748072266578674 0.5025408864021301
vt 0.5808584690093994 0.4854090809822083
f 617/2393/617 590/2394/590 656/2395/656
f 662/2386/662 661/2387/661 663/2369/663
vt 0.8086467981338501 0.6336378455162048
vt 0.8083990216255188 0.6337779760360718
vt 0.8075009584426880 0.6338861584663391
f 660/2396/660 669/2397/669 683/2398/683
vt 0.8086779713630676 0.6359484195709229
vt 0.8083660006523132 0.6340979933738708
f 660/2396/660 673/2399/673 669/2400/669
vt 0.2073942571878433 0.0731466636061668
vt 0.2149378359317780 0.0709639415144920
f 568/2401/568 720/2402/720 729/2360/729
vt 0.4849748313426971 0.3535713851451874
vt 0.4951384365558624 0.3539133071899414
vt 0.4870387315750122 0.3581866025924683
f 668/2403/668 659/2404/659 664/2405/664
f 661/2387/661 684/2389/684 663/2369/663
vt 0.5415272116661072 0.2761438190937042
vt 0.5479783415794373 0.2865753471851349
f 535/2406/535 744/2289/744 703/2407/703
vt 0.7810430526733398 0.6185292601585388
vt 0.7700827717781067 0.6135325431823730
f 487/2408/487 699/2301/699 672/2409/672
vt 0.1805452257394791 0.0999992489814758
vt 0.1921421140432358 0.1011457890272141
vt 0.1855430006980896 0.1075458228588104
f 600/2410/600 729/2411/729 652/2412/652
vt 0.8080980181694031 0.6341019868850708
vt 0.8077780008316040 0.6340759992599487
f 683/2398/683 669/2413/669 674/2414/674
vt 0.8089890480041504 0.6345628499984741
vt 0.8080199956893921 0.6342930197715759
f 669/2413/669 673/2415/673 674/2416/674
vt 0.8078420162200928 0.6343969702720642
f 669/2413/669 674/2416/674 677/2417/677
vt 0.8044435977935791 0.6235132813453674
f 636/2296/636 653/2418/653 656/2363/656
vt 0.9436929821968079 0.6204869747161865
vt 0.9457023739814758 0.6196120977401733
f 658/2419/658 599/2420/599 693/2374/693
vt 0.8077627420425415 0.6353833675384521
f 674/2416/674 673/2421/673 677/2417/677
vt 0.4891444444656372 0.3100732862949371
vt 0.4875001311302185 0.3165165185928345
vt 0.4794746637344360 0.3157046139240265
f 769/2422/769 615/2423/615 671/2424/671
vt 0.8074929714202881 0.6347280144691467
vt 0.8063576221466064 0.6344861984252930
f 674/2414/674 677/2425/677 683/2426/683
vt 0.2395235002040863 0.0364352799952030
vt 0.2407053261995316 0.0512916333973408
f 702/2329/702 600/2427/600 739/2428/739
vt 0.8396331667900085 0.8672170042991638
f 707/2355/707 713/2429/713 720/2356/720
vt 0.8072796463966370 0.6360049247741699
f 677/2425/677 673/2430/673 683/2426/683
vt 0.4798150360584259 0.3906280100345612
vt 0.4911677837371826 0.3951900005340576
vt 0.4804970026016235 0.3958079814910889
f 687/2431/687 725/2432/725 638/2433/638
vt 0.7649210691452026 0.1338817030191422
vt 0.7573847770690918 0.1373737603425980
vt 0.7511837482452393 0.1274622380733490
f 648/2434/648 390/2435/390 708/2436/708
vt 0.2352001965045929 0.7560547590255737
vt 0.2359369248151779 0.7495359778404236
f 609/2366/609 682/2437/682 686/2438/686
vt 0.0626358613371849 0.3524933159351349
vt 0.0646389946341515 0.3478210568428040
vt 0.0689017772674561 0.3483382761478424
f 698/2439/698 733/2440/733 716/2441/716
vt 0.7854514718055725 0.8667951226234436
vt 0.7868741154670715 0.8646056652069092
f 629/2442/629 692/2443/692 684/2338/684
vt 0.7894544005393982 0.8631110191345215
f 684/2338/684 692/2443/692 709/2444/709
vt 0.8038838505744934 0.6255867481231689
vt 0.8067848682403564 0.6266896128654480
vt 0.8031909465789795 0.6273824572563171
f 653/2445/653 611/2446/611 683/2447/683
vt 0.7861626744270325 0.8639957904815674
f 629/2442/629 675/2448/675 692/2443/692
vt 0.7508904933929443 0.1325787305831909
f 390/2435/390 700/2335/700 708/2449/708
vt 0.8046460747718811 0.6316201090812683
vt 0.8043040037155151 0.6310129761695862
f 611/2446/611 660/2450/660 683/2451/683
vt 0.7204993963241577 0.1384903937578201
vt 0.7357549667358398 0.1365530490875244
f 654/2358/654 737/2452/737 704/2453/704
vt 0.3397604227066040 0.1145869269967079
vt 0.3329020142555237 0.1177223101258278
vt 0.3322410285472870 0.1077973395586014
f 622/2454/622 685/2455/685 665/2456/665
vt 0.4790147542953491 0.3239574134349823
vt 0.4954884350299835 0.3262889683246613
f 615/2457/615 728/2458/728 540/2194/540
vt 0.7694019675254822 0.1234734654426575
f 648/2434/648 708/2436/708 712/2459/712
vt 0.4854447543621063 0.3947447836399078
f 638/2433/638 725/2432/725 743/2460/743
vt 0.6080271005630493 0.4985356330871582
vt 0.6027188301086426 0.5122518539428711
f 617/2362/617 705/2461/705 689/2462/689
vt 0.8030246496200562 0.6261011958122253
f 653/2463/653 683/2447/683 656/2363/656
vt 0.8193100094795227 0.6444473266601562
vt 0.8152246475219727 0.6471587419509888
vt 0.8190050721168518 0.6397610902786255
f 638/2464/638 743/2465/743 673/2466/673
vt 0.8107871413230896 0.6376279592514038
vt 0.8058863878250122 0.6386106014251709
vt 0.8044262528419495 0.6374521255493164
f 673/2467/673 743/2468/743 683/2469/683
vt 0.7850447893142700 0.8601208925247192
vt 0.7870900034904480 0.8621199727058411
vt 0.7869319915771484 0.8624460101127625
f 691/2470/691 694/2471/694 695/2472/695
vt 0.7853718996047974 0.8633099794387817
vt 0.7854587435722351 0.8623545169830322
vt 0.7868638634681702 0.8636518120765686
f 675/2473/675 691/2474/691 692/2475/692
vt 0.3790905177593231 0.7374739646911621
vt 0.3777450025081635 0.7297077178955078
f 688/2298/688 716/2476/716 637/2477/637
vt 0.7867019772529602 0.8626009821891785
vt 0.7868859767913818 0.8628879785537720
f 691/2474/691 695/2478/695 696/2479/696
f 691/2474/691 696/2479/696 692/2475/692
vt 0.7869715094566345 0.8609361052513123
vt 0.7905533313751221 0.8595761060714722
vt 0.7872999906539917 0.8617510199546814
f 691/2480/691 676/2481/676 694/2482/694
vt 0.4870092272758484 0.3367705941200256
f 659/2483/659 540/2194/540 728/2458/728
f 695/2472/695 694/2471/694 696/2479/696
vt 0.7871519923210144 0.8626409769058228
f 696/2479/696 695/2484/695 692/2475/692
vt 0.7888517975807190 0.8620784878730774
f 694/2471/694 709/2485/709 695/2484/695
f 692/2475/692 695/2484/695 709/2485/709
f 694/2482/694 676/2481/676 709/2485/709
vt 0.2338488399982452 0.7730043530464172
vt 0.2274132370948792 0.7723522186279297
vt 0.2366348057985306 0.7684737443923950
f 614/2486/614 686/2487/686 667/2488/667
vt 0.0708889514207840 0.0497912093997002
vt 0.0737636387348175 0.0359933450818062
vt 0.0900155529379845 0.0489699691534042
f 681/2489/681 678/2490/678 655/2491/655
vt 0.9568988680839539 0.6268367767333984
vt 0.9486278295516968 0.6274116635322571
vt 0.9541100263595581 0.6212409734725952
f 712/2492/712 693/2493/693 599/2494/599
vt 0.2286542207002640 0.0495617724955082
vt 0.2315527051687241 0.0542163662612438
f 702/2495/702 739/2428/739 967/2496/967
vt 0.3804728388786316 0.7096543312072754
vt 0.3695295453071594 0.7025077939033508
vt 0.3757093250751495 0.7015278339385986
f 690/2497/690 735/2498/735 614/2499/614
vt 0.2288036346435547 0.7200838327407837
vt 0.2250932604074478 0.7206971049308777
vt 0.2298300862312317 0.7114847898483276
f 609/2500/609 722/2501/722 701/2502/701
vt 0.5299141407012939 0.3052549362182617
vt 0.5422711372375488 0.3028893470764160
vt 0.5344293117523193 0.3079421818256378
f 671/2503/671 719/2504/719 732/2505/732
vt 0.7949290871620178 0.8610329627990723
vt 0.7968401312828064 0.8618168234825134
f 684/2338/684 709/2506/709 663/2507/663
vt 0.1913951784372330 0.1103663146495819
vt 0.1965468525886536 0.1029025763273239
vt 0.1945217996835709 0.1124255731701851
f 652/2508/652 729/2509/729 706/2510/706
vt 0.7278429865837097 0.1335044652223587
f 737/2452/737 746/2511/746 704/2334/704
vt 0.0666925236582756 0.0267348457127810
vt 0.0716864466667175 0.0223099645227194
vt 0.0761456489562988 0.0298921819776297
f 628/2512/628 702/2513/702 678/2514/678
vt 0.1995307356119156 0.1114899143576622
f 729/2509/729 723/2515/723 706/2510/706
vt 0.3822506964206696 0.6987555623054504
vt 0.3756433725357056 0.6933113932609558
f 614/2516/614 735/2498/735 686/2517/686
vt 0.7464139461517334 0.1347027719020844
f 704/2334/704 708/2436/708 700/2518/700
vt 0.0549818687140942 0.3376533091068268
vt 0.0409278906881809 0.3392403125762939
vt 0.0466203466057777 0.3361430466175079
f 698/2519/698 612/2520/612 718/2521/718
vt 0.0270932596176863 0.3404075801372528
vt 0.0324799977242947 0.3206042349338531
vt 0.0328360013663769 0.3346750140190125
f 612/2522/612 745/2523/745 718/2524/718
f 769/2422/769 728/2458/728 615/2423/615
vt 0.2429119646549225 0.0356588140130043
vt 0.2508767545223236 0.0474139265716076
f 600/2525/600 723/2526/723 739/2428/739
vt 0.7732316851615906 0.1104166954755783
vt 0.7757844924926758 0.1073914915323257
vt 0.7778083682060242 0.1092189177870750
f 712/2527/712 740/2528/740 717/2529/717
vt 0.2484357506036758 0.0396667905151844
vt 0.2530820965766907 0.0425279662013054
f 600/2530/600 652/2531/652 723/2526/723
vt 0.7807378768920898 0.6361343860626221
vt 0.7771107554435730 0.6400758028030396
vt 0.7697850465774536 0.6398768424987793
f 689/2532/689 705/2533/705 680/2534/680
vt 0.7615708112716675 0.5932265520095825
vt 0.7634107470512390 0.5981539487838745
vt 0.7511704564094543 0.5969417691230774
f 634/2535/634 672/2536/672 737/2537/737
vt 0.3761629462242126 0.7163600325584412
vt 0.3694818317890167 0.7143011689186096
f 690/2538/690 765/2539/765 735/2498/735
vt 0.3766105771064758 0.7272189855575562
vt 0.3603510856628418 0.7240951061248779
f 690/2538/690 637/2540/637 863/2541/863
vt 0.3324842453002930 0.1193757206201553
vt 0.3232416808605194 0.1236519515514374
vt 0.3260482251644135 0.1122916117310524
f 685/2542/685 697/2543/697 665/2544/665
vt 0.4924952387809753 0.5207846760749817
vt 0.4903378486633301 0.5135475993156433
vt 0.5002959966659546 0.5093421339988708
f 676/2545/676 624/2546/624 738/2547/738
vt 0.7997349500656128 0.6337372064590454
vt 0.7991023063659668 0.6345826983451843
f 656/2363/656 683/2548/683 743/2549/743
vt 0.5920656323432922 0.4814529120922089
vt 0.5921404957771301 0.4895781874656677
f 656/2395/656 805/2550/805 617/2551/617
vt 0.1283194124698639 0.0608856491744518
vt 0.1237947046756744 0.0617973208427429
vt 0.1254469156265259 0.0587079934775829
f 666/2552/666 693/2553/693 918/2554/918
vt 0.2034201025962830 0.1071736291050911
vt 0.2100489586591721 0.1114854216575623
vt 0.2015709131956100 0.1115714013576508
f 729/2555/729 739/2556/739 723/2557/723
vt 0.5439807176589966 0.2976438999176025
vt 0.5401771068572998 0.2990931272506714
f 703/2558/703 719/2504/719 671/2559/671
vt 0.5025426745414734 0.5221415758132935
vt 0.5037199854850769 0.5180929899215698
vt 0.5074374079704285 0.5098099708557129
f 676/2560/676 738/2561/738 663/2562/663
vt 0.1927561014890671 0.1133461222052574
vt 0.1937160044908524 0.1137150004506111
f 652/2563/652 706/2510/706 710/2564/710
vt 0.8088842630386353 0.6432934403419495
vt 0.8064355254173279 0.6482579708099365
vt 0.8024989366531372 0.6466953158378601
f 743/2565/743 781/2566/781 734/2567/734
vt 0.3750422298908234 0.7199329733848572
vt 0.3695562183856964 0.7163336873054504
f 690/2568/690 863/2541/863 765/2569/765
vt 0.1934157758951187 0.1145514920353889
f 652/2563/652 710/2564/710 711/2570/711
vt 0.2184247374534607 0.7180671095848083
f 701/2502/701 722/2501/722 736/2571/736
vt 0.1940979957580566 0.1137909963726997
f 706/2510/706 715/2572/715 710/2564/710
vt 0.2251507937908173 0.7644518613815308
vt 0.2223977744579315 0.7599037289619446
f 682/2437/682 667/2573/667 686/2574/686
vt 0.5538289546966553 0.2820679247379303
f 744/2289/744 848/2575/848 703/2407/703
vt 0.1939350068569183 0.1141159981489182
f 710/2564/710 715/2576/715 711/2570/711
vt 0.1944220066070557 0.1141500025987625
f 710/2564/710 714/2577/714 715/2576/715
f 715/2572/715 706/2510/706 714/2577/714
vt 0.0476387776434422 0.3316072225570679
vt 0.0602133497595787 0.3260994255542755
vt 0.0569600835442543 0.3395175039768219
f 718/2578/718 733/2579/733 698/2580/698
f 715/2576/715 714/2577/714 711/2570/711
vt 0.8280649185180664 0.8597250580787659
vt 0.8320389986038208 0.8544473052024841
f 707/2371/707 724/2581/724 713/2582/713
vt 0.2550497651100159 0.0446308068931103
f 652/2531/652 711/2583/711 723/2526/723
vt 0.4982171654701233 0.3084967732429504
vt 0.4970477521419525 0.3127657473087311
f 769/2584/769 811/2585/811 728/2458/728
vt 0.1960213035345078 0.1147171184420586
f 706/2510/706 723/2586/723 714/2577/714
f 714/2577/714 723/2586/723 711/2570/711
vt 0.3258353471755981 0.1424763947725296
vt 0.3230956494808197 0.1505008339881897
vt 0.3186711370944977 0.1438276469707489
f 685/2587/685 645/2588/645 697/2589/697
vt 0.1437366306781769 0.0743862092494965
vt 0.1386693120002747 0.0648803859949112
vt 0.1534931808710098 0.0619840212166309
f 604/2590/604 666/2591/666 958/2592/958
vt 0.4834976494312286 0.5262753963470459
vt 0.4835816025733948 0.5132286548614502
f 701/2593/701 721/2594/721 624/2546/624
vt 0.0435207262635231 0.3249057233333588
vt 0.0394356772303581 0.3289519846439362
f 745/2523/745 731/2595/731 718/2596/718
vt 0.7221967577934265 0.1302585452795029
vt 0.7277690172195435 0.1302334815263748
f 737/2452/737 763/2597/763 746/2598/746
vt 0.5100954771041870 0.5152636170387268
f 676/2560/676 663/2562/663 709/2599/709
vt 0.2136259227991104 0.7099170088768005
vt 0.2190954536199570 0.7057562470436096
f 701/2502/701 770/2600/770 755/2601/755
vt 0.1558690965175629 0.0704439729452133
f 604/2590/604 958/2592/958 896/2602/896
vt 0.3658932149410248 0.6925142407417297
f 686/2517/686 735/2498/735 768/2603/768
vt 0.2231478840112686 0.0787670910358429
vt 0.2286839187145233 0.0821353793144226
f 720/2604/720 761/2605/761 729/2360/729
vt 0.8149807453155518 0.8588055968284607
vt 0.8272538781166077 0.8558878302574158
f 707/2371/707 663/2606/663 724/2607/724
vt 0.0499369986355305 0.3305009901523590
vt 0.0504739992320538 0.3303419947624207
f 718/2578/718 730/2608/730 726/2609/726
f 701/2502/701 736/2571/736 770/2600/770
vt 0.0491362102329731 0.3262027800083160
vt 0.0490880012512207 0.3298969864845276
f 718/2578/718 731/2610/731 727/2611/727
vt 0.1437783390283585 0.0579338483512402
f 666/2591/666 918/2612/918 958/2592/958
f 718/2578/718 726/2609/726 733/2579/733
vt 0.9569023251533508 0.6342834830284119
vt 0.9538864493370056 0.6347892880439758
f 712/2492/712 918/2613/918 693/2614/693
vt 0.5261378884315491 0.3129147589206696
vt 0.5286701321601868 0.3247049152851105
vt 0.5267476439476013 0.3217278122901917
f 671/2615/671 732/2616/732 769/2617/769
vt 0.0495299994945526 0.3304190039634705
vt 0.0495130009949207 0.3298650085926056
f 730/2608/730 718/2618/718 727/2619/727
vt 0.0641223639249802 0.3362279534339905
vt 0.0688431635499001 0.3274700939655304
vt 0.0700672417879105 0.3335541486740112
f 733/2620/733 764/2621/764 716/2622/716
vt 0.5490936636924744 0.2892027199268341
vt 0.5531819462776184 0.2989396750926971
f 719/2504/719 703/2623/703 927/2624/927
vt 0.4829352796077728 0.5253970623016357
vt 0.4740761816501617 0.5086084604263306
f 701/2625/701 755/2626/755 721/2594/721
vt 0.4893707036972046 0.4057758748531342
vt 0.4955851733684540 0.4075663387775421
f 743/2627/743 725/2432/725 781/2628/781
vt 0.7989149093627930 0.6363853812217712
vt 0.7954322695732117 0.6385348439216614
f 656/2363/656 743/2629/743 805/2630/805
vt 0.0500230006873608 0.3299759924411774
f 726/2609/726 730/2631/730 731/2610/731
f 726/2609/726 727/2619/727 730/2631/730
f 726/2609/726 731/2610/731 733/2579/733
f 730/2631/730 727/2619/727 731/2610/731
vt 0.4902348816394806 0.3751408457756042
vt 0.4987277388572693 0.3647485077381134
vt 0.5016085505485535 0.3736526966094971
f 639/2632/639 664/2633/664 687/2634/687
vt 0.5553311109542847 0.2843310832977295
vt 0.5549795031547546 0.2897850871086121
f 703/2407/703 848/2635/848 927/2636/927
vt 0.5436654686927795 0.3125354051589966
vt 0.5371203422546387 0.3107900023460388
f 719/2504/719 786/2637/786 732/2638/732
vt 0.7657694220542908 0.1192570626735687
vt 0.7512598037719727 0.1157616898417473
vt 0.7599380016326904 0.1143430024385452
f 712/2639/712 708/2640/708 740/2641/740
vt 0.0731816366314888 0.3239457011222839
f 716/2622/716 764/2621/764 782/2642/782
vt 0.2214935868978500 0.0950879454612732
f 729/2360/729 761/2605/761 739/2643/739
vt 0.0516813322901726 0.3278781473636627
vt 0.0517752952873707 0.3291832506656647
f 731/2610/731 764/2644/764 733/2645/733
vt 0.4969604313373566 0.3537234067916870
vt 0.5022220015525818 0.3594627678394318
f 664/2633/664 659/2646/659 766/2647/766
vt 0.2248987406492233 0.0670631676912308
vt 0.2334481030702591 0.0636391416192055
vt 0.2338046133518219 0.0783602893352509
f 720/2648/720 713/2649/713 761/2650/761
vt 0.5498735904693604 0.3094904422760010
f 719/2504/719 854/2651/854 786/2637/786
vt 0.4987466335296631 0.3852697014808655
vt 0.4970813393592834 0.3942714929580688
f 725/2432/725 687/2652/687 781/2653/781
vt 0.5483323335647583 0.0698162019252777
vt 0.5499919056892395 0.0658921673893929
vt 0.5542509555816650 0.0715162232518196
f 744/2654/744 588/2655/588 741/2656/741
vt 0.3656712472438812 0.7399832010269165
vt 0.3615350127220154 0.7412794232368469
vt 0.3579941093921661 0.7284126877784729
f 637/2657/637 716/2658/716 863/2659/863
vt 0.5927370190620422 0.4791648387908936
vt 0.5970008969306946 0.4737637639045715
vt 0.5971527695655823 0.4808241426944733
f 805/2660/805 705/2661/705 617/2662/617
vt 0.3194822669029236 0.1219452768564224
vt 0.3132584095001221 0.1157761067152023
f 665/2544/665 697/2663/697 920/2664/920
vt 0.7595818638801575 0.6269018054008484
vt 0.7572144865989685 0.6170650720596313
f 699/2301/699 891/2665/891 672/2666/672
vt 0.5532513260841370 0.0591255165636539
vt 0.5559808015823364 0.0659174919128418
f 588/2655/588 679/2667/679 756/2668/756
vt 0.5011919736862183 0.5054027438163757
vt 0.4913868308067322 0.4945888519287109
f 738/2669/738 624/2546/624 721/2670/721
vt 0.3570073246955872 0.6951359510421753
f 735/2498/735 765/2671/765 768/2603/768
vt 0.3041728436946869 0.8251272439956665
vt 0.2972045242786407 0.8317387104034424
vt 0.2940908372402191 0.8250545859336853
f 702/2672/702 807/2673/807 678/2674/678
vt 0.5156081914901733 0.5042085647583008
vt 0.5046968460083008 0.4943769872188568
vt 0.5163616538047791 0.4995946288108826
f 663/2675/663 738/2676/738 801/2677/801
vt 0.5450725555419922 0.4990214407444000
vt 0.5392906665802002 0.5003412961959839
vt 0.5475027561187744 0.4870505034923553
f 713/2678/713 724/2679/724 876/2680/876
vt 0.5174134373664856 0.5038152933120728
vt 0.5222193002700806 0.4937475621700287
f 663/2681/663 801/2677/801 819/2682/819
vt 0.3156341612339020 0.1591342240571976
vt 0.3104323446750641 0.1551895737648010
f 645/2588/645 896/2683/896 754/2684/754
vt 0.5547183752059937 0.0656671077013016
vt 0.5547588467597961 0.0690250247716904
f 588/2655/588 756/2685/756 741/2686/741
vt 0.3156217038631439 0.1518010944128036
f 754/2684/754 697/2687/697 645/2588/645
vt 0.0912401899695396 0.0432411693036556
vt 0.0990579575300217 0.0376954413950443
vt 0.0880476683378220 0.0515270121395588
f 678/2688/678 919/2689/919 655/2690/655
vt 0.5511313676834106 0.3067981898784637
f 719/2504/719 927/2624/927 854/2691/854
vt 0.3183346986770630 0.1136064231395721
vt 0.3168294727802277 0.1149563416838646
f 612/2692/612 665/2544/665 920/2693/920
vt 0.0394508577883244 0.3224109411239624
vt 0.0386722348630428 0.3169346451759338
f 731/2694/731 745/2523/745 821/2695/821
vt 0.2133068591356277 0.7373483777046204
vt 0.2249380499124527 0.7393257021903992
vt 0.2081708163022995 0.7417104244232178
f 722/2696/722 609/2697/609 820/2698/820
vt 0.5019948482513428 0.3093482553958893
vt 0.5049623250961304 0.3156899809837341
vt 0.5026513338088989 0.3180978298187256
f 769/2699/769 762/2700/762 811/2701/811
vt 0.5367003679275513 0.4971755743026733
vt 0.5323787331581116 0.4937913715839386
vt 0.5386360287666321 0.4943508803844452
f 663/2702/663 747/2703/747 724/2704/724
vt 0.0106662521138787 0.3236825466156006
vt 0.0097863683477044 0.3159364461898804
vt 0.0146202556788921 0.3181408047676086
f 612/2705/612 920/2706/920 745/2707/745
vt 0.7547833323478699 0.6307390332221985
vt 0.7527363896369934 0.6244367957115173
f 699/2301/699 752/2708/752 891/2709/891
vt 0.2872842848300934 0.8282189965248108
f 807/2673/807 919/2710/919 678/2674/678
vt 0.5023241043090820 0.3438423275947571
vt 0.5018540024757385 0.3429368734359741
vt 0.5031386017799377 0.3457444012165070
f 659/2711/659 785/2712/785 766/2713/766
vt 0.0433456711471081 0.3246961534023285
vt 0.0478799119591713 0.3175365626811981
f 731/2714/731 821/2695/821 764/2715/764
vt 0.9763829708099365 0.5378748774528503
vt 0.9733978509902954 0.5465684533119202
vt 0.9700539708137512 0.5421350598335266
f 702/2716/702 967/2717/967 807/2718/807
vt 0.7743990421295166 0.6461209058761597
vt 0.7730780839920044 0.6520036458969116
vt 0.7697369456291199 0.6493723988533020
f 680/2719/680 705/2720/705 794/2721/794
vt 0.5294944643974304 0.5023513436317444
vt 0.5299628376960754 0.4921803176403046
f 663/2722/663 819/2682/819 747/2723/747
vt 0.7115948200225830 0.1324196010828018
vt 0.7126531600952148 0.1243681237101555
f 737/2452/737 833/2724/833 763/2725/763
vt 0.2418958842754364 0.0716257765889168
f 713/2649/713 876/2726/876 761/2650/761
vt 0.4996853172779083 0.3389582931995392
vt 0.5033018589019775 0.3382021188735962
f 659/2727/659 728/2458/728 785/2728/785
vt 0.2208233922719955 0.7423617839813232
vt 0.2125378996133804 0.7530481815338135
vt 0.2064777314662933 0.7519838213920593
f 609/2729/609 686/2730/686 816/2731/816
vt 0.7678253650665283 0.6421618461608887
vt 0.7651133537292480 0.6463922262191772
vt 0.7636469006538391 0.6435261964797974
f 680/2732/680 791/2733/791 699/2734/699
vt 0.1012097373604774 0.0537120774388313
vt 0.1069897115230560 0.0442771501839161
f 679/2735/679 655/2690/655 780/2736/780
vt 0.7324720025062561 0.1215518638491631
vt 0.7473441362380981 0.1186874359846115
f 704/2334/704 746/2737/746 708/2738/708
vt 0.4799697995185852 0.5034379363059998
vt 0.4765080213546753 0.5010790824890137
vt 0.4795129895210266 0.5012840032577515
f 721/2739/721 755/2740/755 748/2741/748
vt 0.4797669947147369 0.5008379817008972
vt 0.4804490506649017 0.4936067163944244
f 721/2739/721 748/2742/748 742/2743/742
vt 0.3571090102195740 0.7443169951438904
vt 0.3591771423816681 0.7491735219955444
vt 0.3556495904922485 0.7395220994949341
f 716/2744/716 782/2745/782 863/2746/863
vt 0.4780479967594147 0.5005940198898315
f 755/2740/755 751/2747/751 748/2741/748
vt 0.4790320098400116 0.5007889866828918
f 748/2741/748 751/2747/751 749/2748/749
vt 0.5562726855278015 0.0664265528321266
vt 0.5564290285110474 0.0685990005731583
f 741/2656/741 756/2749/756 750/2750/750
vt 0.4785529971122742 0.5002549886703491
f 748/2742/748 751/2751/751 742/2743/742
vt 0.3172517716884613 0.1240198761224747
vt 0.3064147830009460 0.1235331743955612
vt 0.3138736486434937 0.1198350265622139
f 697/2752/697 881/2753/881 920/2754/920
vt 0.2341162711381912 0.0972541645169258
vt 0.2296727299690247 0.1029131338000298
f 739/2643/739 761/2755/761 898/2756/898
f 820/2698/820 609/2729/609 816/2731/816
vt 0.7472642660140991 0.5897784233093262
vt 0.7388119101524353 0.5908947587013245
vt 0.7383855581283569 0.5804676413536072
f 737/2757/737 838/2758/838 833/2759/833
vt 0.5027710199356079 0.3268637657165527
vt 0.5049183368682861 0.3271597325801849
f 811/2760/811 792/2761/792 728/2458/728
f 751/2751/751 755/2740/755 742/2743/742
vt 0.5564370155334473 0.0688780024647713
vt 0.5571529865264893 0.0692659988999367
f 741/2656/741 750/2762/750 757/2763/757
vt 0.5585130453109741 0.0698546096682549
f 741/2656/741 757/2763/757 784/2764/784
vt 0.5059235095977783 0.3360241353511810
vt 0.5052611827850342 0.3386012017726898
f 728/2458/728 792/2765/792 785/2766/785
vt 0.5568199753761292 0.0686630010604858
f 750/2762/750 753/2767/753 757/2763/757
vt 0.7466441988945007 0.6148760318756104
vt 0.7508047223091125 0.6004235744476318
f 672/2666/672 803/2768/803 737/2769/737
vt 0.3519250750541687 0.7441322207450867
f 863/2746/863 782/2745/782 828/2770/828
vt 0.5567029714584351 0.0683650001883507
vt 0.5573199987411499 0.0690239965915680
f 750/2771/750 756/2749/756 757/2772/757
vt 0.2072521299123764 0.7365746498107910
vt 0.2010615617036819 0.7273279428482056
vt 0.2118718922138214 0.7257841825485229
f 820/2773/820 736/2774/736 722/2775/722
vt 0.0997163653373718 0.0323419235646725
f 655/2690/655 919/2776/919 780/2736/780
vt 0.5377838015556335 0.4945422708988190
vt 0.5345420241355896 0.4901129901409149
f 724/2777/724 747/2723/747 758/2778/758
vt 0.5363872647285461 0.4905621409416199
f 724/2777/724 758/2778/758 814/2779/814
vt 0.5338820219039917 0.4899989962577820
f 747/2723/747 759/2780/759 758/2778/758
vt 0.7669087052345276 0.6471394300460815
f 794/2721/794 791/2781/791 680/2732/680
vt 0.5605250597000122 0.0605580396950245
f 679/2667/679 780/2782/780 756/2749/756
vt 0.5335509777069092 0.4894529879093170
f 758/2778/758 759/2780/759 760/2783/760
vt 0.5340570211410522 0.4893679916858673
vt 0.5344040989875793 0.4839465618133545
f 758/2778/758 759/2784/759 814/2785/814
vt 0.5639531016349792 0.0658933445811272
f 757/2772/757 756/2749/756 784/2786/784
vt 0.5330010056495667 0.4894700050354004
f 759/2780/759 747/2723/747 760/2787/760
f 756/2749/756 780/2782/780 784/2786/784
vt 0.5333129763603210 0.4889259934425354
f 759/2784/759 760/2788/760 814/2785/814
f 747/2723/747 814/2785/814 760/2787/760
vt 0.7058243155479431 0.1310405880212784
vt 0.7076427340507507 0.1277184635400772
f 833/2789/833 914/2790/914 763/2725/763
vt 0.7410161495208740 0.1158221065998077
f 708/2738/708 746/2737/746 777/2791/777
vt 0.4695612192153931 0.4956736266613007
vt 0.4755330383777618 0.4983263611793518
f 770/2792/770 742/2743/742 755/2793/755
vt 0.9540221691131592 0.4578386247158051
vt 0.9509775042533875 0.4634960591793060
vt 0.9501253962516785 0.4597989916801453
f 717/2794/717 740/2795/740 906/2796/906
vt 0.7375764250755310 0.6021988391876221
f 737/2537/737 803/2797/803 838/2758/838
vt 0.7427350282669067 0.1136092692613602
vt 0.7457263469696045 0.1083375811576843
f 708/2640/708 777/2798/777 818/2799/818
vt 0.6521561145782471 0.2441988438367844
vt 0.6437588334083557 0.2461719810962677
vt 0.6454076766967773 0.2428907305002213
f 699/2800/699 791/2801/791 752/2802/752
f 747/2723/747 819/2682/819 814/2785/814
vt 0.5404129624366760 0.4896543622016907
vt 0.5377130508422852 0.4822941720485687
f 724/2803/724 814/2804/814 876/2680/876
vt 0.7527390718460083 0.6157849431037903
vt 0.7472061514854431 0.6205273866653442
f 672/2805/672 891/2806/891 803/2768/803
vt 0.6811326742172241 0.8830940723419189
vt 0.6830130219459534 0.8846449851989746
vt 0.6853542923927307 0.8867565989494324
f 769/2807/769 767/2808/767 762/2809/762
vt 0.3265759050846100 0.0768762752413750
vt 0.3261268138885498 0.0846078917384148
vt 0.3125720918178558 0.0840636640787125
f 664/2810/664 766/2811/766 834/2812/834
vt 0.7174865007400513 0.1240652352571487
vt 0.7194280624389648 0.1205589920282364
vt 0.7271506190299988 0.1227873191237450
f 763/2813/763 829/2814/829 746/2815/746
vt 0.2037167549133301 0.7747592329978943
vt 0.2050953656435013 0.7774042487144470
vt 0.2049780040979385 0.7766810059547424
f 768/2816/768 765/2817/765 771/2818/771
vt 0.6834149956703186 0.8841149806976318
f 767/2808/767 769/2807/769 773/2819/773
vt 0.6833320260047913 0.8844550251960754
f 767/2808/767 773/2819/773 774/2820/774
vt 0.0677440017461777 0.3174799978733063
vt 0.0648337155580521 0.3194195032119751
vt 0.0676079988479614 0.3169009983539581
f 782/2821/782 764/2822/764 772/2823/772
vt 0.6851231455802917 0.8837155103683472
f 769/2807/769 732/2824/732 773/2819/773
vt 0.6833000183105469 0.8848379850387573
vt 0.6836760044097900 0.8842179775238037
f 767/2825/767 773/2826/773 762/2809/762
vt 0.0713447406888008 0.3195863366127014
vt 0.0682130008935928 0.3166120052337646
vt 0.0684069991111755 0.3159449994564056
f 782/2827/782 772/2828/772 775/2829/775
vt 0.0696810781955719 0.3110627532005310
f 782/2827/782 775/2829/775 828/2830/828
vt 0.2047650068998337 0.7771989703178406
f 765/2817/765 776/2831/776 771/2818/771
vt 0.7558862566947937 0.1052442118525505
f 708/2640/708 818/2799/818 740/2832/740
vt 0.9690555930137634 0.4413286447525024
vt 0.9605495929718018 0.4450456798076630
vt 0.9630146622657776 0.4384697675704956
f 712/2833/712 717/2834/717 918/2835/918
vt 0.3224102556705475 0.0741995945572853
f 664/2810/664 834/2812/834 687/2836/687
vt 0.0679839998483658 0.3161950111389160
f 772/2823/772 764/2822/764 775/2837/775
vt 0.0679429993033409 0.3155120015144348
f 772/2828/772 775/2837/775 778/2838/778
vt 0.2042600065469742 0.7774389982223511
f 771/2818/771 776/2831/776 779/2839/779
vt 0.2044149935245514 0.7769809961318970
f 771/2818/771 776/2840/776 768/2816/768
f 776/2831/776 765/2817/765 779/2839/779
f 773/2826/773 732/2824/732 762/2809/762
f 775/2837/775 764/2822/764 778/2838/778
vt 0.0683529973030090 0.3152309954166412
f 775/2829/775 778/2838/778 828/2841/828
vt 0.6836740374565125 0.0375852584838867
vt 0.6841905117034912 0.0372185371816158
vt 0.6837970018386841 0.0380060002207756
f 785/2842/785 792/2843/792 789/2844/789
vt 0.5587355494499207 0.0771796032786369
vt 0.5574972629547119 0.0739413648843765
vt 0.5627853870391846 0.0744871795177460
f 744/2845/744 741/2846/741 800/2847/800
vt 0.5608121752738953 0.0730381235480309
f 741/2846/741 865/2848/865 800/2847/800
vt 0.2040744125843048 0.7766909599304199
f 776/2840/776 779/2839/779 768/2849/768
vt 0.6830848455429077 0.0389854274690151
vt 0.6826031208038330 0.0406519472599030
vt 0.6820749044418335 0.0406008698046207
f 785/2850/785 783/2851/783 787/2852/787
vt 0.6824460029602051 0.0395729988813400
vt 0.6829264163970947 0.0386335775256157
f 785/2850/785 790/2853/790 788/2854/788
f 785/2850/785 787/2852/787 790/2853/790
vt 0.3237527608871460 0.0955644100904465
vt 0.3196288645267487 0.0949626564979553
vt 0.3255198895931244 0.0940231606364250
f 792/2855/792 812/2856/812 766/2857/766
vt 0.6827459931373596 0.0407989993691444
vt 0.6829860210418701 0.0399789996445179
vt 0.6832010149955750 0.0399679988622665
f 783/2858/783 785/2859/785 790/2860/790
vt 0.0665405616164207 0.3145307302474976
f 764/2822/764 895/2861/895 778/2838/778
vt 0.6834726333618164 0.0372898280620575
vt 0.6831089854240417 0.0376960001885891
vt 0.6832786798477173 0.0358621962368488
f 785/2862/785 789/2863/789 766/2864/766
vt 0.5596961975097656 0.0714214667677879
vt 0.5629074573516846 0.0705724358558655
f 741/2865/741 784/2764/784 865/2866/865
vt 0.2042749971151352 0.7778589725494385
vt 0.2034827619791031 0.7791515588760376
f 765/2867/765 852/2868/852 779/2839/779
f 785/2862/785 788/2854/788 789/2863/789
vt 0.2035710066556931 0.7776119709014893
f 779/2839/779 852/2868/852 768/2869/768
vt 0.0657803639769554 0.3133540749549866
f 778/2838/778 895/2870/895 828/2841/828
vt 0.6834751963615417 0.0389564819633961
vt 0.6838750243186951 0.0389709994196892
vt 0.6836389899253845 0.0394910015165806
f 785/2871/785 789/2872/789 790/2873/790
vt 0.6825969815254211 0.0386039987206459
vt 0.6828749775886536 0.0380150005221367
f 788/2854/788 790/2874/790 789/2875/789
vt 0.3096248507499695 0.1280933171510696
vt 0.3072067499160767 0.1268069148063660
f 881/2753/881 697/2876/697 957/2877/957
vt 0.1034881100058556 0.8330261707305908
vt 0.0978972315788269 0.8385494947433472
vt 0.1019920408725739 0.8268705010414124
f 805/2878/805 806/2879/806 705/2880/705
vt 0.6830719709396362 0.0404770001769066
vt 0.6835759878158569 0.0398950017988682
vt 0.6823629736900330 0.0431886985898018
f 783/2881/783 790/2882/790 787/2883/787
vt 0.6828060150146484 0.0378720015287399
vt 0.6827359795570374 0.0368000008165836
f 766/2864/766 789/2884/789 792/2885/792
vt 0.3102523684501648 0.1495965868234634
vt 0.3027237355709076 0.1473280340433121
f 697/2886/697 754/2684/754 999/2887/999
vt 0.5472957491874695 0.3213698267936707
vt 0.5490671396255493 0.3247514367103577
vt 0.5466985106468201 0.3234636783599854
f 786/2888/786 804/2889/804 732/2890/732
vt 0.5610039830207825 0.0756359994411469
f 800/2847/800 793/2891/793 744/2845/744
vt 0.5611929893493652 0.0758100003004074
vt 0.5616847276687622 0.0800036191940308
f 744/2845/744 793/2892/793 848/2893/848
vt 0.3222691118717194 0.0722764208912849
vt 0.3144093751907349 0.0739656761288643
f 687/2894/687 834/2812/834 937/2895/937
vt 0.6817675828933716 0.9097647666931152
vt 0.6895158290863037 0.9045648574829102
vt 0.6856310963630676 0.9131204485893250
f 792/2896/792 811/2897/811 812/2898/812
vt 0.5498860478401184 0.3242553770542145
vt 0.5488990545272827 0.3184396326541901
vt 0.5499680042266846 0.3233590126037598
f 804/2899/804 786/2900/786 795/2901/795
vt 0.5503609776496887 0.3230330049991608
f 786/2900/786 796/2902/796 795/2901/795
vt 0.5530677437782288 0.3202572762966156
vt 0.5512689948081970 0.3227640092372894
f 786/2900/786 854/2903/854 799/2904/799
f 786/2900/786 799/2904/799 796/2902/796
vt 0.5617449879646301 0.0751739963889122
f 793/2891/793 800/2847/800 802/2905/802
vt 0.5613920092582703 0.0754410028457642
f 793/2891/793 802/2905/802 797/2906/797
vt 0.5507959723472595 0.3230989873409271
f 796/2902/796 799/2904/799 798/2907/798
f 796/2902/796 798/2907/798 795/2901/795
vt 0.5516499876976013 0.3227550089359283
f 854/2903/854 804/2899/804 799/2908/799
vt 0.5619770288467407 0.0752680003643036
f 793/2892/793 802/2909/802 848/2893/848
vt 0.5504029989242554 0.3233799934387207
vt 0.5514789819717407 0.3230929970741272
f 796/2910/796 799/2911/799 804/2899/804
vt 0.5499929785728455 0.3236739933490753
f 796/2910/796 804/2899/804 795/2912/795
vt 0.3420011103153229 0.7074889540672302
vt 0.3546931147575378 0.7128642201423645
vt 0.3357087373733521 0.7149124145507812
f 852/2913/852 765/2914/765 863/2915/863
vt 0.2027410268783569 0.7581933736801147
vt 0.2011416405439377 0.7544938325881958
vt 0.2039186209440231 0.7560232281684875
f 686/2916/686 823/2917/823 816/2918/816
vt 0.9485096931457520 0.4561721384525299
vt 0.9409515261650085 0.4561116099357605
vt 0.9490768313407898 0.4544686973094940
f 717/2919/717 906/2920/906 837/2921/837
vt 0.2857000529766083 0.8351854085922241
vt 0.2841620147228241 0.8314279913902283
f 919/2710/919 807/2922/807 847/2923/847
vt 0.2258507460355759 0.1077987328171730
vt 0.2374788224697113 0.1050162017345428
vt 0.2346508949995041 0.1110378727316856
f 739/2924/739 898/2925/898 970/2926/970
vt 0.9096624255180359 0.3043592274188995
vt 0.9154725670814514 0.3067303001880646
vt 0.9139172434806824 0.3175772130489349
f 687/2927/687 937/2928/937 781/2929/781
vt 0.9234396219253540 0.3129402399063110
vt 0.9220492839813232 0.3299747705459595
f 781/2929/781 851/2930/851 734/2931/734
f 802/2909/802 800/2847/800 848/2893/848
vt 0.2015083134174347 0.7453126907348633
vt 0.2059216499328613 0.7518267035484314
vt 0.1991655379533768 0.7486068606376648
f 820/2932/820 816/2933/816 824/2934/824
vt 0.0448954030871391 0.3114007711410522
vt 0.0521672479808331 0.3061678707599640
vt 0.0520840287208557 0.3108969926834106
f 821/2935/821 895/2936/895 764/2937/764
vt 0.4947206377983093 0.4910921156406403
vt 0.4965266287326813 0.4865880012512207
f 738/2938/738 721/2670/721 801/2939/801
vt 0.9260078668594360 0.3387588560581207
vt 0.9240496158599854 0.3373768925666809
vt 0.9263200163841248 0.3370749950408936
f 805/2940/805 743/2941/743 808/2942/808
vt 0.9260259866714478 0.3368369936943054
f 743/2941/743 810/2943/810 808/2942/808
vt 0.9254453778266907 0.3437300324440002
vt 0.9291793107986450 0.3407281339168549
vt 0.9284646511077881 0.3484428822994232
f 805/2944/805 864/2945/864 806/2946/806
vt 0.9264119863510132 0.3363449871540070
f 810/2943/810 743/2941/743 809/2947/809
f 743/2941/743 734/2931/734 809/2947/809
vt 0.3202694058418274 0.0894484370946884
vt 0.3163236975669861 0.0926588699221611
vt 0.3166012465953827 0.0907740965485573
f 766/2948/766 873/2949/873 886/2950/886
vt 0.9262400269508362 0.3367590010166168
f 810/2951/810 809/2947/809 808/2942/808
vt 0.1981892585754395 0.7695211172103882
vt 0.1908642053604126 0.7603908777236938
vt 0.1992246657609940 0.7648536562919617
f 768/2952/768 823/2953/823 686/2954/686
vt 0.9265300035476685 0.3367939889431000
vt 0.9267590045928955 0.3372099995613098
f 808/2942/808 810/2955/810 813/2956/813
vt 0.9267780184745789 0.3364520072937012
vt 0.9282282590866089 0.3373483121395111
f 810/2955/810 809/2957/809 813/2958/813
vt 0.2424635142087936 0.0800937786698341
vt 0.2479748874902725 0.0892292633652687
f 876/2959/876 898/2960/898 761/2650/761
vt 0.9245558977127075 0.3231425583362579
vt 0.9267229437828064 0.3280150592327118
f 734/2931/734 851/2961/851 813/2962/813
vt 0.9266759753227234 0.3376240134239197
f 808/2963/808 813/2958/813 805/2940/805
f 809/2957/809 734/2931/734 813/2958/813
vt 0.3244482874870300 0.0869194194674492
f 766/2964/766 812/2856/812 873/2949/873
vt 0.1993879973888397 0.7493349909782410
f 816/2933/816 815/2965/815 824/2934/824
vt 0.5512706637382507 0.1104945763945580
vt 0.5542883276939392 0.1086188927292824
vt 0.5517673492431641 0.1138179823756218
f 927/2966/927 907/2967/907 854/2968/854
vt 0.5683352351188660 0.0677481591701508
vt 0.5639086961746216 0.0702007859945297
f 784/2786/784 840/2969/840 865/2970/865
vt 0.1994159966707230 0.7505339980125427
vt 0.1992229968309402 0.7496640086174011
f 816/2933/816 817/2971/817 815/2972/815
vt 0.7153483629226685 0.1200560927391052
vt 0.7166069746017456 0.1200060024857521
f 763/2725/763 914/2973/914 829/2974/829
vt 0.7585629820823669 0.0977599993348122
vt 0.7537393569946289 0.0967378988862038
vt 0.7587972283363342 0.0949790626764297
f 740/2975/740 818/2976/818 897/2977/897
vt 0.1991849988698959 0.7509670257568359
f 815/2972/815 817/2971/817 822/2978/822
vt 0.1990370005369186 0.7501810193061829
vt 0.1950241029262543 0.7466756701469421
f 815/2972/815 817/2979/817 824/2980/824
vt 0.9629853367805481 0.4263640642166138
vt 0.9631673097610474 0.4300955832004547
vt 0.9567402005195618 0.4258683621883392
f 958/2981/958 918/2982/918 885/2983/885
f 817/2971/817 816/2933/816 822/2978/822
vt 0.1995220184326172 0.7345958352088928
vt 0.1949346065521240 0.7378485202789307
vt 0.1931972801685333 0.7364363074302673
f 736/2984/736 820/2985/820 909/2986/909
vt 0.9282600879669189 0.3384858965873718
f 805/2940/805 813/2987/813 864/2945/864
f 817/2979/817 822/2978/822 824/2980/824
f 766/2964/766 886/2950/886 834/2812/834
f 822/2978/822 823/2953/823 824/2980/824
vt 0.1990969926118851 0.7513170242309570
f 816/2933/816 823/2953/823 822/2988/822
vt 0.5186771750450134 0.4826230704784393
vt 0.5169422626495361 0.4781573712825775
vt 0.5182780027389526 0.4785960018634796
f 801/2989/801 826/2990/826 825/2991/825
vt 0.5261424779891968 0.4785411059856415
f 801/2989/801 825/2991/825 819/2992/819
vt 0.9167805910110474 0.3047800660133362
f 781/2929/781 937/2993/937 851/2930/851
vt 0.3021173179149628 0.1342569589614868
vt 0.3032765686511993 0.1429897695779800
vt 0.3016509711742401 0.1369705647230148
f 697/2994/697 999/2995/999 957/2996/957
vt 0.3497945666313171 0.7395582199096680
vt 0.3459380865097046 0.7428490519523621
vt 0.3423989713191986 0.7378320693969727
f 863/2997/863 828/2998/828 921/2999/921
vt 0.5394268035888672 0.3282428979873657
vt 0.5459270477294922 0.3299423158168793
vt 0.5434419512748718 0.3381152749061584
f 732/3000/732 804/3001/804 950/3002/950
vt 0.5377819538116455 0.3342479169368744
vt 0.5340363383293152 0.3402408659458160
f 732/3003/732 950/3002/950 762/3004/762
vt 0.6606768965721130 0.2011184990406036
vt 0.6564183831214905 0.1952554583549500
vt 0.6599131822586060 0.1897833049297333
f 803/3005/803 882/3006/882 838/3007/838
vt 0.6808589100837708 0.1079386323690414
vt 0.6745620369911194 0.1180594488978386
vt 0.6726091504096985 0.1125529110431671
f 967/3008/967 739/3009/739 970/3010/970
vt 0.2587798237800598 0.9370953440666199
vt 0.2512944638729095 0.9318106770515442
vt 0.2595099806785583 0.9312682747840881
f 854/3011/854 907/3012/907 804/3013/804
vt 0.6481726169586182 0.2297839969396591
vt 0.6466177701950073 0.2248404771089554
vt 0.6528378725051880 0.2217963933944702
f 752/3014/752 880/3015/880 891/3016/891
vt 0.0487223640084267 0.3057021200656891
vt 0.0445010066032410 0.3026245236396790
vt 0.0479070991277695 0.3019241988658905
f 895/3017/895 821/3018/821 859/3019/859
vt 0.5184260010719299 0.4780330061912537
vt 0.5177739858627319 0.4773679971694946
f 825/3020/825 826/2990/826 832/3021/832
vt 0.5180960297584534 0.4765039980411530
f 825/3020/825 832/3021/832 831/3022/831
vt 0.5184699892997742 0.4772869944572449
f 825/3020/825 832/3023/832 819/2992/819
vt 0.1956879496574402 0.7417678236961365
vt 0.1931859999895096 0.7407330274581909
f 820/3024/820 842/3025/842 909/2986/909
vt 0.5643484592437744 0.0748142972588539
vt 0.5689706802368164 0.0752965658903122
vt 0.5658661127090454 0.0770792365074158
f 800/3026/800 865/3027/865 848/3028/848
vt 0.6562579274177551 0.1865229606628418
vt 0.6578246951103210 0.1835923492908478
f 838/3007/838 882/3029/882 833/3030/833
vt 0.1955928802490234 0.7687671184539795
vt 0.1912102848291397 0.7709924578666687
f 768/3031/768 852/3032/852 823/2953/823
vt 0.5175176858901978 0.4752347767353058
f 826/2990/826 841/3033/841 832/3021/832
vt 0.7221853137016296 0.1158403605222702
vt 0.7243930101394653 0.1141489967703819
f 829/3034/829 835/3035/835 746/2815/746
vt 0.7239969968795776 0.1138899996876717
f 829/3034/829 836/3036/836 835/3035/835
vt 0.7238934040069580 0.1097016707062721
f 746/2815/746 835/3035/835 846/3037/846
vt 0.5658221244812012 0.0851645246148109
vt 0.5674557089805603 0.0803387388586998
vt 0.5718742609024048 0.0841352269053459
f 830/3038/830 848/3039/848 839/3040/839
f 832/3021/832 841/3033/841 831/3022/831
f 832/3023/832 831/3022/831 819/2992/819
vt 0.5186426639556885 0.4747464060783386
f 819/2992/819 831/3022/831 841/3041/841
vt 0.7242209911346436 0.1138899996876717
vt 0.7240300178527832 0.1135779991745949
f 846/3037/846 835/3042/835 836/3043/836
vt 0.7235950231552124 0.1134859994053841
f 835/3042/835 836/3036/836 843/3044/843
vt 0.1924560070037842 0.7414029836654663
vt 0.1928240060806274 0.7410669922828674
f 820/3024/820 845/3045/845 842/3046/842
vt 0.1923269927501678 0.7417870163917542
f 820/3024/820 844/3047/844 845/3045/845
f 836/3036/836 829/3034/829 843/3044/843
vt 0.9458259940147400 0.4522247910499573
vt 0.9467206597328186 0.4484744071960449
vt 0.9517492055892944 0.4505595564842224
f 837/3048/837 867/3049/867 717/3050/717
vt 0.1919990032911301 0.7415350079536438
f 842/3046/842 845/3045/845 844/3051/844
vt 0.1927250027656555 0.7407529950141907
vt 0.1922370046377182 0.7410249710083008
vt 0.1918892562389374 0.7402234673500061
f 842/3052/842 845/3053/845 909/3054/909
f 836/3043/836 843/3044/843 846/3037/846
vt 0.1885264962911606 0.7430079579353333
f 820/3024/820 824/3055/824 844/3047/844
vt 0.9248132705688477 0.3246840834617615
vt 0.9292980432510376 0.3238827884197235
vt 0.9278165698051453 0.3281122148036957
f 851/3056/851 864/3057/864 813/3058/813
vt 0.9453460574150085 0.4508891105651855
vt 0.9449980258941650 0.4502530097961426
vt 0.9455590248107910 0.4497889876365662
f 837/3059/837 856/3060/856 867/3061/867
f 843/3044/843 829/3034/829 846/3037/846
vt 0.1915819942951202 0.7413709759712219
f 845/3053/845 844/3062/844 909/3054/909
vt 0.3155051469802856 0.0952625498175621
vt 0.3149099946022034 0.0942040011286736
f 812/3063/812 849/3064/849 873/2949/873
vt 0.0450995303690434 0.3010016083717346
vt 0.0452359989285469 0.3003129959106445
vt 0.0477488785982132 0.3004057407379150
f 821/3065/821 850/3066/850 859/3067/859
vt 0.0123212952166796 0.3051098883152008
vt 0.0115499822422862 0.2939201891422272
vt 0.0157678741961718 0.2991232275962830
f 745/3068/745 920/3069/920 821/3070/821
vt 0.6477757096290588 0.2140632867813110
vt 0.6487579941749573 0.2111230045557022
vt 0.6498407721519470 0.2102184146642685
f 891/3071/891 853/3072/853 803/3073/803
vt 0.4986611604690552 0.4812968373298645
vt 0.4969087541103363 0.4749021828174591
f 801/3074/801 721/2670/721 826/3075/826
vt 0.0436998829245567 0.3028577268123627
vt 0.0447850003838539 0.3000780045986176
f 821/3076/821 855/3077/855 850/3066/850
f 844/3062/844 824/3055/824 909/3054/909
vt 0.3144569993019104 0.0942230001091957
f 873/2949/873 849/3064/849 869/3078/869
vt 0.6485090255737305 0.2109339982271194
vt 0.6483381986618042 0.2105472236871719
f 803/3073/803 853/3079/853 878/3080/878
vt 0.0389358960092068 0.2955099940299988
vt 0.0443039983510971 0.2994610071182251
f 821/3076/821 827/3081/827 857/3082/857
f 821/3076/821 857/3082/857 855/3077/855
vt 0.6480608582496643 0.2124948054552078
vt 0.6482830047607422 0.2110639959573746
f 853/3072/853 891/3083/891 858/3084/858
vt 0.9442129731178284 0.4504199922084808
vt 0.9444670081138611 0.4501399993896484
f 837/3048/837 860/3085/860 861/3086/861
vt 0.9449539780616760 0.4499849975109100
f 837/3048/837 861/3086/861 856/3087/856
vt 0.2905887663364410 0.8473988771438599
vt 0.2801927030086517 0.8379992842674255
f 807/2922/807 912/3088/912 847/3089/847
vt 0.5683962106704712 0.0776342004537582
vt 0.5681399703025818 0.0784299969673157
f 848/2893/848 865/3090/865 862/3091/862
vt 0.3148239850997925 0.0946149975061417
f 812/3063/812 869/3092/869 849/3064/849
vt 0.3132200539112091 0.0953206643462181
f 812/3063/812 903/3093/903 869/3092/869
vt 0.4875546097755432 0.4799069464206696
f 721/2670/721 742/3094/742 826/3075/826
vt 0.1840659081935883 0.7706336975097656
f 823/2953/823 852/3032/852 961/3095/961
vt 0.6545913219451904 0.1851924806833267
vt 0.6536350846290588 0.1815592497587204
f 833/3030/833 882/3096/882 915/3097/915
vt 0.6939216256141663 0.9034552574157715
vt 0.6903082132339478 0.8931192755699158
vt 0.7175703048706055 0.9013697504997253
f 811/3098/811 762/3099/762 935/3100/935
vt 0.0452070012688637 0.2999809980392456
f 850/3101/850 855/3077/855 857/3082/857
vt 0.0448289997875690 0.2996689975261688
vt 0.0476026423275471 0.3000502288341522
f 850/3101/850 855/3102/855 859/3103/859
vt 0.6477860212326050 0.2109439969062805
f 853/3079/853 858/3084/858 868/3104/868
vt 0.6482909917831421 0.2108049988746643
f 853/3079/853 858/3105/858 878/3080/878
vt 0.5700308084487915 0.0703208073973656
vt 0.5683087110519409 0.0675102770328522
vt 0.5708249807357788 0.0689899995923042
f 865/3106/865 840/3107/840 866/3108/866
vt 0.5698521733283997 0.0708319842815399
vt 0.5725168585777283 0.0688292905688286
f 865/3109/865 866/3108/866 893/3110/893
vt 0.6974954009056091 0.9096557497978210
vt 0.6972389221191406 0.9181072711944580
vt 0.6944024562835693 0.9142342805862427
f 811/3111/811 903/3112/903 812/3113/812
vt 0.5708670020103455 0.0684489980340004
f 840/3107/840 872/3114/872 866/3108/866
vt 0.6479189991950989 0.2112639993429184
f 858/3084/858 891/3083/891 868/3115/868
f 858/3105/858 868/3104/868 878/3080/878
vt 0.3144910037517548 0.0945290029048920
vt 0.3140510022640228 0.0945380032062531
f 849/3064/849 869/3116/869 870/3117/870
vt 0.9426385164260864 0.4476805627346039
vt 0.9446880221366882 0.4498839974403381
vt 0.9443359971046448 0.4499039947986603
f 867/3118/867 856/3119/856 861/3120/861
f 855/3102/855 857/3082/857 859/3103/859
vt 0.5712320208549500 0.0689399987459183
f 893/3110/893 866/3108/866 872/3121/872
f 878/3080/878 868/3104/868 891/3083/891
vt 0.9418759346008301 0.4518515765666962
vt 0.9439529776573181 0.4506649971008301
f 837/3048/837 906/3122/906 860/3123/860
vt 0.9285308718681335 0.3147177994251251
vt 0.9282708764076233 0.3210435211658478
f 851/2930/851 971/3124/971 864/3125/864
vt 0.9440429806709290 0.4503650069236755
f 856/3119/856 861/3086/861 860/3126/860
vt 0.5712429881095886 0.0681660026311874
vt 0.5712249875068665 0.0686720013618469
f 866/3108/866 871/3127/871 872/3128/872
vt 0.5699826478958130 0.0670966804027557
f 872/3114/872 840/3129/840 871/3127/871
vt 0.5713520050048828 0.0661559998989105
vt 0.5714278221130371 0.0642616823315620
vt 0.5726645588874817 0.0689937621355057
f 840/3130/840 784/3131/784 893/3132/893
vt 0.0439709983766079 0.2989610135555267
f 857/3082/857 827/3081/827 879/3133/879
f 857/3082/857 879/3133/879 859/3103/859
f 860/3126/860 906/3122/906 867/3118/867
f 860/3126/860 867/3118/867 861/3120/861
vt 0.5687159895896912 0.0782490000128746
f 862/3091/862 865/3090/865 874/3134/874
vt 0.5685060024261475 0.0784960016608238
f 862/3091/862 874/3134/874 875/3135/875
f 840/3129/840 893/3132/893 871/3127/871
f 871/3127/871 893/3132/893 872/3128/872
vt 0.5682460069656372 0.0787089988589287
vt 0.5699561238288879 0.0805131420493126
f 848/2893/848 862/3136/862 839/3137/839
vt 0.5220729708671570 0.4730231165885925
vt 0.5345910787582397 0.4589354097843170
f 819/2992/819 841/3138/841 894/3139/894
vt 0.3137750029563904 0.0946659967303276
f 869/3116/869 903/3093/903 870/3140/870
f 869/3078/869 870/3117/870 873/2949/873
vt 0.6524587273597717 0.1915549486875534
vt 0.6441426277160645 0.1863467842340469
vt 0.6534600257873535 0.1905979961156845
f 803/3141/803 900/3142/900 882/3143/882
vt 0.5688350200653076 0.0785479992628098
f 862/3136/862 874/3144/874 839/3137/839
vt 0.2822283208370209 0.8450360894203186
f 912/3088/912 877/3145/877 847/3089/847
vt 0.5698068141937256 0.0781066939234734
f 865/3090/865 839/3146/839 874/3134/874
f 870/3117/870 903/3093/903 873/2949/873
vt 0.7409880757331848 0.1065522506833076
vt 0.7423377037048340 0.1028043031692505
f 818/2799/818 777/3147/777 916/3148/916
vt 0.4901550710201263 0.4743832349777222
f 742/3094/742 770/3149/770 826/3075/826
vt 0.2793140113353729 0.8417659997940063
vt 0.2740292847156525 0.8463593721389771
f 847/3089/847 883/3150/883 890/3151/890
vt 0.9352115392684937 0.4573370218276978
vt 0.9332774281501770 0.4593843221664429
f 906/2920/906 740/3152/740 897/3153/897
vt 0.3131740093231201 0.0937319993972778
vt 0.3121104836463928 0.0922126397490501
f 873/2949/873 903/3154/903 886/3155/886
vt 0.0330586880445480 0.3009648919105530
vt 0.0294006187468767 0.2919329702854156
f 821/3156/821 879/3157/879 827/3081/827
vt 0.2798070013523102 0.8426570296287537
vt 0.2795360088348389 0.8421949744224548
f 847/3089/847 884/3158/884 883/3159/883
vt 0.2801361083984375 0.8439278006553650
f 847/3089/847 877/3160/877 884/3158/884
vt 0.3400013744831085 0.6935173273086548
vt 0.3329883515834808 0.7007806897163391
f 961/3161/961 852/2913/852 936/3162/936
vt 0.0469967871904373 0.2976430952548981
vt 0.0467087440192699 0.2964784801006317
vt 0.0509426593780518 0.2982065081596375
f 859/3163/859 879/3164/879 895/3165/895
vt 0.2793470025062561 0.8427979946136475
f 883/3150/883 884/3166/884 890/3151/890
vt 0.2797420024871826 0.8433910012245178
f 883/3159/883 884/3158/884 887/3167/887
f 884/3158/884 877/3160/877 887/3167/887
vt 0.5232116580009460 0.4649350643157959
f 841/3138/841 949/3168/949 894/3139/894
vt 0.6528530120849609 0.1830379962921143
vt 0.6531890034675598 0.1827380061149597
f 882/3096/882 889/3169/889 888/3170/888
vt 0.0534855462610722 0.2869265675544739
f 895/3165/895 879/3164/879 917/3171/917
vt 0.5673019289970398 0.0570885390043259
vt 0.5792983174324036 0.0598836839199066
vt 0.5759180784225464 0.0591798610985279
f 780/3172/780 955/3173/955 784/3174/784
vt 0.6527791619300842 0.1815854012966156
f 882/3096/882 888/3170/888 915/3175/915
f 884/3166/884 887/3167/887 890/3151/890
f 887/3167/887 877/3160/877 890/3151/890
vt 0.6913781166076660 0.9047521352767944
vt 0.7022587060928345 0.9027622342109680
f 811/3176/811 935/3100/935 933/3177/933
vt 0.9480301737785339 0.4448735713958740
vt 0.9462752938270569 0.4413414597511292
vt 0.9484123587608337 0.4396909177303314
f 717/3178/717 867/3179/867 918/3180/918
vt 0.6526790261268616 0.1825969964265823
f 915/3175/915 888/3170/888 889/3181/889
vt 0.6523529887199402 0.1827310025691986
f 888/3170/888 889/3169/889 892/3182/892
f 889/3169/889 882/3096/882 892/3182/892
vt 0.6481350064277649 0.1826660782098770
f 882/3096/882 900/3183/900 892/3182/892
vt 0.5725794434547424 0.0712950825691223
vt 0.5735207200050354 0.0704005211591721
vt 0.5777840018272400 0.0720215737819672
f 865/3184/865 893/3185/893 839/3186/839
vt 0.0208816975355148 0.2988736331462860
vt 0.0249102339148521 0.2908964157104492
f 821/3187/821 920/3069/920 879/3188/879
vt 0.3412469923496246 0.7474936842918396
vt 0.3342718482017517 0.7470027208328247
vt 0.3332236409187317 0.7460040450096130
f 828/3189/828 895/3190/895 921/3191/921
f 889/3181/889 892/3182/892 915/3175/915
vt 0.5213643312454224 0.4713469147682190
vt 0.5157375931739807 0.4720732569694519
f 841/3192/841 826/3193/826 949/3168/949
vt 0.6381726861000061 0.2334724813699722
vt 0.6396528482437134 0.2447117865085602
vt 0.6325416564941406 0.2407477796077728
f 752/3194/752 791/3195/791 944/3196/944
vt 0.2575715482234955 0.8195347785949707
vt 0.2565735280513763 0.8140195012092590
vt 0.2563870251178741 0.8114992976188660
f 919/3197/919 955/3198/955 780/3199/780
vt 0.6507528424263000 0.1810739487409592
f 892/3182/892 900/3183/900 915/3200/915
vt 0.3118777871131897 0.0907561406493187
vt 0.3099643588066101 0.0896266996860504
f 834/2812/834 886/3201/886 903/3202/903
vt 0.5355114936828613 0.4674936830997467
vt 0.5445132255554199 0.4672796726226807
f 819/3203/819 894/3139/894 814/3204/814
vt 0.7285850048065186 0.1078458204865456
vt 0.7244514822959900 0.1050659865140915
vt 0.7287951707839966 0.1022404059767723
f 846/3205/846 938/3206/938 777/3207/777
vt 0.6462544202804565 0.2089415192604065
vt 0.6427260637283325 0.2112739980220795
vt 0.6375246047973633 0.2097548544406891
f 878/3208/878 891/3209/891 900/3210/900
vt 0.2835296392440796 0.8540704250335693
vt 0.2808389067649841 0.8467364907264709
f 912/3211/912 890/3151/890 877/3212/877
vt 0.7328950762748718 0.1132797673344612
f 746/3213/746 846/3205/846 777/3207/777
vt 0.2575196623802185 0.9279515147209167
vt 0.2525582015514374 0.9245831370353699
vt 0.2578876018524170 0.9242308735847473
f 804/3214/804 907/3215/907 950/3216/950
vt 0.7418422698974609 0.1011997982859612
vt 0.7354674935340881 0.1009570360183716
vt 0.7397920489311218 0.0990248247981071
f 916/3217/916 777/3218/777 905/3219/905
vt 0.6357985734939575 0.2489564865827560
vt 0.6310819387435913 0.2460457533597946
f 794/3220/794 944/3221/944 791/3195/791
vt 0.9370984435081482 0.4511794447898865
vt 0.9367610216140747 0.4519070088863373
vt 0.9363449811935425 0.4517309963703156
f 923/3222/923 906/3223/906 899/3224/899
vt 0.9358525276184082 0.4523598253726959
f 906/3223/906 897/3225/897 899/3224/899
vt 0.7444809675216675 0.0977975726127625
vt 0.7428616881370544 0.0977915823459625
f 916/3226/916 905/3219/905 908/3227/908
vt 0.5745267271995544 0.0682480335235596
vt 0.5758552551269531 0.0683493986725807
f 893/3228/893 955/3229/955 839/3186/839
vt 0.6419739723205566 0.2156580537557602
f 880/3230/880 900/3210/900 891/3209/891
vt 0.9359539747238159 0.4519580006599426
f 897/3225/897 901/3231/901 899/3224/899
vt 0.6986530423164368 0.8895690441131592
vt 0.7028731107711792 0.8883449435234070
f 762/3232/762 950/3233/950 935/3100/935
vt 0.9449279904365540 0.9421910047531128
vt 0.9452090263366699 0.9424949884414673
vt 0.9453129768371582 0.9429159760475159
f 899/3234/899 901/3235/901 902/3236/902
vt 0.9448850154876709 0.9427109956741333
vt 0.9444884657859802 0.9425826072692871
f 899/3234/899 901/3237/901 923/3238/923
vt 0.9456549882888794 0.9426670074462891
vt 0.9457594156265259 0.9430403709411621
f 897/3239/897 923/3240/923 902/3236/902
f 897/3239/897 902/3236/902 901/3235/901
vt 0.9768562316894531 0.4808421432971954
vt 0.9739727973937988 0.4885143339633942
vt 0.9732513427734375 0.4785492420196533
f 876/3241/876 814/3242/814 898/3243/898
vt 0.5759156942367554 0.0643178895115852
vt 0.5788195133209229 0.0653996467590332
vt 0.5764845013618469 0.0665103644132614
f 784/3244/784 955/3245/955 893/3246/893
vt 0.6491831541061401 0.1993293017148972
vt 0.6472826600074768 0.2053763866424561
vt 0.6410322785377502 0.1945423334836960
f 803/3247/803 878/3248/878 900/3249/900
vt 0.7144761681556702 0.1093691289424896
vt 0.7147029638290405 0.1055057048797607
vt 0.7176877856254578 0.1085670217871666
f 914/3250/914 846/3251/846 829/3252/829
vt 0.5464192032814026 0.4591927528381348
f 898/3253/898 814/3204/814 894/3139/894
vt 0.7025769352912903 0.9103091955184937
f 811/3111/811 933/3177/933 903/3254/903
vt 0.9432751536369324 0.9453226923942566
f 901/3237/901 902/3236/902 923/3255/923
vt 0.3310773074626923 0.7064203023910522
f 852/2913/852 863/2915/863 936/3256/936
vt 0.9402046203613281 0.9410595893859863
vt 0.9422581791877747 0.9418042302131653
vt 0.9402280449867249 0.9428264498710632
f 867/3257/867 906/3258/906 923/3259/923
vt 0.2580806016921997 0.8412538766860962
vt 0.2676924765110016 0.8373915553092957
f 890/3151/890 919/3260/919 847/3261/847
vt 0.7416869997978210 0.0976070016622543
vt 0.7421489953994751 0.0974974259734154
f 905/3219/905 910/3262/910 908/3263/908
vt 0.2723596394062042 0.8507218956947327
vt 0.2699258625507355 0.8556546568870544
f 890/3151/890 912/3264/912 904/3265/904
vt 0.0573441497981548 0.2951083779335022
vt 0.0622206777334213 0.2910784184932709
f 895/3266/895 917/3171/917 939/3267/939
vt 0.7411829829216003 0.0975690037012100
f 905/3219/905 911/3268/911 910/3262/910
vt 0.9629390239715576 0.0501170866191387
vt 0.9580078721046448 0.0601390562951565
vt 0.9564056396484375 0.0512627139687538
f 867/3269/867 885/3270/885 918/3271/918
vt 0.9675937891006470 0.0560686402022839
f 867/3269/867 923/3272/923 885/3270/885
vt 0.9619312882423401 0.9519000053405762
vt 0.9515083432197571 0.9565980434417725
vt 0.9566137790679932 0.9498260021209717
f 916/3273/916 982/3274/982 818/3275/818
vt 0.7412749528884888 0.0967348739504814
vt 0.7402830123901367 0.0937001928687096
f 916/3226/916 908/3276/908 925/3277/925
vt 0.7408400177955627 0.0973410010337830
f 905/3219/905 913/3278/913 911/3268/911
vt 0.7414320111274719 0.0974010005593300
f 910/3279/910 911/3268/911 913/3278/913
vt 0.7410550117492676 0.0972559973597527
f 910/3279/910 911/3280/911 908/3276/908
vt 0.6845771670341492 0.6411195397377014
vt 0.6836515069007874 0.6313947439193726
vt 0.6886209845542908 0.6393899321556091
f 833/3281/833 983/3282/983 914/3283/914
vt 0.6504067778587341 0.1731904298067093
vt 0.6508378386497498 0.1776966899633408
vt 0.6389763951301575 0.1768389791250229
f 833/3284/833 915/3285/915 983/3286/983
vt 0.0622876249253750 0.2940352857112885
vt 0.0673883110284805 0.2898062467575073
vt 0.0713441818952560 0.2914655506610870
f 895/3287/895 939/3288/939 921/3289/921
vt 0.9269116520881653 0.2974185049533844
vt 0.9335741400718689 0.3027292191982269
f 851/2930/851 937/3290/937 971/3291/971
vt 0.1839590966701508 0.7168897986412048
vt 0.1844481229782104 0.7307782769203186
vt 0.1783628463745117 0.7247111201286316
f 736/3292/736 909/3293/909 963/3294/963
vt 0.2875413894653320 0.8644272685050964
vt 0.2827568948268890 0.8681785464286804
vt 0.2776758968830109 0.8605575561523438
f 807/3295/807 967/3296/967 912/3297/912
vt 0.3077823519706726 0.0886024236679077
vt 0.3051919937133789 0.0899244993925095
f 903/3298/903 1013/3299/1013 834/2812/834
vt 0.7412943243980408 0.0969959497451782
f 911/3280/911 913/3278/913 908/3300/908
vt 0.7405729889869690 0.0971380025148392
vt 0.7393997311592102 0.0942227467894554
f 913/3301/913 905/3219/905 925/3302/925
f 913/3301/913 925/3302/925 908/3276/908
vt 0.4984028339385986 0.4687124490737915
vt 0.4878549873828888 0.4642579853534698
vt 0.5000904202461243 0.4627242386341095
f 826/3303/826 770/3304/770 924/3305/924
vt 0.2690479755401611 0.8522077798843384
f 890/3151/890 904/3306/904 919/3260/919
vt 0.2972930073738098 0.1196869239211082
vt 0.2894384562969208 0.1224945485591888
vt 0.2940035164356232 0.1145627647638321
f 881/3307/881 957/3308/957 920/3309/920
vt 0.1777223050594330 0.7347732782363892
vt 0.1790196299552917 0.7277581095695496
f 909/3293/909 824/3310/824 963/3311/963
vt 0.6510456204414368 0.1781997531652451
vt 0.6458910107612610 0.1786839962005615
f 915/3312/915 900/3142/900 983/3313/983
vt 0.7394359707832336 0.0962880030274391
vt 0.7346933484077454 0.0939208865165710
f 905/3314/905 777/3315/777 925/3302/925
vt 0.5715831518173218 0.0887336879968643
vt 0.5748343467712402 0.0906317830085754
f 830/3316/830 839/3040/839 972/3317/972
vt 0.6298089623451233 0.2385658174753189
vt 0.6308736801147461 0.2262580990791321
f 752/3194/752 944/3318/944 880/3319/880
vt 0.5429805517196655 0.4544024765491486
vt 0.5438362956047058 0.4483981132507324
vt 0.5460903644561768 0.4567078053951263
f 894/3320/894 922/3321/922 898/3322/898
vt 0.5078516006469727 0.4643158614635468
vt 0.5026041865348816 0.4567632079124451
vt 0.5086767673492432 0.4598877429962158
f 826/3323/826 924/3324/924 934/3325/934
vt 0.9224280118942261 0.9557821154594421
vt 0.9203309416770935 0.9531194567680359
vt 0.9260804057121277 0.9526857733726501
f 896/3326/896 969/3327/969 754/3328/754
vt 0.4823837578296661 0.4656850099563599
vt 0.4669337868690491 0.4682148993015289
vt 0.4801542460918427 0.4593206942081451
f 770/3329/770 736/3330/736 932/3331/932
vt 0.5632389783859253 0.0973592326045036
vt 0.5700597763061523 0.0901407003402710
vt 0.5727425813674927 0.0980373546481133
f 848/3332/848 830/3333/830 927/3334/927
vt 0.4881499111652374 0.4665631055831909
vt 0.4842058122158051 0.4577870070934296
vt 0.4895159304141998 0.4578170776367188
f 770/3335/770 932/3336/932 924/3337/924
vt 0.9195279479026794 0.9566785693168640
vt 0.9147451519966125 0.9532456398010254
f 896/3338/896 958/3339/958 969/3327/969
vt 0.9641857743263245 0.9540029168128967
vt 0.9630231857299805 0.9568459987640381
f 982/3274/982 916/3340/916 925/3341/925
vt 0.3045986592769623 0.0953985378146172
vt 0.3039489984512329 0.0966859981417656
vt 0.2999656796455383 0.0929339155554771
f 903/3342/903 928/3343/928 1013/3344/1013
vt 0.9424568414688110 0.9445534944534302
vt 0.9454488158226013 0.9496360421180725
vt 0.9399305582046509 0.9511972665786743
f 923/3345/923 897/3346/897 885/3347/885
vt 0.2428281456232071 0.9235241413116455
vt 0.2539678215980530 0.9167617559432983
f 907/3012/907 974/3348/974 950/3349/950
vt 0.7020788192749023 0.9167045950889587
vt 0.7077450156211853 0.9187150001525879
vt 0.7075235247612000 0.9194701910018921
f 903/3350/903 926/3351/926 928/3352/928
vt 0.6237866878509521 0.2362488508224487
f 944/3318/944 973/3353/973 880/3319/880
vt 0.7093970179557800 0.1009206026792526
vt 0.7161827683448792 0.0987541005015373
f 846/3251/846 914/3354/914 987/3355/987
vt 0.9485618472099304 0.9500910639762878
vt 0.9531298875808716 0.9500679373741150
f 897/3356/897 818/3357/818 982/3274/982
vt 0.9749163389205933 0.4627877473831177
vt 0.9694737195968628 0.4696835875511169
vt 0.9693846106529236 0.4651812613010406
f 898/3358/898 931/3359/931 966/3360/966
vt 0.3333900570869446 0.7195364832878113
vt 0.3251855075359344 0.7262978553771973
vt 0.3198247849941254 0.7169713377952576
f 863/3361/863 921/3362/921 936/3363/936
vt 0.7076724767684937 0.9107452630996704
f 903/3350/903 933/3364/933 926/3351/926
vt 0.7081500291824341 0.9189249873161316
f 928/3352/928 926/3351/926 929/3365/929
vt 0.5196670293807983 0.4590565264225006
vt 0.5112174749374390 0.4531235694885254
vt 0.5178768038749695 0.4520148932933807
f 826/3366/826 934/3367/934 949/3368/949
vt 0.9452392458915710 0.2299977838993073
vt 0.9431078433990479 0.2327334880828857
vt 0.9413700103759766 0.2244780808687210
f 864/3369/864 971/3370/971 806/3371/806
vt 0.7179583907127380 0.1029013097286224
vt 0.7195760011672974 0.1000789999961853
vt 0.7231487631797791 0.0973366275429726
f 846/3372/846 987/3373/987 938/3374/938
vt 0.7080960273742676 0.9184849858283997
f 926/3351/926 933/3364/933 929/3375/929
vt 0.7087709903717041 0.9186519980430603
f 926/3351/926 929/3375/929 930/3376/930
vt 0.2696445584297180 0.8643314838409424
vt 0.2693554162979126 0.8612813353538513
f 912/3297/912 967/3377/967 904/3378/904
vt 0.5360186696052551 0.4456511735916138
f 894/3139/894 952/3379/952 922/3321/922
f 929/3375/929 933/3364/933 930/3376/930
vt 0.7098152041435242 0.9196274280548096
f 929/3365/929 930/3376/930 928/3380/928
vt 0.7080895304679871 0.9153001308441162
f 930/3376/930 933/3381/933 928/3380/928
vt 0.2966940701007843 0.0871287509799004
vt 0.2986536920070648 0.0778377056121826
f 834/2812/834 1013/3382/1013 937/3383/937
vt 0.9095979332923889 0.9630410671234131
vt 0.9085001349449158 0.9560996890068054
vt 0.9143966436386108 0.9526417255401611
f 885/3384/885 969/3385/969 958/3386/958
vt 0.0810725316405296 0.8022208213806152
vt 0.0830434039235115 0.8113222718238831
vt 0.0715799555182457 0.7990075349807739
f 794/3387/794 705/3388/705 944/3389/944
vt 0.9409580826759338 0.9530788660049438
f 897/3346/897 982/3274/982 885/3390/885
vt 0.5795435309410095 0.0921523496508598
f 830/3333/830 972/3391/972 927/3334/927
vt 0.9335466623306274 0.9417150020599365
vt 0.9258447885513306 0.9488298296928406
vt 0.9249324202537537 0.9428752064704895
f 999/3392/999 754/3393/754 965/3394/965
vt 0.0691149756312370 0.8357422351837158
vt 0.0648474395275116 0.8262903690338135
vt 0.0846938565373421 0.8273757696151733
f 806/3395/806 954/3396/954 705/3397/705
vt 0.4974580705165863 0.4475702345371246
vt 0.5045710206031799 0.4493860006332397
vt 0.5093678236007690 0.4499577283859253
f 924/3398/924 940/3399/940 934/3400/934
vt 0.5042269825935364 0.4490630030632019
f 924/3398/924 942/3401/942 940/3399/940
vt 0.0746446624398232 0.2822184264659882
vt 0.0679861977696419 0.2809244692325592
vt 0.0725486725568771 0.2759837508201599
f 921/3402/921 939/3403/939 980/3404/980
vt 0.5053259730339050 0.4491190016269684
vt 0.5055630207061768 0.4487819969654083
vt 0.5062419772148132 0.4487169981002808
f 940/3405/940 941/3406/941 943/3407/943
f 940/3405/940 943/3407/943 934/3400/934
vt 0.4770025312900543 0.4528552889823914
vt 0.4649983644485474 0.4411921203136444
vt 0.4750539958477020 0.4485810101032257
f 736/3408/736 1088/3409/1088 932/3410/932
vt 0.6369646191596985 0.2164993584156036
vt 0.6285043954849243 0.2184911072254181
f 900/3411/900 880/3319/880 959/3412/959
vt 0.9736795425415039 0.4605848789215088
vt 0.9669028520584106 0.4583970904350281
vt 0.9706247448921204 0.4534868597984314
f 898/3413/898 966/3414/966 970/3415/970
vt 0.5069391131401062 0.4471946358680725
f 934/3400/934 943/3407/943 942/3416/942
vt 0.5051820278167725 0.4484190046787262
vt 0.4993545413017273 0.4398058354854584
vt 0.5061020255088806 0.4482150077819824
f 940/3417/940 942/3418/942 943/3419/943
vt 0.9582436084747314 0.4794501662254333
vt 0.9619516134262085 0.4680898785591125
vt 0.9689171314239502 0.4804639518260956
f 922/3420/922 931/3421/931 898/3422/898
vt 0.2671974301338196 0.8652153611183167
vt 0.2615703642368317 0.8585953712463379
f 904/3265/904 967/3423/967 981/3424/981
vt 0.7139866948127747 0.9199483394622803
f 928/3380/928 933/3381/933 964/3425/964
vt 0.5334112644195557 0.4445254802703857
f 894/3139/894 949/3426/949 952/3379/952
vt 0.9191389679908752 0.9494820833206177
vt 0.9200857877731323 0.9456634521484375
f 754/3393/754 969/3427/969 965/3428/965
vt 0.5308740735054016 0.4429843425750732
vt 0.5330569744110107 0.4415889978408813
vt 0.5335841178894043 0.4421439170837402
f 949/3429/949 945/3430/945 952/3431/952
vt 0.0668570026755333 0.2777970135211945
vt 0.0680340006947517 0.2775309979915619
f 939/3403/939 947/3432/947 946/3433/946
vt 0.5307425260543823 0.4393946826457977
vt 0.5323820114135742 0.4411390125751495
f 949/3429/949 956/3434/956 945/3435/945
vt 0.0682341977953911 0.2790823578834534
f 939/3436/939 946/3433/946 980/3404/980
vt 0.5333039760589600 0.4409100115299225
vt 0.5358330011367798 0.4392620027065277
f 945/3430/945 948/3437/948 951/3438/951
vt 0.5364024639129639 0.4400399923324585
f 945/3430/945 951/3438/951 952/3439/952
vt 0.0257633607834578 0.2789578139781952
vt 0.0319706313312054 0.2730966508388519
vt 0.0459628328680992 0.2754317522048950
f 879/3440/879 989/3441/989 917/3442/917
vt 0.0110516678541899 0.2782094478607178
vt 0.0178416855633259 0.2710928320884705
vt 0.0244058426469564 0.2795732021331787
f 920/3443/920 989/3444/989 879/3445/879
vt 0.5328500270843506 0.4409309923648834
vt 0.5319000482559204 0.4389515817165375
vt 0.5358930230140686 0.4388180077075958
f 945/3446/945 956/3447/956 951/3448/951
vt 0.0660391077399254 0.2795862257480621
vt 0.0648261234164238 0.2746739387512207
vt 0.0666949972510338 0.2774829864501953
f 939/3449/939 962/3450/962 947/3451/947
vt 0.0600627511739731 0.2792694270610809
f 939/3449/939 917/3452/917 962/3450/962
f 956/3447/956 952/3439/952 951/3448/951
vt 0.0674979984760284 0.2774839997291565
f 947/3432/947 953/3453/953 946/3433/946
vt 0.0707688182592392 0.8122481107711792
f 705/3388/705 954/3396/954 944/3454/944
vt 0.7159155011177063 0.9070520997047424
f 933/3364/933 935/3100/935 1011/3455/1011
vt 0.0677239969372749 0.2770810127258301
f 947/3451/947 962/3450/962 946/3456/946
vt 0.9651290178298950 0.9636290073394775
vt 0.9687555432319641 0.9654331803321838
vt 0.9594428539276123 0.9671474099159241
f 925/3457/925 777/3458/777 982/3459/982
vt 0.7077005505561829 0.8930937647819519
vt 0.7143580913543701 0.8905522227287292
f 950/3460/950 960/3461/960 935/3100/935
vt 0.5377197265625000 0.4365366697311401
vt 0.5355968475341797 0.4352888762950897
vt 0.5387981534004211 0.4346584379673004
f 952/3462/952 956/3463/956 922/3464/922
vt 0.0682699978351593 0.2774029970169067
vt 0.0665517076849937 0.2749670147895813
f 946/3465/946 962/3466/962 980/3404/980
vt 0.2445016354322433 0.9046525955200195
vt 0.2479465156793594 0.9149427413940430
vt 0.2424406260251999 0.9164726138114929
f 960/3467/960 950/3468/950 974/3469/974
vt 0.2978905141353607 0.0959793627262115
vt 0.2948822081089020 0.0952032729983330
vt 0.2995301783084869 0.0927309319376945
f 928/3470/928 964/3471/964 1013/3472/1013
vt 0.6141391992568970 0.2222780734300613
vt 0.6293259859085083 0.2133230715990067
f 880/3319/880 973/3473/973 959/3474/959
vt 0.5695881247520447 0.1069777384400368
vt 0.5790752768516541 0.1126047894358635
vt 0.5673962235450745 0.1130319237709045
f 907/3475/907 976/3476/976 974/3477/974
vt 0.0691855028271675 0.2750443816184998
vt 0.0603877790272236 0.2637858986854553
f 962/3478/962 977/3479/977 980/3404/980
vt 0.7121194005012512 0.9120286107063293
vt 0.7165416479110718 0.9172236919403076
f 933/3480/933 1011/3455/1011 964/3481/964
vt 0.3214216530323029 0.6924217939376831
vt 0.3163067102432251 0.6995621919631958
vt 0.3051336705684662 0.7000421881675720
f 961/3482/961 936/3483/936 968/3484/968
vt 0.5776475667953491 0.0966849327087402
vt 0.5856236815452576 0.1045752242207527
vt 0.5734414458274841 0.1042550578713417
f 927/3485/927 976/3486/976 907/3487/907
vt 0.5852950215339661 0.0653386265039444
vt 0.5917572975158691 0.0668888762593269
vt 0.5882022976875305 0.0697949677705765
f 955/3488/955 992/3489/992 839/3490/839
vt 0.5273261070251465 0.4341551065444946
vt 0.5348132252693176 0.4330720305442810
f 956/3463/956 949/3491/949 922/3492/922
vt 0.6939535737037659 0.6238803863525391
vt 0.6922076940536499 0.6297037005424500
f 983/3282/983 975/3493/975 914/3494/914
vt 0.2814123928546906 0.1023698449134827
vt 0.2837671935558319 0.1116191744804382
vt 0.2739633619785309 0.1056714951992035
f 920/3495/920 957/3496/957 989/3497/989
vt 0.4923913180828094 0.4445858299732208
vt 0.4813646972179413 0.4443176686763763
vt 0.4914912283420563 0.4367000460624695
f 924/3498/924 932/3499/932 942/3500/942
vt 0.4596653580665588 0.4508041441440582
vt 0.4513620734214783 0.4462403655052185
vt 0.4641119539737701 0.4345397353172302
f 736/3501/736 963/3502/963 1088/3503/1088
vt 0.9640765786170959 0.0670243054628372
vt 0.9702665209770203 0.0696933716535568
vt 0.9618692398071289 0.0774315968155861
f 885/3504/885 982/3505/982 1009/3506/1009
vt 0.7231736183166504 0.0939134880900383
vt 0.7153868079185486 0.0944697633385658
vt 0.7210358381271362 0.0902654379606247
f 938/3507/938 987/3508/987 1028/3509/1028
vt 0.0563908182084560 0.8052718043327332
vt 0.0654001459479332 0.7957353591918945
f 1018/3510/1018 973/3511/973 944/3389/944
vt 0.9052087068557739 0.9623717665672302
vt 0.9050124287605286 0.9546363949775696
f 885/3512/885 993/3513/993 969/3385/969
vt 0.2502156198024750 0.8367295265197754
vt 0.2432183772325516 0.8469143509864807
f 955/3514/955 919/3260/919 904/3515/904
vt 0.6322482824325562 0.1879007518291473
vt 0.6295523047447205 0.1815248876810074
f 983/3286/983 900/3516/900 975/3517/975
vt 0.9684915542602539 0.9706230759620667
vt 0.9643651843070984 0.9733934998512268
f 982/3459/982 777/3518/777 988/3519/988
vt 0.6953359842300415 0.6293925642967224
vt 0.6996082067489624 0.6257869005203247
f 914/3520/914 975/3493/975 987/3521/987
vt 0.1633432060480118 0.7478910088539124
vt 0.1542749404907227 0.7399759292602539
vt 0.1658823490142822 0.7385947704315186
f 823/3522/823 1146/3523/1146 824/3524/824
vt 0.2606958746910095 0.8584064245223999
vt 0.2512948215007782 0.8619138002395630
vt 0.2523017823696136 0.8527978658676147
f 981/3525/981 1176/3526/1176 904/3527/904
vt 0.0606941059231758 0.2732913792133331
vt 0.0589131973683834 0.2691486775875092
f 962/3528/962 917/3529/917 977/3479/977
vt 0.9416623115539551 0.9790738821029663
vt 0.9444247484207153 0.9615410566329956
f 982/3274/982 1067/3530/1067 1009/3531/1009
f 932/3499/932 1088/3409/1088 942/3500/942
vt 0.0435733161866665 0.2613005936145782
f 917/3442/917 989/3441/989 1072/3532/1072
vt 0.6367147564888000 0.0988138541579247
vt 0.6342617273330688 0.1033435687422752
vt 0.6314548254013062 0.0984406918287277
f 970/3533/970 966/3534/966 1001/3535/1001
vt 0.1640830785036087 0.7248690724372864
vt 0.1632825434207916 0.7328822612762451
vt 0.1582685858011246 0.7281832098960876
f 963/3536/963 824/3537/824 1079/3538/1079
vt 0.5394677519798279 0.4273777604103088
vt 0.5343540310859680 0.4265969991683960
vt 0.5397932529449463 0.4224503934383392
f 922/3539/922 949/3540/949 997/3541/997
vt 0.9441628456115723 0.2626939117908478
vt 0.9498022794723511 0.2701928019523621
vt 0.9401502609252930 0.2711518406867981
f 971/3542/971 937/3543/937 1020/3544/1020
vt 0.9369174242019653 0.2565637230873108
vt 0.9339346289634705 0.2496258318424225
vt 0.9423535466194153 0.2537334859371185
f 971/3545/971 1045/3546/1045 806/3547/806
vt 0.5859873294830322 0.0946185514330864
f 927/3485/927 972/3391/972 1029/3548/1029
vt 0.5816159844398499 0.0974429994821548
f 927/3485/927 1029/3549/1029 976/3486/976
vt 0.7205451130867004 0.9147686362266541
vt 0.7214993834495544 0.9209101200103760
f 964/3481/964 1011/3550/1011 979/3551/979
vt 0.3928578495979309 0.0398391149938107
vt 0.3882853090763092 0.0297551862895489
vt 0.3960000872612000 0.0299440156668425
f 970/3552/970 981/3553/981 967/3554/967
vt 0.2427424341440201 0.8418930172920227
vt 0.2334644049406052 0.8366054892539978
f 955/3555/955 904/3515/904 992/3556/992
vt 0.5851997137069702 0.0840570777654648
vt 0.5891646146774292 0.0770344138145447
vt 0.5986447334289551 0.0777315273880959
f 972/3557/972 839/3558/839 978/3559/978
vt 0.5100084543228149 0.4364444017410278
vt 0.5202779173851013 0.4267252981662750
f 949/3491/949 934/3560/934 1104/3561/1104
vt 0.2886873781681061 0.0770428702235222
vt 0.2861596941947937 0.0697675868868828
vt 0.2908805012702942 0.0700164958834648
f 1013/3562/1013 1020/3563/1020 937/3564/937
vt 0.9685896635055542 0.9671014547348022
vt 0.9718799591064453 0.9792389273643494
vt 0.9656434059143066 0.9750915765762329
f 777/3565/777 938/3566/938 988/3567/988
vt 0.5874254703521729 0.0721512883901596
vt 0.5935437679290771 0.0702354833483696
vt 0.5941601991653442 0.0757808387279510
f 839/3568/839 992/3569/992 978/3570/978
vt 0.0708505734801292 0.8103734850883484
vt 0.0643128082156181 0.8223841190338135
f 944/3571/944 954/3572/954 1018/3510/1018
vt 0.5071431994438171 0.4372713267803192
vt 0.5077729821205139 0.4303675591945648
f 934/3573/934 942/3418/942 1022/3574/1022
vt 0.0463833361864090 0.2688651084899902
f 917/3575/917 1072/3532/1072 977/3479/977
vt 0.5062919259071350 0.4299325942993164
vt 0.5116074085235596 0.4255173206329346
f 934/3560/934 1022/3576/1022 1104/3577/1104
vt 0.5954750776290894 0.0862915515899658
f 972/3557/972 978/3559/978 1069/3578/1069
vt 0.7150994539260864 0.8887206912040710
vt 0.7258852720260620 0.8899753689765930
f 960/3579/960 1038/3580/1038 935/3100/935
vt 0.9416280388832092 0.2635630071163177
vt 0.9394492506980896 0.2635318934917450
f 971/3581/971 1020/3544/1020 1170/3582/1170
vt 0.9576257467269897 0.9760098457336426
f 982/3459/982 988/3519/988 1106/3583/1106
vt 0.9581820964813232 0.9669239521026611
vt 0.9507733583450317 0.9727837443351746
f 982/3584/982 1106/3585/1106 1067/3530/1067
vt 0.2439075857400894 0.8575972914695740
vt 0.2294037342071533 0.8472205996513367
f 1176/3586/1176 1095/3587/1095 904/3515/904
vt 0.1529092639684677 0.7303914427757263
f 824/3524/824 1146/3523/1146 1079/3588/1079
vt 0.6319411396980286 0.0967772305011749
vt 0.6261263489723206 0.0930085331201553
vt 0.6303679943084717 0.0915161520242691
f 1001/3589/1001 1008/3590/1008 970/3591/970
vt 0.1647375375032425 0.7227981090545654
vt 0.1551820486783981 0.7198477983474731
f 963/3592/963 1079/3588/1079 1088/3593/1088
vt 0.6290152668952942 0.1788893640041351
vt 0.6294109821319580 0.1862156987190247
vt 0.6210649609565735 0.1902901083230972
f 975/3594/975 900/3595/900 959/3596/959
vt 0.9046849012374878 0.9591571688652039
vt 0.9026545882225037 0.9564263224601746
f 885/3597/885 1024/3598/1024 993/3513/993
vt 0.2384077906608582 0.8489129543304443
f 992/3556/992 904/3515/904 1095/3599/1095
vt 0.3029267489910126 0.6911479234695435
vt 0.3099070787429810 0.6873708963394165
f 968/3484/968 1078/3600/1078 961/3601/961
vt 0.5869286060333252 0.0945262834429741
f 972/3557/972 1069/3578/1069 1029/3602/1029
vt 0.9105454683303833 0.7029043436050415
vt 0.9149890542030334 0.7037343978881836
vt 0.9129329919815063 0.7045080065727234
f 993/3603/993 1024/3604/1024 984/3605/984
vt 0.9125409722328186 0.7046689987182617
f 993/3603/993 984/3605/984 985/3606/985
vt 0.9132500290870667 0.7045699954032898
f 1024/3604/1024 986/3607/986 984/3605/984
vt 0.7237146496772766 0.9216892719268799
vt 0.7256591916084290 0.9175854325294495
vt 0.7251378297805786 0.9218819141387939
f 979/3608/979 1011/3609/1011 1027/3610/1027
vt 0.9136856198310852 0.7079526782035828
f 1024/3604/1024 994/3611/994 986/3607/986
f 984/3605/984 986/3607/986 985/3606/985
vt 0.9130259752273560 0.7047640085220337
f 986/3607/986 994/3611/994 984/3612/984
f 985/3606/985 984/3612/984 994/3611/994
f 985/3606/985 994/3611/994 993/3603/993
vt 0.4669816195964813 0.4291440844535828
vt 0.4781757891178131 0.4294698536396027
f 942/3500/942 1088/3613/1088 1022/3614/1022
vt 0.3101961910724640 0.7094596624374390
vt 0.3032035231590271 0.7100571990013123
f 968/3484/968 936/3615/936 998/3616/998
vt 0.2860975265502930 0.0915401279926300
vt 0.2885946035385132 0.0929000899195671
vt 0.2834926843643188 0.0935858413577080
f 1013/3617/1013 964/3618/964 979/3619/979
vt 0.9535247087478638 0.0738335922360420
vt 0.9596582651138306 0.0699611306190491
f 1024/3620/1024 885/3621/885 1009/3506/1009
vt 0.3796552717685699 0.0431939698755741
vt 0.3823510110378265 0.0413560010492802
vt 0.3827759921550751 0.0420779995620251
f 1001/3622/1001 990/3623/990 991/3624/991
vt 0.6243980526924133 0.0957104638218880
vt 0.6237934827804565 0.0942607596516609
vt 0.6271133422851562 0.0939957424998283
f 1001/3625/1001 1015/3626/1015 1008/3627/1008
vt 0.9397667050361633 0.8454214334487915
vt 0.9436153173446655 0.8457848429679871
vt 0.9403717517852783 0.8473802208900452
f 1024/3628/1024 1021/3629/1021 994/3630/994
vt 0.3813380897045135 0.0249138884246349
vt 0.3766704499721527 0.0257852245122194
vt 0.3846271932125092 0.0253162402659655
f 996/3631/996 1190/3632/1190 981/3633/981
vt 0.2883127331733704 0.0865666121244431
vt 0.2779947519302368 0.0812137275934219
vt 0.2840055525302887 0.0794850215315819
f 1013/3634/1013 1000/3635/1000 1020/3636/1020
vt 0.3821741342544556 0.0435569547116756
vt 0.3853809833526611 0.0444577597081661
f 1001/3637/1001 991/3624/991 1015/3638/1015
vt 0.3824967145919800 0.0400967262685299
f 1001/3622/1001 996/3639/996 990/3623/990
vt 0.3827129900455475 0.0415580011904240
f 990/3623/990 995/3640/995 991/3624/991
vt 0.3828409910202026 0.0410780012607574
vt 0.3838917613029480 0.0392959676682949
f 991/3624/991 990/3641/990 996/3642/996
f 991/3624/991 996/3642/996 1015/3638/1015
vt 0.9060409665107727 0.7047817111015320
vt 0.9103937149047852 0.7023696303367615
vt 0.9062514901161194 0.7116777896881104
f 969/3643/969 993/3644/993 1021/3645/1021
vt 0.7240429520606995 0.8979511260986328
vt 0.7280348539352417 0.8994825482368469
f 935/3646/935 1038/3580/1038 1081/3647/1081
vt 0.5266798138618469 0.4211399257183075
f 1104/3561/1104 1030/3648/1030 949/3491/949
vt 0.4990093708038330 0.4296151995658875
vt 0.4983908534049988 0.4242557883262634
f 1022/3649/1022 1039/3650/1039 1104/3577/1104
f 993/3644/993 994/3611/994 1021/3645/1021
vt 0.6219866275787354 0.1777926832437515
f 975/3594/975 959/3596/959 1113/3651/1113
vt 0.3860962092876434 0.0401223525404930
f 981/3553/981 970/3552/970 996/3652/996
vt 0.2491936087608337 0.8692396879196167
vt 0.2453251481056213 0.8714471459388733
vt 0.2450577169656754 0.8654693961143494
f 981/3653/981 1190/3654/1190 1176/3655/1176
vt 0.2877480983734131 0.0864443406462669
vt 0.2832750082015991 0.0889979973435402
vt 0.2822319567203522 0.0876212343573570
f 1013/3656/1013 1002/3657/1002 1000/3658/1000
vt 0.2762885987758636 0.1153673976659775
vt 0.2695881128311157 0.1225209757685661
vt 0.2636723518371582 0.1187685877084732
f 957/3659/957 999/3660/999 1071/3661/1071
vt 0.6292755007743835 0.0902224630117416
vt 0.6253555417060852 0.0893317013978958
f 970/3662/970 1008/3590/1008 1017/3663/1017
vt 0.2830339968204498 0.0913909971714020
vt 0.2845635116100311 0.0903862640261650
f 979/3619/979 1003/3664/1003 1013/3665/1013
vt 0.2822340130805969 0.0915929973125458
f 979/3619/979 1007/3666/1007 1003/3664/1003
vt 0.2834430038928986 0.0893229991197586
vt 0.2835645675659180 0.0900823250412941
vt 0.2825289964675903 0.0894370004534721
f 1002/3667/1002 1013/3668/1013 1004/3669/1004
vt 0.2824810147285461 0.0890989974141121
f 1000/3658/1000 1002/3657/1002 1004/3670/1004
vt 0.2813215255737305 0.0887025445699692
f 1000/3658/1000 1004/3670/1004 1027/3671/1027
vt 0.2820729911327362 0.0894720032811165
f 1002/3657/1002 1004/3669/1004 1005/3672/1005
vt 0.5317260622978210 0.4189335405826569
f 949/3491/949 1030/3648/1030 997/3673/997
vt 0.3933124840259552 0.0462309867143631
vt 0.3916325271129608 0.0457576103508472
f 970/3552/970 1017/3674/1017 1015/3675/1015
vt 0.2680088281631470 0.1093525141477585
f 957/3659/957 1071/3661/1071 989/3676/989
vt 0.3874974846839905 0.0437386967241764
vt 0.3860664665699005 0.0409708321094513
f 970/3552/970 1015/3677/1015 996/3678/996
vt 0.9342935681343079 0.2641147971153259
vt 0.9281535148620605 0.2570769190788269
f 971/3545/971 1170/3679/1170 1045/3680/1045
vt 0.6772587299346924 0.6226737499237061
vt 0.6726786494255066 0.6211264133453369
vt 0.6798639297485352 0.6177431344985962
f 975/3681/975 1113/3682/1113 1107/3683/1107
vt 0.2292503416538239 0.9186176657676697
vt 0.2163260877132416 0.9294671416282654
vt 0.2210041135549545 0.9228947758674622
f 974/3684/974 976/3685/976 1086/3686/1086
vt 0.2821460068225861 0.0911850035190582
f 1003/3664/1003 1007/3687/1007 1013/3665/1013
vt 0.2815180122852325 0.0911279991269112
f 1003/3664/1003 1006/3688/1006 1007/3687/1007
vt 0.9478861689567566 0.8474881649017334
vt 0.9504010677337646 0.8487889170646667
vt 0.9459041357040405 0.8484531044960022
f 1024/3689/1024 1055/3690/1055 1021/3691/1021
vt 0.9426541924476624 0.8425182104110718
vt 0.9423594474792480 0.8400343656539917
vt 0.9476453065872192 0.8389094471931458
f 1024/3692/1024 1070/3693/1070 1012/3694/1012
f 1004/3669/1004 1013/3668/1013 1005/3672/1005
f 1004/3670/1004 1005/3672/1005 1027/3671/1027
vt 0.5906887650489807 0.0982012972235680
vt 0.5869393944740295 0.1062278449535370
f 1029/3602/1029 1096/3695/1096 976/3696/976
vt 0.9517006874084473 0.0810139179229736
f 1024/3620/1024 1009/3506/1009 1070/3697/1070
vt 0.6242470145225525 0.0902730002999306
f 1008/3590/1008 1010/3698/1010 1017/3663/1017
vt 0.3049378395080566 0.7158809900283813
vt 0.3069541752338409 0.7276064753532410
vt 0.2984557449817657 0.7230896353721619
f 936/3699/936 921/3700/921 998/3701/998
vt 0.2810690701007843 0.0918189734220505
f 979/3619/979 1014/3702/1014 1007/3666/1007
vt 0.9527527093887329 0.5568839311599731
vt 0.9515939950942993 0.5570750236511230
vt 0.9516950249671936 0.5565220117568970
f 1017/3703/1017 1010/3704/1010 1016/3705/1016
vt 0.2821712493896484 0.0905654132366180
vt 0.2811940014362335 0.0905779004096985
f 1005/3672/1005 1013/3706/1013 1014/3707/1014
vt 0.2799280285835266 0.0913792252540588
f 1005/3672/1005 1014/3707/1014 1027/3708/1027
vt 0.1592571884393692 0.8546614646911621
vt 0.1576243788003922 0.8530057072639465
vt 0.1625251322984695 0.8530740737915039
f 996/3709/996 1001/3710/1001 1190/3711/1190
f 1007/3666/1007 1014/3702/1014 1006/3688/1006
f 1007/3687/1007 1006/3688/1006 1013/3668/1013
vt 0.2534129917621613 0.9991070032119751
vt 0.2533130049705505 0.9987509846687317
vt 0.2534100115299225 0.9981639981269836
f 1010/3712/1010 1016/3713/1016 1019/3714/1019
vt 0.2532629966735840 0.9991520047187805
vt 0.2529767751693726 0.9987701773643494
f 1010/3715/1010 1008/3716/1008 1016/3713/1016
f 1013/3668/1013 1006/3688/1006 1014/3707/1014
vt 0.0583622530102730 0.7928479313850403
vt 0.0521867573261261 0.7908579707145691
f 973/3717/973 1018/3510/1018 1109/3718/1109
vt 0.9518173933029175 0.8450012207031250
vt 0.9592646956443787 0.8414201736450195
vt 0.9545370340347290 0.8494490385055542
f 1055/3719/1055 1148/3720/1148 1159/3721/1159
vt 0.0626341924071312 0.8387740850448608
vt 0.0508314818143845 0.8353604078292847
f 806/3722/806 1092/3723/1092 954/3396/954
f 1016/3713/1016 1008/3716/1008 1019/3714/1019
vt 0.7001497149467468 0.6139789819717407
vt 0.7015612721443176 0.6196294426918030
f 975/3493/975 1028/3724/1028 987/3725/987
vt 0.9515050053596497 0.5559210181236267
vt 0.9516707658767700 0.5552148818969727
f 1016/3705/1016 1019/3726/1019 1015/3727/1015
f 1016/3705/1016 1015/3727/1015 1017/3703/1017
vt 0.5969971418380737 0.0674154981970787
vt 0.6027117371559143 0.0692389160394669
vt 0.5976916551589966 0.0764466449618340
f 992/3728/992 1095/3729/1095 978/3730/978
f 979/3619/979 1027/3708/1027 1014/3702/1014
vt 0.2532260119915009 0.9978280067443848
vt 0.2536340057849884 0.9976400136947632
f 1019/3714/1019 1008/3731/1008 1015/3732/1015
vt 0.9724989533424377 0.9789450764656067
vt 0.9690494537353516 0.9858257174491882
vt 0.9620166420936584 0.9818052053451538
f 938/3733/938 1028/3734/1028 988/3735/988
vt 0.3031310439109802 0.7326655983924866
vt 0.2968985736370087 0.7265502214431763
f 921/3736/921 1044/3737/1044 998/3701/998
vt 0.2306045740842819 0.9218158125877380
vt 0.2230380475521088 0.9115003347396851
vt 0.2293177098035812 0.9009585380554199
f 974/3738/974 1086/3739/1086 960/3740/960
vt 0.1009598076343536 0.8500013947486877
vt 0.0996236205101013 0.8578163385391235
vt 0.0889784619212151 0.8540315628051758
f 997/3741/997 1030/3742/1030 931/3743/931
vt 0.2802122533321381 0.0870074108242989
vt 0.2759418785572052 0.0901357382535934
f 1000/3635/1000 1027/3744/1027 1041/3745/1041
vt 0.6886242032051086 0.6210420131683350
vt 0.6906797289848328 0.6179168224334717
f 975/3746/975 1107/3683/1107 1028/3747/1028
vt 0.2972270846366882 0.7360186576843262
vt 0.2968131601810455 0.7304347753524780
f 921/3736/921 980/3748/980 1044/3749/1044
vt 0.9281092882156372 0.9200209975242615
vt 0.9205470085144043 0.9140998125076294
vt 0.9279090166091919 0.9127453565597534
f 999/3750/999 1043/3751/1043 1071/3752/1071
vt 0.9371318817138672 0.2750245630741119
vt 0.9284995794296265 0.2722150683403015
vt 0.9357113242149353 0.2668783664703369
f 1020/3753/1020 1160/3754/1160 1170/3755/1170
vt 0.7980830073356628 0.0154330004006624
vt 0.7989130020141602 0.0134936869144440
vt 0.7983080148696899 0.0157869998365641
f 1023/3756/1023 1037/3757/1037 1025/3758/1025
vt 0.7987629771232605 0.0161669999361038
f 1037/3757/1037 1026/3759/1026 1025/3758/1025
vt 0.7959963083267212 0.0120053701102734
vt 0.7938688993453979 0.0083298748359084
f 1037/3757/1037 1040/3760/1040 1106/3761/1106
vt 0.7978060245513916 0.0156870000064373
f 1023/3762/1023 1025/3758/1025 1026/3759/1026
vt 0.7981449961662292 0.0161129999905825
vt 0.7921338081359863 0.0161647442728281
f 1023/3762/1023 1025/3763/1025 1040/3764/1040
vt 0.7972660064697266 0.0156960003077984
f 1023/3762/1023 1040/3764/1040 1037/3765/1037
vt 0.8055030703544617 0.0122415199875832
vt 0.8080400228500366 0.0139499995857477
vt 0.8074910044670105 0.0143229998648167
f 1031/3766/1031 1032/3767/1032 1033/3768/1033
vt 0.8067328929901123 0.0148032037541270
f 1031/3766/1031 1033/3768/1033 1036/3769/1036
vt 0.7988989949226379 0.0164769999682903
f 1025/3763/1025 1026/3759/1026 1034/3770/1034
f 1025/3763/1025 1034/3770/1034 1040/3764/1040
vt 0.5543431639671326 0.8928235173225403
vt 0.5500913262367249 0.8931388258934021
vt 0.5548670291900635 0.8909540176391602
f 980/3771/980 1077/3772/1077 1044/3773/1044
vt 0.2657872140407562 0.1143043637275696
vt 0.2591565251350403 0.1071801632642746
f 989/3774/989 1071/3661/1071 1042/3775/1042
vt 0.7297831773757935 0.9204846620559692
vt 0.7326024174690247 0.9158390164375305
vt 0.7368174195289612 0.9215925335884094
f 1027/3776/1027 1011/3777/1011 1041/3778/1041
vt 0.7985066175460815 0.0140366042032838
vt 0.7992852330207825 0.0174352731555700
f 1037/3779/1037 1034/3780/1034 1026/3759/1026
vt 0.8086670041084290 0.0140669997781515
f 1032/3767/1032 1031/3766/1031 1035/3781/1035
f 1032/3767/1032 1035/3781/1035 1033/3768/1033
vt 0.9496247172355652 0.8425576090812683
vt 0.9524791240692139 0.8401104211807251
f 1024/3782/1024 1012/3694/1012 1055/3783/1055
vt 0.8089969754219055 0.0147900823503733
f 1031/3766/1031 1048/3784/1048 1035/3781/1035
vt 0.8080059885978699 0.0143900001421571
vt 0.8038477897644043 0.0195265635848045
f 1033/3768/1033 1032/3785/1032 1036/3786/1036
f 1035/3781/1035 1036/3786/1036 1032/3785/1032
f 1035/3781/1035 1048/3784/1048 1036/3786/1036
vt 0.8018317818641663 0.0108223436400294
vt 0.7982825040817261 0.0071477708406746
f 1031/3787/1031 1037/3757/1037 1106/3788/1106
vt 0.6148924827575684 0.1860733181238174
vt 0.6149333119392395 0.1807047277688980
f 959/3596/959 1153/3789/1153 1113/3790/1113
vt 0.5557166337966919 0.8779683113098145
vt 0.5560191869735718 0.8819875717163086
vt 0.5518355369567871 0.8797583580017090
f 998/3791/998 1044/3792/1044 1089/3793/1089
vt 0.8004776239395142 0.0167396795004606
vt 0.8016627430915833 0.0179148055613041
vt 0.7971166372299194 0.0188502501696348
f 1037/3794/1037 1031/3795/1031 1034/3796/1034
vt 0.7172059416770935 0.5891844630241394
vt 0.7176700234413147 0.5903413891792297
vt 0.7149052619934082 0.5934629440307617
f 1048/3797/1048 1031/3798/1031 1046/3799/1046
vt 0.5521119236946106 0.8991755247116089
vt 0.5513866543769836 0.9040415287017822
vt 0.5427529811859131 0.8976002335548401
f 980/3800/980 977/3801/977 1089/3802/1089
vt 0.6213191151618958 0.1998360604047775
vt 0.6085108518600464 0.2175723314285278
vt 0.6100814938545227 0.2012764960527420
f 959/3803/959 973/3804/973 1153/3805/1153
vt 0.6904760003089905 0.6109585165977478
f 1028/3747/1028 1107/3683/1107 1087/3806/1087
f 954/3572/954 1092/3723/1092 1018/3510/1018
vt 0.8014524579048157 0.0193217638880014
f 1031/3795/1031 1036/3807/1036 1034/3796/1034
f 980/3800/980 1089/3802/1089 1077/3772/1077
vt 0.1106257066130638 0.1631077080965042
vt 0.1076820418238640 0.1561880111694336
vt 0.1134145036339760 0.1528663933277130
f 1072/3808/1072 1165/3809/1165 977/3810/977
vt 0.9702922701835632 0.0844084694981575
vt 0.9695625901222229 0.0874051153659821
vt 0.9646490216255188 0.0845091193914413
f 1009/3811/1009 1148/3812/1148 1055/3813/1055
vt 0.6083922982215881 0.0802256241440773
vt 0.6079292297363281 0.0702263489365578
f 1112/3814/1112 978/3559/978 1095/3815/1095
vt 0.0637610927224159 0.8418796062469482
vt 0.0499643236398697 0.8495267033576965
f 806/3816/806 1045/3817/1045 1092/3723/1092
vt 0.7181456685066223 0.5809050798416138
vt 0.7131196260452271 0.5884119272232056
vt 0.7114664912223816 0.5863913893699646
f 1036/3818/1036 1048/3819/1048 1063/3820/1063
vt 0.7080683112144470 0.5897526741027832
vt 0.7025930881500244 0.5929331183433533
vt 0.7035620212554932 0.5907920002937317
f 1048/3821/1048 1047/3822/1047 1050/3823/1050
vt 0.7040789723396301 0.5907030105590820
f 1048/3821/1048 1050/3823/1050 1049/3824/1049
vt 0.7058376669883728 0.5876613855361938
f 1048/3821/1048 1049/3824/1049 1063/3825/1063
vt 0.5534459948539734 0.8874810338020325
vt 0.5514199733734131 0.8890129923820496
f 1044/3826/1044 1077/3772/1077 1051/3827/1051
vt 0.7963395118713379 0.0184020902961493
vt 0.7937092185020447 0.0195075776427984
f 1034/3828/1034 1148/3829/1148 1040/3764/1040
vt 0.2743792533874512 0.0719529166817665
vt 0.2712697684764862 0.0752592682838440
f 1020/3830/1020 1000/3635/1000 1041/3831/1041
vt 0.7030739784240723 0.5906249880790710
f 1049/3824/1049 1050/3823/1050 1052/3832/1052
vt 0.7034710049629211 0.5905560255050659
vt 0.7036243677139282 0.5903430581092834
f 1049/3824/1049 1050/3833/1050 1063/3834/1063
f 1047/3822/1047 1052/3832/1052 1050/3823/1050
vt 0.6982649564743042 0.5939590930938721
vt 0.6973105669021606 0.5960506200790405
vt 0.6978700160980225 0.5936589837074280
f 1047/3835/1047 1053/3836/1053 1054/3837/1054
vt 0.6987181305885315 0.5931512713432312
vt 0.6977681517601013 0.5931874513626099
f 1047/3838/1047 1054/3837/1054 1059/3839/1059
vt 0.6972410082817078 0.5941609740257263
f 1053/3836/1053 1056/3840/1056 1054/3837/1054
vt 0.6968680024147034 0.5942440032958984
f 1053/3836/1053 1057/3841/1057 1056/3840/1056
f 1054/3837/1054 1056/3840/1056 1057/3841/1057
vt 0.6970360279083252 0.5938590168952942
vt 0.6977372169494629 0.5932145118713379
f 1054/3837/1054 1056/3842/1056 1059/3843/1059
vt 0.6959105134010315 0.5953549146652222
f 1053/3836/1053 1068/3844/1068 1057/3841/1057
vt 0.6957005858421326 0.5938019156455994
f 1057/3841/1057 1068/3844/1068 1058/3845/1058
f 1057/3841/1057 1058/3845/1058 1056/3842/1056
vt 0.7006947994232178 0.5922493338584900
vt 0.6984719038009644 0.5918703079223633
f 1123/3846/1123 1047/3838/1047 1059/3847/1059
f 1056/3842/1056 1058/3845/1058 1059/3843/1059
f 1050/3833/1050 1052/3832/1052 1063/3834/1063
vt 0.9374065995216370 0.9753108620643616
vt 0.9355699419975281 0.9774252772331238
f 1009/3848/1009 1067/3530/1067 1148/3849/1148
vt 0.7008118629455566 0.5888233780860901
f 1047/3822/1047 1123/3850/1123 1052/3832/1052
vt 0.9475980401039124 0.8389254212379456
vt 0.9455553889274597 0.8340449929237366
vt 0.9489316344261169 0.8342499136924744
f 1012/3851/1012 1070/3852/1070 1136/3853/1136
vt 0.6962947845458984 0.5925223827362061
f 1059/3843/1059 1058/3845/1058 1066/3854/1066
f 1052/3832/1052 1123/3850/1123 1063/3834/1063
vt 0.5567901134490967 0.8722695112228394
vt 0.5536482930183411 0.8699820637702942
vt 0.5577483773231506 0.8594296574592590
f 998/3855/998 1078/3856/1078 968/3857/968
vt 0.5515170097351074 0.8886680006980896
vt 0.5505570173263550 0.8882309794425964
f 1044/3826/1044 1051/3858/1051 1060/3859/1060
vt 0.6959400177001953 0.5930979847908020
f 1058/3845/1058 1061/3860/1061 1066/3854/1066
vt 0.5507150292396545 0.8886529803276062
f 1051/3858/1051 1062/3861/1062 1060/3859/1060
vt 0.5503410100936890 0.8886029720306396
f 1051/3827/1051 1077/3772/1077 1060/3862/1060
vt 0.1091427877545357 0.1997177451848984
vt 0.1052769720554352 0.1948169022798538
vt 0.1102136895060539 0.1877074390649796
f 1042/3863/1042 1080/3864/1080 989/3865/989
vt 0.6954110264778137 0.5931900143623352
f 1058/3845/1058 1064/3866/1064 1061/3860/1061
vt 0.9545792937278748 0.0860214233398438
f 1009/3506/1009 1055/3867/1055 1070/3697/1070
vt 0.6933361887931824 0.5956698656082153
f 1058/3845/1058 1068/3868/1068 1064/3866/1064
vt 0.6950510144233704 0.5930370092391968
f 1061/3860/1061 1064/3866/1064 1065/3869/1065
vt 0.6953579783439636 0.5929369926452637
f 1061/3860/1061 1064/3870/1064 1066/3854/1066
vt 0.6934934258460999 0.5917379260063171
vt 0.6949909925460815 0.5930190086364746
f 1068/3868/1068 1073/3871/1073 1065/3872/1065
f 1068/3868/1068 1065/3869/1065 1064/3866/1064
vt 0.9223104119300842 0.9209484457969666
vt 0.9155469536781311 0.9280225038528442
vt 0.9155670404434204 0.9140197038650513
f 999/3873/999 965/3874/965 1043/3875/1043
vt 0.6024257540702820 0.2289959043264389
vt 0.5986755490303040 0.2257233858108521
f 1109/3876/1109 1105/3877/1105 973/3473/973
vt 0.9512103796005249 0.8373647928237915
f 1055/3878/1055 1012/3851/1012 1136/3853/1136
vt 0.6059321165084839 0.2034204155206680
f 1153/3805/1153 973/3804/973 1105/3879/1105
vt 0.6964967250823975 0.5921841859817505
f 1064/3870/1064 1065/3869/1065 1066/3880/1066
vt 0.5417339801788330 0.8882640600204468
f 1060/3859/1060 1089/3881/1089 1044/3826/1044
f 1060/3859/1060 1077/3772/1077 1089/3881/1089
vt 0.9519766569137573 0.0863847434520721
f 1070/3697/1070 1055/3867/1055 1083/3882/1083
vt 0.7131379246711731 0.5989532470703125
vt 0.7096121907234192 0.5925011038780212
f 1046/3799/1046 1127/3883/1127 1048/3884/1048
vt 0.6953710317611694 0.5922530889511108
f 1065/3872/1065 1073/3871/1073 1066/3885/1066
vt 0.7090439796447754 0.5972262024879456
f 1048/3884/1048 1127/3883/1127 1047/3886/1047
vt 0.2057051807641983 0.9324339032173157
vt 0.2013913542032242 0.9282339811325073
vt 0.2051851153373718 0.9306687116622925
f 1099/3887/1099 1154/3888/1154 1086/3889/1086
vt 0.6796576380729675 0.6067131757736206
vt 0.6775611042976379 0.6046579480171204
vt 0.6762102246284485 0.6031867861747742
f 1107/3890/1107 1113/3891/1113 1073/3892/1073
vt 0.0472842566668987 0.8151301145553589
f 1018/3510/1018 1092/3723/1092 1122/3893/1122
vt 0.6830536127090454 0.6018573641777039
vt 0.6828520298004150 0.6026020050048828
vt 0.6820294260978699 0.6027815937995911
f 1068/3894/1068 1074/3895/1074 1073/3896/1073
vt 0.6038680076599121 0.0892268717288971
vt 0.6027967929840088 0.0836086347699165
vt 0.6086630225181580 0.0819678455591202
f 1069/3897/1069 978/3898/978 1112/3899/1112
vt 0.6833770275115967 0.6021860241889954
f 1068/3894/1068 1075/3900/1075 1074/3895/1074
f 1073/3896/1073 1074/3895/1074 1107/3890/1107
vt 0.9548328518867493 0.0891205817461014
f 1055/3867/1055 1136/3901/1136 1083/3882/1083
vt 0.6835560202598572 0.6019260287284851
vt 0.6838886737823486 0.6013724803924561
vt 0.6838989853858948 0.6022620201110840
f 1075/3902/1075 1068/3903/1068 1076/3904/1076
vt 0.5947079658508301 0.1011026278138161
vt 0.5965111851692200 0.1038223803043365
f 1096/3905/1096 1086/3906/1086 976/3696/976
vt 0.6973148584365845 0.5901968479156494
f 1059/3847/1059 1066/3880/1066 1123/3907/1123
vt 0.6836469769477844 0.6022850275039673
f 1075/3900/1075 1076/3908/1076 1074/3895/1074
vt 0.6865152120590210 0.6039987206459045
f 1068/3903/1068 1087/3909/1087 1076/3904/1076
vt 0.6834369897842407 0.6024640202522278
f 1074/3895/1074 1075/3910/1075 1107/3890/1107
vt 0.6922361254692078 0.5972942709922791
vt 0.6951959729194641 0.5978302359580994
vt 0.6924774050712585 0.6027968525886536
f 1068/3911/1068 1053/3912/1053 1127/3913/1127
vt 0.6837480068206787 0.6025210022926331
f 1075/3910/1075 1076/3914/1076 1107/3890/1107
vt 0.7958568930625916 0.0193929970264435
vt 0.7963728904724121 0.0226268395781517
vt 0.7912944555282593 0.0209785699844360
f 1034/3915/1034 1036/3916/1036 1148/3917/1148
vt 0.6055447459220886 0.0990612879395485
vt 0.6114709973335266 0.0966629981994629
vt 0.6117749214172363 0.0978886038064957
f 1069/3918/1069 1112/3919/1112 1093/3920/1093
vt 0.1075135245919228 0.8427968025207520
vt 0.1166244000196457 0.8353221416473389
vt 0.1145005077123642 0.8499194383621216
f 997/3921/997 931/3922/931 922/3923/922
vt 0.9240964055061340 0.2681218385696411
vt 0.9183529019355774 0.2616770267486572
vt 0.9269842505455017 0.2586026191711426
f 1170/3924/1170 1167/3925/1167 1045/3926/1045
f 1076/3914/1076 1087/3909/1087 1107/3890/1107
vt 0.2272761464118958 0.8895222544670105
vt 0.2320668548345566 0.8906703591346741
f 960/3740/960 1198/3927/1198 1038/3928/1038
vt 0.0476340018212795 0.8487589955329895
f 1092/3723/1092 1045/3817/1045 1082/3929/1082
vt 0.0464149154722691 0.8478700518608093
f 1092/3723/1092 1082/3929/1082 1117/3930/1117
vt 0.6968282461166382 0.5900769829750061
f 1066/3880/1066 1073/3871/1073 1123/3931/1123
vt 0.9637885689735413 0.0043173213489354
vt 0.9631366729736328 0.0061667007394135
vt 0.9615903496742249 0.0057618068531156
f 1112/3932/1112 1091/3933/1091 1093/3934/1093
vt 0.9110109806060791 0.2286114245653152
vt 0.9080579876899719 0.2279269993305206
vt 0.9082409739494324 0.2276600003242493
f 1045/3935/1045 1085/3936/1085 1084/3937/1084
vt 0.0478589981794357 0.8497160077095032
vt 0.0477290004491806 0.8492249846458435
f 1045/3817/1045 1084/3938/1084 1082/3939/1082
vt 0.7901560068130493 0.0123194428160787
vt 0.7855267524719238 0.0121622933074832
vt 0.7868548035621643 0.0056790574453771
f 1040/3940/1040 1148/3941/1148 1106/3942/1106
vt 0.1061001941561699 0.1937011778354645
vt 0.0979640632867813 0.1879462599754333
vt 0.1084042713046074 0.1882947236299515
f 1080/3943/1080 1149/3944/1149 989/3945/989
vt 0.9090590476989746 0.9200798273086548
f 965/3874/965 969/3946/969 1043/3875/1043
vt 0.7382126450538635 0.8911197781562805
vt 0.7415894865989685 0.9022825956344604
f 935/3100/935 1081/3947/1081 1121/3948/1121
vt 0.6885010004043579 0.6013619899749756
vt 0.6867438554763794 0.6001188755035400
f 1127/3913/1127 1087/3949/1087 1068/3950/1068
vt 0.0475649982690811 0.8497849702835083
f 1082/3939/1082 1084/3938/1084 1085/3951/1085
vt 0.0475069992244244 0.8495630025863647
f 1082/3939/1082 1084/3952/1084 1117/3930/1117
vt 0.7700158357620239 0.4423476755619049
vt 0.7597688436508179 0.4447629153728485
vt 0.7629649043083191 0.4379744827747345
f 961/3953/961 1146/3954/1146 823/3955/823
vt 0.6947308182716370 0.6130611300468445
vt 0.6949288249015808 0.6083914041519165
f 1028/3956/1028 1087/3806/1087 1127/3957/1127
vt 0.2241935729980469 0.8992879986763000
vt 0.2238884419202805 0.8905296921730042
f 1086/3958/1086 1198/3959/1198 960/3740/960
vt 0.2419044375419617 0.8907951712608337
vt 0.2294405400753021 0.8868657350540161
f 1038/3960/1038 1198/3927/1198 1081/3961/1081
vt 0.0468741618096828 0.8126298189163208
vt 0.0435572937130928 0.8133742213249207
vt 0.0484476611018181 0.8088539242744446
f 1122/3962/1122 1109/3963/1109 1018/3964/1018
vt 0.0470109991729259 0.8499400019645691
f 1084/3952/1084 1085/3965/1085 1117/3930/1117
vt 0.9661949872970581 0.8532879948616028
vt 0.9688811302185059 0.8558004498481750
vt 0.9605584740638733 0.8544312715530396
f 1148/3966/1148 1158/3967/1158 1159/3968/1159
vt 0.7195450663566589 0.5933926701545715
vt 0.7158551216125488 0.5971323847770691
f 1046/3799/1046 1031/3969/1031 1106/3970/1106
vt 0.7401532530784607 0.9108367562294006
f 935/3100/935 1121/3948/1121 1011/3971/1011
vt 0.6117058992385864 0.0996869653463364
vt 0.6085441112518311 0.1059870868921280
f 1069/3918/1069 1093/3972/1093 1099/3973/1099
vt 0.9104040265083313 0.2288685888051987
vt 0.9057016372680664 0.2318200170993805
vt 0.9077810049057007 0.2282399982213974
f 1045/3974/1045 1090/3975/1090 1085/3976/1085
vt 0.9061336517333984 0.2283428162336349
f 1085/3976/1085 1090/3975/1090 1117/3977/1117
vt 0.7231113314628601 0.6020396351814270
vt 0.7159600257873535 0.6050953269004822
vt 0.7209831476211548 0.5989505052566528
f 988/3978/988 1028/3979/1028 1106/3980/1106
vt 0.7039184570312500 0.5979926586151123
vt 0.6953461170196533 0.6031122803688049
f 1053/3912/1053 1047/3981/1047 1127/3982/1127
vt 0.7140821814537048 0.5962146520614624
vt 0.7121970057487488 0.6000800728797913
f 1046/3983/1046 1106/3970/1106 1127/3984/1127
vt 0.0940001830458641 0.8758405447006226
vt 0.0901300534605980 0.8689653277397156
vt 0.0959084481000900 0.8642815351486206
f 1104/3985/1104 1214/3986/1214 1030/3987/1030
vt 0.9688501954078674 0.0051876693032682
vt 0.9661976099014282 0.0091426260769367
vt 0.9643942713737488 0.0071382564492524
f 1112/3988/1112 1110/3989/1110 1091/3990/1091
vt 0.5953554511070251 0.1014558300375938
vt 0.5968239307403564 0.0983025729656219
vt 0.5979670286178589 0.1005679965019226
f 1096/3991/1096 1029/3992/1029 1097/3993/1097
vt 0.5980669856071472 0.1008030027151108
vt 0.5979139804840088 0.1011919975280762
f 1096/3991/1096 1097/3994/1097 1100/3995/1100
vt 0.6028581857681274 0.0976088717579842
f 1029/3992/1029 1069/3996/1069 1097/3993/1097
vt 0.9635771512985229 0.0069965464062989
vt 0.9633790254592896 0.0084400000050664
vt 0.9631485939025879 0.0089531568810344
f 1091/3997/1091 1094/3998/1094 1093/3999/1093
vt 0.6011972427368164 0.1063978821039200
vt 0.5968253016471863 0.1043967902660370
vt 0.5975263118743896 0.1031029298901558
f 1099/4000/1099 1086/4001/1086 1096/4002/1096
vt 0.1038758233189583 0.1772812157869339
f 1072/4003/1072 989/3865/989 1149/3944/1149
vt 0.7383665442466736 0.9134916663169861
vt 0.7428932189941406 0.9185061454772949
f 1041/4004/1041 1011/3971/1011 1183/4005/1183
vt 0.5981270074844360 0.1014600023627281
f 1096/3991/1096 1100/3995/1100 1098/4006/1098
f 1096/3991/1096 1098/4006/1098 1099/4000/1099
vt 0.5981810092926025 0.1010759994387627
f 1097/3994/1097 1100/4007/1100 1098/4006/1098
f 1097/3994/1097 1099/4000/1099 1100/4007/1100
vt 0.5984489917755127 0.1005529984831810
f 1069/3996/1069 1099/4000/1099 1097/4008/1097
f 1099/4000/1099 1098/4006/1098 1100/4007/1100
vt 0.9635909795761108 0.0087630003690720
vt 0.9635789990425110 0.0091380001977086
f 1094/3998/1094 1102/4009/1102 1103/4010/1103
vt 0.9633780121803284 0.0091070001944900
f 1094/3998/1094 1102/4011/1102 1093/3999/1093
vt 0.9636290073394775 0.0085009997710586
vt 0.9639394283294678 0.0086065921932459
f 1094/4012/1094 1091/4013/1091 1102/4009/1102
vt 0.0447018668055534 0.8373667001724243
vt 0.0442630015313625 0.8356350064277649
f 1092/3723/1092 1117/4014/1117 1108/4015/1108
vt 0.7349428534507751 0.4387170374393463
vt 0.7478615641593933 0.4400970935821533
vt 0.7397367954254150 0.4437219500541687
f 1088/4016/1088 1079/4017/1079 1219/4018/1219
vt 0.9638585448265076 0.0093104317784309
f 1102/4009/1102 1091/4013/1091 1110/4019/1110
f 1102/4009/1102 1110/4019/1110 1103/4010/1103
vt 0.3847000002861023 0.0593490004539490
vt 0.3812499940395355 0.0609753280878067
vt 0.3849769830703735 0.0577095337212086
f 1041/4020/1041 1160/4021/1160 1020/4022/1020
vt 0.1354548037052155 0.0382624082267284
vt 0.1370525509119034 0.0369299985468388
vt 0.1372680515050888 0.0382745265960693
f 1083/4023/1083 1163/4024/1163 1070/4025/1070
vt 0.9633679986000061 0.0095549998804927
f 1102/4011/1102 1103/4010/1103 1093/4026/1093
f 1103/4010/1103 1110/4019/1110 1093/4026/1093
vt 0.9112523198127747 0.2375896126031876
vt 0.9148100614547729 0.2448091357946396
vt 0.9077952504158020 0.2433874756097794
f 1090/4027/1090 1045/4028/1045 1111/4029/1111
vt 0.7090669870376587 0.5834509134292603
vt 0.7115498781204224 0.5776783823966980
f 1063/4030/1063 1164/4031/1164 1036/3818/1036
vt 0.0904883220791817 0.8558243513107300
vt 0.0832896381616592 0.8654190897941589
f 931/4032/931 1030/3987/1030 1214/4033/1214
vt 0.7139027714729309 0.6015862822532654
vt 0.7169834375381470 0.5998877286911011
f 1028/3979/1028 1127/4034/1127 1106/4035/1106
vt 0.9113870859146118 0.2465286403894424
vt 0.9089373350143433 0.2453597486019135
vt 0.9110171794891357 0.2442540377378464
f 1167/4036/1167 1111/4037/1111 1045/4038/1045
vt 0.2289050221443176 0.8836910128593445
vt 0.2254060059785843 0.8804939985275269
f 1081/4039/1081 1198/3959/1198 1142/4040/1142
vt 0.9653170704841614 0.0183703098446131
f 1093/4026/1093 1110/4019/1110 1125/4041/1125
vt 0.1035796105861664 0.1518110036849976
vt 0.0987539738416672 0.1600228101015091
f 1165/4042/1165 1072/3808/1072 1216/4043/1216
vt 0.1407477110624313 0.0372651666402817
vt 0.1393732279539108 0.0329308882355690
vt 0.1405805051326752 0.0359036363661289
f 1070/4044/1070 1163/4045/1163 1136/4046/1136
vt 0.1555886715650558 0.8429096341133118
vt 0.1516743600368500 0.8442655801773071
vt 0.1595194935798645 0.8367027640342712
f 1001/4047/1001 966/4048/966 1190/4049/1190
vt 0.0412175841629505 0.8248506784439087
vt 0.0419639796018600 0.8213248252868652
f 1092/3723/1092 1108/4050/1108 1122/4051/1122
vt 0.9557833075523376 0.0090172765776515
vt 0.9555182456970215 0.0108175734058022
vt 0.9544337987899780 0.0074349027127028
f 1093/4052/1093 1125/4053/1125 1099/4054/1099
vt 0.1804296225309372 0.8443818688392639
vt 0.1783316731452942 0.8465111255645752
vt 0.1809060722589493 0.8402701020240784
f 1176/4055/1176 1190/4056/1190 1200/4057/1200
vt 0.1353157907724380 0.0370286889374256
vt 0.1353091001510620 0.0352681055665016
vt 0.1367249637842178 0.0359006151556969
f 1083/4058/1083 1143/4059/1143 1163/4060/1163
vt 0.7455477714538574 0.8863577842712402
vt 0.7444620132446289 0.8895999789237976
f 1081/3947/1081 1142/4061/1142 1114/4062/1114
vt 0.7444490194320679 0.8899790048599243
vt 0.7445979714393616 0.8906000256538391
f 1081/3947/1081 1114/4063/1114 1115/4064/1115
vt 0.7446569800376892 0.8910869956016541
f 1081/3947/1081 1115/4064/1115 1116/4065/1116
vt 0.9849659204483032 0.0129833687096834
vt 0.9860746264457703 0.0168574471026659
vt 0.9799977540969849 0.0184477083384991
f 1112/4066/1112 1095/4067/1095 1157/4068/1157
vt 0.0378019884228706 0.8363315463066101
vt 0.0365779995918274 0.8349499702453613
vt 0.0361189991235733 0.8344370126724243
f 1117/4069/1117 1118/4070/1118 1119/4071/1119
vt 0.0375528782606125 0.8326291441917419
f 1117/4069/1117 1119/4071/1119 1108/4072/1108
vt 0.0364909991621971 0.8355129957199097
f 1117/4069/1117 1120/4073/1120 1118/4070/1118
f 1118/4070/1118 1120/4073/1120 1119/4071/1119
vt 0.7448160052299500 0.8901029825210571
f 1116/4065/1116 1115/4064/1115 1114/4074/1114
vt 0.7449179887771606 0.8906159996986389
vt 0.7473846077919006 0.8899930715560913
f 1116/4065/1116 1115/4075/1115 1134/4076/1134
vt 0.7461711764335632 0.8949565887451172
f 1116/4065/1116 1121/4077/1121 1081/3947/1081
f 1116/4065/1116 1134/4076/1134 1121/4077/1121
vt 0.0361220017075539 0.8350769877433777
vt 0.0350487530231476 0.8358444571495056
f 1119/4071/1119 1118/4078/1118 1128/4079/1128
f 1119/4071/1119 1128/4079/1128 1108/4072/1108
f 1120/4073/1120 1117/4069/1117 1128/4079/1128
f 1120/4073/1120 1128/4079/1128 1118/4078/1118
vt 0.0999583750963211 0.9059063792228699
vt 0.0837765038013458 0.9132694602012634
vt 0.0873301550745964 0.9002118706703186
f 1088/4080/1088 1177/4081/1177 1022/4082/1022
vt 0.0245180092751980 0.8401044607162476
vt 0.0358376204967499 0.8369993567466736
f 1117/4069/1117 1132/4083/1132 1128/4084/1128
vt 0.7427369356155396 0.9056175351142883
vt 0.7459737062454224 0.9075160026550293
f 1121/4085/1121 1141/4086/1141 1011/3971/1011
f 1115/4075/1115 1114/4074/1114 1134/4076/1134
f 1114/4074/1114 1142/4061/1142 1134/4076/1134
vt 0.7034444212913513 0.5853438377380371
vt 0.6992627382278442 0.5842798352241516
vt 0.7035328149795532 0.5790480971336365
f 1063/4087/1063 1123/4088/1123 1164/4089/1164
vt 0.9781848788261414 0.0106565523892641
vt 0.9763925671577454 0.0150699866935611
f 1112/4090/1112 1157/4068/1157 1131/4091/1131
vt 0.0390281453728676 0.8401252627372742
vt 0.0414119288325310 0.8445560932159424
vt 0.0380908697843552 0.8466293215751648
f 1132/4092/1132 1117/4093/1117 1090/4094/1090
vt 0.7460134625434875 0.9014377593994141
vt 0.7594752907752991 0.8975093960762024
f 1140/4095/1140 1121/4077/1121 1222/4096/1222
vt 0.9060393571853638 0.2378046512603760
vt 0.9062370061874390 0.2409950047731400
f 1090/4097/1090 1111/4029/1111 1124/4098/1124
vt 0.9064639806747437 0.2415809929370880
f 1111/4029/1111 1126/4099/1126 1124/4098/1124
vt 0.8732594251632690 0.8233446478843689
vt 0.8726789951324463 0.8208919763565063
vt 0.8769822120666504 0.8227124214172363
f 1090/4100/1090 1124/4101/1124 1129/4102/1129
vt 0.8722890019416809 0.8207960128784180
vt 0.8724150061607361 0.8201450109481812
vt 0.8726699948310852 0.8205509781837463
f 1124/4103/1124 1126/4104/1126 1130/4105/1130
vt 0.9732434153556824 0.0154535965994000
f 1112/4090/1112 1131/4091/1131 1110/4106/1110
vt 0.6032329797744751 0.1927680820226669
vt 0.5972986221313477 0.1990150511264801
vt 0.5947117209434509 0.1851726025342941
f 1153/4107/1153 1105/4108/1105 1233/4109/1233
vt 0.9522854685783386 0.0921884551644325
vt 0.9528070092201233 0.0947473645210266
vt 0.9520099759101868 0.0944759994745255
f 1083/4110/1083 1136/4111/1136 1143/4112/1143
vt 0.8728200197219849 0.8202220201492310
f 1124/4101/1124 1126/4113/1126 1129/4102/1129
vt 0.8734869360923767 0.8166500329971313
f 1126/4113/1126 1111/4114/1111 1129/4102/1129
vt 0.3840688467025757 0.0642638504505157
vt 0.3761765658855438 0.0643755346536636
f 1160/4021/1160 1041/4115/1041 1170/4116/1170
vt 0.7412969470024109 0.9027850031852722
vt 0.7449355721473694 0.9025484919548035
vt 0.7450330257415771 0.9035279750823975
f 1121/4117/1121 1140/4118/1140 1133/4119/1133
vt 0.7502484917640686 0.9053785800933838
vt 0.7540911436080933 0.9085438847541809
vt 0.7529755234718323 0.9141288995742798
f 1141/4120/1141 1242/4121/1242 1183/4122/1183
vt 0.9417551159858704 0.9908072948455811
vt 0.9380570054054260 0.9878630042076111
f 1106/4123/1106 1148/4124/1148 1067/3530/1067
vt 0.0334650091826916 0.8317824006080627
vt 0.0295999329537153 0.8348881602287292
vt 0.0278974939137697 0.8233099579811096
f 1108/4125/1108 1128/4126/1128 1122/4127/1122
vt 0.7451739907264709 0.9036909937858582
vt 0.7451959848403931 0.9043470025062561
f 1121/3948/1121 1133/4128/1133 1135/4129/1135
vt 0.7457629442214966 0.9058707952499390
f 1121/3948/1121 1135/4129/1135 1141/4130/1141
vt 0.0364908985793591 0.8490966558456421
vt 0.0268515348434448 0.8416486978530884
f 1090/4094/1090 1129/4131/1129 1132/4132/1132
vt 0.9515786767005920 0.0935473144054413
vt 0.9516140222549438 0.0946900025010109
f 1143/4133/1143 1136/4111/1136 1137/4134/1137
vt 0.5441895723342896 0.9067559242248535
vt 0.5334734320640564 0.9074909090995789
vt 0.5355635881423950 0.8970378041267395
f 977/4135/977 1165/4136/1165 1089/4137/1089
vt 0.9047483205795288 0.7193889617919922
vt 0.9050832390785217 0.7244053483009338
vt 0.8996726870536804 0.7200611233711243
f 1055/4138/1055 1211/4139/1211 1021/4140/1021
vt 0.7490424513816833 0.9011277556419373
f 1140/4141/1140 1222/4096/1222 1141/4120/1141
vt 0.7453659772872925 0.9038559794425964
f 1133/4128/1133 1139/4142/1139 1135/4129/1135
vt 0.6882945299148560 0.5867548584938049
vt 0.6894387602806091 0.5917435884475708
vt 0.6756819486618042 0.5854503512382507
f 1123/4143/1123 1073/4144/1073 1189/4145/1189
vt 0.1410511881113052 0.0346988253295422
vt 0.1406995058059692 0.0327828489243984
f 1136/4146/1136 1163/4045/1163 1161/4147/1161
vt 0.7453839778900146 0.9035710096359253
vt 0.7454249858856201 0.9041690230369568
f 1133/4148/1133 1140/4095/1140 1135/4149/1135
vt 0.7455719709396362 0.9043329954147339
vt 0.7453590035438538 0.9049906730651855
f 1135/4129/1135 1140/4150/1140 1141/4151/1141
vt 0.8760172724723816 0.8155111670494080
vt 0.8779640197753906 0.8125309944152832
vt 0.8759747743606567 0.8210757970809937
f 1111/4152/1111 1167/4153/1167 1129/4154/1129
vt 0.7493708133697510 0.4480649828910828
vt 0.7354812622070312 0.4531444609165192
f 1079/4017/1079 1146/4155/1146 1219/4156/1219
vt 0.9757542610168457 0.8546102046966553
vt 0.9786482453346252 0.8592255711555481
vt 0.9732415676116943 0.8596881628036499
f 1148/4157/1148 1036/4158/1036 1158/4159/1158
vt 0.9315991401672363 0.6146488785743713
vt 0.9310590028762817 0.6150749921798706
vt 0.9305760264396667 0.6149680018424988
f 1143/4160/1143 1137/4161/1137 1144/4162/1144
vt 0.0918196067214012 0.8757139444351196
vt 0.0827285870909691 0.8747816681861877
f 1104/4163/1104 1039/4164/1039 1214/4033/1214
vt 0.9512860178947449 0.0955879986286163
vt 0.9514560103416443 0.0949739962816238
f 1136/4111/1136 1144/4165/1144 1137/4166/1137
vt 0.9516362547874451 0.0958538204431534
f 1136/4111/1136 1161/4167/1161 1144/4165/1144
vt 0.0886195078492165 0.1574488729238510
vt 0.0977943614125252 0.1528523415327072
f 1165/4042/1165 1216/4168/1216 1175/4169/1175
vt 0.1292960047721863 0.8360040187835693
vt 0.1307473480701447 0.8469029068946838
f 931/3922/931 1101/4170/1101 966/4171/966
vt 0.9308300018310547 0.6152499914169312
vt 0.9303849935531616 0.6152330040931702
vt 0.9302060008049011 0.6149569749832153
f 1137/4172/1137 1144/4173/1144 1145/4174/1145
f 1144/4162/1144 1145/4174/1145 1143/4160/1143
vt 0.9292504191398621 0.6131651401519775
f 1143/4160/1143 1145/4174/1145 1163/4175/1163
vt 0.9290487766265869 0.6151021718978882
f 1144/4173/1144 1161/4176/1161 1145/4174/1145
vt 0.9744275808334351 0.0143835786730051
vt 0.9761675000190735 0.0156322568655014
vt 0.9755709767341614 0.0157169997692108
f 1110/4177/1110 1131/4178/1131 1147/4179/1147
vt 0.9408304691314697 0.0091588189825416
vt 0.9438572525978088 0.0071169119328260
vt 0.9426869153976440 0.0121335946023464
f 1154/4180/1154 1099/4181/1099 1185/4182/1185
vt 0.7470049858093262 0.9108189940452576
vt 0.7472670078277588 0.9113699793815613
f 1011/3971/1011 1150/4183/1150 1151/4184/1151
vt 0.7473930120468140 0.9123145341873169
f 1011/3971/1011 1151/4184/1151 1183/4185/1183
vt 0.7470797896385193 0.9097962975502014
vt 0.7471299767494202 0.9101920127868652
f 1011/3971/1011 1141/4186/1141 1152/4187/1152
f 1011/3971/1011 1152/4187/1152 1150/4183/1150
f 1145/4174/1145 1161/4176/1161 1163/4175/1163
vt 0.9156641364097595 0.2744715809822083
vt 0.9165226817131042 0.2724107801914215
f 1170/3924/1170 1138/4188/1138 1167/4189/1167
vt 0.0770461037755013 0.9001960754394531
vt 0.0897082760930061 0.8978881239891052
f 1177/4081/1177 1186/4190/1186 1022/4191/1022
vt 0.9759529829025269 0.0163320004940033
f 1147/4179/1147 1131/4178/1131 1155/4192/1155
vt 0.9757109880447388 0.0160530004650354
f 1147/4179/1147 1155/4192/1155 1156/4193/1156
vt 0.0954162105917931 0.9235396385192871
vt 0.0810085907578468 0.9248557090759277
f 1088/4194/1088 1219/4195/1219 1177/4081/1177
f 1131/4178/1131 1157/4068/1157 1155/4192/1155
f 1150/4183/1150 1152/4187/1152 1151/4184/1151
vt 0.0830911695957184 0.8886069059371948
f 1022/4191/1022 1186/4190/1186 1039/4196/1039
vt 0.6721950173377991 0.6018485426902771
vt 0.6688322424888611 0.5925526618957520
vt 0.6761849522590637 0.5964480638504028
f 1113/4197/1113 1153/4198/1153 1073/4199/1073
vt 0.7532931566238403 0.9009349942207336
f 1222/4096/1222 1242/4200/1242 1141/4120/1141
vt 0.0373043529689312 0.7885984778404236
vt 0.0350812748074532 0.7965742945671082
vt 0.0297823119908571 0.7896355390548706
f 1105/4201/1105 1109/4202/1109 1162/4203/1162
vt 0.7474030256271362 0.9102380275726318
vt 0.7473949790000916 0.9108229875564575
f 1152/4204/1152 1141/4120/1141 1150/4205/1150
f 1141/4120/1141 1151/4184/1151 1150/4205/1150
vt 0.7494510412216187 0.9124292731285095
f 1141/4120/1141 1183/4206/1183 1151/4184/1151
vt 0.9754099845886230 0.0158830005675554
vt 0.9756780266761780 0.0164020005613565
f 1147/4207/1147 1155/4208/1155 1110/4106/1110
vt 0.9083783626556396 0.7201908230781555
vt 0.9141838550567627 0.7218933701515198
vt 0.9099358916282654 0.7260336279869080
f 1055/4209/1055 1159/4210/1159 1158/4211/1158
vt 0.9040140509605408 0.7248772978782654
f 1055/4209/1055 1158/4211/1158 1211/4212/1211
vt 0.9749462008476257 0.0171877518296242
f 1110/4106/1110 1155/4208/1155 1157/4213/1157
vt 0.0805930644273758 0.8611611127853394
vt 0.0781597271561623 0.8528949618339539
f 931/3743/931 1214/4214/1214 1267/4215/1267
vt 0.5933457016944885 0.1924426108598709
f 1105/4108/1105 1318/4216/1318 1233/4109/1233
vt 0.8883293271064758 0.8163794279098511
vt 0.8805342316627502 0.8181822299957275
f 1167/4153/1167 1206/4217/1206 1129/4218/1129
vt 0.0317157283425331 0.8122184276580811
vt 0.0268500428646803 0.8108142614364624
f 1109/4219/1109 1122/4127/1122 1217/4220/1217
vt 0.9513680338859558 0.0107736093923450
vt 0.9522543549537659 0.0211707130074501
f 1185/4182/1185 1099/4221/1099 1288/4222/1288
vt 0.2152421325445175 0.9039413332939148
vt 0.2039791941642761 0.8998942375183105
vt 0.2106427401304245 0.8906468749046326
f 1086/4223/1086 1184/4224/1184 1198/4225/1198
vt 0.9758591055870056 0.8641512989997864
vt 0.9735355377197266 0.8611469268798828
f 1036/4158/1036 1244/4226/1244 1158/4227/1158
vt 0.0762028768658638 0.8772888779640198
vt 0.0816589221358299 0.8677248954772949
f 1039/4164/1039 1235/4228/1235 1214/4229/1214
vt 0.9575617909431458 0.0132148321717978
f 1125/4230/1125 1288/4222/1288 1099/4221/1099
vt 0.2062196135520935 0.9024410843849182
vt 0.2042000442743301 0.9092267751693726
vt 0.2031757384538651 0.9005711674690247
f 1086/4231/1086 1154/4232/1154 1184/4233/1184
vt 0.3802561759948730 0.0685480013489723
vt 0.3772747814655304 0.0712008997797966
f 1170/4116/1170 1041/4234/1041 1199/4235/1199
vt 0.8824689984321594 0.8260455727577209
f 1129/4102/1129 1206/4217/1206 1132/4236/1132
vt 0.7543316483497620 0.8829206228256226
vt 0.7529187798500061 0.8884296417236328
f 1142/4061/1142 1275/4237/1275 1134/4238/1134
vt 0.6749099493026733 0.5930946469306946
f 1073/4239/1073 1153/4198/1153 1189/4145/1189
vt 0.8811578750610352 0.7867014408111572
vt 0.8835622072219849 0.7849721312522888
vt 0.8886132836341858 0.7953193187713623
f 1167/4240/1167 1138/4241/1138 1191/4242/1191
vt 0.0297966860234737 0.8068393468856812
vt 0.0236533060669899 0.8030965924263000
f 1109/4243/1109 1217/4220/1217 1162/4244/1162
vt 0.3825098872184753 0.0722350403666496
vt 0.3800252377986908 0.0788190513849258
vt 0.3755929470062256 0.0730317831039429
f 1041/4245/1041 1183/4246/1183 1199/4247/1199
vt 0.8797394633293152 0.7772028446197510
vt 0.8805180191993713 0.7796210050582886
vt 0.8790249824523926 0.7789228558540344
f 1170/4248/1170 1166/4249/1166 1138/4250/1138
vt 0.7661153078079224 0.4526813328266144
vt 0.7535905838012695 0.4599516391754150
vt 0.7552385330200195 0.4511879980564117
f 961/4251/961 1234/4252/1234 1146/4253/1146
vt 0.8803730010986328 0.7802900075912476
f 1138/4250/1138 1166/4249/1166 1168/4254/1168
vt 0.5918903350830078 0.2097127288579941
vt 0.5884091854095459 0.2191123962402344
vt 0.5827511548995972 0.2139600664377213
f 1105/4255/1105 1162/4256/1162 1201/4257/1201
vt 0.8808159828186035 0.7790179848670959
f 1170/4248/1170 1169/4258/1169 1166/4249/1166
vt 0.8814910650253296 0.7794830799102783
f 1138/4250/1138 1168/4254/1168 1172/4259/1172
vt 0.8808969855308533 0.7794409990310669
f 1168/4254/1168 1166/4249/1166 1169/4260/1169
vt 0.8807089924812317 0.7799090147018433
f 1168/4254/1168 1166/4261/1166 1172/4259/1172
vt 0.1935138702392578 0.9057057499885559
f 1184/4233/1184 1154/4232/1154 1196/4262/1196
f 1166/4261/1166 1169/4260/1169 1172/4259/1172
vt 0.0898214727640152 0.1790220141410828
vt 0.0953198224306107 0.1761166006326675
f 1149/3944/1149 1188/4263/1188 1072/4264/1072
vt 0.1942043453454971 0.9144542813301086
vt 0.1987789869308472 0.9182173609733582
vt 0.1845229119062424 0.9206186532974243
f 1196/4265/1196 1154/4266/1154 1185/4267/1185
vt 0.7174665927886963 0.5714822411537170
vt 0.7113056778907776 0.5764223337173462
vt 0.7097449898719788 0.5643752813339233
f 1036/4268/1036 1164/4269/1164 1244/4270/1244
vt 0.6809819340705872 0.5886390209197998
vt 0.6833462715148926 0.5838988423347473
f 1189/4271/1189 1164/4272/1164 1123/4143/1123
vt 0.8811360001564026 0.7788709998130798
f 1169/4273/1169 1170/4248/1170 1172/4259/1172
vt 0.1919091641902924 0.8368569612503052
vt 0.1952600032091141 0.8356360197067261
vt 0.1936248391866684 0.8393104076385498
f 1176/4274/1176 1173/4275/1173 1095/4276/1095
vt 0.7497121095657349 0.4516741931438446
f 1146/4277/1146 1234/4252/1234 1219/4156/1219
vt 0.8829026222229004 0.7742564678192139
f 1170/4248/1170 1199/4278/1199 1172/4259/1172
vt 0.0756388902664185 0.9209233522415161
f 1177/4081/1177 1219/4195/1219 1235/4279/1235
vt 0.9073656797409058 0.9155989289283752
vt 0.9018469452857971 0.9189974665641785
vt 0.9048327803611755 0.9102439284324646
f 969/4280/969 1218/4281/1218 1043/4282/1043
vt 0.1987688690423965 0.8401395678520203
vt 0.1985590904951096 0.8368979692459106
vt 0.1999340057373047 0.8376029729843140
f 1095/4283/1095 1173/4284/1173 1174/4285/1174
vt 0.2001930028200150 0.8374549746513367
vt 0.2004484236240387 0.8367493748664856
f 1095/4283/1095 1174/4286/1174 1187/4287/1187
vt 0.5294276475906372 0.8884719610214233
vt 0.5300210714340210 0.8812131881713867
vt 0.5382127165794373 0.8775990009307861
f 1089/4288/1089 1212/4289/1212 998/4290/998
vt 0.5357901453971863 0.8703482747077942
vt 0.5372005105018616 0.8732624650001526
vt 0.5309888124465942 0.8727179765701294
f 1193/4291/1193 998/4292/998 1212/4293/1212
vt 0.1809571683406830 0.8361163139343262
vt 0.1809448450803757 0.8401421308517456
vt 0.1813300848007202 0.8294792771339417
f 1176/4294/1176 1200/4295/1200 1257/4296/1257
vt 0.1996980011463165 0.8371679782867432
f 1174/4285/1174 1173/4284/1173 1180/4297/1180
vt 0.1999569982290268 0.8371959924697876
f 1174/4285/1174 1180/4297/1180 1178/4298/1178
vt 0.7745752334594727 0.4591249525547028
vt 0.7812703847885132 0.4584095180034637
vt 0.7716301679611206 0.4667818248271942
f 961/4299/961 1078/4300/1078 1234/4301/1234
vt 0.1999820023775101 0.8369420170783997
f 1174/4286/1174 1180/4302/1180 1187/4287/1187
vt 0.1878893226385117 0.8365383148193359
vt 0.1894139945507050 0.8360239863395691
vt 0.1906801909208298 0.8366730809211731
f 1171/4303/1171 1179/4304/1179 1176/4305/1176
vt 0.1890259981155396 0.8359760046005249
f 1171/4303/1171 1181/4306/1181 1179/4304/1179
vt 0.5892626047134399 0.1930987089872360
vt 0.5802080035209656 0.2029939740896225
f 1318/4307/1318 1105/4108/1105 1230/4308/1230
vt 0.8841780424118042 0.7784059047698975
vt 0.8868926763534546 0.7827553153038025
vt 0.8843695521354675 0.7846516370773315
f 1172/4309/1172 1191/4310/1191 1138/4311/1138
vt 0.1918883025646210 0.8354601263999939
f 1176/4305/1176 1179/4304/1179 1173/4312/1173
vt 0.1887090057134628 0.8356699943542480
f 1179/4304/1179 1181/4306/1181 1182/4313/1182
vt 0.1891060024499893 0.8356779813766479
f 1179/4304/1179 1181/4314/1181 1173/4312/1173
vt 0.7552329897880554 0.8935250043869019
f 1121/4315/1121 1134/4238/1134 1222/4096/1222
vt 0.0255575701594353 0.8347153663635254
vt 0.0227564405649900 0.8299629092216492
f 1122/4127/1122 1128/4316/1128 1217/4317/1217
vt 0.1879241466522217 0.8365243673324585
f 1181/4306/1181 1171/4318/1171 1182/4313/1182
vt 0.1891299933195114 0.8353300094604492
f 1181/4314/1181 1182/4319/1182 1173/4312/1173
vt 0.1998520046472549 0.8366760015487671
vt 0.1971791088581085 0.8360214829444885
f 1180/4320/1180 1173/4321/1173 1187/4287/1187
vt 0.1860549747943878 0.8327789902687073
f 1182/4313/1182 1171/4318/1171 1257/4322/1257
vt 0.9745441079139709 0.0203588083386421
vt 0.9733064174652100 0.0235285107046366
vt 0.9658854603767395 0.0182148702442646
f 1110/4323/1110 1187/4324/1187 1125/4325/1125
vt 0.8877421021461487 0.7778629064559937
vt 0.8865634799003601 0.7801079750061035
f 1172/4309/1172 1199/4326/1199 1191/4327/1191
vt 0.2004047483205795 0.8992583155632019
f 1184/4233/1184 1196/4262/1196 1310/4328/1310
vt 0.1848559528589249 0.8360183238983154
f 1171/4303/1171 1176/4329/1176 1257/4322/1257
vt 0.5386339426040649 0.8639861345291138
vt 0.5356973409652710 0.8596682548522949
vt 0.5398711562156677 0.8561503887176514
f 1193/4330/1193 1208/4331/1208 998/4332/998
vt 0.5272437930107117 0.9016662240028381
vt 0.5249848961830139 0.8975204229354858
vt 0.5278578400611877 0.8959774374961853
f 1165/4333/1165 1175/4334/1175 1089/4335/1089
vt 0.0749001055955887 0.8706537485122681
vt 0.0658238381147385 0.8697949051856995
f 1235/4336/1235 1223/4337/1223 1214/4229/1214
vt 0.5870677828788757 0.2083511948585510
f 1105/4338/1105 1201/4257/1201 1230/4308/1230
vt 0.7567697763442993 0.8923146724700928
f 1134/4238/1134 1275/4339/1275 1222/4096/1222
vt 0.1887920051813126 0.8350440263748169
vt 0.1890655606985092 0.8337166309356689
f 1182/4340/1182 1257/4341/1257 1173/4312/1173
vt 0.1993118226528168 0.8315602540969849
vt 0.2020916640758514 0.8368972539901733
f 1173/4321/1173 1209/4342/1209 1187/4343/1187
vt 0.9761186838150024 0.0194473769515753
f 1110/4344/1110 1157/4068/1157 1187/4324/1187
vt 0.8824121952056885 0.8268862962722778
vt 0.8887208700180054 0.8274084925651550
f 1132/4345/1132 1206/4217/1206 1231/4346/1231
vt 0.0712848082184792 0.9145375490188599
f 1177/4081/1177 1235/4347/1235 1186/4190/1186
vt 0.4411655068397522 0.6647989153862000
vt 0.4441950917243958 0.6583639383316040
vt 0.4411948025226593 0.6715556383132935
f 1071/4348/1071 1192/4349/1192 1042/4350/1042
vt 0.8818697929382324 0.8067778944969177
vt 0.8902035355567932 0.8035169243812561
f 1167/4351/1167 1191/4242/1191 1220/4352/1220
vt 0.1440525501966476 0.8317442536354065
vt 0.1466387659311295 0.8221016526222229
vt 0.1507209986448288 0.8299637436866760
f 1101/4353/1101 1200/4354/1200 966/4355/966
vt 0.7612478137016296 0.9139608740806580
vt 0.7680354714393616 0.9061041474342346
vt 0.7664414644241333 0.9113942384719849
f 1183/4356/1183 1242/4357/1242 1203/4358/1203
vt 0.5369861125946045 0.8657721281051636
vt 0.5328450202941895 0.8671180009841919
f 1193/4359/1193 1212/4293/1212 1194/4360/1194
vt 0.5334529876708984 0.8663600087165833
f 1193/4359/1193 1194/4360/1194 1195/4361/1195
vt 0.1912577897310257 0.8325755596160889
vt 0.1930117160081863 0.8317686319351196
f 1173/4275/1173 1257/4362/1257 1209/4363/1209
vt 0.5331649780273438 0.8660669922828674
vt 0.5333151817321777 0.8651212453842163
f 1193/4359/1193 1195/4364/1195 1208/4365/1208
vt 0.0817728340625763 0.8648519515991211
vt 0.0656525418162346 0.8670007586479187
vt 0.0728353038430214 0.8534390330314636
f 1214/4366/1214 1223/4367/1223 1267/4368/1267
vt 0.5330089926719666 0.8666059970855713
f 1195/4361/1195 1194/4360/1194 1197/4369/1197
vt 0.6889008879661560 0.5750057101249695
vt 0.6862195134162903 0.5818250775337219
vt 0.6864032745361328 0.5788351893424988
f 1253/4370/1253 1164/4371/1164 1189/4372/1189
vt 0.8973755240440369 0.9100951552391052
f 1043/4282/1043 1218/4281/1218 1229/4373/1229
vt 0.5325610041618347 0.8668479919433594
vt 0.5310115218162537 0.8664791584014893
f 1195/4364/1195 1194/4374/1194 1210/4375/1210
vt 0.5294808149337769 0.8617141842842102
f 1195/4364/1195 1210/4375/1210 1208/4376/1208
vt 0.8889415264129639 0.7815268635749817
vt 0.8941065669059753 0.7822723984718323
vt 0.8880527615547180 0.7944632768630981
f 1199/4377/1199 1215/4378/1215 1191/4379/1191
f 1212/4293/1212 1210/4375/1210 1194/4374/1194
vt 0.7499206066131592 0.4625962078571320
vt 0.7382453680038452 0.4660620093345642
f 1219/4156/1219 1234/4380/1234 1225/4381/1225
vt 0.9661632776260376 0.0293143671005964
f 1125/4325/1125 1187/4324/1187 1240/4382/1240
vt 0.8975478410720825 0.7239936590194702
vt 0.8916021585464478 0.7323688268661499
vt 0.8957805037498474 0.7284759283065796
f 1021/4383/1021 1218/4384/1218 969/4385/969
vt 0.3778807818889618 0.0797262862324715
vt 0.3738656342029572 0.0830341503024101
vt 0.3740203380584717 0.0805319175124168
f 1183/4386/1183 1203/4387/1203 1199/4388/1199
vt 0.8893013000488281 0.8087233304977417
f 1167/4389/1167 1220/4352/1220 1206/4217/1206
f 1125/4041/1125 1240/4382/1240 1288/4222/1288
vt 0.9819539785385132 0.0273905191570520
vt 0.9789728522300720 0.0302858129143715
f 1157/4068/1157 1095/4390/1095 1187/4391/1187
vt 0.5786685943603516 0.2072670757770538
f 1201/4257/1201 1262/4392/1262 1230/4308/1230
vt 0.3641207516193390 0.0829222574830055
vt 0.3713573217391968 0.0776813477277756
vt 0.3710660040378571 0.0800380036234856
f 1221/4393/1221 1199/4394/1199 1202/4395/1202
vt 0.1789597123861313 0.9105495810508728
f 1185/4267/1185 1238/4396/1238 1196/4262/1196
vt 0.3714419901371002 0.0803050026297569
f 1199/4394/1199 1203/4387/1203 1202/4397/1202
vt 0.1598580032587051 0.8293558955192566
vt 0.1610240042209625 0.8243088722229004
vt 0.1584469377994537 0.8337162137031555
f 966/4398/966 1200/4399/1200 1190/4400/1190
vt 0.3710300028324127 0.0810519978404045
vt 0.3710379898548126 0.0805360004305840
f 1202/4397/1202 1205/4401/1205 1204/4402/1204
vt 0.3712910115718842 0.0813990011811256
f 1202/4397/1202 1203/4387/1203 1205/4403/1205
vt 0.3706940114498138 0.0808300003409386
vt 0.3706459999084473 0.0801490023732185
f 1202/4395/1202 1205/4404/1205 1221/4405/1221
vt 0.0191833358258009 0.8254249691963196
vt 0.0207752306014299 0.8325506448745728
vt 0.0088495388627052 0.8322396874427795
f 1217/4406/1217 1128/4407/1128 1231/4408/1231
vt 0.3692428469657898 0.0815242975950241
f 1203/4387/1203 1221/4409/1221 1205/4403/1205
vt 0.0865396261215210 0.1462211012840271
vt 0.0827919244766235 0.1453998386859894
f 1175/4410/1175 1216/4168/1216 1207/4411/1207
vt 0.3687958717346191 0.0800459682941437
vt 0.3613256514072418 0.0744656547904015
f 1199/4394/1199 1221/4412/1221 1215/4413/1215
vt 0.0761765465140343 0.8982478380203247
vt 0.0643777474761009 0.8876563310623169
f 1039/4196/1039 1186/4414/1186 1235/4415/1235
vt 0.4495309591293335 0.6573023200035095
vt 0.4535267651081085 0.6642219424247742
f 1192/4416/1192 1248/4417/1248 1042/4350/1042
vt 0.6562904119491577 0.5964442491531372
vt 0.6537452340126038 0.5885291695594788
vt 0.6637996435165405 0.5897508859634399
f 1153/4418/1153 1233/4419/1233 1189/4420/1189
vt 0.7449300885200500 0.4722449779510498
f 1234/4380/1234 1246/4421/1246 1225/4381/1225
vt 0.1998418718576431 0.8826662898063660
vt 0.2058546543121338 0.8787954449653625
f 1198/4225/1198 1184/4422/1184 1142/4423/1142
vt 0.5225433111190796 0.8996932506561279
vt 0.5197070240974426 0.8960670232772827
f 1175/4424/1175 1212/4425/1212 1089/4288/1089
vt 0.7791396975517273 0.4691875278949738
vt 0.7857922911643982 0.4691574573516846
vt 0.7685064673423767 0.4810630679130554
f 1078/4426/1078 998/4427/998 1234/4428/1234
vt 0.4491308331489563 0.6221840381622314
vt 0.4571084380149841 0.6137704849243164
vt 0.4544598460197449 0.6270012259483337
f 1043/4429/1043 1229/4430/1229 1071/4431/1071
vt 0.4419816434383392 0.6844683289527893
vt 0.4508346021175385 0.6838886737823486
f 1080/4432/1080 1042/4350/1042 1237/4433/1237
vt 0.0223298184573650 0.7875580787658691
vt 0.0170809477567673 0.7956354618072510
vt 0.0079063521698117 0.7948546409606934
f 1201/4434/1201 1162/4435/1162 1311/4436/1311
vt 0.6881369948387146 0.5728107094764709
vt 0.6908980011940002 0.5723694562911987
vt 0.6978722810745239 0.5752151012420654
f 1253/4437/1253 1224/4438/1224 1164/4439/1164
vt 0.8997319936752319 0.7309110164642334
vt 0.9000058174133301 0.7340089678764343
f 1218/4384/1218 1021/4440/1021 1211/4441/1211
vt 0.2124528735876083 0.8701733350753784
vt 0.2038211077451706 0.8697654008865356
vt 0.2119037806987762 0.8663913607597351
f 1142/4442/1142 1213/4443/1213 1275/4444/1275
vt 0.6834792494773865 0.5775758028030396
vt 0.6843268275260925 0.5744974613189697
f 1189/4445/1189 1247/4446/1247 1253/4370/1253
vt 0.6996482610702515 0.5736412405967712
vt 0.6943852901458740 0.5700054764747620
vt 0.7021527290344238 0.5684697031974792
f 1164/4447/1164 1224/4448/1224 1244/4449/1244
vt 0.9742003083229065 0.0271019693464041
vt 0.9763240814208984 0.0331401489675045
vt 0.9661616683006287 0.0304347071796656
f 1187/4450/1187 1272/4451/1272 1240/4452/1240
vt 0.9006426930427551 0.8170148730278015
vt 0.8990846872329712 0.8283675312995911
f 1206/4217/1206 1220/4453/1220 1231/4454/1231
vt 0.3688344359397888 0.0847340971231461
vt 0.3680993318557739 0.0863716006278992
f 1203/4455/1203 1242/4456/1242 1221/4393/1221
vt 0.7335189580917358 0.4670917391777039
vt 0.7213771939277649 0.4621713757514954
f 1219/4156/1219 1225/4457/1225 1235/4458/1235
vt 0.1126147061586380 0.8314883708953857
vt 0.1134442463517189 0.8185253143310547
vt 0.1205321252346039 0.8241708278656006
f 931/4459/931 1267/4460/1267 1101/4461/1101
vt 0.0136517211794853 0.7825877070426941
f 1201/4434/1201 1311/4436/1311 1262/4462/1262
vt 0.8966920971870422 0.7834739089012146
vt 0.9026063084602356 0.7932541370391846
f 1191/4242/1191 1215/4463/1215 1351/4464/1351
vt 0.0181176587939262 0.8241890072822571
vt 0.0126786604523659 0.8114035725593567
f 1217/4465/1217 1231/4408/1231 1162/4466/1162
vt 0.0149696664884686 0.8351463079452515
f 1132/4132/1132 1231/4408/1231 1128/4467/1128
vt 0.0824823305010796 0.1977037936449051
vt 0.0722741186618805 0.1846942156553268
vt 0.0932559669017792 0.1904357224702835
f 1080/4468/1080 1188/4469/1188 1149/4470/1149
vt 0.9639761447906494 0.8778795599937439
vt 0.9686030149459839 0.8786386847496033
vt 0.9668985009193420 0.8819398283958435
f 1158/4471/1158 1244/4472/1244 1313/4473/1313
vt 0.1827262490987778 0.9015741944313049
f 1238/4396/1238 1310/4474/1310 1196/4262/1196
vt 0.0677777826786041 0.1989272832870483
f 1080/4468/1080 1237/4475/1237 1188/4469/1188
vt 0.8995551466941833 0.8037715554237366
vt 0.9023758769035339 0.8093056082725525
f 1191/4242/1191 1351/4476/1351 1220/4477/1220
vt 0.6937935352325439 0.5700431466102600
vt 0.6922676563262939 0.5685356259346008
f 1224/4478/1224 1253/4370/1253 1333/4479/1333
vt 0.4558418691158295 0.6716904044151306
f 1042/4350/1042 1248/4417/1248 1237/4480/1237
vt 0.7151456475257874 0.5600265860557556
vt 0.7119351625442505 0.5579985976219177
f 1256/4481/1256 1244/4270/1244 1232/4482/1232
vt 0.0818490087985992 0.1500258743762970
vt 0.0760323554277420 0.1500435024499893
vt 0.0757453814148903 0.1433499008417130
f 1207/4483/1207 1250/4484/1250 1175/4485/1175
vt 0.5670700073242188 0.1959961801767349
vt 0.5784091949462891 0.1883131414651871
f 1230/4308/1230 1262/4486/1262 1318/4487/1318
vt 0.9005875587463379 0.7797350287437439
vt 0.9077773690223694 0.7858095765113831
f 1215/4463/1215 1295/4488/1295 1351/4489/1351
vt 0.1942185014486313 0.8742605447769165
vt 0.2043799459934235 0.8703476190567017
f 1142/4423/1142 1310/4490/1310 1213/4491/1213
vt 0.3523164391517639 0.0819863006472588
f 1215/4413/1215 1221/4393/1221 1295/4492/1295
vt 0.4512584507465363 0.6430039405822754
vt 0.4675211906433105 0.6285728216171265
f 1192/4493/1192 1071/4431/1071 1243/4494/1243
vt 0.0816938355565071 0.1587105989456177
vt 0.0709815248847008 0.1629581451416016
vt 0.0767279565334320 0.1533144563436508
f 1216/4495/1216 1072/4496/1072 1207/4497/1207
f 1142/4423/1142 1184/4422/1184 1310/4490/1310
vt 0.0629863888025284 0.8818255066871643
vt 0.0533432066440582 0.8799532651901245
f 1235/4498/1235 1259/4499/1259 1223/4337/1223
vt 0.6999389529228210 0.5655663609504700
vt 0.6967129707336426 0.5648609995841980
vt 0.6968379616737366 0.5638831853866577
f 1244/4500/1244 1226/4501/1226 1232/4502/1232
vt 0.6964192390441895 0.5656540393829346
f 1244/4500/1244 1224/4503/1224 1226/4501/1226
vt 0.6918362379074097 0.5600770711898804
vt 0.6960899829864502 0.5644890069961548
f 1224/4503/1224 1333/4504/1333 1227/4505/1227
vt 0.6963779926300049 0.5647379755973816
f 1224/4503/1224 1228/4506/1228 1226/4501/1226
f 1224/4503/1224 1227/4505/1227 1228/4506/1228
vt 0.0817245021462440 0.1732040643692017
vt 0.0714626833796501 0.1744174957275391
f 1072/4507/1072 1188/4469/1188 1207/4508/1207
vt 0.1362485140562057 0.8195635676383972
vt 0.1288882791996002 0.8201104402542114
vt 0.1292848438024521 0.8090798854827881
f 1266/4509/1266 1200/4510/1200 1101/4511/1101
vt 0.4583133459091187 0.6181997060775757
vt 0.4604391753673553 0.6153064966201782
vt 0.4615474939346313 0.6209936738014221
f 1071/4512/1071 1229/4513/1229 1243/4514/1243
f 1226/4501/1226 1228/4506/1228 1227/4505/1227
vt 0.6964690089225769 0.5644739866256714
f 1226/4501/1226 1228/4515/1228 1232/4502/1232
vt 0.7826999425888062 0.4778418242931366
vt 0.7817896604537964 0.4846363067626953
vt 0.7742726206779480 0.4767028391361237
f 998/4516/998 1208/4517/1208 1234/4518/1234
f 1228/4515/1228 1227/4505/1227 1232/4502/1232
vt 0.9569224715232849 0.0237527377903461
vt 0.9567319750785828 0.0386369787156582
f 1288/4519/1288 1240/4452/1240 1249/4520/1249
f 1227/4505/1227 1333/4504/1333 1232/4502/1232
vt 0.3615097999572754 0.0907881632447243
f 1221/4393/1221 1242/4521/1242 1295/4492/1295
vt 0.6651593446731567 0.5806505084037781
vt 0.6664975285530090 0.5734401941299438
f 1233/4522/1233 1247/4523/1247 1189/4145/1189
vt 0.7418917417526245 0.4753054678440094
vt 0.7313785552978516 0.4766014516353607
f 1225/4381/1225 1246/4524/1246 1251/4525/1251
vt 0.8883863091468811 0.7366765141487122
vt 0.8911743164062500 0.7367383241653442
f 1229/4526/1229 1218/4384/1218 1236/4527/1236
vt 0.4680640101432800 0.6081347465515137
f 1229/4430/1229 1289/4528/1289 1243/4494/1243
vt 0.5139900445938110 0.8985982537269592
vt 0.5024622678756714 0.8965578079223633
vt 0.5095051527023315 0.8897337317466736
f 1175/4529/1175 1250/4530/1250 1212/4531/1212
vt 0.7168096899986267 0.4708841741085052
vt 0.7177954316139221 0.4744812846183777
f 1235/4532/1235 1225/4457/1225 1245/4533/1245
vt 0.8940714597702026 0.7383695244789124
f 1211/4441/1211 1236/4534/1236 1218/4384/1218
vt 0.4573476314544678 0.6397796273231506
vt 0.4680360257625580 0.6495687961578369
f 1192/4535/1192 1243/4494/1243 1241/4536/1241
vt 0.7220937013626099 0.4764823019504547
f 1225/4457/1225 1251/4525/1251 1245/4537/1245
vt 0.2025243937969208 0.8233149051666260
vt 0.2007788866758347 0.8175580501556396
vt 0.2057424783706665 0.8194365501403809
f 1187/4538/1187 1209/4539/1209 1272/4540/1272
vt 0.7811626791954041 0.4872538447380066
vt 0.7751289010047913 0.4885382354259491
f 1234/4518/1234 1208/4541/1208 1255/4542/1255
vt 0.3627046644687653 0.1056466102600098
vt 0.3585891723632812 0.1051137372851372
vt 0.3681537806987762 0.0993916466832161
f 1275/4543/1275 1290/4544/1290 1222/4545/1222
vt 0.1935164332389832 0.8695255517959595
f 1213/4443/1213 1310/4490/1310 1275/4546/1275
vt 0.9080703854560852 0.8131443262100220
vt 0.9069641828536987 0.8213455677032471
f 1220/4477/1220 1497/4547/1497 1231/4548/1231
vt 0.0490377396345139 0.8724955320358276
vt 0.0494754314422607 0.8584073185920715
f 1223/4367/1223 1259/4549/1259 1267/4550/1267
vt 0.5166500806808472 0.8706052899360657
vt 0.5012575984001160 0.8730705380439758
vt 0.5151802301406860 0.8639168739318848
f 1212/4551/1212 1282/4552/1282 1210/4553/1210
vt 0.0633030831813812 0.1498912125825882
vt 0.0716232582926750 0.1483636349439621
f 1207/4497/1207 1312/4554/1312 1250/4555/1250
vt 0.4519889652729034 0.6523718833923340
vt 0.4627571702003479 0.6631336808204651
f 1192/4556/1192 1241/4536/1241 1248/4557/1248
vt 0.7177723050117493 0.5523849725723267
vt 0.7126933932304382 0.5522771477699280
vt 0.7145117521286011 0.5511318445205688
f 1244/4558/1244 1256/4559/1256 1313/4560/1313
vt 0.6950422525405884 0.5588622689247131
vt 0.6999844908714294 0.5587946176528931
f 1333/4504/1333 1256/4561/1256 1232/4562/1232
vt 0.5200897455215454 0.8511580228805542
vt 0.5192967057228088 0.8602268695831299
vt 0.5138000249862671 0.8487207293510437
f 1208/4563/1208 1210/4564/1210 1252/4565/1252
vt 0.0589041896164417 0.9000885486602783
vt 0.0486749596893787 0.9010386466979980
vt 0.0536197610199451 0.8939039707183838
f 1235/4566/1235 1260/4567/1260 1259/4568/1259
vt 0.1693637073040009 0.9143112897872925
vt 0.1651635617017746 0.9074392914772034
f 1185/4569/1185 1286/4570/1286 1238/4396/1238
vt 0.3571612536907196 0.0967570394277573
f 1222/4545/1222 1290/4544/1290 1242/4571/1242
vt 0.0019060962367803 0.8130137324333191
vt 0.0037737046368420 0.8039684295654297
f 1162/4466/1162 1231/4572/1231 1311/4573/1311
vt 0.8984421491622925 0.7434030175209045
vt 0.9101786017417908 0.7406016588211060
vt 0.9045005440711975 0.7473696470260620
f 1211/4574/1211 1158/4575/1158 1305/4576/1305
vt 0.8923629522323608 0.7430744171142578
vt 0.8864753842353821 0.7421427965164185
f 1229/4526/1229 1236/4577/1236 1268/4578/1268
vt 0.5111316442489624 0.8785484433174133
vt 0.4991047084331512 0.8894506096839905
f 1212/4579/1212 1250/4580/1250 1282/4552/1282
vt 0.9664186835289001 0.0422297120094299
vt 0.9647488594055176 0.0385779999196529
f 1240/4452/1240 1272/4581/1272 1249/4582/1249
vt 0.6457032561302185 0.5888501405715942
vt 0.6497178673744202 0.5805613398551941
f 1233/4419/1233 1318/4583/1318 1362/4584/1362
vt 0.1604065448045731 0.9182620048522949
f 1185/4569/1185 1288/4585/1288 1286/4570/1286
vt 0.4621219336986542 0.6730388998985291
vt 0.4690069556236267 0.6646593213081360
f 1248/4586/1248 1241/4536/1241 1274/4587/1274
vt 0.6612035632133484 0.5818905234336853
f 1247/4523/1247 1233/4588/1233 1362/4584/1362
vt 0.0556783154606819 0.9185198545455933
vt 0.0495318174362183 0.9132676720619202
vt 0.0549498014152050 0.9089254140853882
f 1245/4589/1245 1287/4590/1287 1235/4591/1235
vt 0.0506174787878990 0.9229539632797241
vt 0.0491864904761314 0.9180681109428406
f 1245/4589/1245 1254/4592/1254 1287/4593/1287
vt 0.4695117771625519 0.6691246628761292
vt 0.4694328010082245 0.6730330586433411
f 1248/4586/1248 1274/4594/1274 1265/4595/1265
vt 0.4992482364177704 0.8820380568504333
vt 0.5043045878410339 0.8776137232780457
f 1250/4580/1250 1307/4596/1307 1282/4597/1282
vt 0.4613991081714630 0.6770462989807129
vt 0.4693481326103210 0.6786946058273315
vt 0.4610885977745056 0.6827701926231384
f 1248/4598/1248 1258/4599/1258 1237/4600/1237
vt 0.5080631375312805 0.1036718860268593
vt 0.5145926475524902 0.1135707646608353
vt 0.5045609474182129 0.1090079620480537
f 1242/4601/1242 1290/4602/1290 1295/4603/1295
vt 0.7267891168594360 0.4794664382934570
vt 0.7156965136528015 0.4796663522720337
f 1245/4537/1245 1251/4604/1251 1254/4605/1254
vt 0.0607134178280830 0.1879020482301712
vt 0.0609739013016224 0.1838575303554535
f 1188/4469/1188 1237/4606/1237 1207/4607/1207
vt 0.4761529862880707 0.6381693482398987
f 1243/4494/1243 1274/4608/1274 1241/4536/1241
vt 0.0465516075491905 0.9079436659812927
vt 0.0480168461799622 0.9034645557403564
f 1235/4591/1235 1287/4609/1287 1260/4610/1260
vt 0.5277671217918396 0.1782413125038147
vt 0.5340099334716797 0.1888225078582764
vt 0.5190660357475281 0.1837543100118637
f 1311/4611/1311 1231/4612/1231 1306/4613/1306
vt 0.4695836007595062 0.6080217361450195
vt 0.4724843800067902 0.5982590913772583
vt 0.4795512855052948 0.6053154468536377
f 1289/4614/1289 1229/4615/1229 1268/4616/1268
vt 0.4705272316932678 0.6730035543441772
vt 0.4700019955635071 0.6749849915504456
f 1265/4617/1265 1261/4618/1261 1248/4598/1248
vt 0.7186519503593445 0.4861486554145813
f 1254/4605/1254 1251/4604/1251 1280/4619/1280
vt 0.1228200942277908 0.8087560534477234
vt 0.1107745766639709 0.8088133335113525
vt 0.1206674948334694 0.8042327165603638
f 1101/4620/1101 1267/4621/1267 1324/4622/1324
vt 0.4710810780525208 0.6753763556480408
f 1248/4598/1248 1261/4618/1261 1258/4623/1258
vt 0.4782237410545349 0.6302057504653931
f 1243/4494/1243 1289/4624/1289 1274/4608/1274
vt 0.4698251783847809 0.6742432117462158
vt 0.4707300066947937 0.6744920015335083
vt 0.4703220129013062 0.6747999787330627
f 1265/4625/1265 1264/4626/1264 1261/4627/1261
vt 0.5106903910636902 0.8530253171920776
vt 0.5054277777671814 0.8601464629173279
vt 0.5069370269775391 0.8570430278778076
f 1252/4628/1252 1210/4629/1210 1282/4630/1282
vt 0.4711480140686035 0.6745749711990356
f 1261/4627/1261 1264/4626/1264 1263/4631/1263
vt 0.4707970023155212 0.6748970150947571
f 1261/4627/1261 1264/4632/1264 1258/4623/1258
vt 0.0368980057537556 0.9042436480522156
f 1260/4610/1260 1287/4609/1287 1273/4633/1273
f 1264/4626/1264 1265/4617/1265 1263/4631/1263
vt 0.9068431854248047 0.7518318891525269
vt 0.8950563669204712 0.7499879598617554
f 1211/4574/1211 1305/4634/1305 1236/4635/1236
vt 0.6774403452873230 0.7160502076148987
vt 0.6814152002334595 0.7327231764793396
vt 0.6721928715705872 0.7164607048034668
f 1262/4636/1262 1292/4637/1292 1318/4638/1318
vt 0.4711341857910156 0.6765906810760498
f 1264/4632/1264 1263/4631/1263 1258/4639/1258
f 1263/4631/1263 1265/4617/1265 1258/4639/1258
vt 0.7285502552986145 0.4840472638607025
vt 0.7289400100708008 0.4856559932231903
vt 0.7283310294151306 0.4855670034885406
f 1251/4640/1251 1269/4641/1269 1270/4642/1270
vt 0.7269235253334045 0.4862819910049438
f 1251/4640/1251 1270/4642/1270 1279/4643/1279
vt 0.7333597540855408 0.4876692295074463
vt 0.7296010255813599 0.4859549999237061
f 1246/4644/1246 1271/4645/1271 1251/4640/1251
vt 0.7295420169830322 0.4863409996032715
f 1251/4640/1251 1271/4646/1271 1269/4641/1269
vt 0.7575392127037048 0.4899240434169769
vt 0.7522546052932739 0.4935457408428192
vt 0.7485586404800415 0.4867649078369141
f 1255/4647/1255 1246/4648/1246 1234/4649/1234
f 1269/4641/1269 1271/4646/1271 1270/4642/1270
vt 0.7237843275070190 0.4848383367061615
vt 0.7228556275367737 0.4840902388095856
f 1279/4650/1279 1280/4619/1280 1251/4651/1251
vt 0.7287439703941345 0.4860660135746002
f 1270/4642/1270 1269/4652/1269 1279/4643/1279
vt 0.0470414608716965 0.9226522445678711
vt 0.0465749986469746 0.9226250052452087
vt 0.0463710017502308 0.9222149848937988
f 1254/4653/1254 1276/4654/1276 1277/4655/1277
vt 0.0476435944437981 0.9199432134628296
f 1254/4653/1254 1277/4655/1277 1287/4656/1287
vt 0.7126899361610413 0.4822850227355957
vt 0.7143911719322205 0.4839796423912048
vt 0.7121260166168213 0.4835659861564636
f 1254/4657/1254 1280/4658/1280 1278/4659/1278
vt 0.0461560003459454 0.9217349886894226
f 1287/4656/1287 1277/4655/1277 1280/4660/1280
vt 0.0464340001344681 0.9230260252952576
f 1254/4653/1254 1278/4661/1278 1276/4654/1276
f 1269/4652/1269 1271/4646/1271 1279/4643/1279
vt 0.0403885208070278 0.8579307198524475
vt 0.0419608615338802 0.8546400666236877
f 1267/4550/1267 1259/4662/1259 1324/4663/1324
vt 0.4749494493007660 0.6727503538131714
vt 0.4796086549758911 0.6801784634590149
f 1258/4639/1258 1265/4664/1265 1325/4665/1325
f 1271/4646/1271 1246/4644/1246 1279/4643/1279
f 1276/4654/1276 1278/4661/1278 1277/4655/1277
vt 0.0462150014936924 0.9225469827651978
f 1277/4655/1277 1276/4666/1276 1280/4660/1280
vt 0.0448211431503296 0.9224136471748352
f 1278/4661/1278 1280/4667/1280 1276/4666/1276
vt 0.6779474020004272 0.5655272603034973
vt 0.6704728603363037 0.5657647252082825
vt 0.6734070181846619 0.5636500120162964
f 1253/4668/1253 1247/4669/1247 1333/4670/1333
vt 0.5272313356399536 0.1034710183739662
vt 0.5319625735282898 0.1073268949985504
vt 0.5232981443405151 0.1076631620526314
f 1275/4671/1275 1356/4672/1356 1290/4673/1290
vt 0.5063700079917908 0.8501210212707520
vt 0.5081604123115540 0.8471336364746094
f 1252/4628/1252 1281/4674/1281 1208/4675/1208
vt 0.0448145791888237 0.9136064052581787
vt 0.0434853658080101 0.9163983464241028
f 1287/4676/1287 1327/4677/1327 1273/4633/1273
vt 0.4710499346256256 0.6815627813339233
vt 0.4723114073276520 0.6842759251594543
f 1258/4678/1258 1325/4665/1325 1237/4679/1237
vt 0.5059080123901367 0.8508009910583496
f 1252/4628/1252 1283/4680/1283 1281/4674/1281
vt 0.5014284253120422 0.8536800742149353
f 1252/4628/1252 1282/4681/1282 1283/4680/1283
vt 0.5060729980468750 0.8499069809913635
vt 0.5056249499320984 0.8487592339515686
f 1208/4675/1208 1281/4682/1281 1285/4683/1285
vt 0.5058400034904480 0.8503360152244568
f 1281/4674/1281 1283/4680/1283 1284/4684/1284
vt 0.5055069923400879 0.8506450057029724
vt 0.5040592551231384 0.8499712347984314
f 1281/4682/1281 1283/4685/1283 1285/4686/1285
vt 0.4105287790298462 0.5320227742195129
vt 0.4056105315685272 0.5246032476425171
vt 0.4158532619476318 0.5303421020507812
f 1238/4687/1238 1286/4688/1286 1310/4689/1310
vt 0.4143901765346527 0.5272043347358704
f 1310/4689/1310 1286/4688/1286 1344/4690/1344
vt 0.3990001380443573 0.5280991792678833
vt 0.3822649717330933 0.5274783968925476
vt 0.3886346518993378 0.5255618095397949
f 1286/4691/1286 1288/4692/1288 1390/4693/1390
f 1282/4681/1282 1285/4686/1285 1283/4685/1283
vt 0.0542357601225376 0.1752762794494629
vt 0.0521871335804462 0.1835995614528656
vt 0.0451549142599106 0.1789079606533051
f 1207/4694/1207 1237/4695/1237 1309/4696/1309
vt 0.8418830037117004 0.6789860129356384
vt 0.8376816511154175 0.6733306646347046
vt 0.8490049242973328 0.6754676699638367
f 1497/4697/1497 1220/4698/1220 1351/4699/1351
vt 0.3638394176959991 0.5281078219413757
vt 0.3565049469470978 0.5226181149482727
vt 0.3714397549629211 0.5167812108993530
f 1288/4700/1288 1249/4701/1249 1363/4702/1363
vt 0.9130851626396179 0.7521167397499084
vt 0.9145047664642334 0.7560365796089172
f 1158/4703/1158 1313/4704/1313 1305/4634/1305
vt 0.1254907697439194 0.8022832870483398
vt 0.1157079488039017 0.8022561669349670
vt 0.1222577616572380 0.8006676435470581
f 1101/4705/1101 1324/4706/1324 1291/4707/1291
vt 0.4994413256645203 0.1095901206135750
vt 0.5044369101524353 0.1253265291452408
vt 0.4943532943725586 0.1157678067684174
f 1295/4708/1295 1293/4709/1293 1351/4710/1351
vt 0.7281586527824402 0.4929834306240082
vt 0.7299542427062988 0.4999357759952545
vt 0.7239288091659546 0.4916310310363770
f 1246/4711/1246 1326/4712/1326 1279/4713/1279
vt 0.1260288655757904 0.8018873333930969
vt 0.1241019964218140 0.8012390136718750
vt 0.1247135922312737 0.8000855445861816
f 1101/4714/1101 1291/4715/1291 1294/4716/1294
vt 0.7198104858398438 0.4934218227863312
f 1279/4713/1279 1326/4712/1326 1280/4717/1280
vt 0.1216982454061508 0.7991745471954346
vt 0.1219507679343224 0.8010423779487610
f 1324/4706/1324 1304/4718/1304 1291/4719/1291
vt 0.1690101921558380 0.8056417703628540
vt 0.1760735213756561 0.8008646368980408
vt 0.1776922345161438 0.8080667257308960
f 1200/4720/1200 1346/4721/1346 1257/4722/1257
vt 0.4924172461032867 0.8833527565002441
vt 0.4911198616027832 0.8870778679847717
vt 0.4897069931030273 0.8849229812622070
f 1307/4723/1307 1250/4724/1250 1296/4725/1296
vt 0.1816994845867157 0.8052108287811279
f 1257/4722/1257 1346/4721/1346 1209/4726/1209
vt 0.5224807262420654 0.1731465607881546
f 1311/4611/1311 1306/4613/1306 1239/4727/1239
vt 0.1237529963254929 0.8000509738922119
f 1294/4716/1294 1291/4707/1291 1298/4728/1298
vt 0.4823309183120728 0.6652257442474365
vt 0.4803482592105865 0.6746848821640015
f 1265/4664/1265 1274/4729/1274 1325/4730/1325
vt 0.1232559978961945 0.7999560236930847
f 1291/4707/1291 1303/4731/1303 1298/4728/1298
vt 0.0473714023828506 0.1577576100826263
vt 0.0526310876011848 0.1728882342576981
f 1312/4732/1312 1207/4733/1207 1309/4696/1309
vt 0.0407245680689812 0.8897967338562012
vt 0.0350527614355087 0.8947659134864807
vt 0.0250036716461182 0.8881147503852844
f 1259/4734/1259 1260/4735/1260 1273/4736/1273
vt 0.9107326269149780 0.7611428499221802
f 1305/4634/1305 1313/4704/1313 1369/4737/1369
vt 0.5071536898612976 0.1114276722073555
vt 0.5112488269805908 0.1146152615547180
f 1295/4738/1295 1290/4739/1290 1293/4709/1293
vt 0.4897879958152771 0.8846409916877747
vt 0.4892210066318512 0.8848630189895630
vt 0.4887160062789917 0.8845580220222473
f 1296/4740/1296 1299/4741/1299 1300/4742/1300
f 1296/4740/1296 1300/4742/1300 1307/4723/1307
vt 0.4900470376014709 0.8855126500129700
vt 0.4874268174171448 0.8864178657531738
vt 0.4893809854984283 0.8851649761199951
f 1250/4743/1250 1301/4744/1301 1296/4745/1296
vt 0.1235319972038269 0.7997779846191406
f 1298/4728/1298 1303/4746/1303 1294/4716/1294
vt 0.1232009977102280 0.7997459769248962
f 1298/4728/1298 1302/4747/1302 1303/4746/1303
vt 0.1229410022497177 0.7997140288352966
f 1303/4731/1303 1291/4707/1291 1302/4748/1302
f 1291/4707/1291 1304/4718/1304 1302/4748/1302
vt 0.5210192799568176 0.1562704741954803
vt 0.5174244642257690 0.1613610684871674
vt 0.5091567635536194 0.1516514569520950
f 1262/4749/1262 1311/4750/1311 1297/4751/1297
vt 0.4882220029830933 0.8849160075187683
f 1296/4745/1296 1301/4752/1301 1300/4742/1300
vt 0.7179265618324280 0.4922670423984528
vt 0.7144830226898193 0.4969587028026581
vt 0.7124181985855103 0.4919937849044800
f 1280/4753/1280 1327/4754/1327 1287/4755/1287
vt 0.9160228371620178 0.7601495385169983
f 1313/4704/1313 1425/4756/1425 1369/4737/1369
vt 0.1236459985375404 0.7994930148124695
f 1294/4716/1294 1303/4757/1303 1304/4718/1304
vt 0.4840963482856750 0.5980483889579773
vt 0.4853291809558868 0.6039689183235168
f 1268/4616/1268 1319/4758/1319 1289/4759/1289
vt 0.1231350004673004 0.7994419932365417
f 1303/4757/1303 1302/4760/1302 1304/4718/1304
vt 0.1321982443332672 0.8011344671249390
vt 0.1352939307689667 0.7976291775703430
vt 0.1405098438262939 0.8025422692298889
f 1266/4761/1266 1321/4762/1321 1200/4763/1200
vt 0.5019815564155579 0.8411526083946228
vt 0.4976503849029541 0.8348398208618164
vt 0.5062893033027649 0.8317912817001343
f 1208/4764/1208 1366/4765/1366 1255/4766/1255
vt 0.4883520007133484 0.8846200108528137
vt 0.4864941239356995 0.8845529556274414
f 1300/4767/1300 1301/4752/1301 1307/4768/1307
vt 0.9046912789344788 0.7612174153327942
vt 0.9000847935676575 0.7568354606628418
f 1305/4634/1305 1369/4769/1369 1236/4770/1236
vt 0.6474145650863647 0.7249175310134888
vt 0.6376318335533142 0.7314933538436890
vt 0.6400818228721619 0.7265208959579468
f 1362/4771/1362 1352/4772/1352 1247/4773/1247
vt 0.1235274747014046 0.7980592250823975
vt 0.1245454698801041 0.7985013127326965
f 1304/4718/1304 1321/4774/1321 1294/4775/1294
vt 0.1192793995141983 0.7935034632682800
vt 0.1240565851330757 0.7954773306846619
vt 0.1202958300709724 0.7977620363235474
f 1324/4776/1324 1321/4777/1321 1304/4778/1304
vt 0.0418316163122654 0.1436438560485840
vt 0.0532325170934200 0.1433947384357452
vt 0.0456954948604107 0.1538143455982208
f 1337/4779/1337 1250/4780/1250 1312/4781/1312
vt 0.1279426813125610 0.7995257377624512
vt 0.1301844120025635 0.7938461899757385
f 1101/4782/1101 1321/4783/1321 1266/4761/1266
vt 0.7545514106750488 0.4994142651557922
vt 0.7564219236373901 0.5035518407821655
vt 0.7459192872047424 0.5049277544021606
f 1246/4784/1246 1255/4785/1255 1308/4786/1308
vt 0.3740481138229370 0.5278857946395874
vt 0.3843284845352173 0.5178679227828979
f 1288/4787/1288 1363/4702/1363 1390/4788/1390
vt 0.7127336263656616 0.4997057318687439
f 1280/4753/1280 1326/4712/1326 1327/4789/1327
vt 0.6848036050796509 0.7199875116348267
vt 0.6907858848571777 0.7242968678474426
f 1262/4790/1262 1297/4791/1297 1292/4637/1292
vt 0.4354609847068787 0.5256039500236511
vt 0.4261561334133148 0.5194953680038452
vt 0.4393903613090515 0.5126948356628418
f 1310/4792/1310 1344/4793/1344 1336/4794/1336
vt 0.1266685426235199 0.7982512712478638
vt 0.1284730285406113 0.7980530261993408
f 1294/4795/1294 1321/4783/1321 1101/4796/1101
vt 0.4845926165580750 0.5916785001754761
vt 0.4885136783123016 0.5970545411109924
f 1319/4758/1319 1268/4797/1268 1334/4798/1334
vt 0.4853894412517548 0.8910186886787415
vt 0.4790153503417969 0.8887201547622681
vt 0.4822782874107361 0.8858857154846191
f 1250/4799/1250 1337/4800/1337 1301/4801/1301
vt 0.3589250147342682 0.5189869999885559
vt 0.3599669933319092 0.5195950269699097
f 1249/4701/1249 1314/4802/1314 1315/4803/1315
vt 0.3589254617691040 0.5101791620254517
f 1249/4701/1249 1340/4804/1340 1314/4802/1314
vt 0.0453653298318386 0.1889179050922394
vt 0.0321536138653755 0.1951488852500916
f 1237/4805/1237 1325/4806/1325 1309/4696/1309
vt 0.3599109947681427 0.5192409753799438
f 1249/4701/1249 1315/4807/1315 1363/4702/1363
vt 0.7424121499061584 0.4968349039554596
vt 0.7344341874122620 0.5085376501083374
f 1246/4808/1246 1308/4786/1308 1326/4809/1326
vt 0.3593899905681610 0.5192220211029053
f 1315/4803/1315 1314/4802/1314 1316/4810/1316
vt 0.4857835471630096 0.5839259624481201
vt 0.4897525310516357 0.5858672261238098
f 1268/4797/1268 1236/4811/1236 1334/4812/1334
vt 0.1314636319875717 0.7859704494476318
vt 0.1341924369335175 0.7814157009124756
vt 0.1401887387037277 0.7840969562530518
f 1321/4813/1321 1470/4814/1470 1317/4815/1317
vt 0.3597329854965210 0.5188770294189453
f 1363/4702/1363 1315/4816/1315 1340/4804/1340
f 1314/4802/1314 1340/4804/1340 1315/4816/1315
vt 0.5028410553932190 0.8424088954925537
vt 0.4954178631305695 0.8418955802917480
vt 0.5002477765083313 0.8373001217842102
f 1208/4817/1208 1285/4818/1285 1366/4819/1366
vt 0.4558941125869751 0.5273003578186035
vt 0.4503110349178314 0.5229944586753845
vt 0.4593930840492249 0.5168520212173462
f 1275/4820/1275 1310/4821/1310 1356/4822/1356
vt 0.5682837963104248 0.7548272609710693
vt 0.5626821517944336 0.7531627416610718
vt 0.5659618973731995 0.7493895888328552
f 1272/4823/1272 1209/4824/1209 1361/4825/1361
vt 0.1448601335287094 0.7856054902076721
vt 0.1379745751619339 0.7913470268249512
vt 0.1418969482183456 0.7849267125129700
f 1357/4826/1357 1321/4827/1321 1317/4828/1317
vt 0.0382617674767971 0.1700533479452133
f 1309/4696/1309 1398/4829/1398 1312/4732/1312
vt 0.5254371166229248 0.2078102380037308
vt 0.5168480873107910 0.2093077301979065
vt 0.5242519974708557 0.1970160454511642
f 1231/4830/1231 1349/4831/1349 1306/4832/1306
vt 0.4857474267482758 0.5839269757270813
vt 0.4916956126689911 0.5779571533203125
vt 0.4958358108997345 0.5822477936744690
f 1236/4833/1236 1348/4834/1348 1388/4835/1388
vt 0.4910665452480316 0.5818030238151550
vt 0.4905408620834351 0.5843326449394226
f 1236/4811/1236 1388/4836/1388 1334/4837/1334
vt 0.4896528124809265 0.6018010377883911
vt 0.4917615950107574 0.6012377738952637
vt 0.4911932945251465 0.6039500832557678
f 1319/4838/1319 1323/4839/1323 1289/4840/1289
vt 0.5376617312431335 0.1174515485763550
vt 0.5231870412826538 0.1235501468181610
vt 0.5266547799110413 0.1139290183782578
f 1356/4841/1356 1378/4842/1378 1290/4843/1290
vt 0.6665209531784058 0.7247328162193298
vt 0.6673496365547180 0.7357769608497620
vt 0.6569623351097107 0.7351935505867004
f 1318/4844/1318 1489/4845/1489 1362/4846/1362
vt 0.4900029897689819 0.5968729853630066
vt 0.4891120195388794 0.5966868400573730
vt 0.4904179871082306 0.5961830019950867
f 1319/4847/1319 1334/4848/1334 1322/4849/1322
vt 0.4904820024967194 0.5966529846191406
f 1319/4847/1319 1322/4849/1322 1320/4850/1320
vt 0.4898334741592407 0.5993202924728394
vt 0.4912484586238861 0.5970691442489624
f 1319/4851/1319 1320/4850/1320 1323/4852/1323
vt 0.4908350110054016 0.5963720083236694
f 1323/4852/1323 1320/4850/1320 1322/4853/1322
vt 0.4902570545673370 0.5954081416130066
vt 0.4909659922122955 0.5956259965896606
f 1322/4849/1322 1334/4854/1334 1328/4855/1328
f 1322/4849/1322 1328/4855/1328 1320/4850/1320
vt 0.3448375463485718 0.5166583061218262
vt 0.3549011349678040 0.5099763274192810
f 1249/4701/1249 1272/4856/1272 1340/4857/1340
vt 0.4929297268390656 0.5976549386978149
f 1322/4853/1322 1328/4855/1328 1323/4858/1323
vt 0.6718142032623291 0.7287377119064331
vt 0.6719868779182434 0.7342126965522766
f 1318/4859/1318 1292/4637/1292 1489/4860/1489
vt 0.1368399709463120 0.7790600657463074
f 1317/4828/1317 1470/4814/1470 1485/4861/1485
vt 0.4919598102569580 0.5920417904853821
vt 0.4916779994964600 0.5958340167999268
f 1334/4854/1334 1330/4862/1330 1328/4863/1328
f 1328/4863/1328 1330/4862/1330 1323/4858/1323
vt 0.4051285386085510 0.5159786343574524
vt 0.4102744758129120 0.5079300403594971
f 1390/4864/1390 1427/4865/1427 1286/4688/1286
vt 0.4909146726131439 0.5897591114044189
vt 0.4914000034332275 0.5894280076026917
vt 0.4915049970149994 0.5899400115013123
f 1334/4866/1334 1331/4867/1331 1329/4868/1329
f 1334/4866/1334 1329/4868/1329 1330/4862/1330
vt 0.4916830062866211 0.5893830060958862
vt 0.4922379851341248 0.5891309976577759
f 1329/4868/1329 1331/4869/1331 1332/4870/1332
vt 0.4918940067291260 0.5897110104560852
vt 0.4921565651893616 0.5900170803070068
f 1329/4868/1329 1331/4871/1331 1330/4872/1330
vt 0.4940080940723419 0.8478292226791382
vt 0.4908460378646851 0.8426434993743896
vt 0.4936472475528717 0.8415563106536865
f 1282/4873/1282 1368/4874/1368 1285/4875/1285
vt 0.1475772559642792 0.7875816226005554
vt 0.1468234509229660 0.7929180264472961
f 1321/4827/1321 1357/4876/1357 1346/4877/1346
vt 0.4916250109672546 0.5889809727668762
vt 0.4912223517894745 0.5882803797721863
vt 0.4920899868011475 0.5887849926948547
f 1331/4878/1331 1334/4879/1334 1332/4880/1332
vt 0.8943855166435242 0.7589855194091797
vt 0.8938506841659546 0.7564815282821655
f 1236/4770/1236 1364/4881/1364 1348/4882/1348
vt 0.1448498964309692 0.7972628474235535
vt 0.1440910398960114 0.7920233011245728
f 1200/4883/1200 1321/4827/1321 1346/4884/1346
vt 0.1270209401845932 0.7805954813957214
vt 0.1298080682754517 0.7821716666221619
f 1321/4813/1321 1324/4885/1324 1470/4886/1470
f 1331/4871/1331 1332/4870/1332 1330/4872/1330
vt 0.4922058284282684 0.5875860452651978
vt 0.4925400316715240 0.5883808732032776
f 1334/4887/1334 1341/4888/1341 1332/4880/1332
vt 0.4873840808868408 0.8746039271354675
vt 0.4818622171878815 0.8802807331085205
vt 0.4784866571426392 0.8734617829322815
f 1307/4889/1307 1301/4890/1301 1337/4891/1337
vt 0.4945328831672668 0.5888263583183289
vt 0.4940229356288910 0.5972663760185242
f 1330/4862/1330 1347/4892/1347 1323/4893/1323
vt 0.4924780130386353 0.5907760262489319
f 1330/4862/1330 1335/4894/1335 1347/4892/1347
vt 0.4870470762252808 0.6229747533798218
vt 0.4937517344951630 0.6120499968528748
vt 0.4951229393482208 0.6242882013320923
f 1274/4895/1274 1289/4896/1289 1372/4897/1372
vt 0.4926559925079346 0.5897819995880127
f 1335/4894/1335 1330/4872/1330 1338/4898/1338
vt 0.4928880035877228 0.5891569852828979
f 1335/4894/1335 1338/4898/1338 1339/4899/1339
vt 0.4929359853267670 0.5899649858474731
f 1335/4894/1335 1338/4900/1338 1347/4892/1347
f 1332/4870/1332 1338/4898/1338 1330/4872/1330
vt 0.4929349422454834 0.5885505080223083
f 1332/4870/1332 1341/4901/1341 1339/4899/1339
f 1332/4870/1332 1339/4899/1339 1338/4898/1338
vt 0.3474007248878479 0.5001952648162842
f 1272/4856/1272 1426/4902/1426 1340/4857/1340
vt 0.4952775537967682 0.5887483954429626
f 1338/4900/1338 1339/4899/1339 1347/4903/1347
vt 0.4933100044727325 0.5888820290565491
f 1339/4899/1339 1341/4904/1341 1347/4903/1347
vt 0.4931719899177551 0.5878919959068298
f 1341/4901/1341 1334/4887/1334 1342/4905/1342
vt 0.4182395040988922 0.5171825885772705
f 1286/4688/1286 1427/4865/1427 1344/4906/1344
vt 0.8966423869132996 0.7605016231536865
f 1236/4770/1236 1365/4907/1365 1364/4881/1364
vt 0.4934819936752319 0.5880759954452515
f 1341/4901/1341 1342/4908/1342 1347/4903/1347
vt 0.7165023684501648 0.5007632374763489
vt 0.7292784452438354 0.5063231587409973
vt 0.7171922922134399 0.5148822069168091
f 1327/4909/1327 1326/4910/1326 1308/4911/1308
vt 0.4932929873466492 0.5870730280876160
vt 0.4933820068836212 0.5876079797744751
f 1334/4887/1334 1343/4912/1343 1342/4913/1342
vt 0.5151396989822388 0.1168504059314728
vt 0.5151914358139038 0.1272050291299820
f 1290/4914/1290 1430/4915/1430 1293/4709/1293
vt 0.4935950040817261 0.5862020254135132
vt 0.4936130046844482 0.5868020057678223
f 1343/4912/1343 1334/4916/1334 1345/4917/1345
f 1343/4912/1343 1345/4917/1345 1342/4913/1342
vt 0.4936400055885315 0.5873010158538818
f 1342/4908/1342 1343/4918/1343 1347/4903/1347
vt 0.4938040077686310 0.5870460271835327
f 1343/4918/1343 1345/4919/1345 1347/4903/1347
vt 0.4942735135555267 0.5852250456809998
f 1334/4916/1334 1388/4920/1388 1345/4917/1345
f 1345/4919/1345 1388/4920/1388 1347/4903/1347
vt 0.4905891120433807 0.6767585873603821
vt 0.4838806986808777 0.6675776243209839
vt 0.4980047941207886 0.6620170474052429
f 1325/4921/1325 1274/4922/1274 1371/4923/1371
vt 0.0252836700528860 0.9146864414215088
vt 0.0252059996128082 0.9078090190887451
vt 0.0272018406540155 0.9065114259719849
f 1327/4924/1327 1525/4925/1525 1273/4926/1273
vt 0.6483331918716431 0.7366305589675903
vt 0.6547340750694275 0.7381483316421509
vt 0.6488180160522461 0.7373719811439514
f 1352/4927/1352 1362/4928/1362 1367/4929/1367
vt 0.0298335328698158 0.8659456968307495
vt 0.0208202414214611 0.8627676367759705
vt 0.0192175023257732 0.8579193949699402
f 1273/4930/1273 1451/4931/1451 1259/4932/1259
vt 0.4940320253372192 0.5788033604621887
vt 0.4947839975357056 0.5788199901580811
f 1348/4933/1348 1350/4934/1350 1388/4835/1388
vt 0.4937278032302856 0.5770568847656250
vt 0.4947850108146667 0.5783900022506714
f 1348/4935/1348 1353/4936/1353 1350/4934/1350
vt 0.1556558459997177 0.0143956476822495
vt 0.1714542657136917 0.0201919563114643
vt 0.1511119604110718 0.0250021833926439
f 1352/4937/1352 1455/4938/1455 1247/4939/1247
vt 0.4948900043964386 0.5771830081939697
vt 0.4954830110073090 0.5775920152664185
f 1348/4935/1348 1364/4940/1364 1354/4941/1354
f 1348/4935/1348 1354/4941/1354 1353/4936/1353
vt 0.9151086211204529 0.7641204595565796
vt 0.9115654230117798 0.7658738493919373
f 1369/4737/1369 1425/4942/1425 1355/4943/1355
vt 0.5719800591468811 0.7451826333999634
vt 0.5745950937271118 0.7415081858634949
vt 0.5813229084014893 0.7468408942222595
f 1361/4944/1361 1444/4945/1444 1272/4946/1272
vt 0.5167867541313171 0.2269125580787659
vt 0.5267428755760193 0.2167820781469345
f 1497/4947/1497 1349/4831/1349 1231/4948/1231
f 1353/4936/1353 1354/4941/1354 1350/4934/1350
vt 0.4952810108661652 0.5785970091819763
f 1350/4934/1350 1353/4949/1353 1388/4835/1388
vt 0.5175871253013611 0.1223116740584373
vt 0.5174548029899597 0.1259360611438751
f 1430/4915/1430 1290/4950/1290 1378/4951/1378
vt 0.4962089061737061 0.5784955024719238
f 1353/4949/1353 1354/4941/1354 1364/4952/1364
vt 0.4968503713607788 0.5775564908981323
f 1353/4949/1353 1364/4953/1364 1388/4835/1388
vt 0.4460594356060028 0.5158794522285461
vt 0.4514895081520081 0.5096186995506287
f 1310/4954/1310 1336/4794/1336 1356/4955/1356
vt 0.1108156666159630 0.7875858545303345
vt 0.1117127537727356 0.7906756997108459
vt 0.1062511056661606 0.7894521355628967
f 1470/4956/1470 1324/4957/1324 1259/4958/1259
vt 0.9094107151031494 0.7647926807403564
vt 0.9059486985206604 0.7654711008071899
f 1369/4737/1369 1355/4959/1355 1413/4960/1413
vt 0.5384372472763062 0.7518075108528137
vt 0.5371953248977661 0.7437328696250916
vt 0.5445666909217834 0.7408817410469055
f 1209/4961/1209 1405/4962/1405 1361/4963/1361
vt 0.5055086612701416 0.1846417188644409
vt 0.5107461214065552 0.1760727614164352
f 1306/4613/1306 1392/4964/1392 1239/4965/1239
vt 0.4975169897079468 0.5785790085792542
f 1364/4953/1364 1358/4966/1358 1388/4835/1388
vt 0.4978469908237457 0.5773860216140747
vt 0.4973509907722473 0.5779020190238953
f 1364/4953/1364 1359/4967/1359 1360/4968/1360
f 1364/4953/1364 1360/4968/1360 1358/4966/1358
vt 0.3661189079284668 0.5029131174087524
f 1363/4702/1363 1340/4804/1340 1402/4969/1402
f 1360/4968/1360 1359/4967/1359 1358/4966/1358
vt 0.4243974685668945 0.5195049047470093
vt 0.4280692040920258 0.5056627392768860
f 1336/4794/1336 1344/4970/1344 1441/4971/1441
vt 0.4978190064430237 0.5780590176582336
vt 0.4997826516628265 0.5785652995109558
f 1358/4966/1358 1360/4972/1360 1410/4973/1410
f 1358/4966/1358 1410/4973/1410 1388/4835/1388
vt 0.4992200136184692 0.5774375200271606
f 1359/4967/1359 1364/4953/1364 1410/4974/1410
f 1359/4967/1359 1410/4974/1410 1360/4972/1360
vt 0.0414534956216812 0.1559470593929291
vt 0.0347377210855484 0.1499862223863602
f 1312/4975/1312 1398/4976/1398 1337/4779/1337
vt 0.2642131745815277 0.7619308233261108
vt 0.2687301635742188 0.7540011405944824
vt 0.2712555229663849 0.7612900137901306
f 1313/4977/1313 1256/4978/1256 1443/4979/1443
vt 0.4178139865398407 0.5135512948036194
vt 0.4081093966960907 0.5013616085052490
vt 0.4187236130237579 0.5095366239547729
f 1344/4980/1344 1427/4981/1427 1441/4982/1441
vt 0.9000642299652100 0.7622159123420715
vt 0.9002943634986877 0.7636874914169312
vt 0.8983184695243835 0.7631763219833374
f 1236/4983/1236 1369/4984/1369 1365/4985/1365
vt 0.0334091708064079 0.1427589356899261
f 1337/4779/1337 1398/4976/1398 1419/4986/1419
vt 0.5136025547981262 0.2211477160453796
f 1349/4831/1349 1497/4947/1497 1392/4987/1392
vt 0.4986582100391388 0.5758224129676819
vt 0.5000651478767395 0.5741848945617676
vt 0.5018420219421387 0.5758705139160156
f 1364/4988/1364 1365/4989/1365 1410/4990/1410
vt 0.1532423794269562 0.0268214978277683
vt 0.1598663032054901 0.0250322762876749
f 1247/4991/1247 1455/4938/1455 1333/4992/1333
vt 0.4972830712795258 0.6148295402526855
vt 0.5029039382934570 0.6178495287895203
f 1372/4993/1372 1289/4896/1289 1411/4994/1411
vt 0.2640603780746460 0.7891215085983276
vt 0.2634119987487793 0.7818850874900818
vt 0.2665956020355225 0.7875881791114807
f 1355/4995/1355 1425/4996/1425 1379/4997/1379
vt 0.4965554773807526 0.5930836200714111
vt 0.4989544749259949 0.5883476138114929
vt 0.5023460388183594 0.5904244184494019
f 1323/4998/1323 1347/4999/1347 1431/5000/1431
vt 0.5369367599487305 0.7520526051521301
vt 0.5293921828269958 0.7484378814697266
f 1405/4962/1405 1209/5001/1209 1346/5002/1346
vt 0.4918268024921417 0.6446834802627563
vt 0.5019145011901855 0.6447716355323792
vt 0.4989453554153442 0.6603727936744690
f 1274/5003/1274 1393/5004/1393 1371/5005/1371
vt 0.5004404783248901 0.5976612567901611
f 1323/4998/1323 1431/5000/1431 1289/5006/1289
vt 0.4855680465698242 0.8525587916374207
vt 0.4762506783008575 0.8574573993682861
vt 0.4861516058444977 0.8477912545204163
f 1282/5007/1282 1307/5008/1307 1368/5009/1368
vt 0.3751230537891388 0.5076279044151306
f 1363/4702/1363 1402/4969/1402 1390/5010/1390
vt 0.2659918069839478 0.7641474604606628
vt 0.2715118527412415 0.7696071863174438
f 1313/5011/1313 1443/4979/1443 1425/5012/1425
vt 0.2701779901981354 0.7600630521774292
f 1443/4979/1443 1256/4978/1256 1452/5013/1452
vt 0.2664745151996613 0.8016096353530884
vt 0.2667729854583740 0.8028810024261475
vt 0.2668449878692627 0.8035929799079895
f 1369/5014/1369 1374/5015/1374 1370/5016/1370
vt 0.2673011124134064 0.8078222274780273
f 1369/5014/1369 1370/5016/1370 1365/5017/1365
vt 0.5402401089668274 0.1242420151829720
vt 0.5395252704620361 0.1268116980791092
vt 0.5355020165443420 0.1240377575159073
f 1356/5018/1356 1391/5019/1391 1378/5020/1378
vt 0.5225600004196167 0.2360135614871979
vt 0.5134256482124329 0.2393086999654770
vt 0.5160041451454163 0.2311246395111084
f 1351/5021/1351 1608/5022/1608 1497/5023/1497
vt 0.2673059999942780 0.8019130229949951
f 1369/5014/1369 1373/5024/1373 1374/5015/1374
vt 0.2675383388996124 0.8015719652175903
f 1369/5014/1369 1413/5025/1413 1373/5024/1373
vt 0.2698818743228912 0.8037481904029846
f 1365/5017/1365 1370/5016/1370 1413/5026/1413
vt 0.2671149969100952 0.8030700087547302
f 1370/5016/1370 1374/5027/1374 1413/5026/1413
vt 0.2672460079193115 0.8023599982261658
f 1370/5016/1370 1373/5028/1373 1374/5027/1374
vt 0.1564163565635681 0.0519288703799248
vt 0.1595613658428192 0.0440414212644100
vt 0.1682706773281097 0.0512914136052132
f 1333/5029/1333 1446/5030/1446 1474/5031/1474
f 1374/5027/1374 1373/5028/1373 1413/5026/1413
vt 0.4861877262592316 0.8458263874053955
vt 0.4751858115196228 0.8483302593231201
f 1368/5032/1368 1307/5008/1307 1527/5033/1527
vt 0.5733857154846191 0.7379005551338196
vt 0.5794677734375000 0.7335867285728455
f 1272/4946/1272 1444/5034/1444 1484/5035/1484
vt 0.2694348394870758 0.7951077222824097
vt 0.2675216197967529 0.7923048734664917
vt 0.2677550017833710 0.7929229736328125
f 1413/5036/1413 1355/5037/1355 1376/5038/1376
vt 0.4930604994297028 0.1814454793930054
vt 0.5057227611541748 0.1778240352869034
f 1392/4964/1392 1467/5039/1467 1239/5040/1239
vt 0.2662289440631866 0.7914461493492126
vt 0.2680079638957977 0.7890608906745911
vt 0.2680169939994812 0.7915210127830505
f 1355/5041/1355 1379/5042/1379 1377/5043/1377
vt 0.2680209875106812 0.7922260165214539
f 1355/5037/1355 1377/5043/1377 1380/5044/1380
f 1355/5037/1355 1380/5044/1380 1376/5038/1376
vt 0.3398896753787994 0.5055112242698669
vt 0.3398788273334503 0.5026817321777344
f 1272/5045/1272 1484/5046/1484 1426/4902/1426
vt 0.5014184117317200 0.6297957301139832
vt 0.5041927099227905 0.6263768076896667
vt 0.5021370053291321 0.6294599771499634
f 1372/5047/1372 1411/5048/1411 1381/5049/1381
vt 0.5162918567657471 0.1853833198547363
vt 0.5129343271255493 0.2026511877775192
vt 0.5044936537742615 0.1966077536344528
f 1306/5050/1306 1349/5051/1349 1392/5052/1392
vt 0.5212556123733521 0.1394235491752625
vt 0.5150881409645081 0.1319228857755661
f 1378/4842/1378 1375/5053/1375 1430/5054/1430
vt 0.5225850343704224 0.7322727441787720
vt 0.5244623422622681 0.7377557158470154
vt 0.5174048542976379 0.7372956871986389
f 1428/5055/1428 1405/5056/1405 1357/5057/1357
vt 0.4945358335971832 0.6444094181060791
vt 0.4980120062828064 0.6323764920234680
f 1274/5058/1274 1372/5059/1372 1393/5004/1393
vt 0.6994792222976685 0.1640612781047821
vt 0.7041739821434021 0.1707336753606796
vt 0.6964000463485718 0.1700066775083542
f 1256/5060/1256 1333/5061/1333 1474/5062/1474
vt 0.5376257896423340 0.1265683919191360
vt 0.5358284115791321 0.1349690109491348
vt 0.5338950157165527 0.1265255659818649
f 1391/5063/1391 1486/5064/1486 1378/5065/1378
vt 0.1047094240784645 0.7832897901535034
vt 0.1102488040924072 0.7843739390373230
f 1259/4958/1259 1451/5066/1451 1470/5067/1470
vt 0.2680949866771698 0.7926020026206970
vt 0.2683250010013580 0.7915570139884949
f 1376/5068/1376 1380/5044/1380 1377/5069/1377
vt 0.2684290111064911 0.7921789884567261
f 1376/5068/1376 1380/5070/1380 1413/5036/1413
vt 0.5240502357482910 0.7443343400955200
vt 0.5149227976799011 0.7413254976272583
vt 0.5231372117996216 0.7385025024414062
f 1346/5071/1346 1357/5072/1357 1405/5073/1405
vt 0.2687500119209290 0.7911940217018127
f 1379/5042/1379 1385/5074/1385 1377/5069/1377
vt 0.5023589730262756 0.6297339797019958
vt 0.5029129981994629 0.6300960183143616
f 1372/5059/1372 1381/5075/1381 1382/5076/1382
vt 0.2685630023479462 0.7918879985809326
f 1377/5069/1377 1383/5077/1383 1380/5070/1380
f 1377/5069/1377 1385/5074/1385 1383/5077/1383
vt 0.5417439937591553 0.1222191229462624
vt 0.5430553555488586 0.1299662739038467
vt 0.5404885411262512 0.1268504858016968
f 1356/5078/1356 1406/5079/1406 1391/5080/1391
vt 0.2687749862670898 0.7922480106353760
f 1413/5036/1413 1380/5070/1380 1383/5081/1383
vt 0.4917976856231689 0.8279035091400146
vt 0.4865565001964569 0.8329730033874512
vt 0.4813268780708313 0.8270741105079651
f 1366/5082/1366 1285/5083/1285 1368/5084/1368
vt 0.2675871849060059 0.7785461544990540
vt 0.2708946168422699 0.7809010744094849
vt 0.2692211866378784 0.7846246361732483
f 1425/5085/1425 1466/5086/1466 1379/5087/1379
vt 0.2691690027713776 0.7904719710350037
f 1379/5042/1379 1384/5088/1384 1385/5074/1385
vt 0.5029219985008240 0.6295469999313354
f 1381/5049/1381 1411/5048/1411 1382/5089/1382
vt 0.2687900066375732 0.7917979955673218
vt 0.2692030072212219 0.7911189794540405
vt 0.2694039046764374 0.7912630438804626
f 1383/5090/1383 1385/5091/1385 1387/5092/1387
f 1383/5090/1383 1384/5088/1384 1385/5091/1385
f 1413/5036/1413 1383/5081/1383 1387/5092/1387
vt 0.5037990212440491 0.6297330260276794
f 1381/5075/1381 1386/5093/1386 1382/5076/1382
vt 0.7560030817985535 0.5190414786338806
vt 0.7593407034873962 0.5171454548835754
vt 0.7545987367630005 0.5237641334533691
f 1255/5094/1255 1366/5095/1366 1308/5096/1308
vt 0.5455901026725769 0.1282825618982315
f 1356/5078/1356 1336/5097/1336 1406/5079/1406
vt 0.2696465253829956 0.7901298403739929
f 1385/5091/1385 1384/5088/1384 1387/5098/1387
vt 0.2692219913005829 0.7900249958038330
vt 0.2695530652999878 0.7885187268257141
f 1384/5099/1384 1379/5100/1379 1387/5098/1387
vt 0.1625487655401230 0.0291895568370819
vt 0.1661891341209412 0.0349231250584126
f 1333/5101/1333 1455/4938/1455 1446/5102/1446
vt 0.6446088552474976 0.7428129315376282
vt 0.6582162976264954 0.7379248142242432
vt 0.6551846861839294 0.7569569349288940
f 1367/5103/1367 1362/5104/1362 1453/5105/1453
vt 0.5039250254631042 0.6293510198593140
f 1411/5048/1411 1386/5106/1386 1382/5089/1382
vt 0.5076072216033936 0.6322253346443176
f 1372/5059/1372 1382/5076/1382 1393/5107/1393
f 1382/5076/1382 1386/5093/1386 1393/5107/1393
vt 0.4793346226215363 0.8681365847587585
vt 0.4704785346984863 0.8715504407882690
vt 0.4734499752521515 0.8597691655158997
f 1337/5108/1337 1419/5109/1419 1307/5110/1307
vt 0.5395563840866089 0.1273897886276245
vt 0.5409330129623413 0.1286859959363937
vt 0.5402669906616211 0.1289429962635040
f 1391/5111/1391 1395/5112/1395 1389/5113/1389
vt 0.4986051619052887 0.1632421761751175
vt 0.4855489134788513 0.1622661799192429
vt 0.5104421377182007 0.1646235436201096
f 1239/5114/1239 1464/5115/1464 1311/5116/1311
vt 0.7087547779083252 0.1500493586063385
vt 0.6939447522163391 0.1566831320524216
vt 0.6995334029197693 0.1463988125324249
f 1256/5117/1256 1474/5118/1474 1452/5119/1452
vt 0.5411419868469238 0.1289950013160706
f 1391/5111/1391 1406/5079/1406 1395/5120/1395
vt 0.5265653729438782 0.1260291635990143
vt 0.5260629653930664 0.1311059445142746
f 1378/5121/1378 1486/5122/1486 1375/5053/1375
vt 0.1933576166629791 0.6356343626976013
vt 0.1992484629154205 0.6347306370735168
vt 0.1990585774183273 0.6377737522125244
f 1357/5123/1357 1317/5124/1317 1485/5125/1485
vt 0.5360754728317261 0.7293437123298645
vt 0.5376471877098083 0.7280505895614624
vt 0.5366960167884827 0.7288290262222290
f 1428/5126/1428 1401/5127/1401 1396/5128/1396
vt 0.5364329814910889 0.7293559908866882
f 1428/5126/1428 1396/5128/1396 1397/5129/1397
vt 0.4381849765777588 0.4978027045726776
f 1336/4794/1336 1441/4971/1441 1438/5130/1438
f 1391/5111/1391 1389/5113/1389 1486/5064/1486
vt 0.1720549762248993 0.0476441681385040
vt 0.1660369932651520 0.0488700009882450
f 1446/5030/1446 1454/5131/1454 1474/5132/1474
vt 0.5376636385917664 0.7315295934677124
f 1428/5126/1428 1397/5129/1397 1405/5133/1405
vt 0.5042020082473755 0.6296030282974243
f 1386/5134/1386 1411/5048/1411 1393/5107/1393
vt 0.0312212500721216 0.9031674861907959
vt 0.0160372089594603 0.9133043885231018
vt 0.0122355930507183 0.9046163558959961
f 1273/5135/1273 1525/5136/1525 1482/5137/1482
vt 0.5407410264015198 0.1290140002965927
f 1395/5112/1395 1399/5138/1399 1389/5113/1389
vt 0.5373389720916748 0.7284460067749023
f 1401/5127/1401 1400/5139/1400 1396/5128/1396
vt 0.6636053323745728 0.7433258295059204
f 1362/5104/1362 1489/5140/1489 1453/5105/1453
f 1396/5128/1396 1400/5139/1400 1397/5129/1397
vt 0.5369060039520264 0.7292400002479553
f 1397/5129/1397 1396/5141/1396 1405/5133/1405
vt 0.5409950017929077 0.1293179988861084
f 1389/5113/1389 1395/5142/1395 1406/5079/1406
f 1389/5113/1389 1406/5079/1406 1486/5064/1486
vt 0.5382524132728577 0.7283043265342712
vt 0.5406988859176636 0.7314593791961670
f 1400/5139/1400 1401/5143/1401 1405/5144/1405
f 1400/5139/1400 1405/5144/1405 1396/5141/1396
vt 0.2694939076900482 0.7854166030883789
vt 0.2708385288715363 0.7850441932678223
vt 0.2736571431159973 0.7885054945945740
f 1379/5145/1379 1466/5146/1466 1387/5147/1387
vt 0.6459771990776062 0.7475867271423340
vt 0.6403968334197998 0.7522776722908020
f 1367/5103/1367 1394/5148/1394 1352/5149/1352
vt 0.3521304130554199 0.5048792958259583
vt 0.3639149367809296 0.5023186206817627
f 1340/5150/1340 1426/4902/1426 1402/5151/1402
vt 0.4958317577838898 0.1515008211135864
vt 0.4965379536151886 0.1565781533718109
f 1297/5152/1297 1311/5153/1311 1464/5115/1464
vt 0.0297190528362989 0.1497552841901779
vt 0.0235512964427471 0.1413200050592422
f 1419/4986/1419 1398/5154/1398 1543/5155/1543
vt 0.5218086242675781 0.6355577111244202
vt 0.5199263691902161 0.6333351135253906
vt 0.5248483419418335 0.6300476193428040
f 1347/5156/1347 1388/5157/1388 1431/5158/1431
vt 0.5434880256652832 0.7271810173988342
vt 0.5427830815315247 0.7254903316497803
vt 0.5436019897460938 0.7266010046005249
f 1404/5159/1404 1403/5160/1403 1407/5161/1407
vt 0.5439239740371704 0.7268949747085571
vt 0.5445632934570312 0.7302609086036682
f 1404/5159/1404 1407/5162/1407 1361/5163/1361
vt 0.5430160164833069 0.7276160120964050
f 1404/5159/1404 1361/5163/1361 1403/5164/1403
vt 0.5441880226135254 0.7265480160713196
f 1404/5159/1404 1408/5165/1408 1407/5162/1407
vt 0.5388254523277283 0.7268779873847961
vt 0.5421821475028992 0.7274459004402161
f 1401/5166/1401 1403/5167/1403 1361/5163/1361
vt 0.5443019866943359 0.7267670035362244
vt 0.5492187142372131 0.7272341251373291
f 1361/5163/1361 1407/5168/1407 1432/5169/1432
vt 0.5411677360534668 0.7272962927818298
vt 0.5413035750389099 0.7209638357162476
f 1403/5170/1403 1401/5166/1401 1456/5171/1456
f 1407/5168/1407 1408/5165/1408 1432/5169/1432
f 1401/5166/1401 1361/5163/1361 1405/5144/1405
f 1407/5161/1407 1403/5160/1403 1408/5165/1408
vt 0.5038929581642151 0.1699793934822083
vt 0.4935808181762695 0.1757262498140335
f 1239/5172/1239 1467/5173/1467 1464/5115/1464
vt 0.5456970334053040 0.7252913713455200
f 1408/5165/1408 1403/5160/1403 1432/5174/1432
vt 0.0319382026791573 0.1552869975566864
vt 0.0297993514686823 0.1647915542125702
vt 0.0215725097805262 0.1562632769346237
f 1398/5175/1398 1309/5176/1309 1510/5177/1510
vt 0.7037813663482666 0.5085359811782837
vt 0.7031633853912354 0.5169814229011536
f 1327/5178/1327 1308/4911/1308 1525/5179/1525
vt 0.0216936916112900 0.1485018730163574
f 1398/5154/1398 1510/5177/1510 1543/5180/1543
vt 0.2770703136920929 0.7764875292778015
vt 0.2779670059680939 0.7788479924201965
vt 0.2781468331813812 0.7798807621002197
f 1416/5181/1416 1412/5182/1412 1466/5183/1466
vt 0.2782210111618042 0.7783210277557373
f 1412/5182/1412 1416/5181/1416 1415/5184/1415
vt 0.7643510103225708 0.5193575024604797
vt 0.7607408761978149 0.5287605524063110
f 1366/5185/1366 1475/5186/1475 1308/5096/1308
vt 0.2785220146179199 0.7779979705810547
f 1415/5184/1415 1416/5181/1416 1414/5187/1414
vt 0.2783510088920593 0.7786419987678528
f 1415/5184/1415 1414/5187/1414 1412/5188/1412
vt 0.2786329984664917 0.7783880233764648
f 1412/5188/1412 1415/5189/1415 1466/5183/1466
vt 0.2806372046470642 0.7767317891120911
f 1416/5181/1416 1418/5190/1418 1414/5187/1414
f 1414/5187/1414 1418/5190/1418 1415/5189/1415
vt 0.2739109992980957 0.7759119868278503
vt 0.2730138301849365 0.7782082557678223
f 1425/5012/1425 1417/5191/1417 1466/5192/1466
f 1415/5189/1415 1418/5190/1418 1466/5183/1466
vt 0.2742330133914948 0.7761949896812439
f 1466/5192/1466 1417/5191/1417 1424/5193/1424
f 1466/5192/1466 1424/5193/1424 1416/5181/1416
vt 0.2775498628616333 0.8017857670783997
vt 0.2759283483028412 0.8094241619110107
f 1413/5026/1413 1409/5194/1409 1365/5195/1365
vt 0.2741129994392395 0.7740740180015564
vt 0.2743220031261444 0.7746469974517822
f 1425/5012/1425 1420/5196/1420 1422/5197/1422
vt 0.2741740047931671 0.7751349806785583
f 1425/5012/1425 1422/5197/1422 1421/5198/1421
vt 0.2742260098457336 0.7758119702339172
f 1425/5012/1425 1421/5198/1421 1417/5199/1417
vt 0.5073147416114807 0.1346636712551117
vt 0.5105696916580200 0.1378816664218903
f 1375/5200/1375 1293/4709/1293 1430/5201/1430
vt 0.2745470106601715 0.7731180191040039
f 1420/5196/1420 1423/5202/1423 1422/5197/1422
f 1420/5196/1420 1425/5012/1425 1423/5202/1423
f 1421/5198/1421 1422/5197/1422 1417/5199/1417
vt 0.2745079994201660 0.7752770185470581
f 1424/5193/1424 1417/5199/1417 1421/5203/1421
vt 0.2784992754459381 0.8135982751846313
vt 0.2742309868335724 0.8149470090866089
vt 0.2724308669567108 0.8123986721038818
f 1409/5204/1409 1410/5205/1410 1365/5206/1365
vt 0.2745909988880157 0.7741500139236450
vt 0.2761270701885223 0.7728672623634338
f 1422/5197/1422 1420/5207/1420 1424/5208/1424
f 1422/5197/1422 1424/5208/1424 1421/5203/1421
f 1420/5207/1420 1423/5202/1423 1424/5208/1424
f 1423/5202/1423 1425/5012/1425 1424/5208/1424
vt 0.0332928188145161 0.7804349064826965
vt 0.0346706882119179 0.7745283246040344
vt 0.0399043075740337 0.7785268425941467
f 1470/5209/1470 1451/5210/1451 1522/5211/1522
vt 0.4719713926315308 0.8631701469421387
vt 0.4670269787311554 0.8654364943504333
vt 0.4676615893840790 0.8601099848747253
f 1307/5212/1307 1419/5213/1419 1527/5214/1527
vt 0.5577244758605957 0.7405769824981689
vt 0.5523181557655334 0.7383358478546143
vt 0.5574027299880981 0.7348448038101196
f 1444/5215/1444 1361/5216/1361 1436/5217/1436
vt 0.5046187043190002 0.1865528672933578
vt 0.4949141144752502 0.1887666285037994
f 1392/5218/1392 1561/5219/1561 1467/5039/1467
vt 0.3904785513877869 0.5037525296211243
vt 0.3843048810958862 0.4909777045249939
vt 0.4010257720947266 0.5020937323570251
f 1390/5220/1390 1637/5221/1637 1427/5222/1427
vt 0.5015756487846375 0.6483945250511169
vt 0.5069105029106140 0.6485854387283325
vt 0.5063010454177856 0.6546536684036255
f 1393/5223/1393 1481/5224/1481 1371/5225/1371
vt 0.2749987244606018 0.7692608237266541
vt 0.2765392065048218 0.7694123983383179
vt 0.2761357426643372 0.7723405957221985
f 1425/5226/1425 1418/5227/1418 1424/5228/1424
vt 0.5292227864265442 0.7265632748603821
vt 0.5336447954177856 0.7211286425590515
vt 0.5344139933586121 0.7231929898262024
f 1428/5229/1428 1456/5230/1456 1401/5231/1401
vt 0.2743137478828430 0.7654338479042053
vt 0.2776533663272858 0.7614605426788330
vt 0.2796820104122162 0.7666304707527161
f 1425/5232/1425 1443/5233/1443 1418/5234/1418
vt 0.2794828414916992 0.7705134749412537
f 1416/5181/1416 1424/5208/1424 1418/5235/1418
vt 0.6502845883369446 0.7475715279579163
vt 0.6551386117935181 0.7567122578620911
vt 0.6510430574417114 0.7507283687591553
f 1367/5236/1367 1453/5237/1453 1394/5238/1394
vt 0.5479044914245605 0.1348695307970047
vt 0.5426532030105591 0.1376093029975891
f 1406/5079/1406 1336/5239/1336 1476/5240/1476
vt 0.4547065198421478 0.5007172822952271
vt 0.4475832879543304 0.4977839887142181
vt 0.4553660154342651 0.4968022406101227
f 1336/5241/1336 1438/5242/1438 1476/5243/1476
vt 0.2777720391750336 0.7567962408065796
vt 0.2795715034008026 0.7535160183906555
vt 0.2810122370719910 0.7572890520095825
f 1452/5244/1452 1450/5245/1450 1443/5246/1443
vt 0.5611784458160400 0.7235818505287170
vt 0.5597245693206787 0.7213721871376038
vt 0.5643029808998108 0.7234554290771484
f 1429/5247/1429 1432/5248/1432 1437/5249/1437
vt 0.0104812374338508 0.9149150848388672
vt 0.0095324646681547 0.9082904458045959
f 1525/5136/1525 1521/5250/1521 1482/5251/1482
vt 0.2781959772109985 0.7949223518371582
vt 0.2827846407890320 0.7916098237037659
vt 0.2793090045452118 0.7955859899520874
f 1413/5252/1413 1387/5253/1387 1409/5254/1409
vt 0.3595397174358368 0.4917987287044525
vt 0.3665438294410706 0.4960572421550751
f 1402/4969/1402 1426/5255/1426 1390/5256/1390
vt 0.5590212345123291 0.7255282402038574
vt 0.5615617036819458 0.7257636785507202
f 1429/5257/1429 1437/5249/1437 1439/5258/1439
f 1406/5079/1406 1476/5240/1476 1486/5064/1486
vt 0.5724704861640930 0.7301835417747498
vt 0.5665137171745300 0.7349500060081482
vt 0.5694055557250977 0.7268826961517334
f 1484/5259/1484 1444/5260/1444 1491/5261/1491
vt 0.5583940148353577 0.7277799844741821
vt 0.5579209923744202 0.7284820079803467
f 1429/5257/1429 1433/5262/1433 1434/5263/1434
vt 0.5504506230354309 0.7355605959892273
vt 0.5523836016654968 0.7323251366615295
vt 0.5558316707611084 0.7352603673934937
f 1361/5264/1361 1432/5265/1432 1436/5266/1436
vt 0.5590329766273499 0.7272930145263672
f 1429/5257/1429 1435/5267/1435 1433/5262/1433
vt 0.5534968376159668 0.7289630770683289
f 1429/5257/1429 1434/5263/1434 1432/5268/1432
f 1433/5262/1433 1435/5267/1435 1434/5263/1434
vt 0.2838065028190613 0.7663586735725403
vt 0.2877231538295746 0.7686256766319275
vt 0.2808940112590790 0.7674494385719299
f 1443/5269/1443 1466/5270/1466 1418/5271/1418
vt 0.5592368841171265 0.7297508120536804
f 1435/5267/1435 1429/5257/1429 1436/5272/1436
vt 0.5586069822311401 0.7281200289726257
f 1435/5267/1435 1436/5272/1436 1433/5273/1433
f 1434/5263/1434 1433/5273/1433 1436/5272/1436
f 1434/5263/1434 1436/5272/1436 1432/5268/1432
vt 0.5484244227409363 0.7246882319450378
vt 0.5443985462188721 0.7214951515197754
vt 0.5520805120468140 0.7186744213104248
f 1432/5274/1432 1403/5275/1403 1456/5276/1456
vt 0.5431168079376221 0.6281205415725708
vt 0.5380569696426392 0.6275484561920166
vt 0.5459083318710327 0.6252608895301819
f 1289/5277/1289 1431/5278/1431 1411/5279/1411
vt 0.5609996914863586 0.7277418971061707
f 1436/5272/1436 1429/5257/1429 1439/5280/1439
vt 0.7719059586524963 0.5241045355796814
vt 0.7763916254043579 0.5319671630859375
vt 0.7697402834892273 0.5339929461479187
f 1366/5281/1366 1368/5282/1368 1475/5283/1475
vt 0.5273351669311523 0.7205726504325867
vt 0.5252268910408020 0.7165709137916565
f 1456/5284/1456 1428/5229/1428 1357/5285/1357
vt 0.5617730617523193 0.7270392775535583
vt 0.5628679990768433 0.7269330024719238
vt 0.5648288130760193 0.7292461395263672
f 1439/5286/1439 1440/5287/1440 1444/5288/1444
vt 0.5631629824638367 0.7262960076332092
f 1437/5249/1437 1442/5289/1442 1439/5286/1439
f 1439/5286/1439 1442/5289/1442 1440/5287/1440
vt 0.5616356730461121 0.7280138134956360
vt 0.5599852800369263 0.7335326075553894
f 1439/5290/1439 1444/5288/1444 1436/5291/1436
vt 0.5635570287704468 0.7261530160903931
f 1442/5289/1442 1437/5249/1437 1445/5292/1445
f 1442/5289/1442 1445/5292/1445 1440/5287/1440
vt 0.5633260011672974 0.7266510128974915
f 1440/5287/1440 1442/5293/1442 1444/5288/1444
vt 0.6684942245483398 0.7606689929962158
f 1453/5105/1453 1489/5140/1489 1487/5294/1487
vt 0.2852160036563873 0.7589470148086548
vt 0.2847991883754730 0.7587388753890991
vt 0.2853209972381592 0.7584789991378784
f 1448/5295/1448 1443/5296/1443 1447/5297/1447
vt 0.2854839861392975 0.7593650221824646
f 1448/5295/1448 1447/5297/1447 1449/5298/1449
f 1448/5295/1448 1449/5298/1449 1443/5296/1443
vt 0.5639640092849731 0.7259910106658936
vt 0.5644639730453491 0.7261940240859985
f 1445/5299/1445 1437/5249/1437 1444/5300/1444
vt 0.5637419819831848 0.7264959812164307
f 1445/5299/1445 1444/5300/1444 1442/5301/1442
vt 0.2855679988861084 0.7588149905204773
vt 0.2862066626548767 0.7585678696632385
f 1449/5298/1449 1448/5302/1448 1450/5303/1450
vt 0.2851543724536896 0.7577410936355591
vt 0.2855660021305084 0.7583990097045898
f 1443/5304/1443 1450/5303/1450 1447/5305/1447
f 1447/5305/1447 1450/5303/1450 1448/5302/1448
vt 0.0256524998694658 0.1888056248426437
vt 0.0155109986662865 0.1781442165374756
vt 0.0234793312847614 0.1725552827119827
f 1325/5306/1325 1510/5307/1510 1309/5308/1309
vt 0.5647105574607849 0.7288538217544556
f 1437/5249/1437 1491/5261/1491 1444/5309/1444
vt 0.0164870843291283 0.1906858533620834
vt 0.0160887725651264 0.1847735196352005
f 1325/5306/1325 1371/5310/1371 1510/5311/1510
vt 0.2860459983348846 0.7597789764404297
vt 0.2893152832984924 0.7608004808425903
f 1449/5312/1449 1450/5303/1450 1523/5313/1523
vt 0.2861285209655762 0.7614609003067017
f 1449/5312/1449 1523/5313/1523 1443/5314/1443
vt 0.1773775517940521 0.0348198115825653
vt 0.1747867017984390 0.0390349179506302
f 1446/5102/1446 1455/5315/1455 1454/5316/1454
vt 0.6919775605201721 0.1566543430089951
vt 0.6891875267028809 0.1535962224006653
vt 0.6898176670074463 0.1488725244998932
f 1474/5317/1474 1457/5318/1457 1452/5319/1452
vt 0.6933248043060303 0.1415198147296906
vt 0.6891815066337585 0.1434484869241714
vt 0.6905877590179443 0.1396617144346237
f 1452/5320/1452 1463/5321/1463 1450/5322/1450
vt 0.6788493394851685 0.7406893968582153
vt 0.6879196763038635 0.7542326450347900
vt 0.6765190362930298 0.7528052330017090
f 1292/5323/1292 1297/5324/1297 1489/5325/1489
vt 0.4345043897628784 0.4950134158134460
vt 0.4317064881324768 0.4880157411098480
f 1438/5130/1438 1441/5326/1441 1488/5327/1488
vt 0.5663063526153564 0.7211325764656067
vt 0.5656241774559021 0.7171615362167358
vt 0.5694740414619446 0.7237265706062317
f 1437/5328/1437 1432/5329/1432 1491/5330/1491
vt 0.8714329600334167 0.6473187208175659
vt 0.8775675892829895 0.6567945480346680
vt 0.8690214157104492 0.6627001166343689
f 1293/5331/1293 1558/5332/1558 1351/5333/1351
vt 0.3690600097179413 0.4916689991950989
vt 0.3625150322914124 0.4803465008735657
vt 0.3706588149070740 0.4922357499599457
f 1390/5334/1390 1426/5335/1426 1637/5336/1637
vt 0.5177514553070068 0.6275882124900818
vt 0.5134573578834534 0.6231300830841064
vt 0.5168061256408691 0.6218276023864746
f 1388/5337/1388 1410/5338/1410 1431/5339/1431
vt 0.5632054805755615 0.7193245887756348
vt 0.5633868575096130 0.7137289643287659
f 1432/5340/1432 1456/5276/1456 1459/5341/1459
vt 0.2872534692287445 0.7585510611534119
vt 0.2932283878326416 0.7576494216918945
f 1450/5342/1450 1463/5343/1463 1523/5313/1523
vt 0.2879569530487061 0.7623024582862854
vt 0.2902964353561401 0.7633389830589294
f 1466/5270/1466 1443/5344/1443 1523/5345/1523
vt 0.5316882133483887 0.7105375528335571
vt 0.5320505499839783 0.7188748121261597
f 1357/5285/1357 1503/5346/1503 1456/5347/1456
vt 0.6867761015892029 0.1557434052228928
vt 0.6858350038528442 0.1555950045585632
vt 0.6859629750251770 0.1547919958829880
f 1457/5348/1457 1458/5349/1458 1461/5350/1461
vt 0.6470346450805664 0.7598772048950195
vt 0.6423740983009338 0.7653648853302002
f 1352/5149/1352 1394/5351/1394 1506/5352/1506
vt 0.4430621564388275 0.4903018176555634
f 1438/5130/1438 1488/5327/1488 1476/5353/1476
vt 0.2806973159313202 0.8166869878768921
vt 0.2836438417434692 0.8143678307533264
f 1410/5354/1410 1409/5204/1409 1520/5355/1520
vt 0.6869455575942993 0.1545775830745697
vt 0.6854339838027954 0.1536139994859695
f 1457/5356/1457 1460/5357/1460 1452/5319/1452
vt 0.6857039928436279 0.1539610028266907
f 1457/5356/1457 1461/5350/1461 1460/5358/1460
vt 0.6851914525032043 0.1523396521806717
f 1452/5319/1452 1460/5357/1460 1463/5359/1463
vt 0.6873130798339844 0.1639095991849899
vt 0.6849018335342407 0.1558421999216080
f 1457/5348/1457 1474/5360/1474 1462/5361/1462
vt 0.6862058639526367 0.1699132323265076
vt 0.6855880022048950 0.1686439961194992
f 1474/5360/1474 1454/5362/1454 1465/5363/1465
f 1461/5350/1461 1458/5349/1458 1460/5358/1460
f 1458/5349/1458 1457/5348/1457 1462/5361/1462
vt 0.6854730248451233 0.1547629982233047
f 1458/5349/1458 1462/5361/1462 1461/5364/1461
f 1460/5357/1460 1461/5364/1461 1462/5361/1462
vt 0.6848040223121643 0.1534010022878647
vt 0.6832156777381897 0.1503732055425644
f 1460/5357/1460 1462/5365/1462 1463/5366/1463
vt 0.2853415012359619 0.7873041629791260
vt 0.2862741053104401 0.7814971804618835
vt 0.2892268598079681 0.7853350043296814
f 1387/5367/1387 1466/5368/1466 1409/5369/1409
vt 0.5679814815521240 0.7167916297912598
vt 0.5668550729751587 0.7141633033752441
vt 0.5704139471054077 0.7143437266349792
f 1432/5370/1432 1459/5371/1459 1491/5372/1491
vt 0.6851260066032410 0.1689960062503815
f 1465/5363/1465 1454/5362/1454 1468/5373/1468
vt 0.6851279735565186 0.1686320006847382
f 1465/5363/1465 1468/5373/1468 1469/5374/1469
vt 0.6850219964981079 0.1680729985237122
vt 0.6842917203903198 0.1660974770784378
f 1465/5375/1465 1468/5373/1468 1474/5376/1474
vt 0.6852898597717285 0.1694574356079102
f 1454/5362/1454 1478/5377/1478 1468/5373/1468
vt 0.6798130273818970 0.1567739993333817
vt 0.6790328025817871 0.1571970283985138
vt 0.6807926297187805 0.1540130078792572
f 1462/5378/1462 1474/5379/1474 1463/5380/1463
vt 0.2915325164794922 0.7812258601188660
vt 0.2924226820468903 0.7851452231407166
f 1466/5368/1466 1523/5381/1523 1409/5382/1409
vt 0.0461565740406513 0.7485678195953369
vt 0.0532885864377022 0.7417836189270020
vt 0.0471363551914692 0.7545880675315857
f 1273/5383/1273 1482/5384/1482 1451/5385/1451
vt 0.6848340630531311 0.1698233634233475
f 1468/5373/1468 1478/5386/1478 1474/5376/1474
vt 0.5058240294456482 0.2146813869476318
vt 0.4913077652454376 0.2225334793329239
vt 0.4940260946750641 0.2118290066719055
f 1392/5387/1392 1500/5388/1500 1587/5389/1587
vt 0.2069554924964905 0.6141087412834167
vt 0.2172494083642960 0.6129508614540100
vt 0.2124374359846115 0.6229366660118103
f 1470/5390/1470 1492/5391/1492 1485/5392/1485
vt 0.5283067226409912 0.1413948237895966
vt 0.5322780609130859 0.1408720761537552
vt 0.5352701544761658 0.1504206061363220
f 1375/5393/1375 1486/5394/1486 1695/5395/1695
vt 0.1788369864225388 0.0534763336181641
vt 0.1795948147773743 0.0426734015345573
vt 0.1820176392793655 0.0512884519994259
f 1454/5396/1454 1455/5397/1455 1478/5398/1478
vt 0.6789813041687012 0.1664104014635086
vt 0.6782810091972351 0.1674980074167252
vt 0.6777110099792480 0.1670400053262711
f 1474/5399/1474 1473/5400/1473 1472/5401/1472
vt 0.6784989833831787 0.1684100031852722
vt 0.6782550215721130 0.1677760034799576
f 1474/5399/1474 1471/5402/1471 1473/5403/1473
vt 0.7466787099838257 0.9794675707817078
vt 0.7462091445922852 0.9869412779808044
vt 0.7401040196418762 0.9815753698348999
f 1371/5404/1371 1514/5405/1514 1510/5406/1510
vt 0.8764609694480896 0.6714823842048645
vt 0.8779841661453247 0.6631150841712952
f 1608/5407/1608 1351/5333/1351 1558/5408/1558
f 1473/5403/1473 1471/5402/1471 1472/5401/1472
vt 0.7912740111351013 0.9798470139503479
vt 0.7903900146484375 0.9814329743385315
vt 0.7876870632171631 0.9795305132865906
f 1472/5409/1472 1473/5410/1473 1479/5411/1479
vt 0.7900121808052063 0.9794901013374329
f 1472/5409/1472 1479/5411/1479 1474/5412/1474
vt 0.7898910045623779 0.9835280179977417
vt 0.7883951663970947 0.9880502820014954
vt 0.7842520475387573 0.9813049435615540
f 1471/5413/1471 1474/5414/1474 1477/5415/1477
f 1471/5413/1471 1477/5415/1477 1479/5411/1479
f 1471/5413/1471 1479/5411/1479 1473/5410/1473
vt 0.5195397734642029 0.7091377377510071
vt 0.5274437069892883 0.7101525068283081
vt 0.5229663848876953 0.7164963483810425
f 1485/5416/1485 1503/5417/1503 1357/5418/1357
vt 0.1776951253414154 0.0124654602259398
vt 0.1856051087379456 0.0130504062399268
f 1352/5419/1352 1506/5420/1506 1455/4938/1455
vt 0.4114340245723724 0.4867617189884186
vt 0.3899718523025513 0.4863263666629791
vt 0.4003314971923828 0.4805792868137360
f 1427/5421/1427 1637/5422/1637 1553/5423/1553
vt 0.5401093959808350 0.7167282700538635
vt 0.5344797968864441 0.7084857821464539
vt 0.5425154566764832 0.7100025415420532
f 1456/5424/1456 1503/5425/1503 1459/5426/1459
vt 0.6611518263816833 0.7026422619819641
vt 0.6563249230384827 0.7101578712463379
vt 0.6454641819000244 0.7025589942932129
f 1368/5427/1368 1527/5428/1527 1624/5429/1624
vt 0.8388624787330627 0.8200913667678833
vt 0.8234253525733948 0.8174175024032593
vt 0.8385049700737000 0.8130544424057007
f 1510/5430/1510 1483/5431/1483 1543/5432/1543
vt 0.7837929725646973 0.9914969205856323
vt 0.7828636765480042 0.9865582585334778
f 1474/5414/1474 1478/5433/1478 1477/5434/1477
vt 0.6755958795547485 0.1655282527208328
vt 0.6730416417121887 0.1656144410371780
vt 0.6761273145675659 0.1595394164323807
f 1474/5435/1474 1479/5436/1479 1463/5437/1463
vt 0.5129590630531311 0.6178865432739258
vt 0.5147394537925720 0.6124579906463623
vt 0.5178806781768799 0.6183199882507324
f 1410/5438/1410 1520/5439/1520 1431/5440/1431
vt 0.7813497185707092 0.9775480628013611
f 1479/5411/1479 1477/5415/1477 1490/5441/1490
vt 0.5061605572700500 0.2333717346191406
vt 0.4923541843891144 0.2393729984760284
vt 0.4943241477012634 0.2338321357965469
f 1497/5442/1497 1591/5443/1591 1587/5444/1587
vt 0.5583785176277161 0.7103888392448425
vt 0.5512377023696899 0.7082530260086060
vt 0.5572065114974976 0.7064960002899170
f 1459/5445/1459 1503/5446/1503 1491/5447/1491
vt 0.6714307069778442 0.1599461436271667
f 1463/5437/1463 1479/5436/1479 1480/5448/1480
vt 0.0546389780938625 0.7473063468933105
vt 0.0596627257764339 0.7571449279785156
f 1451/5385/1451 1482/5449/1482 1619/5450/1619
vt 0.2072883695363998 0.5943725705146790
vt 0.2169625163078308 0.5970913767814636
vt 0.2180919051170349 0.6021018624305725
f 1470/5451/1470 1522/5452/1522 1492/5453/1492
vt 0.8382618427276611 0.7888171076774597
vt 0.8315166831016541 0.7914853096008301
vt 0.8354712128639221 0.7846347093582153
f 1543/5454/1543 1509/5455/1509 1419/5456/1419
vt 0.6836556792259216 0.7668944001197815
vt 0.6810545921325684 0.7599722146987915
f 1297/5324/1297 1540/5457/1540 1489/5458/1489
vt 0.8803964257240295 0.6420512199401855
vt 0.8811956048011780 0.6484709978103638
f 1293/5331/1293 1375/5459/1375 1558/5460/1558
vt 0.6603531837463379 0.6541835665702820
vt 0.6530053615570068 0.6662971377372742
vt 0.6525792479515076 0.6559821963310242
f 1308/5461/1308 1475/5462/1475 1512/5463/1512
vt 0.9553424119949341 0.5613855719566345
vt 0.9622676372528076 0.5619803667068481
vt 0.9656836390495300 0.5746788978576660
f 1478/5464/1478 1455/5465/1455 1506/5466/1506
vt 0.5024992823600769 0.2426716685295105
vt 0.4995549321174622 0.2417890578508377
f 1497/5467/1497 1608/5468/1608 1591/5443/1591
vt 0.5414113402366638 0.6133524179458618
vt 0.5432881712913513 0.6104723215103149
vt 0.5491324067115784 0.6154034137725830
f 1431/5469/1431 1589/5470/1589 1411/5471/1411
vt 0.6575586795806885 0.7659821510314941
f 1453/5105/1453 1487/5294/1487 1394/5472/1394
vt 0.5012950301170349 0.2253158092498779
vt 0.4954471886157990 0.2283105552196503
f 1392/5473/1392 1497/5474/1497 1500/5388/1500
vt 0.4574263989925385 0.8425316810607910
vt 0.4506373703479767 0.8469051718711853
vt 0.4515773952007294 0.8381219506263733
f 1371/5475/1371 1493/5476/1493 1514/5477/1514
vt 0.5541790127754211 0.7065700292587280
vt 0.5501675605773926 0.6970499753952026
f 1503/5478/1503 1513/5479/1513 1491/5447/1491
vt 0.6707010865211487 0.1402352452278137
vt 0.6736497879028320 0.1447243392467499
vt 0.6637872457504272 0.1461633741855621
f 1463/5480/1463 1480/5481/1480 1539/5482/1539
vt 0.2987749576568604 0.7541556358337402
vt 0.3030395507812500 0.7586470842361450
f 1463/5343/1463 1557/5483/1557 1559/5484/1559
vt 0.4772760272026062 0.1523231118917465
vt 0.4750264585018158 0.1515395641326904
f 1297/5485/1297 1464/5115/1464 1540/5486/1540
vt 0.6657500863075256 0.1388967782258987
f 1463/5480/1463 1539/5482/1539 1557/5487/1557
vt 0.4988650977611542 0.2310500144958496
f 1497/5488/1497 1587/5444/1587 1500/5388/1500
vt 0.7778427004814148 0.9796794652938843
vt 0.7776640057563782 0.9811549782752991
vt 0.7771689891815186 0.9808930158615112
f 1490/5489/1490 1494/5490/1494 1495/5491/1495
vt 0.7785125970840454 0.9818757772445679
vt 0.7780439853668213 0.9823150038719177
vt 0.7777320146560669 0.9817919731140137
f 1490/5492/1490 1477/5493/1477 1496/5494/1496
vt 0.7775250077247620 0.9816660284996033
f 1490/5492/1490 1496/5495/1496 1494/5490/1494
vt 0.7775679826736450 0.9822570085525513
f 1477/5493/1477 1494/5496/1494 1496/5494/1496
vt 0.7762592434883118 0.9839299321174622
f 1477/5493/1477 1478/5497/1478 1494/5496/1494
vt 0.5360016822814941 0.1452263146638870
vt 0.5414065718650818 0.1477737873792648
f 1486/5498/1486 1476/5499/1476 1695/5395/1695
vt 0.0605842545628548 0.7402257323265076
vt 0.0578620731830597 0.7460964918136597
f 1482/5384/1482 1521/5500/1521 1516/5501/1516
vt 0.7770199775695801 0.9815009832382202
f 1496/5495/1496 1495/5502/1495 1494/5490/1494
vt 0.7771890163421631 0.9819120168685913
f 1494/5496/1494 1478/5497/1478 1496/5503/1496
vt 0.7756885290145874 0.9791476726531982
f 1490/5489/1490 1495/5491/1495 1479/5504/1479
f 1496/5503/1496 1478/5497/1478 1495/5502/1495
vt 0.7761980295181274 0.9819099903106689
f 1495/5502/1495 1478/5497/1478 1499/5505/1499
vt 0.7766219973564148 0.9813960194587708
vt 0.7762259840965271 0.9809759855270386
f 1495/5491/1495 1498/5506/1498 1499/5507/1499
f 1495/5491/1495 1499/5507/1499 1479/5504/1479
vt 0.4881701171398163 0.1814164519309998
vt 0.4771526157855988 0.1903103739023209
vt 0.4788810908794403 0.1851963400840759
f 1467/5508/1467 1519/5509/1519 1528/5510/1528
vt 0.4843805134296417 0.1912999451160431
f 1467/5508/1467 1561/5511/1561 1519/5509/1519
vt 0.6761353015899658 0.7634915709495544
vt 0.6699345707893372 0.7625157833099365
f 1489/5512/1489 1540/5457/1540 1487/5513/1487
vt 0.6143798232078552 0.0384687185287476
vt 0.6150460243225098 0.0385040007531643
vt 0.6163403987884521 0.0396690554916859
f 1484/5514/1484 1501/5515/1501 1502/5516/1502
vt 0.6602898836135864 0.6437090635299683
vt 0.6502702236175537 0.6507543325424194
vt 0.6445284485816956 0.6420857906341553
f 1308/5517/1308 1512/5518/1512 1525/5519/1525
vt 0.4578149020671844 0.8487880825996399
vt 0.4510087370872498 0.8516231775283813
f 1493/5476/1493 1371/5520/1371 1481/5521/1481
vt 0.6511877179145813 0.6932806372642517
vt 0.6453636884689331 0.6971961855888367
f 1475/5522/1475 1368/5427/1368 1624/5523/1624
vt 0.5592602491378784 0.7007189989089966
f 1491/5447/1491 1513/5479/1513 1620/5524/1620
vt 0.6147731542587280 0.0381402932107449
vt 0.6149020195007324 0.0383570007979870
f 1484/5514/1484 1518/5525/1518 1501/5526/1501
vt 0.7759519815444946 0.9812939763069153
vt 0.7754445075988770 0.9807878136634827
f 1499/5527/1499 1478/5497/1478 1479/5528/1479
vt 0.6151620149612427 0.0385189987719059
vt 0.6152499914169312 0.0384869985282421
f 1502/5516/1502 1501/5529/1501 1505/5530/1505
vt 0.6149730086326599 0.0382830016314983
f 1518/5525/1518 1505/5531/1505 1501/5526/1501
vt 0.6150310039520264 0.0383800007402897
f 1501/5526/1501 1505/5531/1505 1504/5532/1504
vt 0.2980613112449646 0.7635164260864258
vt 0.3090476989746094 0.7654027938842773
vt 0.2979730367660522 0.7679055333137512
f 1463/5533/1463 1593/5534/1593 1523/5535/1523
vt 0.5666070580482483 0.6171684265136719
vt 0.5616745352745056 0.6106001734733582
vt 0.5654658079147339 0.6057088971138000
f 1393/5536/1393 1411/5537/1411 1481/5538/1481
vt 0.0665663555264473 0.7437022328376770
f 1521/5500/1521 1552/5539/1552 1516/5501/1516
vt 0.4794935584068298 0.1736123859882355
vt 0.4766927361488342 0.1780978590250015
f 1464/5115/1464 1467/5540/1467 1528/5541/1528
vt 0.3003200888633728 0.7634683251380920
vt 0.3020706772804260 0.7636669874191284
f 1463/5542/1463 1559/5484/1559 1593/5543/1593
vt 0.5800269842147827 0.7019339799880981
vt 0.5791689753532410 0.7021691203117371
vt 0.5798177719116211 0.7002999782562256
f 1505/5544/1505 1518/5545/1518 1502/5546/1502
vt 0.4730247259140015 0.1525196135044098
vt 0.4707274436950684 0.1569487452507019
f 1540/5547/1540 1464/5115/1464 1517/5548/1517
vt 0.5723739862442017 0.7072135210037231
vt 0.5678526163101196 0.7017959356307983
vt 0.5753471851348877 0.7014855146408081
f 1484/5549/1484 1491/5550/1491 1518/5551/1518
vt 0.6151604056358337 0.0450883544981480
vt 0.6233462095260620 0.0471647977828979
vt 0.6236398220062256 0.0570844598114491
f 1484/5552/1484 1502/5553/1502 1426/5554/1426
vt 0.6664394140243530 0.1648268401622772
vt 0.6616731882095337 0.1581270694732666
vt 0.6679410934448242 0.1555837988853455
f 1479/5555/1479 1534/5556/1534 1480/5557/1480
vt 0.0585989020764828 0.7526438236236572
vt 0.0589376054704189 0.7483419775962830
f 1619/5558/1619 1482/5449/1482 1516/5559/1516
vt 0.5470173358917236 0.1534086018800735
f 1476/5499/1476 1507/5560/1507 1695/5395/1695
vt 0.5532010197639465 0.1492797881364822
vt 0.5520160198211670 0.1505119949579239
vt 0.5495796203613281 0.1472569853067398
f 1488/5561/1488 1508/5562/1508 1476/5563/1476
vt 0.5525010228157043 0.1508190035820007
f 1488/5561/1488 1515/5564/1515 1508/5562/1508
vt 0.6750568151473999 0.7698319554328918
f 1487/5513/1487 1540/5457/1540 1394/5565/1394
vt 0.4356183111667633 0.4771239161491394
vt 0.4324885606765747 0.4689155220985413
vt 0.4419913589954376 0.4748198390007019
f 1441/5566/1441 1596/5567/1596 1488/5568/1488
vt 0.5508174896240234 0.1496189534664154
vt 0.5517560243606567 0.1508260071277618
vt 0.5473759770393372 0.1530753225088120
f 1476/5569/1476 1508/5570/1508 1507/5571/1507
vt 0.5521590113639832 0.1508579999208450
f 1508/5562/1508 1515/5564/1515 1511/5572/1511
vt 0.6652163267135620 0.1522903740406036
vt 0.6619213819503784 0.1561919301748276
f 1480/5573/1480 1534/5574/1534 1539/5482/1539
vt 0.5521309971809387 0.1511089950799942
f 1508/5570/1508 1515/5575/1515 1507/5571/1507
vt 0.2220266312360764 0.6263462901115417
vt 0.2250858992338181 0.6180846691131592
vt 0.2300398498773575 0.6172251105308533
f 1485/5576/1485 1492/5577/1492 1524/5578/1524
vt 0.3981941044330597 0.4671282768249512
vt 0.3989447057247162 0.4798434674739838
f 1637/5422/1637 1701/5579/1701 1553/5580/1553
vt 0.8841148614883423 0.6178386807441711
vt 0.8891246914863586 0.6136911511421204
vt 0.8923135399818420 0.6179713010787964
f 1375/5581/1375 1695/5582/1695 1551/5583/1551
vt 0.5533446073532104 0.1514265835285187
f 1515/5575/1515 1488/5584/1488 1507/5571/1507
vt 0.8833227157592773 0.6359205245971680
vt 0.8861626982688904 0.6263999342918396
vt 0.8940027952194214 0.6288324594497681
f 1558/5585/1558 1375/5586/1375 1526/5587/1526
vt 0.5276591777801514 0.6122835278511047
vt 0.5256408452987671 0.6027129888534546
vt 0.5351468324661255 0.6033186316490173
f 1431/5588/1431 1520/5589/1520 1589/5590/1589
vt 0.5172305107116699 0.7060984969139099
vt 0.5175539851188660 0.6936899423599243
vt 0.5252534151077271 0.6978259682655334
f 1485/5591/1485 1538/5592/1538 1503/5593/1503
vt 0.9518651962280273 0.5664456486701965
vt 0.9528101682662964 0.5745285749435425
f 1478/5594/1478 1506/5466/1506 1767/5595/1767
vt 0.5592184066772461 0.6095054149627686
vt 0.5503950119018555 0.6002483963966370
vt 0.5586718916893005 0.6051303148269653
f 1411/5596/1411 1589/5597/1589 1571/5598/1571
vt 0.2984842956066132 0.7709895372390747
vt 0.3066089451313019 0.7722325921058655
vt 0.3023384809494019 0.7814265489578247
f 1523/5599/1523 1593/5600/1593 1409/5601/1409
vt 0.5596929788589478 0.6008443236351013
f 1411/5596/1411 1571/5602/1571 1481/5538/1481
vt 0.6494833827018738 0.6879344582557678
vt 0.6400900483131409 0.6835264563560486
f 1475/5603/1475 1624/5523/1624 1512/5604/1512
vt 0.3655953705310822 0.4703159332275391
vt 0.3703965842723846 0.4738733172416687
f 1426/5335/1426 1616/5605/1616 1637/5606/1637
vt 0.8781064748764038 0.6734857559204102
vt 0.8850295543670654 0.6684706807136536
vt 0.8907416462898254 0.6734102368354797
f 1608/5607/1608 1558/5608/1558 1533/5609/1533
vt 0.5285629034042358 0.6990977525711060
vt 0.5287001132965088 0.6951665282249451
vt 0.5382451415061951 0.6939271688461304
f 1503/5610/1503 1538/5611/1538 1513/5612/1513
vt 0.4533162713050842 0.4721170365810394
vt 0.4485706686973572 0.4663589894771576
vt 0.4523863196372986 0.4681641161441803
f 1488/5613/1488 1531/5614/1531 1532/5615/1532
vt 0.6598294973373413 0.1624677032232285
f 1479/5555/1479 1529/5616/1529 1534/5556/1534
vt 0.6470883488655090 0.7733320593833923
vt 0.6526109576225281 0.7857223749160767
vt 0.6423351764678955 0.7699472904205322
f 1394/5617/1394 1611/5618/1611 1506/5619/1506
vt 0.4737762808799744 0.1644286960363388
vt 0.4731243848800659 0.1678915023803711
vt 0.4701353609561920 0.1659250855445862
f 1517/5620/1517 1464/5621/1464 1528/5622/1528
vt 0.5546565651893616 0.1503504067659378
vt 0.5547280907630920 0.1549916267395020
f 1488/5623/1488 1560/5624/1560 1507/5560/1507
vt 0.9894630312919617 0.8514182567596436
vt 0.9869022965431213 0.8517679572105408
vt 0.9898307919502258 0.8499946594238281
f 1560/5625/1560 1488/5626/1488 1532/5627/1532
vt 0.5584147572517395 0.6987742781639099
vt 0.5621003508567810 0.6961749792098999
f 1491/5550/1491 1620/5628/1620 1518/5629/1518
vt 0.6520138382911682 0.1632794588804245
vt 0.6539195775985718 0.1607768684625626
vt 0.6565750241279602 0.1631820052862167
f 1478/5630/1478 1534/5631/1534 1530/5632/1530
vt 0.6542205810546875 0.1671485751867294
vt 0.6569179892539978 0.1636829972267151
vt 0.6577077507972717 0.1641578823328018
f 1478/5633/1478 1530/5634/1530 1479/5635/1479
vt 0.8271090388298035 0.8388820290565491
vt 0.8195758461952209 0.8360627293586731
vt 0.8264480233192444 0.8324766755104065
f 1514/5636/1514 1549/5637/1549 1510/5638/1510
vt 0.8296710848808289 0.7882675528526306
vt 0.8227324485778809 0.7893919348716736
f 1509/5639/1509 1546/5640/1546 1419/5456/1419
vt 0.0650818794965744 0.7285352349281311
vt 0.0669410675764084 0.7247553467750549
vt 0.0741241276264191 0.7282800078392029
f 1521/5641/1521 1525/5642/1525 1545/5643/1545
vt 0.8845132589340210 0.6568043231964111
vt 0.8903757929801941 0.6425687670707703
vt 0.9000461697578430 0.6482854485511780
f 1558/5644/1558 1526/5645/1526 1603/5646/1603
vt 0.8302882313728333 0.7934959530830383
vt 0.8295634984970093 0.7996164560317993
vt 0.8274739980697632 0.7939789891242981
f 1509/5647/1509 1543/5648/1543 1535/5649/1535
vt 0.8273339867591858 0.7934629917144775
f 1509/5647/1509 1535/5649/1535 1546/5650/1546
vt 0.6562219858169556 0.1622720062732697
f 1530/5632/1530 1534/5631/1534 1536/5651/1536
vt 0.6563330292701721 0.1617469936609268
f 1530/5632/1530 1536/5651/1536 1537/5652/1537
vt 0.6567800045013428 0.1624940037727356
vt 0.6572670936584473 0.1621768623590469
f 1530/5632/1530 1536/5653/1536 1529/5654/1529
vt 0.6577858924865723 0.1647348105907440
f 1530/5632/1530 1529/5654/1529 1479/5655/1479
vt 0.6495495438575745 0.1599888056516647
vt 0.6518070101737976 0.1602710038423538
f 1534/5631/1534 1478/5656/1478 1539/5657/1539
vt 0.6303465962409973 0.0500346161425114
f 1502/5553/1502 1616/5658/1616 1426/5554/1426
vt 0.5768363475799561 0.6054501533508301
vt 0.5745611190795898 0.6022467613220215
vt 0.5826906561851501 0.6023383736610413
f 1481/5659/1481 1571/5660/1571 1493/5661/1493
f 1536/5651/1536 1534/5631/1534 1537/5652/1537
vt 0.4445567429065704 0.8356901407241821
vt 0.4338047504425049 0.8295674920082092
vt 0.4472698867321014 0.8307474255561829
f 1716/5662/1716 1549/5663/1549 1514/5664/1514
vt 0.4078175425529480 0.4740563333034515
vt 0.4173804521560669 0.4708605408668518
f 1427/5421/1427 1553/5665/1553 1441/5666/1441
vt 0.6567839980125427 0.1618819981813431
f 1536/5653/1536 1537/5667/1537 1529/5654/1529
vt 0.8289598822593689 0.7803914546966553
f 1419/5456/1419 1546/5640/1546 1527/5668/1527
vt 0.6512048244476318 0.1699547171592712
vt 0.6447774767875671 0.1682786196470261
vt 0.6516022086143494 0.1664339005947113
f 1478/5669/1478 1767/5670/1767 1539/5671/1539
vt 0.6242792606353760 0.0414466820657253
vt 0.6290602684020996 0.0414905920624733
f 1518/5672/1518 1590/5673/1590 1502/5553/1502
vt 0.6378222703933716 0.7792206406593323
vt 0.6398450136184692 0.7861118316650391
f 1506/5674/1506 1611/5618/1611 1714/5675/1714
vt 0.6565307974815369 0.1605449020862579
vt 0.6566429734230042 0.1613990068435669
f 1537/5652/1537 1534/5676/1534 1529/5677/1529
vt 0.8266171813011169 0.7950357794761658
vt 0.8266929984092712 0.7938299775123596
f 1535/5649/1535 1543/5678/1543 1541/5679/1541
vt 0.8267589807510376 0.7935709953308105
f 1535/5649/1535 1541/5680/1541 1546/5650/1546
vt 0.8259630203247070 0.7934709787368774
f 1535/5649/1535 1542/5681/1542 1541/5680/1541
vt 0.2387462556362152 0.6390944719314575
vt 0.2549775242805481 0.6382507681846619
vt 0.2409621477127075 0.6487917900085449
f 1485/5682/1485 1717/5683/1717 1538/5684/1538
vt 0.4858853518962860 0.2035671919584274
vt 0.4803651869297028 0.2076254487037659
vt 0.4769693613052368 0.2036750167608261
f 1392/5685/1392 1583/5686/1583 1561/5687/1561
vt 0.6267384886741638 0.0421713739633560
f 1502/5553/1502 1590/5688/1590 1616/5658/1616
vt 0.0393887460231781 0.0053284764289856
vt 0.0397115685045719 0.0073040346615016
vt 0.0375409983098507 0.0070270001888275
f 1560/5689/1560 1532/5690/1532 1544/5691/1544
vt 0.6417030692100525 0.6448215246200562
vt 0.6379101276397705 0.6469166874885559
vt 0.6292635798454285 0.6398422122001648
f 1525/5692/1525 1512/5693/1512 1667/5694/1667
vt 0.8876050710678101 0.6586734056472778
vt 0.8925623893737793 0.6590552926063538
f 1558/5695/1558 1603/5646/1603 1661/5696/1661
vt 0.8151162266731262 0.7793225049972534
f 1527/5668/1527 1546/5640/1546 1592/5697/1592
vt 0.9903051853179932 0.8487607240676880
vt 0.9907230138778687 0.8482919931411743
vt 0.9911159873008728 0.8482350111007690
f 1532/5698/1532 1547/5699/1547 1544/5700/1544
f 1551/5583/1551 1526/5587/1526 1375/5586/1375
vt 0.4776286482810974 0.1972655206918716
vt 0.4743717908859253 0.1950790286064148
f 1561/5701/1561 1562/5702/1562 1519/5509/1519
vt 0.5655770897865295 0.6911764144897461
vt 0.5626041889190674 0.6874583363533020
vt 0.5685890316963196 0.6887841224670410
f 1518/5703/1518 1586/5704/1586 1590/5705/1590
vt 0.8270578980445862 0.7918903231620789
f 1541/5680/1541 1542/5681/1542 1546/5706/1546
vt 0.8260400891304016 0.7940253019332886
f 1541/5679/1541 1543/5707/1543 1542/5681/1542
vt 0.9908469915390015 0.8480150103569031
vt 0.9909420013427734 0.8474119901657104
f 1544/5700/1544 1547/5708/1547 1548/5709/1548
vt 0.5518752932548523 0.1570469588041306
vt 0.5504965186119080 0.1626974791288376
f 1507/5560/1507 1560/5710/1560 1531/5711/1531
vt 0.0664296895265579 0.7352424860000610
vt 0.0678009986877441 0.7381510138511658
f 1552/5539/1552 1521/5712/1521 1550/5713/1550
vt 0.9914579987525940 0.8482760190963745
vt 0.9911599755287170 0.8478249907493591
vt 0.9922401309013367 0.8477129936218262
f 1544/5714/1544 1547/5715/1547 1560/5716/1560
vt 0.9902678728103638 0.8471933007240295
f 1547/5708/1547 1532/5717/1532 1548/5709/1548
vt 0.4701580703258514 0.1691396385431290
vt 0.4689575731754303 0.1725232601165771
vt 0.4660603404045105 0.1692357063293457
f 1528/5718/1528 1581/5719/1581 1623/5720/1623
vt 0.4464572966098785 0.8459955453872681
vt 0.4392665028572083 0.8469278216362000
vt 0.4456863701343536 0.8441559672355652
f 1493/5721/1493 1716/5722/1716 1514/5723/1514
f 1547/5715/1547 1548/5709/1548 1560/5716/1560
vt 0.4117730557918549 0.4644190669059753
vt 0.4169260561466217 0.4710390567779541
f 1553/5665/1553 1580/5724/1580 1441/5725/1441
vt 0.0683199986815453 0.7381939888000488
f 1550/5713/1550 1521/5712/1521 1554/5726/1554
vt 0.0680390000343323 0.7384639978408813
f 1550/5713/1550 1554/5726/1554 1555/5727/1555
vt 0.0725063830614090 0.7393375635147095
f 1521/5712/1521 1712/5728/1712 1554/5726/1554
vt 0.9894720911979675 0.8468813300132751
f 1560/5716/1560 1548/5709/1548 1531/5729/1531
vt 0.8226013183593750 0.7950447201728821
f 1542/5681/1542 1543/5678/1543 1588/5730/1588
vt 0.0678559988737106 0.7385290265083313
vt 0.0682049989700317 0.7384780049324036
f 1550/5731/1550 1554/5732/1554 1552/5539/1552
vt 0.4448562860488892 0.8534514904022217
f 1493/5476/1493 1618/5733/1618 1716/5722/1716
vt 0.9910230040550232 0.8471189737319946
f 1532/5717/1532 1531/5729/1531 1548/5734/1548
vt 0.5593360662460327 0.6896798014640808
vt 0.5544140934944153 0.6852701902389526
f 1518/5735/1518 1620/5736/1620 1586/5704/1586
f 1552/5539/1552 1554/5732/1554 1712/5728/1712
vt 0.5286753773689270 0.5974103212356567
vt 0.5362802743911743 0.5970688462257385
f 1589/5590/1589 1520/5737/1520 1634/5738/1634
vt 0.8255980014801025 0.7933319807052612
f 1546/5706/1546 1542/5739/1542 1588/5730/1588
vt 0.4785248935222626 0.2142172157764435
vt 0.4780404567718506 0.2105412632226944
f 1392/5685/1392 1587/5740/1587 1583/5741/1583
vt 0.8242138028144836 0.8289853334426880
vt 0.8131730556488037 0.8228352665901184
f 1483/5431/1483 1510/5742/1510 1692/5743/1692
vt 0.5654919743537903 0.6864759922027588
f 1590/5705/1590 1586/5704/1586 1564/5744/1564
vt 0.3077270090579987 0.7841799855232239
vt 0.3087639510631561 0.7837074995040894
vt 0.3135437965393066 0.7862858772277832
f 1409/5745/1409 1593/5746/1593 1687/5747/1687
vt 0.3148889541625977 0.7542992830276489
vt 0.3159449994564056 0.7543529868125916
vt 0.3156257569789886 0.7559201717376709
f 1559/5748/1559 1565/5749/1565 1593/5750/1593
vt 0.0584374517202377 0.7724466323852539
vt 0.0667114704847336 0.7594160437583923
vt 0.0659840330481529 0.7700480818748474
f 1451/5751/1451 1619/5752/1619 1605/5753/1605
vt 0.4740178883075714 0.1842169761657715
vt 0.4707907736301422 0.1859110891819000
f 1528/5754/1528 1519/5509/1519 1579/5755/1579
vt 0.5655180215835571 0.6860769987106323
vt 0.5660290122032166 0.6860010027885437
f 1590/5705/1590 1564/5756/1564 1566/5757/1566
vt 0.4375388920307159 0.4639574289321899
f 1488/5568/1488 1596/5758/1596 1531/5614/1531
vt 0.6488637924194336 0.1402439028024673
vt 0.6491522192955017 0.1425785124301910
vt 0.6479340195655823 0.1409980058670044
f 1559/5759/1559 1557/5760/1557 1567/5761/1567
vt 0.5651090145111084 0.6855120062828064
f 1586/5704/1586 1568/5762/1568 1564/5756/1564
vt 0.4725269973278046 0.1897500008344650
vt 0.4725350141525269 0.1894260048866272
f 1519/5509/1519 1572/5763/1572 1570/5764/1570
vt 0.5635811090469360 0.6804331541061401
f 1590/5705/1590 1566/5757/1566 1620/5765/1620
vt 0.6477339863777161 0.1416999995708466
f 1557/5760/1557 1569/5766/1569 1567/5761/1567
vt 0.6479060053825378 0.1407559961080551
vt 0.6474109888076782 0.1403560042381287
f 1559/5767/1559 1567/5761/1567 1565/5768/1565
f 1565/5768/1565 1567/5761/1567 1569/5766/1569
vt 0.6473990082740784 0.1409569978713989
vt 0.6461793780326843 0.1418728530406952
f 1565/5768/1565 1567/5769/1567 1617/5770/1617
vt 0.6469470858573914 0.1397541314363480
f 1565/5768/1565 1617/5770/1617 1593/5771/1593
f 1564/5756/1564 1568/5762/1568 1566/5757/1566
vt 0.4663617014884949 0.1661274284124374
vt 0.4645895361900330 0.1628736704587936
f 1528/5772/1528 1623/5720/1623 1517/5773/1517
vt 0.2298360168933868 0.5742301940917969
vt 0.2378259003162384 0.5740314722061157
vt 0.2365443855524063 0.5822154879570007
f 1451/5774/1451 1605/5775/1605 1522/5776/1522
vt 0.5656009912490845 0.6856110095977783
f 1566/5757/1566 1564/5777/1564 1620/5765/1620
vt 0.5301017165184021 0.6922383904457092
vt 0.5295619368553162 0.6852920055389404
f 1538/5778/1538 1642/5779/1642 1513/5612/1513
vt 0.6363084912300110 0.7096619606018066
vt 0.6251162886619568 0.6945347785949707
f 1527/5780/1527 1592/5781/1592 1624/5429/1624
vt 0.4723100066184998 0.1891569942235947
vt 0.4720612764358521 0.1878622472286224
f 1519/5509/1519 1570/5782/1570 1579/5783/1579
vt 0.4715046882629395 0.1925661414861679
vt 0.4722889959812164 0.1903589963912964
f 1519/5509/1519 1625/5784/1625 1576/5785/1576
f 1519/5509/1519 1576/5785/1576 1572/5763/1572
f 1567/5769/1567 1569/5766/1569 1617/5770/1617
f 1564/5777/1564 1568/5762/1568 1620/5765/1620
f 1572/5763/1572 1576/5785/1576 1570/5782/1570
f 1568/5762/1568 1586/5704/1586 1620/5765/1620
vt 0.5733962655067444 0.6865991950035095
f 1590/5705/1590 1620/5765/1620 1563/5786/1563
vt 0.4721390008926392 0.1897699981927872
f 1570/5782/1570 1572/5787/1572 1579/5783/1579
vt 0.4702047407627106 0.1760330945253372
vt 0.4693239927291870 0.1806160062551498
vt 0.4690870046615601 0.1799429953098297
f 1581/5788/1581 1573/5789/1573 1582/5790/1582
f 1581/5788/1581 1528/5754/1528 1573/5789/1573
vt 0.4698044359683990 0.1842757761478424
vt 0.4695439934730530 0.1814420074224472
f 1528/5754/1528 1579/5791/1579 1575/5792/1575
f 1569/5766/1569 1557/5760/1557 1617/5770/1617
vt 0.4687870144844055 0.1793150007724762
f 1581/5788/1581 1582/5790/1582 1577/5793/1577
vt 0.4689520001411438 0.1788019984960556
f 1581/5788/1581 1577/5793/1577 1574/5794/1574
f 1528/5754/1528 1575/5792/1575 1573/5789/1573
vt 0.4687050879001617 0.1887289732694626
f 1572/5787/1572 1622/5795/1622 1579/5783/1579
vt 0.4687288105487823 0.1776566356420517
vt 0.4684619903564453 0.1783619970083237
f 1581/5796/1581 1574/5794/1574 1578/5797/1578
vt 0.2249900698661804 0.5931522846221924
vt 0.2391107976436615 0.5900772809982300
vt 0.2381805181503296 0.5969904065132141
f 1522/5798/1522 1681/5799/1681 1492/5800/1492
vt 0.5397641062736511 0.1567497700452805
f 1695/5801/1695 1507/5560/1507 1531/5711/1531
f 1574/5794/1574 1577/5793/1577 1578/5797/1578
vt 0.4693990051746368 0.1819559931755066
f 1573/5789/1573 1575/5792/1575 1584/5802/1584
vt 0.4690679907798767 0.1814450025558472
f 1573/5789/1573 1575/5803/1575 1582/5790/1582
vt 0.4613110125064850 0.1766206622123718
vt 0.4676078259944916 0.1743886768817902
vt 0.4659931063652039 0.1790951937437057
f 1623/5804/1623 1581/5805/1581 1585/5806/1585
f 1575/5792/1575 1579/5791/1579 1584/5802/1584
vt 0.4687649905681610 0.1798759996891022
f 1577/5793/1577 1582/5807/1582 1585/5806/1585
vt 0.4685710072517395 0.1789509952068329
f 1577/5793/1577 1585/5806/1585 1574/5808/1574
f 1578/5797/1578 1574/5808/1574 1585/5806/1585
f 1578/5797/1578 1585/5806/1585 1581/5796/1581
vt 0.4721029996871948 0.1905830055475235
vt 0.4717940092086792 0.1899500042200089
f 1576/5809/1576 1622/5795/1622 1572/5810/1572
f 1576/5809/1576 1625/5784/1625 1622/5795/1622
vt 0.4688790142536163 0.1805330067873001
vt 0.4663676321506500 0.1792513132095337
f 1573/5811/1573 1575/5803/1575 1585/5812/1585
f 1573/5811/1573 1585/5812/1585 1582/5807/1582
vt 0.4692209959030151 0.1823229938745499
f 1575/5803/1575 1584/5813/1584 1585/5812/1585
vt 0.4058037698268890 0.4742546975612640
f 1553/5814/1553 1701/5579/1701 1580/5724/1580
vt 0.5727197527885437 0.5974980592727661
vt 0.5787944793701172 0.5952572822570801
f 1493/5661/1493 1571/5815/1571 1618/5816/1618
vt 0.4697947502136230 0.1844880282878876
f 1584/5813/1584 1579/5817/1579 1585/5812/1585
vt 0.2289253771305084 0.6111136674880981
vt 0.2471307069063187 0.6081529855728149
vt 0.2380297183990479 0.6126186251640320
f 1492/5818/1492 1556/5819/1556 1524/5820/1524
vt 0.0639887526631355 0.7367153763771057
vt 0.0708892866969109 0.7322344779968262
vt 0.0782638788223267 0.7404724955558777
f 1521/5821/1521 1545/5822/1545 1712/5823/1712
vt 0.4708641767501831 0.1972433924674988
vt 0.4628549814224243 0.2026651501655579
f 1519/5509/1519 1562/5824/1562 1625/5825/1625
vt 0.4595847129821777 0.1856881529092789
f 1579/5817/1579 1623/5826/1623 1585/5812/1585
f 1510/5638/1510 1549/5637/1549 1692/5743/1692
vt 0.4434116184711456 0.8526571393013000
f 1716/5722/1716 1618/5733/1618 1631/5827/1631
vt 0.5811894536018372 0.6881539225578308
vt 0.5801721215248108 0.6854110956192017
f 1590/5828/1590 1563/5786/1563 1601/5829/1601
vt 0.4694198668003082 0.1880582720041275
f 1579/5817/1579 1622/5830/1622 1623/5826/1623
vt 0.4194836020469666 0.4699347019195557
vt 0.4166422188282013 0.4653466641902924
f 1441/5831/1441 1580/5724/1580 1596/5832/1596
vt 0.6401125192642212 0.0752411708235741
vt 0.6335701346397400 0.0647901073098183
vt 0.6440508365631104 0.0631787776947021
f 1637/5833/1637 1616/5834/1616 1629/5835/1629
vt 0.4838228225708008 0.2353595346212387
vt 0.4805825352668762 0.2374991327524185
f 1587/5836/1587 1591/5443/1591 1655/5837/1655
vt 0.8289793729782104 0.8001521825790405
vt 0.8222695589065552 0.8079643249511719
vt 0.8232686519622803 0.7999536395072937
f 1543/5838/1543 1483/5839/1483 1588/5840/1588
vt 0.6344217658042908 0.1570683270692825
vt 0.6451747417449951 0.1602771282196045
f 1767/5670/1767 1627/5841/1627 1539/5842/1539
vt 0.8888491392135620 0.6800376772880554
vt 0.8955748677253723 0.6719157099723816
vt 0.8946794867515564 0.6788444519042969
f 1608/5843/1608 1533/5844/1533 1615/5845/1615
vt 0.4773323833942413 0.2143226563930511
vt 0.4757069945335388 0.2128749936819077
f 1587/5846/1587 1594/5847/1594 1583/5741/1583
vt 0.6471836566925049 0.1521361321210861
vt 0.6431060433387756 0.1441143006086349
vt 0.6483680009841919 0.1457385271787643
f 1539/5848/1539 1617/5849/1617 1557/5850/1557
vt 0.6329607367515564 0.0458951964974403
vt 0.6339480280876160 0.0454960018396378
f 1590/5851/1590 1595/5852/1595 1616/5658/1616
vt 0.2385569959878922 0.6020100116729736
f 1556/5819/1556 1492/5800/1492 1681/5853/1681
vt 0.4876093864440918 0.2466701567173004
vt 0.4820131659507751 0.2437720298767090
f 1591/5443/1591 1608/5854/1608 1655/5855/1655
vt 0.9036788344383240 0.6236940026283264
f 1551/5583/1551 1724/5856/1724 1526/5587/1526
vt 0.4756090044975281 0.2132579982280731
f 1587/5846/1587 1599/5857/1599 1594/5847/1594
vt 0.4749283790588379 0.2084195166826248
vt 0.4735261499881744 0.2095108926296234
vt 0.4731325209140778 0.2056771814823151
f 1561/5858/1561 1609/5859/1609 1562/5860/1562
vt 0.4752579927444458 0.2130579948425293
f 1594/5847/1594 1599/5861/1599 1583/5741/1583
vt 0.4751070141792297 0.2135149985551834
f 1594/5847/1594 1598/5862/1598 1599/5861/1599
vt 0.5805322527885437 0.6814466714859009
vt 0.5805162787437439 0.6839109659194946
f 1563/5786/1563 1597/5863/1597 1601/5864/1601
vt 0.5720379948616028 0.5955399870872498
vt 0.5728790163993835 0.5955659747123718
f 1571/5815/1571 1600/5865/1600 1618/5866/1618
vt 0.4750786721706390 0.2160066962242126
f 1599/5857/1599 1587/5867/1587 1598/5862/1598
vt 0.6331493258476257 0.0443085655570030
vt 0.6340469717979431 0.0447710007429123
vt 0.6337239742279053 0.0451439991593361
f 1590/5868/1590 1602/5869/1602 1595/5870/1595
vt 0.6357714533805847 0.0427931696176529
f 1590/5868/1590 1601/5871/1601 1602/5869/1602
vt 0.6393762826919556 0.7879073619842529
vt 0.6485350728034973 0.7969653010368347
f 1714/5872/1714 1611/5618/1611 1644/5873/1644
vt 0.4747303426265717 0.2102317512035370
vt 0.4731794595718384 0.2110019922256470
f 1561/5874/1561 1583/5741/1583 1609/5875/1609
vt 0.5113082528114319 0.5962693691253662
vt 0.5106280446052551 0.5927126407623291
vt 0.5137026309967041 0.5787290334701538
f 1520/5876/1520 1409/5877/1409 1628/5878/1628
vt 0.6345930099487305 0.0447579994797707
f 1595/5870/1595 1602/5869/1602 1606/5879/1606
vt 0.8215050101280212 0.7918360233306885
vt 0.8211560249328613 0.7920870184898376
f 1546/5640/1546 1588/5880/1588 1607/5881/1607
vt 0.4738938510417938 0.2134216427803040
f 1583/5741/1583 1599/5861/1599 1609/5882/1609
vt 0.5716760158538818 0.5958859920501709
vt 0.5684887170791626 0.5985966324806213
vt 0.5714470148086548 0.5954160094261169
f 1600/5883/1600 1571/5884/1571 1610/5885/1610
f 1599/5861/1599 1598/5862/1598 1609/5882/1609
vt 0.6395540237426758 0.0520253106951714
f 1616/5658/1616 1595/5852/1595 1621/5886/1621
vt 0.6342800259590149 0.0451319999992847
f 1595/5852/1595 1602/5887/1602 1621/5886/1621
vt 0.5709624290466309 0.5915790200233459
f 1571/5884/1571 1604/5888/1604 1610/5885/1610
vt 0.4841357767581940 0.2507080733776093
vt 0.4826242029666901 0.2478714734315872
f 1608/5854/1608 1615/5889/1615 1655/5890/1655
f 1587/5867/1587 1609/5882/1609 1598/5862/1598
vt 0.6348693966865540 0.0592682287096977
f 1616/5891/1616 1621/5886/1621 1629/5835/1629
f 1602/5869/1602 1601/5871/1601 1606/5879/1606
vt 0.5716400146484375 0.5949320197105408
f 1600/5865/1600 1610/5885/1610 1612/5892/1612
vt 0.5719580054283142 0.5951309800148010
vt 0.5756731033325195 0.5941667556762695
f 1600/5865/1600 1610/5893/1610 1618/5894/1618
vt 0.8213350176811218 0.7923099994659424
vt 0.8223469257354736 0.7955424189567566
vt 0.8206819891929626 0.7926689982414246
f 1607/5895/1607 1588/5896/1588 1613/5897/1613
f 1610/5885/1610 1604/5888/1604 1612/5892/1612
f 1602/5887/1602 1606/5879/1606 1621/5886/1621
vt 0.4729480743408203 0.2091645747423172
vt 0.4634606242179871 0.2059378474950790
f 1609/5898/1609 1625/5899/1625 1562/5860/1562
vt 0.8205527067184448 0.7932469844818115
f 1588/5896/1588 1680/5900/1680 1613/5897/1613
vt 0.8209959864616394 0.7923920154571533
f 1607/5881/1607 1614/5901/1614 1613/5897/1613
vt 0.8215060234069824 0.7889412641525269
f 1607/5881/1607 1613/5897/1613 1546/5902/1546
vt 0.5753582119941711 0.6749860048294067
f 1563/5786/1563 1718/5903/1718 1597/5863/1597
f 1610/5893/1610 1612/5892/1612 1618/5894/1618
vt 0.2482991367578506 0.6504520773887634
vt 0.2487744390964508 0.6449792385101318
vt 0.2556416988372803 0.6481258869171143
f 1538/5904/1538 1717/5905/1717 1663/5906/1663
f 1606/5879/1606 1601/5871/1601 1621/5886/1621
vt 0.5717903375625610 0.5938580036163330
f 1612/5892/1612 1604/5907/1604 1618/5894/1618
vt 0.4452461004257202 0.4587050974369049
f 1596/5758/1596 1626/5908/1626 1531/5614/1531
vt 0.8200268745422363 0.7933540940284729
f 1613/5897/1613 1680/5909/1680 1546/5902/1546
vt 0.8999750018119812 0.6701818704605103
vt 0.8951325416564941 0.6630068421363831
vt 0.8993730545043945 0.6618866324424744
f 1533/5910/1533 1558/5911/1558 1661/5912/1661
vt 0.5572330355644226 0.5951481461524963
vt 0.5619034171104431 0.5899589657783508
f 1571/5602/1571 1589/5913/1589 1604/5914/1604
vt 0.5541844964027405 0.6858828663825989
vt 0.5455056428909302 0.6823511123657227
vt 0.5513265728950500 0.6760611534118652
f 1620/5915/1620 1513/5916/1513 1722/5917/1722
vt 0.5110946893692017 0.6883124113082886
vt 0.5125301480293274 0.6829327344894409
vt 0.5163910984992981 0.6867668628692627
f 1538/5918/1538 1663/5919/1663 1642/5920/1642
vt 0.4524637758731842 0.1709040999412537
vt 0.4598751962184906 0.1696615964174271
f 1623/5804/1623 1817/5921/1817 1517/5922/1517
vt 0.5742742419242859 0.6793735027313232
f 1563/5786/1563 1620/5765/1620 1718/5923/1718
vt 0.5724514126777649 0.5900569558143616
vt 0.5797945261001587 0.5846030116081238
f 1618/5894/1618 1604/5924/1604 1679/5925/1679
vt 0.2414081096649170 0.6275439858436584
vt 0.2444618195295334 0.6205396652221680
vt 0.2591467797756195 0.6357764601707458
f 1485/5926/1485 1524/5927/1524 1717/5928/1717
vt 0.6698055267333984 0.7779260277748108
vt 0.6743786931037903 0.7953714132308960
vt 0.6689565181732178 0.7848516106605530
f 1540/5929/1540 1699/5930/1699 1394/5931/1394
vt 0.5387549996376038 0.1615237742662430
vt 0.5462139248847961 0.1712186485528946
f 1695/5932/1695 1531/5711/1531 1723/5933/1723
vt 0.4411785900592804 0.4554795026779175
f 1596/5758/1596 1677/5934/1677 1626/5908/1626
vt 0.8218636512756348 0.7963813543319702
vt 0.8177474737167358 0.7993060350418091
f 1588/5935/1588 1483/5839/1483 1680/5936/1680
vt 0.9023981690406799 0.6397383809089661
f 1526/5587/1526 1724/5856/1724 1603/5937/1603
vt 0.6298160552978516 0.1478514522314072
f 1617/5849/1617 1539/5848/1539 1706/5938/1706
vt 0.0750842019915581 0.7286518812179565
vt 0.0779265165328979 0.7247942686080933
vt 0.0864856317639351 0.7233957052230835
f 1545/5939/1545 1525/5940/1525 1667/5941/1667
vt 0.8994162678718567 0.6749647259712219
vt 0.8971885442733765 0.6779557466506958
f 1533/5844/1533 1658/5942/1658 1615/5943/1615
vt 0.5863815546035767 0.5898198485374451
vt 0.5839719176292419 0.5935083627700806
vt 0.5841220021247864 0.5897859930992126
f 1631/5944/1631 1618/5945/1618 1630/5946/1630
vt 0.5835750102996826 0.5889769792556763
f 1630/5946/1630 1618/5945/1618 1632/5947/1632
vt 0.5839669704437256 0.5893729925155640
f 1630/5946/1630 1632/5947/1632 1633/5948/1633
f 1618/5945/1618 1679/5925/1679 1632/5947/1632
vt 0.9866724014282227 0.2540027797222137
vt 0.9890864491462708 0.2484252303838730
vt 0.9917435646057129 0.2491341382265091
f 1531/5949/1531 1626/5950/1626 1638/5951/1638
vt 0.5844249725341797 0.5894560217857361
f 1630/5952/1630 1632/5947/1632 1631/5944/1631
vt 0.0700790733098984 0.7614700198173523
vt 0.0783137381076813 0.7594899535179138
vt 0.0720093697309494 0.7635290622711182
f 1619/5953/1619 1709/5954/1709 1605/5955/1605
vt 0.0717667862772942 0.7559145689010620
f 1641/5956/1641 1709/5954/1709 1619/5953/1619
vt 0.5842563509941101 0.5884726047515869
f 1632/5947/1632 1679/5925/1679 1631/5957/1631
vt 0.0724830254912376 0.7498437762260437
vt 0.0758969113230705 0.7464250922203064
vt 0.0769169181585312 0.7514609098434448
f 1619/5958/1619 1516/5959/1516 1641/5960/1641
vt 0.6260815858840942 0.6770445108413696
vt 0.6184212565422058 0.6760902404785156
f 1624/5961/1624 1592/5781/1592 1690/5962/1690
vt 0.6409460902214050 0.1503635793924332
f 1539/5963/1539 1627/5841/1627 1706/5938/1706
vt 0.9939962625503540 0.2512386143207550
vt 0.9928340911865234 0.2489916831254959
vt 0.9948769807815552 0.2484389394521713
f 1531/5964/1531 1638/5965/1638 1647/5966/1647
vt 0.4382874667644501 0.4591574370861053
vt 0.4325595498085022 0.4554347991943359
f 1596/5967/1596 1700/5968/1700 1677/5934/1677
vt 0.2452275305986404 0.5815908908843994
vt 0.2526848018169403 0.5794077515602112
f 1681/5969/1681 1522/5776/1522 1653/5970/1653
vt 0.4586578607559204 0.1640532463788986
vt 0.4502575993537903 0.1623571962118149
f 1517/5971/1517 1817/5921/1817 1711/5972/1711
f 1552/5539/1552 1712/5823/1712 1516/5959/1516
vt 0.6853253841400146 0.7861462235450745
vt 0.6858274936676025 0.7959741950035095
vt 0.6788384914398193 0.7878919243812561
f 1517/5973/1517 1711/5974/1711 1540/5975/1540
vt 0.3126963675022125 0.7886951565742493
vt 0.3171359002590179 0.7984606027603149
vt 0.3135139048099518 0.8078149557113647
f 1687/5976/1687 1674/5977/1674 1409/5978/1409
vt 0.9931839704513550 0.2483409941196442
f 1638/5965/1638 1635/5979/1635 1647/5966/1647
vt 0.2412502765655518 0.5721211433410645
vt 0.2441114038228989 0.5686446428298950
vt 0.2546178400516510 0.5715062618255615
f 1605/5980/1605 1656/5981/1656 1756/5982/1756
vt 0.2429289519786835 0.5722819566726685
f 1522/5776/1522 1605/5983/1605 1653/5970/1653
vt 0.9751151204109192 0.5923922061920166
vt 0.9649448394775391 0.5901556611061096
f 1506/5466/1506 1714/5984/1714 1767/5985/1767
vt 0.5461176037788391 0.5905737280845642
vt 0.5589905977249146 0.5874286293983459
f 1589/5597/1589 1634/5986/1634 1604/5987/1604
vt 0.9938390254974365 0.2480459958314896
f 1647/5966/1647 1635/5979/1635 1636/5988/1636
vt 0.9919574856758118 0.2475697100162506
vt 0.9931690096855164 0.2474910020828247
vt 0.9929879903793335 0.2480739951133728
f 1638/5989/1638 1636/5990/1636 1635/5991/1635
vt 0.9934620261192322 0.2471929937601089
f 1638/5989/1638 1639/5992/1639 1636/5990/1636
vt 0.8989705443382263 0.6787075400352478
vt 0.9002820253372192 0.6775709986686707
f 1615/5993/1615 1658/5942/1658 1649/5994/1649
vt 0.9941939711570740 0.2474620044231415
f 1647/5966/1647 1636/5988/1636 1639/5995/1639
vt 0.5396118760108948 0.6767681837081909
vt 0.5464340448379517 0.6719068884849548
f 1513/5916/1513 1642/5996/1642 1722/5997/1722
vt 0.4732955098152161 0.2228036075830460
vt 0.4694133400917053 0.2310879081487656
vt 0.4663515985012054 0.2249407321214676
f 1587/5998/1587 1655/5999/1655 1664/6000/1664
vt 0.6224694848060608 0.6750296354293823
vt 0.6223127841949463 0.6731497645378113
f 1624/5961/1624 1690/6001/1690 1512/6002/1512
vt 0.9933620095252991 0.2479999959468842
f 1635/5979/1635 1640/6003/1640 1636/5988/1636
vt 0.4786210060119629 0.2526069879531860
vt 0.4783799946308136 0.2534019947052002
vt 0.4783349931240082 0.2528769969940186
f 1615/6004/1615 1645/6005/1645 1655/6006/1655
vt 0.9006059765815735 0.6788949966430664
vt 0.9005349874496460 0.6794440150260925
f 1615/5993/1615 1646/6007/1646 1645/6008/1645
vt 0.9930267930030823 0.2460867911577225
vt 0.9932749867439270 0.2468950003385544
f 1638/5989/1638 1626/6009/1626 1639/6010/1639
vt 0.5336694717407227 0.1667583286762238
vt 0.5374992489814758 0.1710173934698105
vt 0.5343745350837708 0.1724020987749100
f 1551/6011/1551 1695/6012/1695 1724/6013/1724
vt 0.8989186286926270 0.6787334084510803
vt 0.9018281698226929 0.6773484945297241
vt 0.9008730053901672 0.6785060167312622
f 1615/6014/1615 1649/6015/1649 1643/6016/1643
f 1615/6014/1615 1643/6016/1643 1646/6007/1646
vt 0.8123984336853027 0.7940282225608826
f 1546/5902/1546 1680/6017/1680 1592/5697/1592
vt 0.6754975318908691 0.7911562919616699
f 1540/5975/1540 1711/5974/1711 1699/6018/1699
f 1645/6008/1645 1646/6007/1646 1643/6016/1643
vt 0.6606107950210571 0.7978855967521667
f 1611/5618/1611 1684/6019/1684 1644/5873/1644
vt 0.9008830189704895 0.6792929768562317
vt 0.9008759856224060 0.6788690090179443
vt 0.9039201736450195 0.6777365207672119
f 1645/6020/1645 1646/6021/1646 1649/6022/1649
vt 0.9023655056953430 0.6796147227287292
f 1645/6020/1645 1649/6022/1649 1655/6023/1655
f 1646/6021/1646 1643/6016/1643 1649/6022/1649
vt 0.9937180280685425 0.2465070039033890
f 1639/6010/1639 1626/6009/1626 1648/6024/1648
vt 0.5532130002975464 0.5873569846153259
f 1604/5987/1604 1634/5986/1634 1650/6025/1650
vt 0.3194012939929962 0.7996414899826050
vt 0.3173854947090149 0.8021647334098816
f 1674/6026/1674 1678/6027/1678 1409/5978/1409
vt 0.9942982196807861 0.2464600950479507
vt 0.9944769740104675 0.2467470020055771
f 1639/5995/1639 1652/6028/1652 1648/6029/1648
f 1639/5995/1639 1648/6029/1648 1647/5966/1647
vt 0.4705124199390411 0.2223358005285263
vt 0.4640408754348755 0.2193795889616013
f 1587/6030/1587 1664/6000/1664 1609/6031/1609
vt 0.6649639010429382 0.7848199605941772
vt 0.6670249700546265 0.7979418039321899
f 1611/5618/1611 1394/6032/1394 1684/6033/1684
vt 0.9939200282096863 0.2471520006656647
vt 0.9939150214195251 0.2466620057821274
f 1639/6034/1639 1660/6035/1660 1652/6028/1652
vt 0.9936919808387756 0.2469020038843155
f 1639/6036/1639 1648/6024/1648 1660/6035/1660
vt 0.5529519915580750 0.5869860053062439
f 1634/5986/1634 1651/6037/1651 1650/6025/1650
vt 0.9956868290901184 0.2444584071636200
f 1647/5966/1647 1648/6029/1648 1652/6038/1652
vt 0.5535050034523010 0.5870339870452881
vt 0.5546365380287170 0.5864084959030151
f 1604/5987/1604 1650/6039/1650 1657/6040/1657
vt 0.9940119981765747 0.2461570054292679
f 1648/6024/1648 1626/6009/1626 1660/6041/1660
f 1605/5983/1605 1756/5982/1756 1653/5970/1653
vt 0.5508148074150085 0.5869019627571106
vt 0.5526049733161926 0.5862759947776794
vt 0.5525379776954651 0.5869470238685608
f 1634/6042/1634 1654/6043/1654 1651/6044/1651
vt 0.5529450178146362 0.5865399837493896
f 1650/6039/1650 1651/6037/1651 1654/6045/1654
vt 0.5532600283622742 0.5867769718170166
vt 0.5532047152519226 0.5837880373001099
f 1650/6039/1650 1651/6046/1651 1657/6047/1657
vt 0.5174848437309265 0.5855944156646729
vt 0.5295233726501465 0.5819776058197021
f 1520/6048/1520 1628/5878/1628 1720/6049/1720
vt 0.0802627652883530 0.7491451501846313
f 1516/5959/1516 1712/5823/1712 1641/6050/1641
vt 0.4468180537223816 0.4569490551948547
vt 0.4429461061954498 0.4523390829563141
vt 0.4472246766090393 0.4514340460300446
f 1626/6051/1626 1677/6052/1677 1660/6053/1660
f 1651/6046/1651 1654/6045/1654 1657/6047/1657
vt 0.9031336307525635 0.6660108566284180
f 1533/5844/1533 1661/5912/1661 1658/6054/1658
f 1654/6045/1654 1634/6042/1634 1657/6047/1657
vt 0.5216431617736816 0.6778441071510315
vt 0.5209050178527832 0.6759510040283203
vt 0.5215284824371338 0.6748617291450500
f 1642/6055/1642 1659/6056/1659 1671/6057/1671
vt 0.6675955057144165 0.7934663295745850
f 1394/6032/1394 1699/5930/1699 1684/6058/1684
vt 0.3208512663841248 0.7797744274139404
vt 0.3225473761558533 0.7726037502288818
vt 0.3288260698318481 0.7786158919334412
f 1593/6059/1593 1617/6060/1617 1776/6061/1776
vt 0.8166440129280090 0.8025984168052673
vt 0.8095626235008240 0.8050107955932617
f 1680/6062/1680 1483/5839/1483 1692/6063/1692
vt 0.5195298194885254 0.6764873862266541
vt 0.5203679800033569 0.6761320233345032
f 1642/6055/1642 1663/6064/1663 1665/6065/1665
f 1642/6055/1642 1665/6065/1665 1659/6056/1659
vt 0.0687667801976204 0.7687658667564392
vt 0.0781228020787239 0.7668142914772034
f 1605/6066/1605 1709/5954/1709 1662/6067/1662
vt 0.7323499917984009 0.0435125790536404
vt 0.7310888767242432 0.0542431958019733
vt 0.7254572510719299 0.0483546778559685
f 1580/6068/1580 1696/6069/1696 1596/6070/1596
vt 0.9034169912338257 0.6648259758949280
f 1661/5912/1661 1666/6071/1666 1658/6054/1658
vt 0.5540385842323303 0.1693929135799408
vt 0.5544812083244324 0.1737135946750641
f 1531/6072/1531 1652/6073/1652 1723/5933/1723
vt 0.9015586376190186 0.6549587249755859
vt 0.9035664200782776 0.6595429182052612
f 1661/6074/1661 1603/5646/1603 1703/6075/1703
vt 0.5199850201606750 0.6755049824714661
f 1659/6056/1659 1665/6065/1665 1668/6076/1668
vt 0.5204229950904846 0.6755700111389160
f 1659/6056/1659 1665/6077/1665 1671/6057/1671
vt 0.5185647606849670 0.6777961850166321
f 1665/6065/1665 1663/6078/1663 1668/6076/1668
vt 0.5234586596488953 0.6710651516914368
f 1663/6078/1663 1671/6079/1671 1668/6076/1668
vt 0.6270641684532166 0.6579245328903198
vt 0.6167439222335815 0.6514718532562256
vt 0.6103399991989136 0.6392223238945007
f 1512/6080/1512 1770/6081/1770 1667/6082/1667
vt 0.3226636946201324 0.7943997979164124
vt 0.3223159909248352 0.7954930067062378
vt 0.3216024935245514 0.7972499132156372
f 1673/6083/1673 1669/6084/1669 1674/6085/1674
vt 0.0726739317178726 0.7735161781311035
f 1605/6066/1605 1662/6067/1662 1656/6086/1656
vt 0.3153591156005859 0.8042690753936768
vt 0.3212934732437134 0.8039633035659790
vt 0.3219069540500641 0.8178456425666809
f 1409/6087/1409 1678/6088/1678 1628/6089/1628
vt 0.9040110111236572 0.6639500260353088
f 1661/5912/1661 1672/6090/1672 1666/6071/1666
vt 0.9036610126495361 0.6645159721374512
f 1666/6071/1666 1672/6090/1672 1670/6091/1670
vt 0.0764151737093925 0.7715262770652771
vt 0.0763703808188438 0.7736569046974182
f 1656/6086/1656 1693/6092/1693 1756/6093/1756
vt 0.5234568119049072 0.6709243059158325
f 1665/6077/1665 1668/6076/1668 1671/6094/1671
vt 0.9036419987678528 0.6650230288505554
vt 0.9063792228698730 0.6630231738090515
f 1658/6054/1658 1666/6095/1666 1703/6096/1703
vt 0.3197680115699768 0.7929819822311401
vt 0.3233525156974792 0.7921602725982666
f 1674/6097/1674 1687/6098/1687 1673/6083/1673
vt 0.9040110111236572 0.6642869710922241
f 1666/6095/1666 1672/6099/1672 1703/6096/1703
vt 0.5528908371925354 0.6748027205467224
vt 0.5594614744186401 0.6592366099357605
vt 0.5567932724952698 0.6768528223037720
f 1722/6100/1722 1863/6101/1863 1620/6102/1620
vt 0.3232123255729675 0.7964340448379517
f 1669/6084/1669 1678/6103/1678 1674/6085/1674
vt 0.3227919936180115 0.7952830195426941
vt 0.3226189911365509 0.7954249978065491
f 1673/6083/1673 1676/6104/1676 1669/6105/1669
vt 0.9048569202423096 0.6624709367752075
f 1661/5912/1661 1703/6106/1703 1672/6090/1672
vt 0.3232989907264709 0.7953270077705383
f 1669/6105/1669 1676/6104/1676 1675/6107/1675
vt 0.3228609859943390 0.7955399751663208
f 1669/6105/1669 1676/6108/1676 1678/6103/1678
vt 0.5512070059776306 0.5821319818496704
vt 0.5483961701393127 0.5820301175117493
vt 0.5522974729537964 0.5791639685630798
f 1657/6109/1657 1634/6110/1634 1702/6111/1702
vt 0.0263791847974062 0.3872317969799042
vt 0.0284181181341410 0.3838903307914734
vt 0.0303099546581507 0.3889902234077454
f 1531/6112/1531 1647/6113/1647 1652/6114/1652
f 1673/6083/1673 1675/6107/1675 1676/6104/1676
vt 0.6094233989715576 0.6655653119087219
vt 0.6098649501800537 0.6541525125503540
f 1512/6080/1512 1690/6115/1690 1770/6116/1770
f 1676/6108/1676 1675/6107/1675 1678/6103/1678
vt 0.6421391963958740 0.0448047518730164
vt 0.6501220464706421 0.0450143516063690
f 1621/5886/1621 1601/6117/1601 1597/6118/1597
vt 0.3267902731895447 0.7942576408386230
f 1678/6103/1678 1675/6107/1675 1673/6119/1673
vt 0.5663095116615295 0.5756570100784302
vt 0.5754544734954834 0.5760231614112854
vt 0.5725147128105164 0.5854451656341553
f 1736/6120/1736 1679/6121/1679 1604/6122/1604
vt 0.4364661276340485 0.8540480732917786
vt 0.4320137500762939 0.8521763682365417
f 1716/5722/1716 1631/6123/1631 1679/6124/1679
vt 0.5571025013923645 0.5823844075202942
vt 0.5636776089668274 0.5752799510955811
vt 0.5623152852058411 0.5841250419616699
f 1657/6125/1657 1736/6126/1736 1604/6127/1604
vt 0.4624584317207336 0.1915110945701599
vt 0.4628607034683228 0.2026576101779938
vt 0.4498723447322845 0.1959661543369293
f 1622/6128/1622 1625/6129/1625 1778/6130/1778
vt 0.4720356166362762 0.2502359747886658
vt 0.4763309657573700 0.2534697949886322
vt 0.4730097353458405 0.2553308904170990
f 1783/6131/1783 1655/6132/1655 1649/6133/1649
vt 0.7349394559860229 0.0443431511521339
vt 0.7422502040863037 0.0493699908256531
vt 0.7320330142974854 0.0485212914645672
f 1580/6134/1580 1701/6135/1701 1696/6136/1696
vt 0.0773999989032745 0.7697889804840088
f 1662/6067/1662 1682/6137/1682 1656/6086/1656
vt 0.0864261239767075 0.7334195375442505
vt 0.0859685912728310 0.7381910681724548
f 1667/5941/1667 1725/6138/1725 1545/6139/1545
vt 0.3212073445320129 0.7890124917030334
vt 0.3231640756130219 0.7849723100662231
vt 0.3247950077056885 0.7885500192642212
f 1687/6140/1687 1593/6141/1593 1683/6142/1683
vt 0.4598630666732788 0.1931107044219971
f 1622/6143/1622 1778/6130/1778 1623/5826/1623
vt 0.5664153695106506 0.6773359775543213
vt 0.5656621456146240 0.6639102101325989
vt 0.5738515257835388 0.6698058247566223
f 1620/6144/1620 1863/6145/1863 1718/6146/1718
vt 0.3248159885406494 0.7888429760932922
f 1687/6140/1687 1683/6142/1683 1688/6147/1688
vt 0.3269163668155670 0.7871558666229248
f 1593/6141/1593 1694/6148/1694 1683/6142/1683
f 1657/6125/1657 1702/6111/1702 1736/6126/1736
vt 0.0778139978647232 0.7697820067405701
f 1662/6067/1662 1685/6149/1685 1682/6137/1682
vt 0.0773100033402443 0.7703899741172791
vt 0.0776499062776566 0.7713037133216858
f 1656/6086/1656 1686/6150/1686 1693/6151/1693
vt 0.0774480029940605 0.7701489925384521
f 1656/6086/1656 1682/6137/1682 1686/6152/1686
vt 0.3251920044422150 0.7886719703674316
vt 0.3252759873867035 0.7890560030937195
f 1683/6142/1683 1688/6153/1688 1689/6154/1689
f 1683/6142/1683 1694/6148/1694 1688/6153/1688
vt 0.6945772171020508 0.0479034408926964
vt 0.6911773085594177 0.0462814196944237
vt 0.6910048127174377 0.0434903018176556
f 1677/6155/1677 1652/6156/1652 1660/6157/1660
vt 0.5364872217178345 0.5839042067527771
vt 0.5382094383239746 0.5784053802490234
vt 0.5391600728034973 0.5801023244857788
f 1520/6158/1520 1702/6159/1702 1634/6160/1634
vt 0.3241770267486572 0.7906565666198730
f 1688/6147/1688 1689/6154/1689 1687/6161/1687
vt 0.6104975342750549 0.6901269555091858
vt 0.6086480617523193 0.6743401885032654
f 1592/5781/1592 1792/6162/1792 1690/6163/1690
vt 0.4646455049514771 0.2127630263566971
vt 0.4589177072048187 0.2136470526456833
f 1609/6164/1609 1818/6165/1818 1625/5899/1625
vt 0.2523085176944733 0.5845844745635986
vt 0.2563087642192841 0.5826178789138794
vt 0.2538799941539764 0.5841889977455139
f 1681/6166/1681 1653/6167/1653 1691/6168/1691
vt 0.3227810859680176 0.7717747688293457
vt 0.3318155407905579 0.7721116542816162
f 1617/6169/1617 1784/6170/1784 1776/6061/1776
vt 0.0824235752224922 0.7731757164001465
f 1662/6067/1662 1704/6171/1704 1685/6149/1685
f 1682/6137/1682 1685/6149/1685 1686/6152/1686
vt 0.6470564603805542 0.0541164167225361
vt 0.6556374430656433 0.0568823590874672
vt 0.6485602855682373 0.0676203668117523
f 1621/6172/1621 1718/6173/1718 1629/6174/1629
vt 0.3277692496776581 0.7574846744537354
vt 0.3346060216426849 0.7597466707229614
vt 0.3244338631629944 0.7609080076217651
f 1706/6175/1706 1842/6176/1842 1617/6177/1617
vt 0.0776159986853600 0.7700579762458801
vt 0.0780060291290283 0.7707882523536682
f 1686/6152/1686 1682/6178/1682 1693/6179/1693
f 1687/6161/1687 1689/6154/1689 1673/6119/1673
f 1688/6153/1688 1694/6148/1694 1689/6154/1689
f 1776/6061/1776 1694/6148/1694 1593/6141/1593
vt 0.0779400020837784 0.7700799703598022
f 1682/6178/1682 1685/6180/1685 1693/6179/1693
f 1689/6154/1689 1694/6148/1694 1673/6119/1673
vt 0.6490579843521118 0.0542099997401237
f 1621/6172/1621 1597/6118/1597 1718/6181/1718
vt 0.6335398554801941 0.1571568697690964
vt 0.6258203983306885 0.1626225858926773
vt 0.6205790638923645 0.1600906699895859
f 1627/6182/1627 1767/6183/1767 1706/6184/1706
vt 0.2550599873065948 0.5841689705848694
f 1691/6168/1691 1653/6167/1653 1697/6185/1697
vt 0.2544920146465302 0.5843570232391357
f 1691/6168/1691 1697/6185/1697 1698/6186/1698
f 1685/6180/1685 1704/6171/1704 1693/6179/1693
vt 0.2539339959621429 0.5845419764518738
vt 0.2551780045032501 0.5845090150833130
f 1691/6187/1691 1697/6188/1697 1681/6166/1681
vt 0.4384543895721436 0.8382487297058105
vt 0.4293000996112823 0.8366423249244690
f 1716/6189/1716 1715/6190/1715 1549/5663/1549
vt 0.5290198326110840 0.5809307694435120
f 1520/6158/1520 1720/6191/1720 1702/6159/1702
vt 0.0778106227517128 0.7712188959121704
vt 0.0797384828329086 0.7743279933929443
f 1693/6192/1693 1704/6193/1704 1756/6093/1756
vt 0.2582318782806396 0.5856533646583557
f 1681/6166/1681 1697/6188/1697 1713/6194/1713
vt 0.2535088658332825 0.5858088135719299
vt 0.2549323737621307 0.5874587893486023
f 1681/6195/1681 1713/6194/1713 1556/6196/1556
f 1697/6185/1697 1653/6167/1653 1713/6194/1713
vt 0.0866462066769600 0.7552352547645569
f 1641/6050/1641 1719/6197/1719 1709/5954/1709
vt 0.2626034319400787 0.6479789018630981
vt 0.2686842381954193 0.6450417637825012
f 1663/6198/1663 1717/5928/1717 1821/6199/1821
vt 0.3334576785564423 0.7895677685737610
f 1776/6061/1776 1705/6200/1705 1694/6148/1694
vt 0.3565658032894135 0.3176240622997284
vt 0.3665656149387360 0.3076706230640411
vt 0.3606601357460022 0.3215013444423676
f 1723/6201/1723 1710/6202/1710 1695/6203/1695
vt 0.5217858552932739 0.5739482641220093
f 1720/6049/1720 1628/5878/1628 1721/6204/1721
vt 0.4539832770824432 0.1844978332519531
vt 0.4477816820144653 0.1852738410234451
vt 0.4515125751495361 0.1739251613616943
f 1623/6205/1623 1707/6206/1707 1817/6207/1817
vt 0.5173841714859009 0.6732273697853088
vt 0.5134074091911316 0.6724864840507507
vt 0.5181776285171509 0.6657891273498535
f 1671/6208/1671 1663/6209/1663 1708/6210/1708
vt 0.4283563196659088 0.8415151834487915
f 1716/6189/1716 1754/6211/1754 1715/6190/1715
vt 0.5258767604827881 0.5717275738716125
f 1720/6049/1720 1721/6204/1721 1732/6212/1732
vt 0.3336872160434723 0.7594657540321350
vt 0.3319218456745148 0.7637631893157959
f 1617/6177/1617 1842/6213/1842 1784/6214/1784
vt 0.3280200064182281 0.7883676290512085
f 1673/6119/1673 1694/6215/1694 1705/6200/1705
vt 0.3320339620113373 0.7906441092491150
vt 0.3260091543197632 0.8001562952995300
f 1673/6119/1673 1705/6216/1705 1678/6217/1678
vt 0.5527699589729309 0.5716234445571899
f 1702/6111/1702 1904/6218/1904 1736/6126/1736
vt 0.4507664740085602 0.1917382925748825
vt 0.4475801289081573 0.1853091269731522
f 1623/5826/1623 1778/6219/1778 1707/6220/1707
vt 0.5344491004943848 0.6715141534805298
vt 0.5288300514221191 0.6628991961479187
f 1642/6221/1642 1671/6079/1671 1708/6222/1708
vt 0.0846152976155281 0.7459543943405151
vt 0.0890151634812355 0.7500995397567749
f 1641/6050/1641 1712/6223/1712 1769/6224/1769
vt 0.0945973321795464 0.7281000614166260
vt 0.0878501981496811 0.7330119013786316
f 1667/5941/1667 1771/6225/1771 1725/6226/1725
vt 0.3684014081954956 0.3292729258537292
f 1724/6227/1724 1695/6203/1695 1710/6202/1710
vt 0.4607912898063660 0.2280935496091843
vt 0.4620271921157837 0.2371868640184402
f 1664/6228/1664 1655/5999/1655 1783/6229/1783
vt 0.7537113428115845 0.0503267832100391
vt 0.7538933157920837 0.0630352273583412
vt 0.7464573383331299 0.0570455268025398
f 1637/6230/1637 1629/6231/1629 1701/6232/1701
f 1641/6050/1641 1769/6224/1769 1719/6197/1719
vt 0.2568322122097015 0.6163544058799744
vt 0.2580581009387970 0.6109402179718018
vt 0.2708999514579773 0.6094348430633545
f 1524/6233/1524 1556/6234/1556 1739/6235/1739
vt 0.2611795663833618 0.6176106333732605
f 1524/6233/1524 1739/6235/1739 1779/6236/1779
vt 0.6743022799491882 0.8096288442611694
f 1684/6033/1684 1699/5930/1699 1774/6237/1774
vt 0.0806097015738487 0.7651388645172119
vt 0.0834314897656441 0.7631558775901794
f 1662/6238/1662 1709/6239/1709 1704/6171/1704
vt 0.3736087977886200 0.3243468999862671
f 1724/6227/1724 1710/6202/1710 1761/6240/1761
vt 0.8069955110549927 0.8282131552696228
vt 0.8032135963439941 0.8273038268089294
f 1692/5743/1692 1549/6241/1549 1715/6242/1715
vt 0.8044397830963135 0.8209410309791565
f 1692/5743/1692 1715/6242/1715 1775/6243/1775
vt 0.2623668313026428 0.5804076790809631
f 1653/6167/1653 1756/6244/1756 1713/6194/1713
vt 0.4142656624317169 0.0979170426726341
vt 0.4179404079914093 0.0913566201925278
vt 0.4195169210433960 0.0985168740153313
f 1603/6245/1603 1782/6246/1782 1703/6247/1703
vt 0.4352543056011200 0.0975653678178787
vt 0.4323459863662720 0.0907032117247581
vt 0.4400008320808411 0.0981941819190979
f 1703/6248/1703 1819/6249/1819 1658/6250/1658
vt 0.5282402634620667 0.5729430913925171
vt 0.5320417881011963 0.5715926885604858
f 1720/6191/1720 1732/6251/1732 1702/6252/1702
vt 0.8083347678184509 0.7838687300682068
vt 0.8049975633621216 0.7817868590354919
f 1680/6253/1680 1758/6254/1758 1592/5697/1592
vt 0.3307183682918549 0.8020343184471130
vt 0.3314712643623352 0.8051675558090210
f 1678/6255/1678 1705/6216/1705 1838/6256/1838
vt 0.0871079713106155 0.7382681965827942
vt 0.0908902958035469 0.7440395951271057
f 1712/5823/1712 1545/6257/1545 1725/6258/1725
vt 0.4522121250629425 0.2040363550186157
f 1625/6129/1625 1818/6259/1818 1778/6130/1778
vt 0.3448498845100403 0.2974691987037659
vt 0.3483203649520874 0.2915974557399750
vt 0.3511033952236176 0.3040104210376740
f 1652/6260/1652 1677/6261/1677 1723/6262/1723
vt 0.5191683173179626 0.5706311464309692
f 1721/6204/1721 1628/5878/1628 1735/6263/1735
vt 0.0817386433482170 0.7598170638084412
vt 0.0866492092609406 0.7552455067634583
vt 0.0878023281693459 0.7610087990760803
f 1709/6264/1709 1719/6265/1719 1704/6266/1704
f 1712/6223/1712 1725/6258/1725 1769/6224/1769
vt 0.4477448165416718 0.0975494906306267
vt 0.4419916570186615 0.0939410552382469
vt 0.4489589631557465 0.0920502394437790
f 1649/6267/1649 1658/6268/1658 1783/6269/1783
vt 0.2659716606140137 0.6266539692878723
vt 0.2736777067184448 0.6327716708183289
f 1717/5928/1717 1524/6270/1524 1821/6271/1821
vt 0.8082169294357300 0.7993978857994080
vt 0.8050448298454285 0.7973597049713135
f 1680/6017/1680 1692/6272/1692 1775/6273/1775
vt 0.4257228672504425 0.0973795205354691
vt 0.4196919798851013 0.0920135825872421
f 1703/6274/1703 1782/6275/1782 1819/6249/1819
vt 0.5980808138847351 0.6428360939025879
vt 0.6010543107986450 0.6358040571212769
f 1667/6082/1667 1770/6276/1770 1771/6277/1771
vt 0.2839862406253815 0.6513490080833435
vt 0.2818171381950378 0.6442911624908447
vt 0.2917957305908203 0.6401708126068115
f 1708/6278/1708 1663/6279/1663 1821/6280/1821
vt 0.5350380539894104 0.6707638502120972
vt 0.5335562229156494 0.6643722057342529
vt 0.5365808010101318 0.6640438437461853
f 1642/6281/1642 1708/6282/1708 1722/6283/1722
vt 0.5224410295486450 0.5711730122566223
f 1721/6204/1721 1726/6284/1726 1732/6212/1732
vt 0.5220779776573181 0.5709040164947510
f 1721/6204/1721 1735/6263/1735 1727/6285/1727
f 1721/6204/1721 1727/6285/1727 1726/6284/1726
vt 0.5221199989318848 0.5702160000801086
f 1726/6284/1726 1727/6285/1727 1728/6286/1728
vt 0.5224159955978394 0.5707020163536072
f 1726/6284/1726 1727/6287/1727 1732/6212/1732
vt 0.3889615237712860 0.0916776210069656
vt 0.3959358930587769 0.0870052948594093
vt 0.4039095342159271 0.0929784327745438
f 1724/6288/1724 1748/6289/1748 1603/6290/1603
vt 0.3590290248394012 0.2958949208259583
f 1710/6202/1710 1723/6262/1723 1804/6291/1804
vt 0.6598148345947266 0.8019564747810364
vt 0.6600822806358337 0.8131220340728760
vt 0.6524269580841064 0.8066419959068298
f 1684/6292/1684 1774/6293/1774 1644/6294/1644
vt 0.3815706074237823 0.3431839644908905
vt 0.3792937397956848 0.3333703279495239
vt 0.3847349286079407 0.3385971486568451
f 1724/6295/1724 1761/6296/1761 1763/6297/1763
vt 0.9706978201866150 0.6016929149627686
vt 0.9787874817848206 0.5993536710739136
vt 0.9727506637573242 0.6069657206535339
f 1767/6298/1767 1714/6299/1714 1802/6300/1802
f 1727/6285/1727 1735/6263/1735 1728/6286/1728
f 1727/6287/1727 1728/6286/1728 1732/6212/1732
vt 0.4437325298786163 0.0868976563215256
f 1658/6268/1658 1819/6301/1819 1783/6269/1783
vt 0.5195015668869019 0.5644401311874390
vt 0.5206636190414429 0.5679967403411865
vt 0.5135616064071655 0.5650262236595154
f 1732/6302/1732 1735/6303/1735 1628/6304/1628
vt 0.3364097177982330 0.8035634160041809
vt 0.3391081094741821 0.8100124001502991
vt 0.3323497474193573 0.8097431063652039
f 1838/6305/1838 1628/6306/1628 1678/6307/1678
f 1728/6286/1728 1735/6263/1735 1732/6212/1732
vt 0.4273539781570435 0.8469251990318298
vt 0.4268909394741058 0.8483011126518250
f 1754/6308/1754 1716/5722/1716 1679/6309/1679
vt 0.0896468684077263 0.7571078538894653
vt 0.0887769982218742 0.7591789960861206
f 1704/6266/1704 1719/6310/1719 1730/6311/1730
vt 0.0889180004596710 0.7587760090827942
f 1719/6310/1719 1731/6312/1731 1730/6311/1730
vt 0.9894263744354248 0.5965406298637390
vt 0.9897232055664062 0.6086468696594238
vt 0.9792251586914062 0.6027131080627441
f 1644/6313/1644 1774/6314/1774 1714/6315/1714
vt 0.8041369915008545 0.7963690161705017
f 1775/6273/1775 1741/6316/1741 1680/6017/1680
vt 0.3450506925582886 0.7831170558929443
vt 0.3376072943210602 0.7860357761383057
f 1705/6200/1705 1776/6317/1776 1838/6318/1838
vt 0.1187748312950134 0.1289580315351486
vt 0.1194190010428429 0.1274120062589645
vt 0.1225139424204826 0.1283035576343536
f 1729/6319/1729 1733/6320/1733 1724/6321/1724
vt 0.0893250033259392 0.7587670087814331
f 1730/6311/1730 1731/6312/1731 1734/6322/1734
vt 0.0891169980168343 0.7590370178222656
vt 0.0943309888243675 0.7607416510581970
f 1730/6311/1730 1731/6323/1731 1750/6324/1750
vt 0.0886053666472435 0.7609562873840332
f 1730/6311/1730 1750/6324/1750 1704/6325/1704
vt 0.7384774684906006 0.0690838471055031
f 1696/6069/1696 1701/6135/1701 1755/6326/1755
f 1719/6310/1719 1734/6322/1734 1731/6312/1731
vt 0.6949458122253418 0.0493642538785934
vt 0.7044318318367004 0.0477364733815193
vt 0.6962131857872009 0.0598979555070400
f 1677/6327/1677 1700/6328/1700 1747/6329/1747
vt 0.8040249347686768 0.7809797525405884
vt 0.8075343966484070 0.7871297001838684
vt 0.8026111125946045 0.7845491766929626
f 1758/6330/1758 1680/6331/1680 1741/6332/1741
vt 0.2498675584793091 0.6048585176467896
vt 0.2674584388732910 0.5928213000297546
vt 0.2694355547428131 0.6076798439025879
f 1556/6333/1556 1713/6334/1713 1739/6335/1739
vt 0.5081555247306824 0.5599180459976196
vt 0.5139197707176208 0.5538487434387207
vt 0.5170533657073975 0.5602145195007324
f 1628/6336/1628 1838/6337/1838 1732/6338/1732
f 1731/6323/1731 1734/6322/1734 1750/6324/1750
vt 0.7135832905769348 0.0554404817521572
vt 0.7055764794349670 0.0609986223280430
f 1596/6339/1596 1789/6340/1789 1700/6328/1700
vt 0.1185603290796280 0.1254434734582901
f 1724/6321/1724 1733/6320/1733 1748/6341/1748
vt 0.3978026509284973 0.0859049633145332
vt 0.4035108089447021 0.0790792107582092
f 1603/6290/1603 1748/6342/1748 1840/6343/1840
vt 0.3887169063091278 0.3434275388717651
vt 0.3881025910377502 0.3363349437713623
vt 0.3933799862861633 0.3380684852600098
f 1724/6344/1724 1763/6345/1763 1729/6346/1729
vt 0.0893419981002808 0.7584379911422729
f 1734/6347/1734 1719/6310/1719 1750/6324/1750
vt 0.4116035401821136 0.0870769843459129
f 1782/6246/1782 1603/6290/1603 1840/6348/1840
vt 0.0914240032434464 0.7480080127716064
vt 0.0883429646492004 0.7493575811386108
f 1725/6258/1725 1744/6349/1744 1769/6350/1769
vt 0.0916969999670982 0.7473490238189697
f 1725/6258/1725 1745/6351/1745 1744/6349/1744
vt 0.2725860476493835 0.5857718586921692
vt 0.2837644815444946 0.5834077596664429
vt 0.2753599584102631 0.5864831209182739
f 1756/6352/1756 1786/6353/1786 1713/6354/1713
vt 0.0937393009662628 0.7478907704353333
f 1769/6350/1769 1744/6349/1744 1749/6355/1749
vt 0.1179760023951530 0.1271599978208542
f 1733/6320/1733 1729/6319/1729 1737/6356/1737
vt 0.1180749982595444 0.1268920004367828
f 1733/6320/1733 1737/6357/1737 1748/6341/1748
vt 0.1171860024333000 0.1268119961023331
f 1733/6320/1733 1738/6358/1738 1737/6357/1737
vt 0.2941011786460876 0.6274120807647705
vt 0.3032192885875702 0.6179190874099731
vt 0.2986974418163300 0.6308897733688354
f 1768/6359/1768 1793/6360/1793 1821/6361/1821
vt 0.2938524186611176 0.6109453439712524
vt 0.2935767173767090 0.6061428785324097
vt 0.2951320111751556 0.6082280278205872
f 1768/6362/1768 1739/6363/1739 1740/6364/1740
vt 0.2944906651973724 0.6044397354125977
vt 0.2892920672893524 0.6038351058959961
vt 0.2920024693012238 0.6005932688713074
f 1753/6365/1753 1739/6366/1739 1713/6367/1713
vt 0.2947849929332733 0.6073390245437622
f 1739/6363/1739 1742/6368/1742 1740/6364/1740
vt 0.2946780025959015 0.6059960126876831
f 1739/6363/1739 1743/6369/1743 1742/6368/1742
vt 0.9859506487846375 0.6087590456008911
f 1714/6315/1714 1774/6314/1774 1777/6370/1777
f 1739/6363/1739 1753/6365/1753 1743/6369/1743
vt 0.0916730016469955 0.7476689815521240
f 1744/6349/1744 1745/6351/1745 1746/6371/1746
vt 0.3509558141231537 0.2796303033828735
vt 0.3557214140892029 0.2741588652133942
vt 0.3581457436084747 0.2819677293300629
f 1677/6372/1677 1747/6373/1747 1723/6374/1723
vt 0.8031229972839355 0.7770934700965881
f 1592/5697/1592 1758/6330/1758 1792/6375/1792
f 1742/6368/1742 1743/6369/1743 1740/6364/1740
vt 0.2950319945812225 0.6074730157852173
vt 0.2954459786415100 0.6039181947708130
f 1740/6364/1740 1742/6376/1742 1753/6377/1753
f 1740/6364/1740 1753/6377/1753 1768/6362/1768
vt 0.2748407721519470 0.6159281134605408
vt 0.2690252065658569 0.6212055683135986
f 1739/6235/1739 1772/6378/1772 1779/6379/1779
f 1742/6376/1742 1743/6369/1743 1753/6365/1753
vt 0.7185924053192139 0.0560962520539761
vt 0.7310340404510498 0.0578087121248245
vt 0.7217038273811340 0.0666034296154976
f 1596/6380/1596 1696/6381/1696 1836/6382/1836
f 1700/6328/1700 1789/6340/1789 1747/6329/1747
vt 0.0915090888738632 0.7546248435974121
vt 0.0916457846760750 0.7571358084678650
f 1769/6383/1769 1750/6384/1750 1719/6310/1719
vt 0.8026729822158813 0.7819150090217590
vt 0.8027709722518921 0.7812169790267944
f 1758/6330/1758 1751/6385/1751 1752/6386/1752
vt 0.0918809995055199 0.7482320070266724
vt 0.0922449976205826 0.7475309967994690
f 1744/6387/1744 1745/6388/1745 1749/6355/1749
vt 0.0920049995183945 0.7473610043525696
vt 0.0939942076802254 0.7446934580802917
f 1745/6389/1745 1725/6390/1725 1749/6355/1749
f 1737/6357/1737 1738/6358/1738 1748/6341/1748
f 1737/6356/1737 1729/6319/1729 1738/6358/1738
vt 0.8026499748229980 0.7805433273315430
f 1758/6330/1758 1752/6386/1752 1760/6391/1760
f 1758/6330/1758 1741/6332/1741 1751/6385/1751
vt 0.9862100481987000 0.6085842251777649
vt 0.9829162955284119 0.6081116199493408
f 1714/6315/1714 1777/6392/1777 1802/6393/1802
vt 0.2753595411777496 0.6204748153686523
vt 0.2766772210597992 0.6256337165832520
f 1524/6270/1524 1779/6394/1779 1821/6395/1821
vt 0.1108712852001190 0.1278410255908966
f 1748/6341/1748 1738/6358/1738 1840/6396/1840
vt 0.8026360273361206 0.7815889716148376
f 1752/6386/1752 1751/6385/1751 1757/6397/1757
f 1738/6358/1738 1729/6319/1729 1840/6396/1840
vt 0.3806256651878357 0.3236564993858337
vt 0.3823304772377014 0.3175367414951324
f 1761/6398/1761 1710/6202/1710 1804/6399/1804
vt 0.5192350149154663 0.0988719984889030
vt 0.5185610055923462 0.0987479984760284
vt 0.5149183869361877 0.0948554649949074
f 1752/6400/1752 1751/6401/1751 1741/6402/1741
vt 0.5191192626953125 0.0973935201764107
f 1752/6400/1752 1741/6402/1741 1760/6403/1760
vt 0.1913685351610184 0.4898150563240051
vt 0.2001433074474335 0.4835711121559143
vt 0.1973674446344376 0.4903737902641296
f 1706/6404/1706 1767/6405/1767 1842/6406/1842
vt 0.3830859959125519 0.3212519884109497
vt 0.3832280039787292 0.3218370079994202
f 1761/6398/1761 1762/6407/1762 1759/6408/1759
vt 0.3836660087108612 0.3220880031585693
vt 0.3860274553298950 0.3240577876567841
f 1761/6398/1761 1759/6409/1759 1763/6410/1763
vt 0.3663606941699982 0.2755411565303802
f 1747/6373/1747 1804/6411/1804 1723/6374/1723
vt 0.3835510015487671 0.3206549882888794
f 1759/6408/1759 1762/6407/1762 1765/6412/1765
vt 0.3822843432426453 0.3213008940219879
vt 0.3830949962139130 0.3204419910907745
f 1761/6413/1761 1765/6414/1765 1762/6407/1762
f 1761/6413/1761 1804/6399/1804 1765/6414/1765
vt 0.3836759924888611 0.3211840093135834
f 1759/6409/1759 1762/6415/1762 1763/6410/1763
vt 0.2925486266613007 0.5995153188705444
vt 0.2965603172779083 0.5967679619789124
f 1713/6416/1713 1766/6417/1766 1753/6377/1753
f 1762/6415/1762 1765/6412/1765 1763/6410/1763
vt 0.3100951910018921 0.4069454371929169
vt 0.3061937689781189 0.4150109291076660
vt 0.3044802546501160 0.4063941836357117
f 1609/6418/1609 1664/6419/1664 1818/6420/1818
vt 0.3837625682353973 0.3185912370681763
f 1765/6414/1765 1804/6399/1804 1763/6421/1763
vt 0.6825497150421143 0.8027217388153076
vt 0.6890125870704651 0.8096064329147339
vt 0.6759070754051208 0.8111746311187744
f 1699/6422/1699 1711/6423/1711 1774/6424/1774
vt 0.0906957536935806 0.7642503380775452
vt 0.0930564105510712 0.7640951871871948
vt 0.0949583575129509 0.7709007263183594
f 1704/6425/1704 1750/6426/1750 1773/6427/1773
vt 0.7306540608406067 0.0710657462477684
vt 0.7216998338699341 0.0712895393371582
f 1696/6381/1696 1755/6428/1755 1836/6429/1836
vt 0.7953633666038513 0.6767867207527161
vt 0.7812443971633911 0.6764799356460571
vt 0.7893249392509460 0.6721937656402588
f 1817/6430/1817 1707/6431/1707 1807/6432/1807
vt 0.2799593508243561 0.5709291100502014
vt 0.2861342430114746 0.5668872594833374
vt 0.2799927592277527 0.5761901140213013
f 1704/6433/1704 1773/6434/1773 1756/6435/1756
vt 0.0924108624458313 0.7561874389648438
vt 0.0984801054000854 0.7525033950805664
f 1769/6436/1769 1749/6437/1749 1750/6324/1750
vt 0.7503299713134766 0.0662420019507408
vt 0.7460647225379944 0.0803169012069702
f 1701/6232/1701 1629/6438/1629 1847/6439/1847
vt 0.3899380862712860 0.3316459357738495
vt 0.3995232880115509 0.3167558312416077
vt 0.3967670798301697 0.3323794007301331
f 1763/6440/1763 1816/6441/1816 1729/6442/1729
vt 0.2848717868328094 0.6111112236976624
f 1768/6362/1768 1780/6443/1780 1739/6366/1739
vt 0.7446759939193726 0.0666100010275841
f 1701/6444/1701 1847/6439/1847 1755/6326/1755
vt 0.3055525720119476 0.4217042326927185
vt 0.2976105809211731 0.4262498319149017
vt 0.2951813340187073 0.4177829325199127
f 1783/6445/1783 1810/6446/1810 1664/6447/1664
vt 0.3864069879055023 0.3194191753864288
vt 0.3885411024093628 0.3151413202285767
f 1763/6448/1763 1804/6449/1804 1816/6441/1816
vt 0.5213299989700317 0.5599791407585144
vt 0.5169308781623840 0.5519980788230896
vt 0.5268031358718872 0.5549045205116272
f 1732/6450/1732 1838/6451/1838 1794/6452/1794
vt 0.2883373498916626 0.6135475635528564
f 1768/6362/1768 1821/6453/1821 1780/6443/1780
vt 0.4210549294948578 0.8398203849792480
vt 0.4237079024314880 0.8434882164001465
vt 0.4209472537040710 0.8466171026229858
f 1754/6454/1754 1679/6455/1679 1811/6456/1811
vt 0.2823365926742554 0.5912960171699524
vt 0.2856734097003937 0.5853394269943237
f 1713/6457/1713 1786/6353/1786 1766/6458/1766
vt 0.2864016890525818 0.6228854060173035
vt 0.2793802618980408 0.6214606165885925
vt 0.2839112579822540 0.6155824661254883
f 1821/6459/1821 1779/6460/1779 1780/6461/1780
vt 0.2788859903812408 0.6187669634819031
vt 0.2780266106128693 0.6172767877578735
vt 0.2791970074176788 0.6178979873657227
f 1779/6462/1779 1772/6463/1772 1781/6464/1781
vt 0.2794440090656281 0.6195099949836731
f 1779/6460/1779 1785/6465/1785 1780/6461/1780
vt 0.4173621535301208 0.8169174194335938
vt 0.4125827550888062 0.8229824900627136
vt 0.4165046215057373 0.8147987127304077
f 1715/6466/1715 1861/6467/1861 1775/6468/1775
vt 0.4225561320781708 0.8343042731285095
vt 0.4226133227348328 0.8397399783134460
vt 0.4178689122200012 0.8344776034355164
f 1715/6469/1715 1754/6470/1754 1764/6471/1764
vt 0.2790601253509521 0.6194790005683899
vt 0.2792620062828064 0.6187499761581421
vt 0.2793799936771393 0.6189799904823303
f 1779/6472/1779 1788/6473/1788 1785/6474/1785
vt 0.2793689966201782 0.6184239983558655
f 1779/6472/1779 1781/6475/1781 1788/6473/1788
vt 0.2076067775487900 0.4640292227268219
vt 0.2101435810327530 0.4563997089862823
vt 0.2110050022602081 0.4588100016117096
f 1802/6476/1802 1777/6477/1777 1787/6478/1787
vt 0.2796179950237274 0.6182439923286438
vt 0.2808257341384888 0.6160146594047546
f 1780/6461/1780 1788/6479/1788 1772/6480/1772
f 1788/6473/1788 1781/6475/1781 1785/6474/1785
vt 0.2796759903430939 0.6190860271453857
vt 0.2796100080013275 0.6185410022735596
vt 0.2805238068103790 0.6191361546516418
f 1785/6481/1785 1788/6482/1788 1780/6483/1780
vt 0.2796343266963959 0.6173468232154846
f 1781/6464/1781 1772/6484/1772 1788/6479/1788
vt 0.2113319933414459 0.4582659900188446
f 1777/6477/1777 1791/6485/1791 1787/6478/1787
vt 0.5414287447929382 0.5617488026618958
vt 0.5344244837760925 0.5604836344718933
vt 0.5389402508735657 0.5535671114921570
f 1702/6486/1702 1732/6487/1732 1794/6488/1794
vt 0.2099629342556000 0.4566068351268768
vt 0.2128078192472458 0.4517411887645721
vt 0.2196238189935684 0.4529680907726288
f 1777/6489/1777 1774/6490/1774 1806/6491/1806
f 1777/6489/1777 1806/6491/1806 1791/6485/1791
vt 0.7541052699089050 0.0703036114573479
vt 0.7493805289268494 0.0692380815744400
f 1863/6492/1863 1847/6439/1847 1629/6493/1629
vt 0.3005514740943909 0.6001209616661072
f 1753/6377/1753 1766/6417/1766 1768/6494/1768
vt 0.7641917467117310 0.6746719479560852
vt 0.7763650417327881 0.6705771088600159
f 1707/6431/1707 1778/6495/1778 1795/6496/1795
vt 0.2112960070371628 0.4586800038814545
f 1787/6478/1787 1791/6485/1791 1790/6497/1790
vt 0.2117590010166168 0.4587300121784210
f 1787/6478/1787 1791/6498/1791 1802/6476/1802
vt 0.3374818265438080 0.7757657766342163
vt 0.3406440019607544 0.7681644558906555
vt 0.3533728420734406 0.7667170763015747
f 1776/6499/1776 1784/6500/1784 1825/6501/1825
vt 0.2867745459079742 0.5735591650009155
f 1756/6435/1756 1773/6434/1773 1820/6502/1820
vt 0.4187789857387543 0.8426769971847534
f 1811/6456/1811 1764/6503/1764 1754/6454/1754
vt 0.5927403569221497 0.6529637575149536
vt 0.5925375223159790 0.6596077680587769
vt 0.5890856981277466 0.6565312147140503
f 1690/6504/1690 1792/6505/1792 1770/6506/1770
vt 0.2851864993572235 0.6066986322402954
vt 0.2872370481491089 0.6021651029586792
f 1780/6443/1780 1772/6507/1772 1739/6508/1739
vt 0.5053741335868835 0.0961783602833748
vt 0.5013611912727356 0.0929675698280334
vt 0.5092024207115173 0.0883676335215569
f 1741/6509/1741 1775/6510/1775 1988/6511/1988
vt 0.5492417216300964 0.5570216774940491
f 1702/6486/1702 1794/6488/1794 1904/6512/1904
f 1806/6491/1806 1802/6476/1802 1791/6498/1791
vt 0.4189685285091400 0.8311310410499573
vt 0.4174252152442932 0.8312613964080811
f 1715/6513/1715 1764/6514/1764 1861/6467/1861
vt 0.1023710891604424 0.7673395276069641
f 1773/6427/1773 1750/6324/1750 1850/6515/1850
vt 0.3435032367706299 0.7961885929107666
vt 0.3450856208801270 0.7932983636856079
vt 0.3492531180381775 0.7959583997726440
f 1838/6516/1838 1776/6517/1776 1846/6518/1846
vt 0.4126532077789307 0.8136865496635437
vt 0.4148745238780975 0.8146820664405823
f 1865/6519/1865 1775/6520/1775 1861/6467/1861
vt 0.2180088758468628 0.4653461575508118
vt 0.2107415199279785 0.4701252877712250
f 1802/6476/1802 1813/6521/1813 1767/6522/1767
vt 0.2960165441036224 0.6501972675323486
vt 0.3001860380172729 0.6457304358482361
vt 0.3045724630355835 0.6526572704315186
f 1708/6523/1708 1821/6524/1821 1882/6525/1882
vt 0.2210458517074585 0.4394181966781616
vt 0.2178035229444504 0.4434360861778259
f 1774/6526/1774 1801/6527/1801 1806/6491/1806
vt 0.3474051058292389 0.7735276222229004
vt 0.3466652035713196 0.7704711556434631
f 1842/6528/1842 1776/6499/1776 1825/6529/1825
vt 0.2961848676204681 0.6380228400230408
vt 0.3057336807250977 0.6354970335960388
f 1821/6530/1821 1793/6360/1793 1882/6531/1882
vt 0.5234155058860779 0.0950644835829735
vt 0.5205196142196655 0.0909684300422668
vt 0.5226124525070190 0.0916380658745766
f 1758/6532/1758 1760/6533/1760 1792/6534/1792
vt 0.0532759986817837 0.1306080073118210
vt 0.0530245900154114 0.1315123587846756
vt 0.0520114563405514 0.1307031512260437
f 1796/6535/1796 1797/6536/1797 1800/6537/1800
vt 0.0536900013685226 0.1305110007524490
vt 0.0559682324528694 0.1301547586917877
f 1797/6536/1797 1796/6538/1796 1805/6539/1805
vt 0.0532299987971783 0.1303289979696274
vt 0.0533070005476475 0.1298380047082901
vt 0.0534060001373291 0.1301860064268112
f 1796/6540/1796 1799/6541/1799 1798/6542/1798
vt 0.0525934286415577 0.1304953843355179
vt 0.0529469996690750 0.1302399933338165
f 1796/6540/1796 1800/6543/1800 1798/6544/1798
vt 0.0517387762665749 0.1305182427167892
vt 0.0530820004642010 0.1296650022268295
f 1798/6544/1798 1800/6545/1800 1799/6546/1799
vt 0.0535480007529259 0.1302780061960220
vt 0.0536790005862713 0.1298889964818954
f 1796/6547/1796 1798/6548/1798 1805/6539/1805
vt 0.6638500690460205 0.0668626576662064
vt 0.6697412729263306 0.0603160224854946
vt 0.6720109581947327 0.0655502155423164
f 1629/6549/1629 1718/6550/1718 1863/6551/1863
vt 0.0535649992525578 0.1296129971742630
f 1798/6548/1798 1799/6552/1799 1805/6539/1805
vt 0.0527003295719624 0.1287662386894226
f 1799/6546/1799 1800/6537/1800 1805/6553/1805
vt 0.7159808278083801 0.0628884658217430
vt 0.7160583138465881 0.0685633569955826
f 1596/6554/1596 1836/6429/1836 1789/6555/1789
vt 0.2882713675498962 0.5757154226303101
f 1786/6353/1786 1756/6435/1756 1820/6556/1820
vt 0.5824055075645447 0.5630783438682556
vt 0.5761706233024597 0.5584952831268311
vt 0.5820735096931458 0.5539273023605347
f 1679/6557/1679 1736/6558/1736 1811/6559/1811
vt 0.7805783152580261 0.6692277789115906
vt 0.7850112318992615 0.6667675971984863
f 1707/6431/1707 1795/6560/1795 1807/6561/1807
vt 0.2903659045696259 0.5889170765876770
vt 0.2940318286418915 0.5891094207763672
vt 0.2924544513225555 0.5934591889381409
f 1786/6562/1786 1820/6563/1820 1766/6564/1766
vt 0.0488622412085533 0.1277482062578201
f 1805/6553/1805 1800/6537/1800 1812/6565/1812
vt 0.7794169783592224 0.6682729721069336
vt 0.7800809741020203 0.6675639748573303
f 1795/6496/1795 1803/6566/1803 1807/6567/1807
vt 0.0495848730206490 0.1309295892715454
f 1800/6537/1800 1797/6568/1797 1812/6565/1812
vt 0.7931632399559021 0.6612483263015747
vt 0.7913230061531067 0.6688579916954041
f 1807/6432/1807 1862/6569/1862 1817/6570/1817
vt 0.0985966324806213 0.7515622973442078
vt 0.0991298556327820 0.7430909872055054
vt 0.1052926927804947 0.7433023452758789
f 1749/6571/1749 1725/6572/1725 1814/6573/1814
vt 0.2033755034208298 0.4917831718921661
vt 0.2078561782836914 0.4995359480381012
f 1842/6406/1842 1767/6574/1767 1823/6575/1823
vt 0.3465522527694702 0.7633659243583679
vt 0.3529495596885681 0.7603042721748352
f 1784/6576/1784 1842/6577/1842 1825/6501/1825
vt 0.7785559892654419 0.6682230234146118
f 1795/6496/1795 1808/6578/1808 1803/6566/1803
vt 0.8588200211524963 0.9127420186996460
vt 0.8585860133171082 0.9130359888076782
vt 0.8582360148429871 0.9132239818572998
f 1803/6579/1803 1808/6580/1808 1807/6581/1807
vt 0.8590170145034790 0.9130520224571228
vt 0.8586739897727966 0.9132329821586609
f 1803/6579/1803 1808/6582/1808 1809/6583/1809
vt 0.4529884755611420 0.3098665773868561
vt 0.4501099288463593 0.3121505975723267
vt 0.4422563016414642 0.3061581254005432
f 1797/6584/1797 1805/6585/1805 1822/6586/1822
vt 0.1007418707013130 0.7295674681663513
vt 0.1037279218435287 0.7418638467788696
f 1771/6587/1771 1814/6588/1814 1725/6572/1725
f 1808/6580/1808 1809/6583/1809 1807/6581/1807
vt 0.8593999743461609 0.9130650162696838
vt 0.8628063201904297 0.9145961403846741
vt 0.8588719964027405 0.9135100245475769
f 1808/6589/1808 1795/6590/1795 1809/6591/1809
vt 0.8584499955177307 0.9136480093002319
vt 0.8581776618957520 0.9162967801094055
f 1807/6581/1807 1809/6592/1809 1824/6593/1824
vt 0.4117716550827026 0.8396723866462708
f 1764/6471/1764 1948/6594/1948 1861/6467/1861
vt 0.4218588471412659 0.0769806951284409
vt 0.4050795137882233 0.0745792835950851
vt 0.4106613397598267 0.0698391869664192
f 1782/6595/1782 1840/6596/1840 1870/6597/1870
f 1809/6591/1809 1795/6590/1795 1824/6593/1824
vt 0.2164874225854874 0.4592885971069336
vt 0.2187876254320145 0.4637547731399536
f 1802/6476/1802 1806/6598/1806 1813/6599/1813
vt 0.4583581089973450 0.3051693439483643
vt 0.4543990492820740 0.3069017827510834
vt 0.4551913142204285 0.2985873818397522
f 1812/6600/1812 1797/6601/1797 1844/6602/1844
vt 0.2112929373979568 0.4703903198242188
vt 0.2151357084512711 0.4757179021835327
f 1767/6603/1767 1813/6521/1813 1823/6604/1823
vt 0.7065680027008057 0.0630642771720886
vt 0.7082567811012268 0.0735217481851578
vt 0.7008092403411865 0.0717584118247032
f 1789/6605/1789 1867/6606/1867 1747/6607/1747
vt 0.9240989685058594 0.8141093254089355
vt 0.9215005040168762 0.8099835515022278
vt 0.9184982180595398 0.8000425696372986
f 1810/6608/1810 1783/6609/1783 1819/6610/1819
vt 0.5157802700996399 0.0922656282782555
vt 0.5159741640090942 0.0845012441277504
f 1760/6533/1760 1741/6611/1741 1988/6612/1988
vt 0.1010421961545944 0.7646639347076416
f 1750/6324/1750 1749/6437/1749 1850/6613/1850
vt 0.5917395949363708 0.6367870569229126
vt 0.5881392955780029 0.6467919349670410
vt 0.5784830451011658 0.6379489898681641
f 1771/6614/1771 1770/6615/1770 1845/6616/1845
vt 0.4487057924270630 0.3013153374195099
vt 0.4441255629062653 0.2983828783035278
f 1797/6617/1797 1822/6618/1822 1844/6602/1844
vt 0.7971172332763672 0.6722286343574524
vt 0.8026260137557983 0.6595696806907654
vt 0.8099778294563293 0.6675069928169250
f 1817/6619/1817 1862/6620/1862 1711/6621/1711
vt 0.1108819618821144 0.7565934062004089
f 1749/6571/1749 1814/6573/1814 1841/6622/1841
vt 0.2900022268295288 0.4122844636440277
vt 0.2887054085731506 0.4208063483238220
vt 0.2822985947132111 0.4152561426162720
f 1818/6623/1818 1664/6624/1664 1835/6625/1835
vt 0.0607899278402328 0.1311311870813370
vt 0.0629163309931755 0.1262364089488983
vt 0.0646967515349388 0.1315725743770599
f 1805/6626/1805 1812/6627/1812 1822/6628/1822
vt 0.0440989322960377 0.1169483512639999
vt 0.0512018203735352 0.1183003187179565
f 1812/6565/1812 1844/6629/1844 1815/6630/1815
vt 0.7839240431785583 0.6639697551727295
f 1807/6561/1807 1824/6631/1824 1862/6569/1862
vt 0.4244019687175751 0.0772657766938210
vt 0.4189461171627045 0.0707454606890678
vt 0.4302217066287994 0.0705706924200058
f 1782/6632/1782 1870/6633/1870 1819/6634/1819
vt 0.4107848107814789 0.7520245313644409
vt 0.4135787189006805 0.7428472042083740
vt 0.4151988625526428 0.7459426522254944
f 1766/6635/1766 1820/6636/1820 1831/6637/1831
vt 0.4885498285293579 0.1318930983543396
vt 0.4932869374752045 0.1376741528511047
vt 0.4854524433612823 0.1375405043363571
f 1770/6638/1770 1792/6639/1792 1939/6640/1939
vt 0.8620012402534485 0.9168415665626526
vt 0.8686470985412598 0.9181379675865173
vt 0.8686631321907043 0.9242036938667297
f 1795/6641/1795 1778/6642/1778 1852/6643/1852
vt 0.1150949150323868 0.7376965284347534
f 1814/6573/1814 1771/6587/1771 1845/6644/1845
vt 0.4071171581745148 0.3270511329174042
vt 0.4122026860713959 0.3165866732597351
f 1729/6645/1729 1816/6441/1816 1840/6646/1840
vt 0.4106933474540710 0.7550813555717468
vt 0.4190329015254974 0.7587975859642029
vt 0.4097690582275391 0.7652023434638977
f 1766/6647/1766 1793/6648/1793 1768/6649/1768
vt 0.8611394166946411 0.9170117378234863
f 1824/6593/1824 1795/6650/1795 1852/6643/1852
vt 0.4936934411525726 0.0919747054576874
vt 0.4854683279991150 0.0892527326941490
vt 0.4988816976547241 0.0808383077383041
f 1775/6651/1775 1865/6652/1865 1988/6653/1988
vt 0.5507005453109741 0.5444079041481018
vt 0.5577691197395325 0.5436324477195740
f 1904/6512/1904 1964/6654/1964 1736/6655/1736
vt 0.4204661548137665 0.7582452893257141
f 1831/6637/1831 1793/6656/1793 1766/6635/1766
vt 0.4153096377849579 0.8289648890495300
vt 0.4093657732009888 0.8300449848175049
f 1861/6657/1861 1948/6594/1948 1865/6658/1865
vt 0.4450296163558960 0.2971870303153992
vt 0.4466478824615479 0.2892705202102661
f 1822/6659/1822 1839/6660/1839 1844/6602/1844
vt 0.1045406386256218 0.7567281126976013
f 1850/6613/1850 1749/6661/1749 1841/6622/1841
vt 0.5159729719161987 0.5438518524169922
vt 0.5161382555961609 0.5372074842453003
vt 0.5242513418197632 0.5380170345306396
f 1794/6662/1794 1838/6663/1838 1992/6664/1992
vt 0.8260436058044434 0.6560326218605042
vt 0.8219950795173645 0.6651054620742798
vt 0.8186267018318176 0.6553109288215637
f 1774/6665/1774 1711/6666/1711 1886/6667/1886
vt 0.5303933024406433 0.5514066815376282
vt 0.5370675325393677 0.5456716418266296
f 1794/6668/1794 1992/6664/1992 1904/6669/1904
vt 0.7144780158996582 0.0724290311336517
vt 0.7132520079612732 0.0798107236623764
f 1789/6670/1789 1836/6429/1836 1853/6671/1853
vt 0.2202441543340683 0.4519558846950531
vt 0.2219980061054230 0.4599730074405670
f 1806/6672/1806 1826/6673/1826 1813/6521/1813
vt 0.8557206392288208 0.9214613437652588
f 1824/6593/1824 1852/6643/1852 1862/6674/1862
vt 0.2226330041885376 0.4594889879226685
f 1806/6491/1806 1827/6675/1827 1826/6673/1826
vt 0.2223329991102219 0.4597629904747009
f 1826/6673/1826 1827/6675/1827 1828/6676/1828
vt 0.2276578843593597 0.4440650343894958
vt 0.2283870875835419 0.4526575505733490
f 1806/6491/1806 1801/6677/1801 1876/6678/1876
vt 0.7132047414779663 0.0758018344640732
vt 0.7101443409919739 0.0758724510669708
f 1789/6679/1789 1853/6671/1853 1867/6680/1867
vt 0.2820861637592316 0.4235275387763977
f 1664/6624/1664 1810/6681/1810 1835/6625/1835
vt 0.2222640067338943 0.4602580070495605
vt 0.2236546725034714 0.4604269862174988
f 1826/6682/1826 1827/6675/1827 1837/6683/1837
f 1826/6682/1826 1837/6683/1837 1813/6521/1813
f 1827/6675/1827 1806/6491/1806 1837/6683/1837
vt 0.4175010025501251 0.7470909953117371
f 1831/6637/1831 1830/6684/1830 1793/6656/1793
vt 0.1068141683936119 0.7746656537055969
vt 0.1013778448104858 0.7737969756126404
f 1850/6515/1850 1855/6685/1855 1773/6686/1773
vt 0.8766147494316101 0.9218503236770630
vt 0.8748824596405029 0.9287903904914856
f 1778/6642/1778 1818/6687/1818 1852/6688/1852
vt 0.4172630012035370 0.7465299963951111
vt 0.4183279871940613 0.7454239726066589
f 1830/6689/1830 1831/6637/1831 1833/6690/1833
vt 0.4178319871425629 0.7463009953498840
vt 0.4186219871044159 0.7458509802818298
f 1830/6684/1830 1832/6691/1832 1833/6692/1833
vt 0.4277949929237366 0.7448016405105591
f 1830/6684/1830 1833/6692/1833 1843/6693/1843
f 1830/6684/1830 1843/6693/1843 1793/6656/1793
vt 0.4108752012252808 0.3056664764881134
f 1840/6646/1840 1816/6441/1816 1848/6694/1848
vt 0.0512310229241848 0.1095240339636803
f 1844/6629/1844 1888/6695/1888 1815/6630/1815
vt 0.9283156991004944 0.8024534583091736
vt 0.9274045228958130 0.7930002808570862
f 1810/6696/1810 1819/6610/1819 1877/6697/1877
vt 0.9562251567840576 0.3712491393089294
vt 0.9565451145172119 0.3700063526630402
vt 0.9622251391410828 0.3753475844860077
f 1747/6698/1747 1867/6699/1867 1926/6700/1926
f 1833/6690/1833 1831/6637/1831 1843/6693/1843
vt 0.3928172588348389 0.2925196588039398
vt 0.3885153234004974 0.2779468595981598
vt 0.4001420140266418 0.2737345397472382
f 1816/6701/1816 1804/6702/1804 1920/6703/1920
vt 0.4220976829528809 0.7340478301048279
f 1831/6637/1831 1820/6704/1820 1843/6693/1843
vt 0.2720754742622375 0.4196667969226837
f 1810/6681/1810 1877/6705/1877 1835/6625/1835
vt 0.8064938187599182 0.6550285220146179
vt 0.8112947344779968 0.6534345746040344
f 1711/6621/1711 1862/6706/1862 1886/6707/1886
vt 0.0528592951595783 0.1077778637409210
vt 0.0595664605498314 0.1087997853755951
f 1815/6630/1815 1888/6708/1888 1958/6709/1958
vt 0.2310439050197601 0.4571536779403687
vt 0.2289670854806900 0.4630370438098907
f 1806/6491/1806 1876/6710/1876 1837/6711/1837
vt 0.3553287088871002 0.7745330333709717
vt 0.3591799437999725 0.7714864015579224
vt 0.3604625165462494 0.7773951292037964
f 1776/6712/1776 1842/6713/1842 1846/6714/1846
vt 0.7228099107742310 0.0830051451921463
f 1853/6671/1853 1836/6429/1836 1755/6715/1755
vt 0.5235789418220520 0.0839731693267822
vt 0.5206962227821350 0.0742581561207771
f 1760/6716/1760 1988/6612/1988 1943/6717/1943
vt 0.3814736306667328 0.2628991305828094
vt 0.3918375968933105 0.2586469650268555
vt 0.3759825527667999 0.2695662081241608
f 1747/6718/1747 1926/6719/1926 1804/6720/1804
vt 0.4898561239242554 0.1455412060022354
vt 0.4853845238685608 0.1429565250873566
f 1792/6721/1792 2035/6722/2035 1939/6640/1939
vt 0.5292818546295166 0.0857065692543983
vt 0.5354438424110413 0.0762894377112389
f 1792/6723/1792 1760/6716/1760 1911/6724/1911
vt 0.3637126088142395 0.7727683186531067
f 1842/6713/1842 1952/6725/1952 1846/6714/1846
vt 0.4290311336517334 0.7064753174781799
vt 0.4384143650531769 0.7124660611152649
vt 0.4245813190937042 0.7129091620445251
f 1855/6726/1855 1864/6727/1864 1773/6728/1773
vt 0.3933006525039673 0.2724957168102264
f 1804/6720/1804 1926/6719/1926 1920/6729/1920
vt 0.4835863709449768 0.1463081389665604
f 1792/6721/1792 1911/6730/1911 2035/6722/2035
vt 0.1325228661298752 0.4993153214454651
vt 0.1245807707309723 0.4899107813835144
vt 0.1340614557266235 0.4868079721927643
f 1722/6731/1722 1994/6732/1994 1913/6733/1913
vt 0.1199488863348961 0.4972252249717712
vt 0.1075748279690742 0.4913385808467865
f 1722/6734/1722 1708/6735/1708 1994/6732/1994
vt 0.0734999999403954 0.1282480061054230
vt 0.0700419098138809 0.1198583319783211
vt 0.0754200816154480 0.1289939582347870
f 1812/6736/1812 1815/6737/1815 1822/6738/1822
vt 0.1121472641825676 0.7720121741294861
f 1855/6685/1855 1850/6515/1850 1915/6739/1915
vt 0.4250144362449646 0.7295742630958557
vt 0.4194988906383514 0.7161266207695007
vt 0.4263280034065247 0.7214750051498413
f 1820/6740/1820 1773/6741/1773 1945/6742/1945
vt 0.4335329234600067 0.2942962050437927
vt 0.4362958669662476 0.3054115176200867
vt 0.4260283410549164 0.3027462959289551
f 1839/6743/1839 1822/6744/1822 1857/6745/1857
vt 0.2497489303350449 0.4304447174072266
vt 0.2477499991655350 0.4252319633960724
vt 0.2571744322776794 0.4289177656173706
f 1878/6746/1878 1862/6747/1862 1892/6748/1892
vt 0.4130134582519531 0.3163565397262573
vt 0.4209415912628174 0.3167450726032257
vt 0.4219122827053070 0.3220275044441223
f 1840/6749/1840 1849/6750/1849 1834/6751/1834
vt 0.2292905300855637 0.4432687163352966
vt 0.2278981655836105 0.4355163574218750
vt 0.2349269390106201 0.4465231597423553
f 1801/6752/1801 1774/6753/1774 1876/6754/1876
vt 0.2352253049612045 0.4246504306793213
vt 0.2378938645124435 0.4244551062583923
vt 0.2344987094402313 0.4287313818931580
f 1774/6755/1774 1886/6756/1886 1887/6757/1887
vt 0.8017866015434265 0.4990388154983521
vt 0.7971292138099670 0.5058517456054688
vt 0.7961460351943970 0.4987063705921173
f 1847/6758/1847 1863/6759/1863 1916/6760/1916
vt 0.7304474711418152 0.0249898489564657
vt 0.7315648794174194 0.0295657459646463
vt 0.7251322865486145 0.0301193427294493
f 1819/6761/1819 1870/6762/1870 1900/6763/1900
vt 0.0822124555706978 0.1278364509344101
vt 0.0745029747486115 0.1306423991918564
f 1815/6737/1815 1834/6764/1834 1822/6765/1822
vt 0.4181733429431915 0.3112510740756989
f 1840/6646/1840 1848/6694/1848 1849/6766/1849
vt 0.4218121469020844 0.2943320870399475
f 1857/6745/1857 1829/6767/1829 1839/6743/1839
vt 0.5070053935050964 0.0867440328001976
vt 0.5107668638229370 0.0788606256246567
vt 0.5156099796295166 0.0757462829351425
f 1988/6768/1988 2044/6769/2044 1943/6770/1943
vt 0.7330592274665833 0.0853160023689270
vt 0.7289545536041260 0.0885900929570198
f 1755/6715/1755 1847/6771/1847 1905/6772/1905
vt 0.3952119052410126 0.2928437292575836
vt 0.4134936034679413 0.2988730370998383
vt 0.4099052250385284 0.3053731620311737
f 1816/6773/1816 1829/6774/1829 1848/6775/1848
vt 0.4170217216014862 0.3029311299324036
f 1848/6775/1848 1829/6774/1829 1857/6776/1857
f 1760/6716/1760 1943/6717/1943 1911/6724/1911
vt 0.4162270128726959 0.3080869913101196
f 1848/6694/1848 1851/6777/1851 1849/6766/1849
vt 0.0726130530238152 0.1084579750895500
vt 0.0752610042691231 0.1093001663684845
vt 0.0761376246809959 0.1141906902194023
f 1958/6778/1958 1870/6779/1870 1815/6780/1815
vt 0.0930932611227036 0.1052747145295143
vt 0.0904691368341446 0.1101123020052910
vt 0.0879803672432899 0.1031635478138924
f 1840/6781/1840 1834/6782/1834 1870/6783/1870
vt 0.4353038966655731 0.7262687087059021
f 1773/6741/1773 1864/6727/1864 1945/6784/1945
vt 0.5790190100669861 0.4576821029186249
vt 0.5708441734313965 0.4531817734241486
vt 0.5738437175750732 0.4553388655185699
f 1811/6785/1811 1736/6786/1736 1923/6787/1923
vt 0.4166719913482666 0.3072420060634613
f 1851/6777/1851 1848/6694/1848 1856/6788/1856
vt 0.4310818910598755 0.3095934689044952
f 1834/6751/1834 1849/6750/1849 1822/6789/1822
vt 0.4167410135269165 0.3065800070762634
f 1848/6694/1848 1858/6790/1858 1856/6788/1856
vt 0.9611639976501465 0.3639272451400757
vt 0.9714692831039429 0.3646798729896545
f 1926/6700/1926 1867/6791/1867 1950/6792/1950
vt 0.1091139987111092 0.7752619981765747
vt 0.1129488274455070 0.7763964533805847
f 1855/6685/1855 1854/6793/1854 1864/6794/1864
vt 0.1091080009937286 0.7749819755554199
vt 0.1086578816175461 0.7741146087646484
vt 0.1097540035843849 0.7748619914054871
f 1854/6795/1854 1855/6796/1855 1859/6797/1859
vt 0.1094209998846054 0.7751349806785583
f 1854/6795/1854 1859/6797/1859 1860/6798/1860
vt 0.4167540073394775 0.3079360127449036
vt 0.4171220064163208 0.3069260120391846
f 1851/6799/1851 1856/6788/1856 1858/6800/1858
vt 0.4171360135078430 0.3075450062751770
f 1851/6799/1851 1856/6801/1856 1849/6766/1849
vt 0.1099649965763092 0.7751280069351196
f 1854/6793/1854 1859/6802/1859 1864/6794/1864
vt 0.2357171773910522 0.4368723928928375
vt 0.2381457388401031 0.4293828606605530
vt 0.2403760850429535 0.4322634637355804
f 1774/6803/1774 1887/6804/1887 1876/6805/1876
vt 0.4243039786815643 0.3094676434993744
f 1849/6750/1849 1857/6806/1857 1822/6789/1822
vt 0.4011297225952148 0.2751126587390900
vt 0.4050192534923553 0.2907274067401886
f 1816/6701/1816 1920/6807/1920 1829/6808/1829
vt 0.4448294341564178 0.2621452212333679
vt 0.4545108675956726 0.2666170597076416
vt 0.4545559287071228 0.2768668532371521
f 1839/6809/1839 1888/6810/1888 1844/6811/1844
vt 0.4357768297195435 0.7547440528869629
f 1843/6693/1843 1998/6812/1998 1793/6656/1793
f 1856/6801/1856 1858/6800/1858 1849/6766/1849
vt 0.4189315736293793 0.3043778538703918
f 1848/6694/1848 1857/6813/1857 1858/6790/1858
vt 0.2295109927654266 0.4718541204929352
vt 0.2283751666545868 0.4672521054744720
vt 0.2357890754938126 0.4630910754203796
f 1813/6814/1813 1837/6815/1837 1927/6816/1927
f 1858/6800/1858 1857/6813/1857 1849/6766/1849
f 1855/6796/1855 1915/6739/1915 1859/6797/1859
vt 0.4247607290744781 0.7690758705139160
vt 0.4340303242206573 0.7565123438835144
f 1882/6817/1882 1793/6656/1793 1998/6818/1998
f 1859/6802/1859 1915/6739/1915 1864/6794/1864
vt 0.5768001079559326 0.4520831704139709
vt 0.5845697522163391 0.4499900341033936
f 1811/6785/1811 1923/6819/1923 1764/6820/1764
vt 0.2189758270978928 0.5037305355072021
vt 0.2111511826515198 0.5104239583015442
f 1823/6575/1823 1952/6821/1952 1842/6822/1842
vt 0.2852656245231628 0.4066067337989807
vt 0.2737852036952972 0.4018052220344543
vt 0.2779927849769592 0.3993890583515167
f 1818/6823/1818 1835/6824/1835 1852/6825/1852
vt 0.4314347207546234 0.7367355823516846
f 1820/6704/1820 1945/6784/1945 1843/6826/1843
vt 0.2441672682762146 0.4293219745159149
vt 0.2421871125698090 0.4248978197574615
vt 0.2445274442434311 0.4238950610160828
f 1878/6827/1878 1886/6828/1886 1862/6829/1862
vt 0.0826095268130302 0.1185263246297836
vt 0.0764482468366623 0.1180422902107239
vt 0.0805164650082588 0.1114905253052711
f 1834/6830/1834 1815/6831/1815 1870/6832/1870
vt 0.8570876121520996 0.9276948571205139
vt 0.8659080266952515 0.9371952414512634
f 1862/6833/1862 1852/6643/1852 1891/6834/1891
vt 0.9694170355796814 0.3763143122196198
f 1926/6700/1926 1950/6792/1950 1976/6835/1976
vt 0.9612265825271606 0.3594097197055817
vt 0.9585016965866089 0.3553297519683838
vt 0.9611970186233521 0.3566049933433533
f 1867/6836/1867 1853/6837/1853 1868/6838/1868
vt 0.9616825580596924 0.3571251332759857
f 1867/6836/1867 1868/6838/1868 1869/6839/1869
vt 0.1666886508464813 0.4966655075550079
vt 0.1645401716232300 0.4925065934658051
vt 0.1674730777740479 0.4931184649467468
f 1863/6840/1863 1897/6841/1897 1898/6842/1898
vt 0.9528425931930542 0.3527332544326782
vt 0.9594585895538330 0.3422525227069855
vt 0.9611579179763794 0.3502334058284760
f 1853/6843/1853 1755/6844/1755 1893/6845/1893
vt 0.1287426501512527 0.6159999370574951
vt 0.1389504522085190 0.6189939975738525
vt 0.1242199167609215 0.6252597570419312
f 1888/6846/1888 1951/6847/1951 1958/6848/1958
vt 0.4792591035366058 0.1364797949790955
vt 0.4750249683856964 0.1298792213201523
vt 0.4837830662727356 0.1288818269968033
f 1939/6849/1939 1962/6850/1962 1770/6851/1770
vt 0.2428847849369049 0.4287820160388947
vt 0.2415619939565659 0.4264830052852631
vt 0.2413598746061325 0.4253081679344177
f 1878/6852/1878 1871/6853/1871 1886/6854/1886
vt 0.2654043138027191 0.0630488544702530
vt 0.2683370113372803 0.0625630021095276
vt 0.2700354456901550 0.0627596229314804
f 1872/6855/1872 1875/6856/1875 1877/6857/1877
vt 0.2675350010395050 0.0624100007116795
f 1872/6855/1872 1874/6858/1874 1875/6856/1875
vt 0.2690739929676056 0.0621749982237816
f 1875/6856/1875 1874/6858/1874 1873/6859/1873
f 1875/6856/1875 1873/6859/1873 1877/6857/1877
vt 0.2682405114173889 0.0578320771455765
vt 0.2674709856510162 0.0619440004229546
f 1872/6855/1872 1963/6860/1963 1874/6861/1874
f 1877/6857/1877 1873/6859/1873 1963/6860/1963
vt 0.2683210074901581 0.0618389993906021
f 1873/6859/1873 1875/6862/1875 1963/6860/1963
vt 0.2301828265190125 0.4819545447826385
f 1823/6604/1823 1813/6814/1813 1908/6863/1908
f 1874/6861/1874 1963/6860/1963 1875/6862/1875
vt 0.9271904230117798 0.7925019264221191
vt 0.9205875396728516 0.7866369485855103
vt 0.9238812327384949 0.7834921479225159
f 1877/6864/1877 1819/6865/1819 1896/6866/1896
vt 0.2413959950208664 0.4269700050354004
f 1878/6852/1878 1881/6867/1881 1871/6853/1871
vt 0.2413329929113388 0.4261040091514587
f 1871/6853/1871 1881/6868/1881 1886/6854/1886
vt 0.2412209957838058 0.4272490143775940
vt 0.2413700073957443 0.4265129864215851
f 1871/6853/1871 1880/6869/1880 1881/6870/1881
vt 0.2659020125865936 0.0646030008792877
vt 0.2643354237079620 0.0643588677048683
f 1872/6855/1872 1883/6871/1883 1896/6872/1896
vt 0.1589500904083252 0.4984001517295837
vt 0.1509360373020172 0.4917132258415222
vt 0.1539784520864487 0.4854755997657776
f 1863/6873/1863 1722/6874/1722 1913/6875/1913
vt 0.9620630145072937 0.3565720021724701
f 1869/6839/1869 1868/6838/1868 1884/6876/1884
vt 0.9324520230293274 0.7761210203170776
vt 0.9323080182075500 0.7772555351257324
vt 0.9319509863853455 0.7762989997863770
f 1872/6877/1872 1877/6878/1877 1885/6879/1885
vt 0.9318299889564514 0.7758479714393616
f 1872/6877/1872 1885/6879/1885 1883/6880/1883
vt 0.9618642330169678 0.3551599085330963
f 1868/6838/1868 1853/6837/1853 1895/6881/1895
vt 0.9615240097045898 0.3563820123672485
vt 0.9621620178222656 0.3562929928302765
f 1868/6838/1868 1884/6882/1884 1879/6883/1879
f 1868/6838/1868 1895/6881/1895 1884/6882/1884
vt 0.9630181193351746 0.3570754528045654
vt 0.9626349806785583 0.3564290106296539
f 1869/6884/1869 1884/6876/1884 1879/6885/1879
vt 0.1098394095897675 0.7668584585189819
vt 0.1181753948330879 0.7690217494964600
f 1850/6886/1850 1841/6622/1841 1915/6887/1915
f 1881/6867/1881 1878/6852/1878 1880/6869/1880
vt 0.2406540066003799 0.4266673326492310
f 1881/6870/1881 1880/6869/1880 1887/6888/1887
f 1881/6868/1881 1887/6888/1887 1886/6854/1886
vt 0.9316139817237854 0.7753350138664246
vt 0.9314910173416138 0.7759349942207336
vt 0.9271094799041748 0.7768964171409607
f 1883/6889/1883 1885/6890/1885 1896/6891/1896
vt 0.2613775134086609 0.4186775386333466
vt 0.2540492117404938 0.4190319776535034
vt 0.2578026354312897 0.4135597944259644
f 1877/6892/1877 1963/6893/1963 1912/6894/1912
vt 0.2406293451786041 0.4292614161968231
f 1878/6827/1878 1876/6805/1876 1887/6895/1887
vt 0.2597964107990265 0.0626773312687874
vt 0.2626325488090515 0.0640766248106956
vt 0.2584536671638489 0.0653821453452110
f 1900/6896/1900 1872/6897/1872 1896/6898/1896
vt 0.9317759871482849 0.7767459750175476
f 1883/6880/1883 1885/6879/1885 1889/6899/1889
vt 0.2410099953413010 0.4273580014705658
f 1880/6869/1880 1878/6852/1878 1887/6900/1887
vt 0.9629060029983521 0.3560929894447327
f 1884/6876/1884 1890/6901/1890 1879/6885/1879
f 1884/6882/1884 1895/6881/1895 1879/6883/1879
f 1877/6878/1877 1889/6899/1889 1885/6879/1885
vt 0.2639974951744080 0.0604942739009857
vt 0.2611364126205444 0.0504369996488094
f 1872/6902/1872 1900/6903/1900 1963/6860/1963
vt 0.9422484040260315 0.9340227246284485
vt 0.9456005096435547 0.9272608160972595
vt 0.9540594220161438 0.9332662820816040
f 1736/6904/1736 1964/6905/1964 1989/6906/1989
vt 0.9666720032691956 0.3565622270107269
vt 0.9669018983840942 0.3485824763774872
f 1867/6907/1867 1869/6884/1869 1893/6908/1893
f 1885/6890/1885 1889/6899/1889 1896/6891/1896
vt 0.9626498818397522 0.3570961356163025
f 1879/6885/1879 1890/6901/1890 1869/6909/1869
f 1879/6883/1879 1895/6881/1895 1890/6901/1890
vt 0.9317069649696350 0.7802532315254211
f 1877/6910/1877 1896/6891/1896 1889/6899/1889
vt 0.2670781314373016 0.4105030596256256
vt 0.2627579867839813 0.4098370075225830
vt 0.2631805837154388 0.4035401940345764
f 1877/6911/1877 1912/6912/1912 1835/6913/1835
vt 0.2495465129613876 0.4313007891178131
vt 0.2502824366092682 0.4378084838390350
f 1878/6914/1878 1892/6748/1892 1876/6915/1876
vt 0.7242847084999084 0.0324455238878727
vt 0.7346829771995544 0.0344837717711926
vt 0.7273762226104736 0.0387379825115204
f 1900/6916/1900 1870/6917/1870 1942/6918/1942
vt 0.9638276100158691 0.3547714650630951
f 1890/6901/1890 1895/6919/1895 1869/6884/1869
vt 0.8554561734199524 0.9327181577682495
vt 0.8512808084487915 0.9441918134689331
vt 0.8504274487495422 0.9314675927162170
f 1891/6920/1891 1918/6921/1918 1862/6922/1862
vt 0.2331100553274155 0.4558527469635010
vt 0.2292388081550598 0.4631964564323425
f 1876/6923/1876 1927/6816/1927 1837/6924/1837
vt 0.8977675437927246 0.3394445478916168
vt 0.8977689743041992 0.3457930088043213
vt 0.8936865329742432 0.3468727171421051
f 1863/6925/1863 1898/6926/1898 1916/6927/1916
f 1869/6884/1869 1895/6919/1895 1893/6908/1893
vt 0.9006909728050232 0.3744128048419952
vt 0.9004763364791870 0.3658046722412109
vt 0.9077323079109192 0.3738073110580444
f 1903/6928/1903 1917/6929/1917 1866/6930/1866
vt 0.4777839183807373 0.1269122362136841
f 1770/6851/1770 1962/6850/1962 1845/6931/1845
vt 0.8070273399353027 0.4722615182399750
vt 0.8019892573356628 0.4687870442867279
vt 0.8085049986839294 0.4657961428165436
f 1847/6932/1847 1910/6933/1910 1921/6934/1921
vt 0.1632597595453262 0.4874425530433655
vt 0.1627962142229080 0.4821074903011322
vt 0.1635761111974716 0.4898909032344818
f 1863/6935/1863 1913/6936/1913 1897/6937/1897
vt 0.8190002441406250 0.4751203358173370
vt 0.8117576837539673 0.4682462215423584
vt 0.8145138025283813 0.4664409756660461
f 1905/6938/1905 1847/6939/1847 1921/6940/1921
vt 0.1188352257013321 0.6343601942062378
vt 0.1205840930342674 0.6397781968116760
vt 0.1142976507544518 0.6423766016960144
f 1958/6941/1958 1944/6942/1944 1940/6943/1940
vt 0.8927474021911621 0.3710381090641022
vt 0.8940053582191467 0.3693860173225403
f 1903/6944/1903 1928/6945/1928 1917/6929/1917
vt 0.1648830026388168 0.4866079986095428
f 1897/6937/1897 1913/6936/1913 1899/6946/1899
vt 0.1651919931173325 0.4869279861450195
vt 0.1657260060310364 0.4870440065860748
f 1897/6937/1897 1899/6947/1899 1901/6948/1901
vt 0.1663489937782288 0.4871090054512024
f 1897/6937/1897 1901/6948/1901 1902/6949/1902
vt 0.1670635491609573 0.4888470470905304
f 1897/6937/1897 1902/6949/1902 1898/6950/1898
vt 0.1661803126335144 0.4857683479785919
f 1898/6950/1898 1902/6949/1902 1913/6951/1913
vt 0.9066022634506226 0.1121051609516144
vt 0.9043800234794617 0.1164838224649429
vt 0.8942028284072876 0.1069375574588776
f 1992/6952/1992 1838/6953/1838 2012/6954/2012
vt 0.1653420031070709 0.4866789877414703
f 1901/6948/1901 1899/6955/1899 1902/6949/1902
vt 0.1657949984073639 0.4866920113563538
vt 0.1627071946859360 0.4810975790023804
f 1902/6949/1902 1901/6956/1901 1913/6957/1913
vt 0.1211732253432274 0.6417754292488098
vt 0.1322713643312454 0.6511229872703552
f 1944/6958/1944 1958/6941/1958 1919/6959/1919
vt 0.1354182958602905 0.6270918250083923
f 1958/6941/1958 1951/6960/1951 1919/6959/1919
f 1899/6955/1899 1913/6957/1913 1901/6956/1901
vt 0.2503860294818878 0.4635200500488281
vt 0.2507103085517883 0.4572877585887909
vt 0.2567786872386932 0.4721609354019165
f 1908/6961/1908 1927/6962/1927 1959/6963/1959
vt 0.4540440440177917 0.7251521944999695
f 1864/6727/1864 1914/6964/1914 1945/6784/1945
vt 0.5703821182250977 0.4380109012126923
vt 0.5757446289062500 0.4485112130641937
f 1736/6786/1736 1989/6965/1989 1923/6966/1923
vt 0.1103990674018860 0.6586822271347046
vt 0.1161708608269691 0.6488351821899414
vt 0.1208985969424248 0.6566118597984314
f 1900/6967/1900 1940/6968/1940 1944/6969/1944
vt 0.9001135826110840 0.3459090292453766
vt 0.8972709774971008 0.3476999998092651
f 1916/6927/1916 1898/6970/1898 1906/6971/1906
vt 0.8979039788246155 0.3475669920444489
f 1898/6970/1898 1907/6972/1907 1906/6971/1906
vt 0.8998145461082458 0.3454686403274536
vt 0.8982930183410645 0.3477979898452759
f 1898/6973/1898 1909/6974/1909 1907/6972/1907
vt 0.9050310254096985 0.3484560549259186
vt 0.8957260847091675 0.3502996563911438
vt 0.8999711275100708 0.3461448550224304
f 1917/6975/1917 1910/6976/1910 1898/6977/1898
vt 0.1243920400738716 0.7431008815765381
vt 0.1158641427755356 0.7479988336563110
f 1845/6644/1845 1962/6978/1962 1814/6979/1814
vt 0.9666591286659241 0.3410461544990540
vt 0.9685581326484680 0.3421454727649689
vt 0.9582334756851196 0.3398075997829437
f 1905/6980/1905 1893/6981/1893 1755/6982/1755
vt 0.8215370178222656 0.4658261835575104
vt 0.8230422735214233 0.4726192653179169
vt 0.8187149763107300 0.4644449949264526
f 1903/6983/1903 1905/6984/1905 1921/6985/1921
vt 0.1223863586783409 0.7616824507713318
f 1841/6622/1841 1936/6986/1936 1915/6887/1915
vt 0.9121243357658386 0.3423162102699280
vt 0.9152428507804871 0.3451580107212067
vt 0.9090039134025574 0.3501398861408234
f 1898/6987/1898 1913/6988/1913 1917/6989/1917
vt 0.2345251739025116 0.4691566526889801
vt 0.2378939092159271 0.4690218865871429
f 1927/6990/1927 1908/6991/1908 1813/6814/1813
f 1907/6972/1907 1909/6974/1909 1906/6971/1906
f 1898/6973/1898 1910/6976/1910 1909/6974/1909
vt 0.8976830244064331 0.3479459881782532
f 1906/6971/1906 1907/6992/1907 1910/6976/1910
f 1906/6971/1906 1910/6976/1910 1916/6927/1916
f 1909/6974/1909 1910/6976/1910 1907/6992/1907
vt 0.2296074628829956 0.4905182719230652
vt 0.2184225320816040 0.4883378744125366
f 1908/6863/1908 2016/6993/2016 1823/6994/1823
vt 0.8259367346763611 0.4703426361083984
vt 0.8330006003379822 0.4620042145252228
vt 0.8312709927558899 0.4704453945159912
f 1903/6995/1903 2010/6996/2010 1905/6997/1905
vt 0.9698115587234497 0.3548379242420197
vt 0.9739454388618469 0.3531756699085236
vt 0.9798719882965088 0.3558504581451416
f 1867/6998/1867 1905/6999/1905 1950/7000/1950
vt 0.9616964459419250 0.3528792858123779
f 1895/6919/1895 1853/7001/1853 1893/6908/1893
vt 0.9113621711730957 0.3707934021949768
f 1866/6930/1866 1917/6929/1917 1949/7002/1949
vt 0.2538756132125854 0.4091358780860901
vt 0.2490531802177429 0.4145929515361786
vt 0.2496695965528488 0.4124628901481628
f 1912/7003/1912 1963/7004/1963 1955/7005/1955
vt 0.9009870290756226 0.3504739999771118
vt 0.9003607034683228 0.3511489629745483
f 1910/7006/1910 1917/6989/1917 1928/7007/1928
vt 0.9690710902214050 0.3537016510963440
vt 0.9709317088127136 0.3496763110160828
f 1867/7008/1867 1893/6908/1893 1905/7009/1905
vt 0.2595258653163910 0.4452409744262695
f 1876/6915/1876 1892/6748/1892 1930/7010/1930
vt 0.7920565605163574 0.4851324558258057
vt 0.7933089733123779 0.4914579391479492
vt 0.7892405986785889 0.4796397089958191
f 1847/7011/1847 1916/7012/1916 1910/7013/1910
vt 0.4484511911869049 0.7084603309631348
vt 0.4497513473033905 0.7038609385490417
f 1936/7014/1936 1864/6727/1864 1915/7015/1915
vt 0.2515918910503387 0.4544509053230286
vt 0.2502031028270721 0.4466623663902283
vt 0.2581627666950226 0.4523088634014130
f 1927/7016/1927 1876/7017/1876 1930/7018/1930
vt 0.1199724450707436 0.7559252977371216
vt 0.1196419969201088 0.7572410106658936
f 1841/6622/1841 1814/7019/1814 1936/7020/1936
vt 0.8878476619720459 0.3811315000057220
vt 0.8820676803588867 0.3789798319339752
vt 0.8836668133735657 0.3734005987644196
f 1981/7021/1981 2010/7022/2010 1903/7023/1903
vt 0.8890412449836731 0.3697966337203979
vt 0.8887706995010376 0.3649770319461823
vt 0.8920338153839111 0.3648070991039276
f 1903/7024/1903 1921/7025/1921 1928/7026/1928
vt 0.4351083636283875 0.7522230744361877
vt 0.4416385293006897 0.7454416751861572
vt 0.4458979666233063 0.7500856518745422
f 1998/7027/1998 1843/7028/1843 1945/7029/1945
vt 0.8928853869438171 0.3574577271938324
vt 0.8903660178184509 0.3603740036487579
vt 0.8899469971656799 0.3609000146389008
f 1910/7030/1910 1922/7031/1922 1921/7032/1921
vt 0.2521518766880035 0.4044654369354248
vt 0.2472032755613327 0.4066850244998932
vt 0.2364266067743301 0.3985047638416290
f 1912/7033/1912 1955/7034/1955 1938/7035/1938
vt 0.9805807471275330 0.6440986394882202
vt 0.9754465818405151 0.6400573253631592
vt 0.9771053194999695 0.6320080161094666
f 1870/7036/1870 1894/7037/1894 1942/7038/1942
vt 0.2539165318012238 0.3976254761219025
f 1912/7033/1912 1938/7035/1938 1835/7039/1835
vt 0.9046351313591003 0.1277382224798203
vt 0.9047099351882935 0.1372178941965103
vt 0.8967741131782532 0.1312024295330048
f 1846/7040/1846 1952/7041/1952 2013/7042/2013
vt 0.8912789821624756 0.3602049946784973
vt 0.8906999826431274 0.3603709936141968
f 1910/7030/1910 1925/7043/1925 1922/7044/1922
vt 0.8870407342910767 0.9639297723770142
vt 0.8832905888557434 0.9716370701789856
vt 0.8795731663703918 0.9635380506515503
f 1852/7045/1852 1929/7046/1929 1891/7047/1891
vt 0.8903399705886841 0.3609490096569061
f 1922/7031/1922 1924/7048/1924 1921/7032/1921
vt 0.8932650089263916 0.3618081510066986
f 1921/7032/1921 1924/7048/1924 1928/7049/1928
f 1922/7044/1922 1925/7043/1925 1924/7048/1924
f 1864/6727/1864 1936/7014/1936 1914/6964/1914
vt 0.7093411684036255 0.0200718436390162
vt 0.6996670961380005 0.0360419563949108
vt 0.6997120976448059 0.0283065140247345
f 1819/7050/1819 1900/7051/1900 1896/7052/1896
vt 0.8907619714736938 0.3607529997825623
f 1924/7048/1924 1922/7053/1922 1928/7049/1928
f 1922/7053/1922 1925/7043/1925 1928/7049/1928
vt 0.2245655655860901 0.4978821873664856
vt 0.2300175577402115 0.4975723028182983
f 1823/7054/1823 2016/7055/2016 1952/6821/1952
vt 0.9752409458160400 0.6475622057914734
vt 0.9695923924446106 0.6466898322105408
f 1870/7056/1870 1958/7057/1958 1894/7037/1894
vt 0.8915939927101135 0.3601790070533752
vt 0.8922950029373169 0.3594608008861542
vt 0.8926899433135986 0.3621701002120972
f 1925/7058/1925 1910/7059/1910 1928/7060/1928
vt 0.2662208974361420 0.3887908756732941
vt 0.2498558312654495 0.3838234543800354
f 1852/7061/1852 1835/7039/1835 1929/7062/1929
vt 0.8434594869613647 0.9378767609596252
vt 0.8473047614097595 0.9458557367324829
f 1862/7063/1862 1918/6921/1918 1892/7064/1892
vt 0.2482395023107529 0.3975469768047333
vt 0.2403391748666763 0.3932351469993591
f 1835/7065/1835 1938/7035/1938 2002/7066/2002
vt 0.0942019075155258 0.6407321691513062
vt 0.0910029038786888 0.6388677954673767
vt 0.0966286063194275 0.6359647512435913
f 1900/7067/1900 1942/7068/1942 1940/7069/1940
vt 0.8792672157287598 0.9727856516838074
f 1891/7047/1891 1929/7046/1929 1982/7070/1982
vt 0.9458975195884705 0.9108762145042419
vt 0.9476545453071594 0.9039219617843628
vt 0.9552516937255859 0.9184736609458923
f 1904/7071/1904 1992/7072/1992 1964/7073/1964
vt 0.9033752679824829 0.1222472712397575
vt 0.8978949785232544 0.1280292272567749
vt 0.8984137773513794 0.1195195689797401
f 1846/7074/1846 2013/7075/2013 1838/7076/1838
vt 0.4768107235431671 0.1439392119646072
vt 0.4684398770332336 0.1357780545949936
vt 0.4773277342319489 0.1359466016292572
f 2035/7077/2035 1967/7078/1967 1939/7079/1939
vt 0.9691748023033142 0.6418705582618713
f 1958/7057/1958 1941/7080/1941 1894/7037/1894
vt 0.9838021397590637 0.3426439464092255
f 2010/7081/2010 1950/7000/1950 1905/6999/1905
vt 0.8748952746391296 0.9731072783470154
f 1891/7047/1891 1982/7070/1982 1918/7082/1918
vt 0.2539163529872894 0.3969333767890930
vt 0.2396470010280609 0.3817307054996490
f 1835/7083/1835 2002/7084/2002 1929/7062/1929
vt 0.3967633247375488 0.8504107594490051
vt 0.4028675556182861 0.8378809690475464
vt 0.4060097932815552 0.8473255038261414
f 1923/7085/1923 1948/7086/1948 1764/7087/1764
vt 0.9677083492279053 0.6415479779243469
vt 0.9697999954223633 0.6404500007629395
f 1894/7037/1894 1941/7088/1941 1932/7089/1932
vt 0.1466745436191559 0.6559671759605408
vt 0.1388066560029984 0.6619496345520020
f 1919/6959/1919 1961/7090/1961 1944/7091/1944
vt 0.4295671582221985 0.2526890635490417
vt 0.4423988163471222 0.2423637658357620
f 1829/7092/1829 1946/7093/1946 1839/6809/1839
vt 0.1208067014813423 0.6642332077026367
vt 0.1212038174271584 0.6680812835693359
vt 0.1175499483942986 0.6705392599105835
f 1900/7094/1900 1944/7095/1944 1983/7096/1983
vt 0.9691929817199707 0.6399210095405579
f 1941/7088/1941 1933/7097/1933 1932/7089/1932
vt 0.8645840287208557 0.9676046371459961
vt 0.8692013621330261 0.9734583497047424
vt 0.8600824475288391 0.9746363759040833
f 1918/7098/1918 1982/7099/1982 1985/7100/1985
vt 0.8979238867759705 0.3798365592956543
vt 0.8901661038398743 0.3907421529293060
vt 0.8915548920631409 0.3839935362339020
f 1903/7101/1903 1866/7102/1866 1981/7103/1981
vt 0.0114929946139455 0.6025248169898987
vt 0.0143860764801502 0.5942736268043518
vt 0.0206375420093536 0.6021492481231689
f 1911/7104/1911 1943/7105/1943 2035/7106/2035
vt 0.9688689708709717 0.6390720009803772
f 1932/7089/1932 1933/7097/1933 1935/7107/1935
vt 0.9694970250129700 0.6395900249481201
f 1932/7089/1932 1933/7108/1933 1894/7037/1894
vt 0.7432521581649780 0.1950276345014572
vt 0.7354927062988281 0.1962940543889999
vt 0.7373357415199280 0.1934530735015869
f 1934/7109/1934 1955/7110/1955 1963/7111/1963
vt 0.1436751186847687 0.6554819345474243
vt 0.1478960812091827 0.6560260057449341
f 1919/6959/1919 1951/7112/1951 1961/7113/1961
vt 0.4124536514282227 0.2587120831012726
vt 0.4061457514762878 0.2534066438674927
vt 0.4127718210220337 0.2512965798377991
f 1920/7114/1920 1926/7115/1926 1976/7116/1976
vt 0.4414944946765900 0.7889501452445984
vt 0.4541392922401428 0.7926903963088989
vt 0.4435048997402191 0.7985976934432983
f 1998/7117/1998 1937/7118/1937 1882/7119/1882
f 1933/7097/1933 1941/7088/1941 1935/7107/1935
vt 0.9699733257293701 0.6382400989532471
f 1933/7108/1933 1935/7107/1935 1894/7120/1894
vt 0.1566099077463150 0.4677742123603821
vt 0.1617442518472672 0.4727143943309784
f 1913/6957/1913 1931/7121/1931 1917/7122/1917
vt 0.2072384357452393 0.4273478686809540
vt 0.2034325301647186 0.4237791895866394
vt 0.2122561931610107 0.4222677052021027
f 1944/7123/1944 1961/7124/1961 1955/7125/1955
vt 0.9669371843338013 0.6352372765541077
f 1935/7107/1935 1941/7088/1941 1942/7126/1942
f 1935/7107/1935 1942/7126/1942 1894/7120/1894
vt 0.4094297885894775 0.2454663366079330
vt 0.4263964891433716 0.2513692975044250
f 1920/7114/1920 1976/7127/1976 1829/7128/1829
vt 0.9860104918479919 0.2269999831914902
vt 0.9800027608871460 0.2306888103485107
vt 0.9773507714271545 0.2245920002460480
f 1958/7129/1958 1940/7130/1940 1942/7131/1942
vt 0.4476320445537567 0.8025751113891602
f 1882/7119/1882 1937/7118/1937 1708/7132/1708
vt 0.2357368171215057 0.3758142292499542
vt 0.2469602823257446 0.3721960783004761
f 1929/7062/1929 2002/7133/2002 1982/7134/1982
vt 0.1619985699653625 0.4479990303516388
vt 0.1594980061054230 0.4481019973754883
vt 0.1588268280029297 0.4474331140518188
f 1949/7135/1949 1947/7136/1947 1960/7137/1960
vt 0.2392189949750900 0.4919759929180145
vt 0.2421637922525406 0.4975642859935760
vt 0.2376183867454529 0.4902422428131104
f 1908/7138/1908 1972/7139/1972 2016/7140/2016
vt 0.1592958271503448 0.4482829570770264
f 1949/7135/1949 1956/7141/1956 1947/7136/1947
vt 0.1812753379344940 0.4435950219631195
vt 0.1699737459421158 0.4469448924064636
vt 0.1722998172044754 0.4315678179264069
f 1866/7142/1866 1949/7143/1949 2000/7144/2000
vt 0.1572533696889877 0.4548268616199493
vt 0.1594559997320175 0.4491559863090515
vt 0.1610728502273560 0.4493941068649292
f 1931/7145/1931 1956/7146/1956 1949/7147/1949
vt 0.1604331731796265 0.4454369246959686
f 1949/7135/1949 1960/7137/1960 2000/7148/2000
vt 0.4547885954380035 0.7066849470138550
vt 0.4629284143447876 0.7150590419769287
f 1936/7149/1936 2041/7150/2041 1914/6964/1914
vt 0.2725315690040588 0.0422790646553040
vt 0.2660857141017914 0.0313716493546963
f 1963/7151/1963 1900/6903/1900 1983/7152/1983
vt 0.1591500043869019 0.4480200111865997
f 1960/7137/1960 1947/7136/1947 1953/7153/1953
vt 0.1592459976673126 0.4482240080833435
f 1947/7136/1947 1956/7141/1956 1953/7154/1953
vt 0.1588409990072250 0.4481430053710938
f 1947/7136/1947 1953/7154/1953 1954/7155/1954
vt 0.2633590996265411 0.4564412534236908
vt 0.2761822044849396 0.4589525759220123
f 1927/7156/1927 1930/7010/1930 2053/7157/2053
vt 0.1466968059539795 0.6475192904472351
vt 0.1559287458658218 0.6476145982742310
f 1951/7158/1951 1970/7159/1970 1961/7113/1961
f 1953/7154/1953 1956/7141/1956 1954/7155/1954
vt 0.1587550044059753 0.4481830000877380
f 1956/7141/1956 1960/7160/1960 1954/7155/1954
vt 0.1587370038032532 0.4480600059032440
f 1953/7153/1953 1954/7161/1954 1960/7137/1960
vt 0.2606663107872009 0.4836890995502472
vt 0.2731432616710663 0.4856718480587006
vt 0.2650649547576904 0.4963214397430420
f 1908/7162/1908 1987/7163/1987 1972/7164/1972
vt 0.3922332823276520 0.8308547139167786
vt 0.3958708047866821 0.8362378478050232
vt 0.3930584490299225 0.8349454402923584
f 1865/7165/1865 1948/7166/1948 2032/7167/2032
vt 0.7035791873931885 0.1885127723217010
vt 0.7137431502342224 0.1967153102159500
vt 0.7024551033973694 0.1921298950910568
f 1944/7168/1944 1955/7169/1955 2011/7170/2011
vt 0.1585374027490616 0.4483034312725067
f 1956/7146/1956 1931/7145/1931 1960/7171/1960
vt 0.9869677424430847 0.3597593009471893
vt 0.9808077216148376 0.3687421083450317
f 1950/7000/1950 2033/7172/2033 1976/7173/1976
vt 0.3971280157566071 0.8473849892616272
vt 0.3928110599517822 0.8453817367553711
f 1948/7086/1948 1923/7174/1923 2032/7175/2032
vt 0.1581720411777496 0.4490644335746765
f 1960/7171/1960 1931/7145/1931 2000/7176/2000
vt 0.4535686969757080 0.2491701394319534
vt 0.4508266448974609 0.2363807111978531
f 1888/7177/1888 1839/6809/1839 1946/7178/1946
vt 0.9893872141838074 0.2191926687955856
vt 0.9920108318328857 0.2236766070127487
f 1958/7129/1958 1942/7179/1942 1941/7180/1941
vt 0.8953195810317993 0.1337181329727173
vt 0.8921583294868469 0.1419484019279480
vt 0.8897547125816345 0.1371482610702515
f 2013/7181/2013 1952/7182/1952 2016/7183/2016
vt 0.9027301669120789 0.3916184902191162
vt 0.8950178623199463 0.3956955075263977
f 2000/7184/2000 1981/7185/1981 1866/7102/1866
vt 0.1999514102935791 0.4136849939823151
f 1955/7125/1955 1961/7124/1961 2029/7186/2029
vt 0.1250693202018738 0.7541964054107666
vt 0.1294917762279510 0.7648212313652039
vt 0.1260197162628174 0.7610808610916138
f 1814/7187/1814 2041/7188/2041 1936/7189/1936
vt 0.1549553275108337 0.6298027038574219
vt 0.1584240198135376 0.6184987425804138
vt 0.1641578376293182 0.6190401911735535
f 1951/7190/1951 1888/7191/1888 1966/7192/1966
vt 0.4609453976154327 0.7528268098831177
vt 0.4534322917461395 0.7437719702720642
f 1914/6964/1914 1998/7193/1998 1945/7194/1945
vt 0.1611630767583847 0.4521718621253967
vt 0.1634684950113297 0.4561968147754669
f 1949/7195/1949 1917/7196/1917 1931/7145/1931
vt 0.2151938825845718 0.4193142652511597
vt 0.2165412157773972 0.4124827682971954
f 1955/7197/1955 2029/7186/2029 1971/7198/1971
vt 0.4024702310562134 0.2373531162738800
vt 0.4071364104747772 0.2357001751661301
f 2033/7199/2033 2034/7200/2034 1976/7127/1976
vt 0.1268565952777863 0.0496796555817127
vt 0.1221585348248482 0.0481283292174339
vt 0.1267332434654236 0.0392499305307865
f 1961/7201/1961 1957/7202/1957 1974/7203/1974
vt 0.7399473190307617 0.1998271942138672
vt 0.7464297413825989 0.2016011327505112
vt 0.7420166134834290 0.2080132514238358
f 1955/7204/1955 1934/7205/1934 2030/7206/2030
vt 0.4697650372982025 0.1313951313495636
f 1962/6850/1962 1939/7207/1939 1967/7078/1967
vt 0.2302032560110092 0.4027394056320190
vt 0.2218966931104660 0.3985894322395325
f 1938/7035/1938 1955/7208/1955 1978/7209/1978
vt 0.1221939995884895 0.0459260009229183
f 1974/7203/1974 1957/7202/1957 1965/7210/1965
vt 0.2410945147275925 0.5136564373970032
vt 0.2376447767019272 0.5095552206039429
vt 0.2379688769578934 0.5054297447204590
f 2007/7211/2007 2016/7212/2016 1972/7213/1972
vt 0.2624038457870483 0.5018095970153809
vt 0.2709497213363647 0.5067805051803589
vt 0.2644738852977753 0.5066409707069397
f 1972/7214/1972 1987/7215/1987 2007/7216/2007
vt 0.1218290030956268 0.0465210005640984
vt 0.1215879991650581 0.0454359985888004
vt 0.1219530031085014 0.0454710014164448
f 1957/7217/1957 1968/7218/1968 1965/7219/1965
vt 0.1362997591495514 0.4681672751903534
vt 0.1398608237504959 0.4638440310955048
vt 0.1436325907707214 0.4636815786361694
f 1994/7220/1994 1975/7221/1975 1913/7222/1913
vt 0.8901591897010803 0.1269531399011612
vt 0.8820477724075317 0.1173797175288200
vt 0.8924268484115601 0.1215056404471397
f 2013/7223/2013 2012/7224/2012 1838/7225/1838
vt 0.9592693448066711 0.9042373895645142
vt 0.9605724811553955 0.9015219211578369
vt 0.9652678966522217 0.9074051380157471
f 1964/7226/1964 1992/7227/1992 1977/7228/1977
vt 0.1517873853445053 0.6629490256309509
vt 0.1533570438623428 0.6658824086189270
vt 0.1515080034732819 0.6646370291709900
f 1957/7229/1957 1984/7230/1984 1968/7231/1968
vt 0.1218679994344711 0.0447730012238026
f 1965/7219/1965 1968/7232/1968 1974/7203/1974
vt 0.1214800029993057 0.0449840016663074
vt 0.1215389966964722 0.0444220006465912
f 1965/7219/1965 1968/7233/1968 1969/7234/1969
vt 0.2309824824333191 0.3914418220520020
vt 0.2209322750568390 0.3785821795463562
f 1938/7235/1938 1978/7209/1978 2002/7236/2002
vt 0.2264984548091888 0.4092185497283936
vt 0.2181560248136520 0.3968872427940369
f 1955/7237/1955 1971/7198/1971 1978/7238/1978
vt 0.2630578279495239 0.0296433996409178
vt 0.2779741585254669 0.0256905741989613
f 1963/7151/1963 1983/7239/1983 2015/7240/2015
f 1968/7232/1968 1969/7234/1969 1974/7203/1974
vt 0.1517419964075089 0.6647840142250061
vt 0.1523109972476959 0.6652119755744934
f 1968/7241/1968 1984/7230/1984 1969/7242/1969
vt 0.2822875082492828 0.0377839654684067
vt 0.2863108515739441 0.0374771319329739
f 1963/7243/1963 2015/7240/2015 1934/7244/1934
vt 0.8385483026504517 0.9683597087860107
vt 0.8550411462783813 0.9663594365119934
vt 0.8420621752738953 0.9755373001098633
f 1892/7245/1892 1918/7246/1918 1985/7247/1985
vt 0.2684991657733917 0.4369915127754211
f 1930/7010/1930 1892/7248/1892 2053/7157/2053
vt 0.1578787118196487 0.6089934706687927
vt 0.1630489975214005 0.6120809912681580
f 1966/7192/1966 1888/7249/1888 1973/7250/1973
vt 0.1520600020885468 0.6652600169181824
vt 0.1530271172523499 0.6655803918838501
vt 0.1524109989404678 0.6660259962081909
f 1969/7251/1969 1984/7252/1984 1974/7253/1974
vt 0.2650232017040253 0.4589807689189911
f 1959/6963/1959 1927/7254/1927 2053/7157/2053
vt 0.2656753659248352 0.4785034060478210
f 1908/7162/1908 1959/7255/1959 1987/7163/1987
vt 0.0968908518552780 0.4606293141841888
vt 0.0954052731394768 0.4562591016292572
vt 0.1030339524149895 0.4532270431518555
f 1708/7256/1708 2051/7257/2051 1994/7258/1994
vt 0.1649113893508911 0.6108372211456299
f 1888/7249/1888 1986/7259/1986 1973/7250/1973
vt 0.1633269935846329 0.6048324108123779
vt 0.1563146412372589 0.6019812822341919
vt 0.1639519482851028 0.5958395600318909
f 1986/7260/1986 1888/7261/1888 1946/7262/1946
vt 0.3774037957191467 0.8072381019592285
vt 0.3893444836139679 0.8086585998535156
vt 0.3869176208972931 0.8166296482086182
f 1996/7263/1996 2044/7264/2044 1988/7265/1988
vt 0.1636089980602264 0.6117209792137146
vt 0.1642470061779022 0.6120669841766357
f 1973/7250/1973 1979/7266/1979 1980/7267/1980
vt 0.1636780053377151 0.6122639775276184
f 1973/7250/1973 1979/7268/1979 1966/7192/1966
f 1973/7250/1973 1986/7259/1986 1979/7266/1979
vt 0.1642300039529800 0.6125569939613342
f 1966/7192/1966 1979/7268/1979 1980/7269/1980
vt 0.1531328707933426 0.6593607068061829
vt 0.1551384329795837 0.6634012460708618
vt 0.1541372537612915 0.6632314920425415
f 1961/7270/1961 1984/7271/1984 1957/7272/1957
f 1979/7266/1979 1986/7259/1986 1980/7267/1980
vt 0.2589356601238251 0.4733574688434601
vt 0.2705309092998505 0.4716844856739044
f 1959/7273/1959 2053/7157/2053 1987/7274/1987
vt 0.5770357847213745 0.4316841065883636
vt 0.5662402510643005 0.4191144108772278
vt 0.5824384689331055 0.4342120885848999
f 1989/7275/1989 1991/7276/1991 1923/7277/1923
vt 0.0965233668684959 0.5770840644836426
vt 0.0973428115248680 0.5644640326499939
vt 0.1107527539134026 0.5630749464035034
f 2034/7278/2034 2033/7279/2033 1993/7280/1993
vt 0.1646610051393509 0.6123290061950684
vt 0.1710254102945328 0.6161221861839294
f 1966/7192/1966 1980/7281/1980 2031/7282/2031
f 1980/7281/1980 1986/7259/1986 2031/7282/2031
vt 0.7469428777694702 0.2016249448060989
vt 0.7529886364936829 0.2067126780748367
f 1934/7283/1934 2006/7284/2006 2030/7206/2030
vt 0.4255202710628510 0.2471044361591339
vt 0.4151872694492340 0.2393186092376709
f 1829/7285/1829 1976/7127/1976 2034/7286/2034
vt 0.1242573782801628 0.4626393616199493
vt 0.1188697367906570 0.4574077427387238
vt 0.1278480887413025 0.4553876519203186
f 1994/7287/1994 2051/7288/2051 1995/7289/1995
vt 0.1637717485427856 0.6249048113822937
vt 0.1714692860841751 0.6326492428779602
f 1951/7190/1951 1966/7290/1966 2124/7291/2124
vt 0.3963001668453217 0.8209772109985352
vt 0.3826390802860260 0.8309383392333984
vt 0.3872818350791931 0.8169567584991455
f 1865/7292/1865 2032/7293/2032 1988/7294/1988
vt 0.9588180780410767 0.0991657078266144
vt 0.9624835252761841 0.0950656756758690
vt 0.9637954235076904 0.1008366569876671
f 1814/7295/1814 1962/7296/1962 1990/7297/1990
vt 0.1588165163993835 0.6627238392829895
vt 0.1595037877559662 0.6645215153694153
f 1961/7270/1961 1970/7298/1970 1984/7299/1984
vt 0.4362100660800934 0.2380961775779724
vt 0.4347824454307556 0.2438582479953766
f 1829/7285/1829 2034/7300/2034 1946/7301/1946
vt 0.2004320323467255 0.4250468313694000
vt 0.1917256116867065 0.4257013797760010
f 1961/7302/1961 1974/7303/1974 2029/7186/2029
vt 0.5849660038948059 0.4224701821804047
f 1923/7277/1923 1991/7276/1991 2032/7304/2032
vt 0.7172369360923767 0.2053795158863068
vt 0.7235782146453857 0.2008055299520493
vt 0.7307032942771912 0.2089682519435883
f 2014/7305/2014 1955/7306/1955 2030/7307/2030
vt 0.0262323804199696 0.5976422429084778
vt 0.0264819078147411 0.5798017978668213
vt 0.0299494545906782 0.5997915863990784
f 1943/7308/1943 2040/7309/2040 2035/7310/2035
vt 0.2954004704952240 0.0378628633916378
vt 0.2941433489322662 0.0277036931365728
f 1934/7311/1934 2015/7240/2015 2006/7312/2006
vt 0.1673810780048370 0.6202281713485718
f 1966/7313/1966 2031/7282/2031 2124/7291/2124
vt 0.1601843833923340 0.6342661380767822
vt 0.1646972000598907 0.6487696766853333
f 1951/7314/1951 2124/7291/2124 1970/7315/1970
vt 0.9661725759506226 0.0964529663324356
vt 0.9648977518081665 0.0992999672889709
f 1962/7296/1962 2036/7316/2036 1990/7317/1990
vt 0.9607695937156677 0.1040892750024796
vt 0.9574997425079346 0.1057493165135384
f 1814/7295/1814 1990/7318/1990 2041/7319/2041
vt 0.1466563642024994 0.4617866873741150
vt 0.1415154784917831 0.4596441686153412
vt 0.1457294970750809 0.4570282995700836
f 1913/7320/1913 1975/7321/1975 2005/7322/2005
vt 0.1294881552457809 0.4620142579078674
vt 0.1279803514480591 0.4582283794879913
f 1975/7323/1975 1994/7324/1994 1995/7289/1995
vt 0.7115570902824402 0.2019023597240448
vt 0.7110188603401184 0.2058079838752747
f 1955/7325/1955 2014/7305/2014 2011/7326/2011
vt 0.1664771288633347 0.6072289347648621
vt 0.1716964244842529 0.6065974235534668
f 2031/7282/2031 1986/7327/1986 2068/7328/2068
vt 0.1455602794885635 0.4445309937000275
vt 0.1451904624700546 0.4328961670398712
vt 0.1458819955587387 0.4437339901924133
f 1995/7329/1995 2056/7330/2056 2027/7331/2027
vt 0.9642491340637207 0.8955965042114258
vt 0.9713020324707031 0.8974226117134094
f 1992/7332/1992 2012/7333/2012 1977/7228/1977
vt 0.5701683163642883 0.4250479936599731
f 1991/7276/1991 1989/6965/1989 1964/7334/1964
vt 0.1196328252553940 0.0333108343183994
vt 0.1225199997425079 0.0337300002574921
f 1974/7203/1974 1984/7335/1984 1997/7336/1997
vt 0.1277585923671722 0.0276593044400215
f 1974/7203/1974 1997/7336/1997 1999/7337/1999
vt 0.1539932042360306 0.4452390968799591
vt 0.1492462754249573 0.4428169131278992
vt 0.1531500071287155 0.4422905147075653
f 2000/7338/2000 2027/7339/2027 2056/7340/2056
vt 0.7148640155792236 0.2132640182971954
f 2014/7305/2014 2023/7341/2023 2011/7326/2011
vt 0.1218779981136322 0.0329210013151169
f 1984/7335/1984 2003/7342/2003 1997/7336/1997
vt 0.1227110028266907 0.0329109989106655
f 1999/7337/1999 1997/7336/1997 2003/7343/2003
vt 0.1222790032625198 0.0332200005650520
f 1997/7336/1997 2001/7344/2001 2003/7343/2003
vt 0.9704567193984985 0.9004821777343750
vt 0.9758509397506714 0.9020962119102478
f 1977/7228/1977 2012/7345/2012 2066/7346/2066
f 1946/7262/1946 2068/7328/2068 1986/7327/1986
vt 0.9626861810684204 0.9180330634117126
vt 0.9752464890480042 0.9144803881645203
vt 0.9724139571189880 0.9227412939071655
f 1964/7347/1964 1977/7348/1977 2004/7349/2004
vt 0.1868675947189331 0.4226899743080139
f 1974/7303/1974 1999/7350/1999 2029/7186/2029
vt 0.3841204941272736 0.8135223984718323
vt 0.3800555169582367 0.8176347017288208
f 1988/7351/1988 2061/7352/2061 1996/7263/1996
vt 0.1212970018386841 0.0330455824732780
vt 0.1216777563095093 0.0317200385034084
f 2003/7342/2003 1984/7353/1984 2065/7354/2065
f 2003/7343/2003 2065/7354/2065 1999/7337/1999
vt 0.3804140090942383 0.8182049393653870
f 1988/7294/1988 2032/7293/2032 2061/7355/2061
vt 0.4654888510704041 0.7972049117088318
vt 0.4684845507144928 0.7919328808784485
vt 0.4679128229618073 0.7990415692329407
f 1708/7356/1708 1937/7357/1937 2051/7358/2051
vt 0.1459374874830246 0.4490346610546112
vt 0.1514314562082291 0.4503708779811859
f 1931/7145/1931 2027/7359/2027 2000/7360/2000
vt 0.1484400033950806 0.4563280045986176
vt 0.1488206535577774 0.4603983461856842
f 2005/7322/2005 2027/7361/2027 1913/7362/1913
vt 0.6798877716064453 0.1913787275552750
vt 0.6891252994537354 0.1995849609375000
vt 0.6781818866729736 0.2013023346662521
f 1983/7363/1983 1944/7364/1944 2120/7365/2120
vt 0.5556015968322754 0.4263979792594910
vt 0.5501797199249268 0.4214090704917908
f 1964/7366/1964 2004/7367/2004 1991/7276/1991
vt 0.1456087231636047 0.4510561227798462
f 1931/7145/1931 1913/7362/1913 2027/7368/2027
vt 0.7013819217681885 0.2030293941497803
vt 0.7044560313224792 0.1990116536617279
vt 0.6999662518501282 0.2077995091676712
f 1944/7369/1944 2011/7370/2011 2009/7371/2009
vt 0.2620680630207062 0.0158777181059122
vt 0.2652087807655334 0.0215259492397308
f 1983/7239/1983 2120/7372/2120 2015/7373/2015
vt 0.1441765725612640 0.1959800422191620
vt 0.1489314436912537 0.1945150792598724
vt 0.1462664455175400 0.1989609748125076
f 2008/7374/2008 2017/7375/2017 2016/7376/2016
vt 0.2022165358066559 0.3803407847881317
f 1978/7238/1978 1971/7377/1971 2002/7236/2002
vt 0.1410810053348541 0.1977429986000061
vt 0.1428634822368622 0.1966744214296341
vt 0.1388027966022491 0.2016282975673676
f 2007/7378/2007 2008/7379/2008 2016/7380/2016
vt 0.4698095619678497 0.7395362854003906
vt 0.4805775582790375 0.7414968013763428
vt 0.4781867563724518 0.7544596791267395
f 1998/7381/1998 1914/7382/1914 2073/7383/2073
vt 0.1476182639598846 0.1972789317369461
f 2017/7375/2017 2019/7384/2019 2016/7376/2016
vt 0.4643106460571289 0.1461765170097351
vt 0.4608433246612549 0.1364021450281143
f 1967/7078/1967 2035/7385/2035 2083/7386/2083
vt 0.1698673665523529 0.6579167842864990
vt 0.1679465621709824 0.6631125211715698
f 1970/7315/1970 2018/7387/2018 1984/7388/1984
vt 0.6907656192779541 0.2077773809432983
f 1944/7369/1944 2009/7371/2009 2132/7389/2132
vt 0.1474269926548004 0.1941596716642380
vt 0.1452743262052536 0.1927126199007034
vt 0.1505318284034729 0.1894369423389435
f 2017/7390/2017 2008/7391/2008 2013/7392/2013
vt 0.0962794423103333 0.5579907894134521
vt 0.1047878190875053 0.5510566234588623
vt 0.1045271977782249 0.5619450211524963
f 1950/7393/1950 2010/7394/2010 2033/7395/2033
vt 0.0136848315596581 0.5706534981727600
vt 0.0145678808912635 0.5619755983352661
f 1943/7396/1943 2044/7397/2044 2040/7309/2040
vt 0.4683657586574554 0.7701795101165771
vt 0.4670719206333160 0.7636545300483704
vt 0.4742909371852875 0.7739612460136414
f 1937/7398/1937 1998/7399/1998 2054/7400/2054
vt 0.4639445543289185 0.1274843513965607
vt 0.4568239152431488 0.1289359629154205
f 1962/7401/1962 1967/7078/1967 2083/7402/2083
vt 0.1423329263925552 0.4553738832473755
vt 0.1365644484758377 0.4535757303237915
vt 0.1373399943113327 0.4528110027313232
f 2005/7403/2005 1975/7404/1975 2021/7405/2021
vt 0.1684811413288116 0.6434117555618286
vt 0.1758338063955307 0.6469625830650330
f 1970/7406/1970 2124/7291/2124 2018/7407/2018
vt 0.1365129947662354 0.4524829983711243
vt 0.1369629949331284 0.4527260065078735
f 1975/7404/1975 2020/7408/2020 2021/7409/2021
vt 0.1337623298168182 0.4537791013717651
f 1975/7404/1975 1995/7410/1995 2020/7408/2020
vt 0.1377940028905869 0.4523740112781525
f 2005/7403/2005 2021/7405/2021 2022/7411/2022
vt 0.1414129883050919 0.4505561888217926
f 2005/7403/2005 2022/7411/2022 2027/7412/2027
vt 0.2069209069013596 0.3682065308094025
f 2002/7236/2002 1971/7377/1971 1982/7413/1982
vt 0.1488116532564163 0.1967920958995819
vt 0.1496219933032990 0.1972319930791855
f 2017/7414/2017 2024/7415/2024 2019/7384/2019
vt 0.1490959972143173 0.1975319981575012
f 2019/7384/2019 2024/7415/2024 2025/7416/2025
f 2021/7409/2021 2020/7408/2020 2022/7411/2022
vt 0.1992974579334259 0.4021455645561218
vt 0.2084027826786041 0.3987454473972321
f 2029/7186/2029 2069/7417/2069 1971/7418/1971
vt 0.1370400041341782 0.4523079991340637
f 2022/7411/2022 2021/7419/2021 2027/7412/2027
vt 0.1501650065183640 0.1972640007734299
f 2017/7375/2017 2026/7420/2026 2024/7415/2024
vt 0.1506826728582382 0.1991834491491318
f 2017/7375/2017 2013/7421/2013 2026/7420/2026
f 2020/7408/2020 2027/7412/2027 2021/7419/2021
vt 0.1352407634258270 0.4513700604438782
f 2020/7408/2020 1995/7422/1995 2027/7412/2027
f 2025/7416/2025 2024/7415/2024 2026/7420/2026
vt 0.1499270051717758 0.1975799947977066
f 2025/7416/2025 2024/7423/2024 2013/7421/2013
vt 0.1489450037479401 0.1978999972343445
f 2019/7384/2019 2025/7424/2025 2013/7421/2013
vt 0.1440245062112808 0.1997070014476776
f 2019/7384/2019 2013/7421/2013 2016/7425/2016
vt 0.7067065834999084 0.2101502418518066
vt 0.7077404856681824 0.2116387635469437
vt 0.7069090008735657 0.2119729965925217
f 2011/7426/2011 2023/7427/2023 2028/7428/2028
f 2026/7420/2026 2013/7421/2013 2024/7423/2024
vt 0.7030405998229980 0.2123400568962097
f 2011/7426/2011 2028/7428/2028 2009/7429/2009
vt 0.1288088262081146 0.4377643465995789
vt 0.1274337917566299 0.4376869201660156
vt 0.1313171237707138 0.4326220452785492
f 1995/7430/1995 2051/7431/2051 2043/7432/2043
vt 0.7282703518867493 0.2226984649896622
vt 0.7238509654998779 0.2163120359182358
f 2030/7307/2030 2049/7433/2049 2014/7434/2014
vt 0.7073029279708862 0.2122336626052856
vt 0.7067559957504272 0.2124889940023422
f 2028/7428/2028 2023/7435/2023 2037/7436/2037
vt 0.7063410282135010 0.2125039994716644
f 2028/7428/2028 2037/7437/2037 2009/7429/2009
vt 0.7063530087471008 0.2129449993371964
f 2028/7428/2028 2037/7436/2037 2038/7438/2038
vt 0.6906225085258484 0.1998804062604904
f 1944/7439/1944 2132/7389/2132 2120/7365/2120
vt 0.4565432667732239 0.1233905479311943
f 1962/7401/1962 2083/7402/2083 2036/7440/2036
vt 0.4732755720615387 0.7841098904609680
vt 0.4782719314098358 0.7785484790802002
f 1937/7441/1937 2054/7400/2054 2051/7442/2051
vt 0.1045908629894257 0.5571222305297852
f 2010/7443/2010 1993/7280/1993 2033/7395/2033
vt 0.4651128351688385 0.1410419195890427
vt 0.4606075584888458 0.1437606066465378
f 2035/7444/2035 2086/7445/2086 2083/7386/2083
vt 0.7068380117416382 0.2129810005426407
f 2023/7435/2023 2039/7446/2039 2037/7436/2037
vt 0.7057458758354187 0.2130849063396454
vt 0.7060289978981018 0.2130430042743683
f 2009/7447/2009 2037/7437/2037 2038/7448/2038
f 2037/7436/2037 2039/7446/2039 2038/7438/2038
vt 0.4771172702312469 0.7092577815055847
vt 0.4861966669559479 0.7106987237930298
vt 0.4870266616344452 0.7223665714263916
f 2041/7449/2041 2059/7450/2059 1914/7451/1914
vt 0.4821361005306244 0.7658710479736328
vt 0.4743651747703552 0.7734549641609192
f 1998/7399/1998 2073/7452/2073 2054/7453/2054
vt 0.7064703702926636 0.2134754359722137
f 2038/7438/2038 2039/7446/2039 2009/7454/2009
vt 0.9805617928504944 0.9090693593025208
vt 0.9741858243942261 0.9107645153999329
f 2066/7346/2066 2060/7455/2060 1977/7456/1977
vt 0.1596412062644958 0.1888742297887802
vt 0.1555839926004410 0.1883919537067413
vt 0.1666319519281387 0.1795607358217239
f 2013/7457/2013 2045/7458/2045 2012/7459/2012
vt 0.7011379599571228 0.2130247950553894
vt 0.7013240456581116 0.2179757356643677
vt 0.6944202780723572 0.2134486436843872
f 2009/7460/2009 2039/7461/2039 2132/7462/2132
vt 0.1066336035728455 0.5127205848693848
vt 0.1138010248541832 0.5130831599235535
vt 0.1129397526383400 0.5184293389320374
f 1981/7463/1981 2143/7464/2143 2082/7465/2082
vt 0.9474292397499084 0.7008079886436462
vt 0.9346691370010376 0.7149369120597839
vt 0.9357376694679260 0.7044928669929504
f 1985/7466/1985 2072/7467/2072 1892/7468/1892
vt 0.5675135254859924 0.4187555909156799
vt 0.5689817667007446 0.4107706546783447
vt 0.5762299895286560 0.4028268754482269
f 1991/7469/1991 2067/7470/2067 2063/7471/2063
vt 0.8847807049751282 0.8886035084724426
vt 0.8760982155799866 0.8853365778923035
vt 0.8891955018043518 0.8847087025642395
f 1946/7472/1946 2121/7473/2121 2065/7474/2065
vt 0.7562879920005798 0.2131722122430801
vt 0.7635245919227600 0.2227270752191544
vt 0.7514787316322327 0.2269623577594757
f 2006/7475/2006 2050/7476/2050 2052/7477/2052
vt 0.7372471690177917 0.2244479805231094
vt 0.7384124994277954 0.2263161838054657
vt 0.7369440197944641 0.2252410054206848
f 2030/7478/2030 2046/7479/2046 2042/7480/2042
vt 0.7516078948974609 0.2189886569976807
vt 0.7577719092369080 0.2258611172437668
f 2030/7481/2030 2006/7475/2006 2052/7482/2052
vt 0.5844568610191345 0.4127316474914551
f 1991/7469/1991 2063/7471/2063 2032/7483/2032
vt 0.5459758043289185 0.4154552519321442
f 2004/7367/2004 1977/7484/1977 1991/7276/1991
vt 0.7452402710914612 0.2224797904491425
vt 0.7503520846366882 0.2190062552690506
f 2046/7485/2046 2030/7486/2030 2052/7477/2052
vt 0.7361443638801575 0.2226463854312897
vt 0.7364479899406433 0.2260760068893433
vt 0.7354846596717834 0.2265897989273071
f 2030/7487/2030 2042/7488/2042 2049/7489/2049
vt 0.1352070569992065 0.4312233030796051
vt 0.1350391954183578 0.4327858984470367
f 2043/7432/2043 2056/7490/2056 1995/7491/1995
vt 0.1985913068056107 0.3990703225135803
vt 0.1966471970081329 0.3946202993392944
f 2069/7492/2069 2089/7493/2089 1971/7418/1971
vt 0.0208066012710333 0.5611273050308228
vt 0.0259013343602419 0.5712784528732300
f 2044/7397/2044 2057/7494/2057 2040/7495/2040
vt 0.9381930828094482 0.7428414821624756
vt 0.9258148074150085 0.7373410463333130
vt 0.9455920457839966 0.7375621199607849
f 1982/7496/1982 2072/7497/2072 1985/7498/1985
vt 0.0453626625239849 0.5819352269172668
vt 0.0416517257690430 0.5892135500907898
f 2040/7309/2040 2064/7499/2064 2035/7500/2035
vt 0.7365909814834595 0.2264889925718307
f 2046/7479/2046 2047/7501/2047 2042/7488/2042
vt 0.7367190122604370 0.2271489948034286
f 2046/7479/2046 2048/7502/2048 2047/7501/2047
vt 0.7360320091247559 0.2264160066843033
f 2042/7488/2042 2047/7503/2047 2049/7489/2049
vt 0.7363370060920715 0.2269539982080460
f 2042/7488/2042 2047/7501/2047 2048/7504/2048
vt 0.4601867496967316 0.1476005613803864
f 2086/7445/2086 2035/7385/2035 2064/7505/2064
f 2047/7503/2047 2048/7504/2048 2049/7489/2049
vt 0.2021681070327759 0.4120490252971649
vt 0.1808350831270218 0.4188096225261688
vt 0.1807930916547775 0.4121039211750031
f 2029/7506/2029 1999/7507/1999 2069/7508/2069
vt 0.7324846982955933 0.2302391529083252
f 2048/7504/2048 2070/7509/2070 2049/7489/2049
vt 0.1093862056732178 0.5111938714981079
vt 0.1150925159454346 0.5062778592109680
vt 0.1196352168917656 0.5157884955406189
f 1981/7510/1981 2000/7511/2000 2143/7512/2143
vt 0.7362486720085144 0.2293769419193268
f 2048/7502/2048 2046/7513/2046 2070/7509/2070
vt 0.2830986082553864 0.5088179111480713
vt 0.2806039452552795 0.5009895563125610
vt 0.2899557948112488 0.5050222277641296
f 2007/7514/2007 1987/7515/1987 2084/7516/2084
vt 0.2067075967788696 0.3647772669792175
vt 0.1973578333854675 0.3668306171894073
f 1982/7517/1982 1971/7377/1971 2062/7518/2062
vt 0.0387872867286205 0.5765631794929504
f 2040/7309/2040 2057/7519/2057 2064/7499/2064
vt 0.8814253211021423 0.8939769268035889
vt 0.8836307525634766 0.8956084251403809
vt 0.8853486180305481 0.8974041938781738
f 1946/7520/1946 2065/7521/2065 2068/7522/2068
vt 0.1465085297822952 0.1793751418590546
vt 0.1521154642105103 0.1833494007587433
f 2013/7392/2013 2008/7523/2008 2045/7524/2045
vt 0.8836706280708313 0.8840957283973694
f 2065/7474/2065 2121/7473/2121 2055/7525/2055
vt 0.7163255810737610 0.2224172502756119
vt 0.7082039117813110 0.2188092172145844
f 2023/7341/2023 2014/7526/2014 2039/7527/2039
vt 0.5458404421806335 0.4082660973072052
f 1977/7484/1977 2060/7528/2060 1991/7276/1991
vt 0.8907683491706848 0.8816979527473450
vt 0.8873324990272522 0.8771170377731323
vt 0.8920550346374512 0.8774228096008301
f 2065/7529/2065 2055/7530/2055 1999/7531/1999
vt 0.7385703921318054 0.2331186681985855
f 2046/7513/2046 2052/7477/2052 2070/7532/2070
vt 0.0229114629328251 0.5597284436225891
vt 0.0189569201320410 0.5506294965744019
vt 0.0320354774594307 0.5594248175621033
f 2057/7533/2057 2044/7534/2044 2058/7535/2058
vt 0.1937841773033142 0.3864244222640991
vt 0.1933008283376694 0.3761435151100159
f 1971/7377/1971 2089/7536/2089 2062/7537/2062
vt 0.1147002428770065 0.5329422950744629
vt 0.1126742660999298 0.5416314601898193
f 1981/7538/1981 1993/7280/1993 2010/7539/2010
vt 0.1944267302751541 0.3700530529022217
vt 0.1994162052869797 0.3551268577575684
f 1982/7517/1982 2062/7540/2062 2072/7541/2072
vt 0.1393883675336838 0.1814675629138947
vt 0.1432329416275024 0.1768556088209152
f 2007/7542/2007 2084/7543/2084 2008/7523/2008
vt 0.0415590889751911 0.5765650868415833
vt 0.0438093431293964 0.5713618397712708
f 2057/7544/2057 2169/7545/2169 2064/7499/2064
vt 0.9358008503913879 0.6991097331047058
vt 0.9205520153045654 0.6962594985961914
vt 0.9345907568931580 0.6882970929145813
f 1892/7546/1892 2085/7547/2085 2053/7548/2053
vt 0.1273191869258881 0.5421014428138733
f 1981/7538/1981 2082/7549/2082 1993/7280/1993
vt 0.1550649702548981 0.1715355962514877
vt 0.1521906554698944 0.1809573173522949
f 2008/7523/2008 2084/7550/2084 2045/7551/2045
vt 0.8857604861259460 0.8998865485191345
vt 0.8872389793395996 0.8910784721374512
vt 0.8890818953514099 0.8954704999923706
f 2068/7552/2068 2065/7553/2065 2203/7554/2203
vt 0.0510888658463955 0.5858293771743774
vt 0.0538394227623940 0.5796740651130676
f 2086/7555/2086 2064/7499/2064 2169/7556/2169
vt 0.4522352516651154 0.1274579316377640
vt 0.4555476009845734 0.1232763379812241
f 2083/7402/2083 2080/7557/2080 2036/7558/2036
vt 0.5609030723571777 0.4061675667762756
f 1991/7276/1991 2060/7528/2060 2067/7559/2067
vt 0.3807297646999359 0.3601749539375305
vt 0.3795961141586304 0.3714170157909393
vt 0.3587113618850708 0.3613646924495697
f 2050/7560/2050 2006/7561/2006 2123/7562/2123
vt 0.1279321759939194 0.4291796386241913
vt 0.1211668923497200 0.4234353005886078
vt 0.1267002969980240 0.4240092635154724
f 2051/7563/2051 2147/7564/2147 2043/7565/2043
vt 0.1622668504714966 0.4176500141620636
vt 0.1692727208137512 0.4090259373188019
vt 0.1710302531719208 0.4161694049835205
f 2056/7566/2056 2143/7567/2143 2000/7568/2000
vt 0.9863389730453491 0.1715608984231949
vt 0.9814485907554626 0.1703690290451050
vt 0.9849990010261536 0.1665185093879700
f 1984/7569/1984 2018/7570/2018 2065/7571/2065
vt 0.9243730306625366 0.7041972279548645
f 2072/7467/2072 2085/7572/2085 1892/7468/1892
vt 0.9719793796539307 0.1054172143340111
vt 0.9750398993492126 0.1047756373882294
vt 0.9723997712135315 0.1080122292041779
f 2036/7573/2036 2094/7574/2094 1990/7575/1990
vt 0.3757706880569458 0.8336254358291626
vt 0.3835848271846771 0.8459422588348389
vt 0.3752186596393585 0.8416447043418884
f 2061/7576/2061 2032/7577/2032 2081/7578/2081
vt 0.5403341054916382 0.4080555737018585
vt 0.5386673212051392 0.3972159326076508
vt 0.5409901738166809 0.4038722515106201
f 2060/7579/2060 2066/7580/2066 2122/7581/2122
vt 0.8671053051948547 0.5043693184852600
vt 0.8620401620864868 0.5088226795196533
vt 0.8644606471061707 0.5016582012176514
f 2014/7582/2014 2049/7583/2049 2039/7584/2039
vt 0.9611210823059082 0.1201184689998627
vt 0.9618192315101624 0.1136348992586136
vt 0.9654164910316467 0.1190261170268059
f 2059/7585/2059 2041/7586/2041 2106/7587/2106
vt 0.4917893707752228 0.7716380357742310
vt 0.4937103092670441 0.7613892555236816
vt 0.4968749880790710 0.7674319744110107
f 2054/7588/2054 2073/7589/2073 2075/7590/2075
vt 0.4927901029586792 0.7621095776557922
vt 0.4958307445049286 0.7532728910446167
vt 0.4998821616172791 0.7569909095764160
f 2073/7591/2073 1914/7592/1914 2115/7593/2115
vt 0.4967850148677826 0.7685679793357849
vt 0.4962390065193176 0.7696890234947205
f 2054/7588/2054 2076/7594/2076 2074/7595/2074
vt 0.4970549941062927 0.7680469751358032
f 2054/7588/2054 2075/7590/2075 2076/7596/2076
vt 0.2846653461456299 0.4709678590297699
vt 0.3012792170047760 0.4696010351181030
f 1987/7597/1987 2053/7157/2053 2174/7598/2174
vt 0.7284520864486694 0.2848164737224579
vt 0.7348470687866211 0.2786318659782410
vt 0.7328304052352905 0.2875214517116547
f 1999/7599/1999 2167/7600/2167 2069/7601/2069
vt 0.4969100058078766 0.7691779732704163
f 2074/7595/2074 2076/7594/2076 2077/7602/2077
vt 0.8689287304878235 0.8940889835357666
vt 0.8569807410240173 0.8891692161560059
vt 0.8618845939636230 0.8924388289451599
f 1946/7603/1946 2034/7604/2034 2121/7605/2121
vt 0.4974929988384247 0.7669320106506348
f 2073/7589/2073 2079/7606/2079 2075/7590/2075
vt 0.4980030059814453 0.7664279937744141
f 2073/7589/2073 2078/7607/2078 2079/7606/2079
vt 0.4978190064430237 0.7668619751930237
f 2075/7590/2075 2079/7606/2079 2078/7608/2078
vt 0.4978779852390289 0.7673580050468445
f 2075/7590/2075 2079/7609/2079 2076/7596/2076
vt 0.1189445182681084 0.5768631100654602
vt 0.1252719759941101 0.5749735832214355
f 2034/7610/2034 1993/7280/1993 2071/7611/2071
vt 0.5001115798950195 0.7677553892135620
f 2076/7596/2076 2079/7609/2079 2112/7612/2112
vt 0.4967379868030548 0.7697650194168091
f 2054/7588/2054 2074/7613/2074 2112/7612/2112
vt 0.4972209930419922 0.7688810229301453
f 2074/7613/2074 2076/7614/2076 2112/7612/2112
vt 0.4892754852771759 0.7738277316093445
vt 0.4981799423694611 0.7743787169456482
f 2054/7615/2054 2112/7612/2112 2051/7616/2051
vt 0.4984039962291718 0.7668690085411072
f 2079/7609/2079 2078/7617/2078 2112/7612/2112
vt 0.3767825365066528 0.8512881994247437
vt 0.3741373717784882 0.8465170264244080
vt 0.3751491308212280 0.8437514305114746
f 2032/7618/2032 2103/7619/2103 2081/7620/2081
f 2112/7612/2112 2078/7617/2078 2073/7591/2073
vt 0.3754054307937622 0.8539935946464539
vt 0.3745223283767700 0.8526000976562500
f 2096/7621/2096 2103/7622/2103 2032/7618/2032
vt 0.9221069216728210 0.7157269716262817
f 2072/7467/2072 2134/7623/2134 2085/7572/2085
vt 0.5822428464889526 0.3992691040039062
vt 0.5820459127426147 0.3959695994853973
f 2032/7624/2032 2063/7471/2063 2096/7625/2096
vt 0.4519770145416260 0.1431339979171753
vt 0.4518379867076874 0.1438149958848953
vt 0.4462300240993500 0.1395040601491928
f 2083/7626/2083 2090/7627/2090 2119/7628/2119
vt 0.5005597472190857 0.7614234685897827
vt 0.5019488334655762 0.7652717828750610
f 2115/7629/2115 2112/7630/2112 2073/7591/2073
vt 0.4524888098239899 0.1438605785369873
vt 0.4528777003288269 0.1462900340557098
f 2119/7628/2119 2090/7631/2090 2169/7632/2169
vt 0.4498255848884583 0.1262299716472626
vt 0.4496495723724365 0.1251674592494965
f 2036/7558/2036 2080/7633/2080 2094/7634/2094
vt 0.9700574874877930 0.1097881346940994
vt 0.9699715375900269 0.1134063079953194
vt 0.9654307961463928 0.1141775026917458
f 1990/7635/1990 2106/7636/2106 2041/7637/2041
vt 0.7060182094573975 0.7945490479469299
vt 0.7152647972106934 0.8102135062217712
vt 0.7083857655525208 0.8051668405532837
f 2031/7638/2031 2130/7639/2130 2124/7640/2124
vt 0.3739820122718811 0.8446289896965027
vt 0.3739469945430756 0.8443329930305481
f 2081/7620/2081 2087/7641/2087 2088/7642/2088
vt 0.4516278505325317 0.1406669616699219
vt 0.4470960795879364 0.1380033642053604
vt 0.4511498808860779 0.1369381248950958
f 2083/7643/2083 2119/7644/2119 2080/7645/2080
vt 0.4529350101947784 0.1434179991483688
vt 0.4530700147151947 0.1438120007514954
f 2090/7631/2090 2091/7646/2091 2092/7647/2092
vt 0.1622945368289948 0.1746135205030441
vt 0.1676989048719406 0.1641209870576859
f 2012/7459/2012 2045/7648/2045 2133/7649/2133
f 2081/7620/2081 2103/7619/2103 2087/7641/2087
vt 0.4534190297126770 0.1425310671329498
vt 0.4530490040779114 0.1431220024824142
f 2090/7631/2090 2083/7650/2083 2093/7651/2093
f 2090/7631/2090 2093/7651/2093 2091/7646/2091
vt 0.4548851847648621 0.1435087174177170
vt 0.4538043737411499 0.1452942639589310
f 2090/7631/2090 2086/7652/2086 2169/7653/2169
f 2090/7631/2090 2092/7647/2092 2086/7652/2086
vt 0.9693290591239929 0.1106519773602486
vt 0.9703490138053894 0.1123519986867905
f 1990/7654/1990 2095/7655/2095 2106/7636/2106
vt 0.9707481861114502 0.1121272072196007
f 1990/7654/1990 2113/7656/2113 2095/7655/2095
f 2091/7646/2091 2093/7651/2093 2092/7647/2092
f 2083/7650/2083 2086/7652/2086 2093/7651/2093
vt 0.4531610012054443 0.1434109956026077
f 2093/7651/2093 2086/7652/2086 2091/7657/2091
f 2092/7647/2092 2091/7657/2091 2086/7652/2086
vt 0.3716703355312347 0.8526087403297424
vt 0.3710057437419891 0.8539665341377258
vt 0.3697389066219330 0.8528230786323547
f 2096/7658/2096 2063/7659/2063 2099/7660/2099
vt 0.3722980022430420 0.8514069914817810
vt 0.3722097277641296 0.8521615266799927
f 2099/7660/2099 2098/7661/2098 2096/7662/2096
vt 0.3722209930419922 0.8510280251502991
f 2099/7660/2099 2097/7663/2097 2098/7661/2098
vt 0.3724216520786285 0.8495461344718933
f 2099/7660/2099 2103/7664/2103 2097/7663/2097
vt 0.3737609982490540 0.8448320031166077
vt 0.3738009929656982 0.8444529771804810
f 2087/7641/2087 2100/7665/2100 2088/7666/2088
vt 0.3738003671169281 0.8451761007308960
f 2087/7641/2087 2103/7667/2103 2100/7665/2100
vt 0.5516724586486816 0.4038673937320709
vt 0.5530679821968079 0.4020740091800690
f 2060/7668/2060 2101/7669/2101 2067/7559/2067
vt 0.4503669142723083 0.1275872886180878
vt 0.4490999877452850 0.1268900036811829
vt 0.4495497941970825 0.1251398175954819
f 2080/7670/2080 2102/7671/2102 2094/7672/2094
vt 0.1224693953990936 0.5522517561912537
vt 0.1301021873950958 0.5585892200469971
f 1993/7280/1993 2082/7673/2082 2126/7674/2126
vt 0.3736850023269653 0.8446239829063416
vt 0.3729384243488312 0.8443210124969482
f 2088/7666/2088 2087/7675/2087 2118/7676/2118
vt 0.5533679723739624 0.4017460048198700
vt 0.5539681911468506 0.3995638489723206
f 2067/7559/2067 2101/7677/2101 2122/7678/2122
vt 0.4488799870014191 0.1271619945764542
f 2094/7672/2094 2102/7671/2102 2104/7679/2104
vt 0.4490669965744019 0.1258590072393417
f 2094/7672/2094 2104/7679/2104 2108/7680/2108
vt 0.3726330101490021 0.8517320156097412
f 2098/7661/2098 2097/7663/2097 2105/7681/2105
f 2098/7661/2098 2105/7681/2105 2096/7662/2096
vt 0.3737359941005707 0.8442199826240540
f 2088/7682/2088 2118/7676/2118 2081/7620/2081
f 2080/7670/2080 2104/7679/2104 2102/7671/2102
vt 0.3725430071353912 0.8514080047607422
f 2097/7663/2097 2103/7664/2103 2098/7683/2098
vt 0.9705590009689331 0.1124889999628067
f 2095/7655/2095 2113/7656/2113 2107/7684/2107
vt 0.3736200034618378 0.8449450135231018
f 2087/7675/2087 2100/7685/2100 2118/7676/2118
vt 0.4947372972965240 0.7776234745979309
vt 0.5008659958839417 0.7733330130577087
vt 0.5056064128875732 0.7735083699226379
f 2051/7686/2051 2112/7687/2112 2128/7688/2128
vt 0.9788799881935120 0.1051229983568192
vt 0.9799299836158752 0.1049579977989197
vt 0.9797369837760925 0.1050549969077110
f 2108/7689/2108 2104/7690/2104 2102/7691/2102
vt 0.9796355366706848 0.1052355244755745
f 2108/7689/2108 2102/7691/2102 2119/7692/2119
vt 0.3731779158115387 0.8501621484756470
f 2098/7683/2098 2103/7693/2103 2105/7681/2105
vt 0.3731645345687866 0.8537511825561523
f 2105/7681/2105 2103/7693/2103 2096/7694/2096
f 2104/7690/2104 2119/7692/2119 2102/7691/2102
vt 0.4485724866390228 0.1274682879447937
vt 0.4486170113086700 0.1271190047264099
f 2104/7679/2104 2080/7695/2080 2119/7696/2119
vt 0.3736000061035156 0.8452200293540955
f 2100/7685/2100 2103/7697/2103 2118/7676/2118
vt 0.5506956577301025 0.4016788899898529
vt 0.5524200201034546 0.4013069868087769
vt 0.5527229905128479 0.4019989967346191
f 2060/7698/2060 2110/7699/2110 2101/7700/2101
vt 0.9704099893569946 0.1125390008091927
vt 0.9707480072975159 0.1127049997448921
f 2095/7701/2095 2107/7684/2107 2111/7702/2111
vt 0.9705179929733276 0.1126300022006035
vt 0.9701184034347534 0.1139639839529991
f 2095/7701/2095 2107/7703/2107 2106/7704/2106
vt 0.5527769923210144 0.4016450047492981
f 2101/7700/2101 2110/7699/2110 2109/7705/2109
vt 0.1290505379438400 0.5711812376976013
f 1993/7280/1993 2126/7674/2126 2071/7706/2071
f 2106/7704/2106 2107/7703/2107 2111/7702/2111
vt 0.9715853929519653 0.1131749525666237
f 2107/7684/2107 2113/7707/2113 2111/7702/2111
vt 0.7367284297943115 0.2804315686225891
vt 0.7399833202362061 0.2805431187152863
vt 0.7353122830390930 0.2854477465152740
f 2167/7708/2167 2089/7709/2089 2069/7710/2069
vt 0.0538185238838196 0.5676341652870178
vt 0.0450015738606453 0.5650687813758850
vt 0.0481797978281975 0.5591377615928650
f 2169/7711/2169 2057/7712/2057 2058/7713/2058
f 2101/7677/2101 2110/7699/2110 2122/7678/2122
f 2111/7702/2111 2113/7707/2113 2106/7704/2106
vt 0.5627152919769287 0.3858961462974548
vt 0.5562856197357178 0.3833656907081604
vt 0.5650622844696045 0.3700835108757019
f 2063/7714/2063 2122/7715/2122 2129/7716/2129
vt 0.5507312417030334 0.4015897810459137
f 2110/7699/2110 2060/7717/2060 2122/7678/2122
vt 0.9715631604194641 0.1145851984620094
vt 0.9757791161537170 0.1155631914734840
f 2106/7718/2106 2113/7707/2113 2108/7719/2108
vt 0.9739111661911011 0.1087154299020767
vt 0.9747970700263977 0.1087261214852333
vt 0.9746310114860535 0.1090880036354065
f 1990/7720/1990 2094/7721/2094 2114/7722/2114
vt 0.9746590256690979 0.1092730015516281
vt 0.9744540452957153 0.1093486845493317
f 1990/7720/1990 2114/7723/2114 2113/7724/2113
vt 0.3197697699069977 0.9245762228965759
vt 0.3193540275096893 0.9231696128845215
vt 0.3218595087528229 0.9220947623252869
f 2112/7725/2112 2115/7726/2115 2128/7727/2128
vt 0.9753708243370056 0.1096729785203934
vt 0.9741505980491638 0.1102342680096626
vt 0.9748600125312805 0.1094330027699471
f 2108/7728/2108 2113/7729/2113 2116/7730/2116
vt 0.9750360250473022 0.1092180013656616
vt 0.9751873612403870 0.1088137924671173
f 2108/7728/2108 2116/7731/2116 2094/7732/2094
f 2114/7723/2114 2116/7730/2116 2113/7729/2113
vt 0.9748340249061584 0.1092519983649254
f 2114/7723/2114 2117/7733/2117 2116/7730/2116
vt 0.9748110175132751 0.1090689972043037
f 2114/7734/2114 2094/7732/2094 2116/7731/2116
f 2045/7648/2045 2084/7550/2084 2133/7649/2133
vt 0.7306122183799744 0.2759682834148407
vt 0.7320118546485901 0.2668931186199188
vt 0.7358156442642212 0.2774824500083923
f 1999/7735/1999 2055/7736/2055 2167/7737/2167
vt 0.3694430589675903 0.8353721499443054
vt 0.3707489371299744 0.8402372598648071
vt 0.3695148229598999 0.8425945639610291
f 2061/7738/2061 2081/7739/2081 2118/7740/2118
vt 0.2970587909221649 0.4507440328598022
vt 0.2963955104351044 0.4602801799774170
f 2085/7741/2085 2174/7598/2174 2053/7742/2053
vt 0.8482307195663452 0.0894225388765335
vt 0.8519342541694641 0.0953368395566940
vt 0.8455073237419128 0.0931784585118294
f 2066/7743/2066 2012/7744/2012 2139/7745/2139
vt 0.5570183992385864 0.3991020023822784
vt 0.5585414767265320 0.3970392048358917
f 2122/7746/2122 2063/7747/2063 2067/7559/2067
vt 0.3697975277900696 0.8486393094062805
vt 0.3654651641845703 0.8482578992843628
vt 0.3703848719596863 0.8462667465209961
f 2103/7748/2103 2144/7749/2144 2118/7750/2118
vt 0.9010701179504395 0.8943249583244324
vt 0.9005796909332275 0.8972201347351074
vt 0.8937835693359375 0.8945426940917969
f 2065/7751/2065 2131/7752/2131 2203/7753/2203
vt 0.3089342415332794 0.9114956259727478
vt 0.3045608103275299 0.9031382799148560
vt 0.3225272595882416 0.9010443687438965
f 2115/7754/2115 2059/7755/2059 2164/7756/2164
vt 0.7171162962913513 0.7935820221900940
vt 0.7263177633285522 0.7871256470680237
vt 0.7213183641433716 0.7943736314773560
f 2031/7757/2031 2068/7758/2068 2202/7759/2202
vt 0.8747496604919434 0.5385985374450684
vt 0.8714404106140137 0.5486499071121216
vt 0.8653513789176941 0.5434008240699768
f 2052/7760/2052 2050/7761/2050 2070/7762/2070
vt 0.8452150225639343 0.4896183013916016
vt 0.8477776050567627 0.5056556463241577
vt 0.8438169956207275 0.4995175302028656
f 2120/7763/2120 2132/7764/2132 2153/7765/2153
vt 0.2963346242904663 0.9173194766044617
vt 0.3045633435249329 0.9113110899925232
f 1914/7766/1914 2059/7767/2059 2115/7754/2115
vt 0.8672815561294556 0.5205646157264709
vt 0.8545708656311035 0.5289635062217712
f 2070/7768/2070 2157/7769/2157 2049/7583/2049
vt 0.7731550335884094 0.3100588917732239
vt 0.7688903808593750 0.2933794260025024
vt 0.7749019861221313 0.3067170083522797
f 2072/7770/2072 2062/7771/2062 2125/7772/2125
vt 0.3243105411529541 0.9782353639602661
vt 0.3340555429458618 0.9856951832771301
vt 0.3307861685752869 0.9852908849716187
f 2015/7773/2015 2120/7774/2120 2006/7775/2006
vt 0.5731551647186279 0.3846507370471954
vt 0.5731464624404907 0.3777695298194885
f 2063/7776/2063 2129/7716/2129 2099/7777/2099
vt 0.3197745978832245 0.9127295613288879
vt 0.3327138423919678 0.9108139872550964
f 2115/7778/2115 2164/7756/2164 2128/7779/2128
vt 0.8538442254066467 0.5147676467895508
vt 0.8538031578063965 0.5087606310844421
f 2049/7583/2049 2132/7780/2132 2039/7781/2039
vt 0.3676536083221436 0.8501309752464294
f 2103/7748/2103 2099/7782/2099 2144/7749/2144
vt 0.1891838312149048 0.1633229404687881
vt 0.1821931600570679 0.1638804078102112
vt 0.1869419217109680 0.1555749773979187
f 2012/7783/2012 2133/7784/2133 2139/7785/2139
vt 0.8660914897918701 0.5488266944885254
f 2050/7761/2050 2188/7786/2188 2070/7762/2070
vt 0.9700241684913635 0.1191782876849174
vt 0.9736170172691345 0.1201892122626305
f 2106/7787/2106 2108/7719/2108 2151/7788/2151
vt 0.1273349374532700 0.4072451591491699
vt 0.1333022266626358 0.4150471985340118
f 2147/7564/2147 2195/7789/2195 2043/7790/2043
vt 0.5557349920272827 0.3768739998340607
f 2122/7715/2122 2066/7791/2066 2129/7716/2129
vt 0.7055011987686157 0.8128169178962708
vt 0.7075730562210083 0.8176739811897278
f 2124/7792/2124 2130/7639/2130 2145/7793/2145
vt 0.7801639437675476 0.3059997260570526
vt 0.7778399586677551 0.3041117787361145
f 2134/7794/2134 2072/7770/2072 2125/7795/2125
vt 0.3670440912246704 0.3764117956161499
vt 0.3590530157089233 0.3762575387954712
f 2006/7796/2006 2120/7797/2120 2123/7562/2123
vt 0.2865172922611237 0.8931478261947632
vt 0.2842994630336761 0.8860518336296082
vt 0.2973662018775940 0.8914803862571716
f 2059/7798/2059 2106/7799/2106 2168/7800/2168
vt 0.8603087663650513 0.5143005847930908
f 2049/7801/2049 2157/7769/2157 2132/7780/2132
vt 0.3632614314556122 0.8430572152137756
f 2144/7749/2144 2159/7802/2159 2118/7740/2118
vt 0.3139965832233429 0.8923938274383545
f 2059/7755/2059 2148/7803/2148 2164/7756/2164
vt 0.0409755371510983 0.5424669384956360
vt 0.0298822335898876 0.5340949296951294
vt 0.0377052910625935 0.5372952818870544
f 2058/7804/2058 2044/7805/2044 2149/7806/2149
f 2059/7755/2059 2168/7800/2168 2148/7803/2148
vt 0.1554501950740814 0.1617009788751602
f 2084/7550/2084 2127/7807/2127 2133/7649/2133
vt 0.1435010433197021 0.4267880022525787
vt 0.1361811757087708 0.4077387154102325
vt 0.1480202674865723 0.4047242403030396
f 2056/7808/2056 2043/7809/2043 2143/7810/2143
vt 0.0566085055470467 0.5631706714630127
vt 0.0607670955359936 0.5642626881599426
vt 0.0598783604800701 0.5690327286720276
f 2058/7811/2058 2180/7812/2180 2169/7813/2169
vt 0.8699649572372437 0.8815339803695679
vt 0.8645589351654053 0.8782123923301697
f 2055/7814/2055 2121/7473/2121 2170/7815/2170
vt 0.7175315618515015 0.8019199371337891
vt 0.7242022752761841 0.8024815320968628
f 2031/7816/2031 2202/7817/2202 2130/7639/2130
vt 0.0085150171071291 0.3662768900394440
vt 0.0074974563904107 0.3573152124881744
vt 0.0113966055214405 0.3634832501411438
f 2018/7818/2018 2141/7819/2141 2065/7820/2065
vt 0.3023267984390259 0.4903079271316528
vt 0.3023800849914551 0.4876793622970581
vt 0.3076786100864410 0.4908760786056519
f 2084/7821/2084 1987/7822/1987 2182/7823/2182
vt 0.7414347529411316 0.2864240705966949
vt 0.7440480589866638 0.2707961201667786
vt 0.7431542277336121 0.2758032083511353
f 2089/7824/2089 2167/7825/2167 2062/7826/2062
vt 0.3648993968963623 0.8414356708526611
vt 0.3632329702377319 0.8383539915084839
f 2118/7740/2118 2159/7827/2159 2061/7828/2061
vt 0.1440717130899429 0.4051338434219360
f 2143/7810/2143 2043/7809/2043 2173/7829/2173
vt 0.0394595488905907 0.5349762439727783
vt 0.0350204743444920 0.5294647812843323
f 2149/7830/2149 2044/7805/2044 2232/7831/2232
vt 0.0624778196215630 0.5524954795837402
vt 0.0683031752705574 0.5659535527229309
f 2058/7811/2058 2320/7832/2320 2180/7833/2180
vt 0.6961612701416016 0.8187565207481384
vt 0.6989736557006836 0.8265920281410217
vt 0.6915321946144104 0.8230604529380798
f 2124/7834/2124 2145/7835/2145 2018/7836/2018
vt 0.0970062687993050 0.2950245738029480
vt 0.0940116420388222 0.2789255678653717
vt 0.1089462265372276 0.2839072346687317
f 2085/7837/2085 2134/7838/2134 2255/7839/2255
vt 0.0225264318287373 0.5244261622428894
vt 0.0345792211592197 0.5227460861206055
f 2044/7805/2044 1996/7840/1996 2232/7841/2232
vt 0.3475051820278168 0.9110416769981384
vt 0.3550264239311218 0.9025686383247375
f 2051/7842/2051 2128/7779/2128 2146/7843/2146
vt 0.3669644594192505 0.3505683541297913
vt 0.3542343378067017 0.3613299429416656
vt 0.3605263829231262 0.3464756906032562
f 2050/7844/2050 2123/7845/2123 2188/7846/2188
vt 0.2847217619419098 0.8852179050445557
vt 0.2898444831371307 0.8808098435401917
f 2106/7847/2106 2151/7848/2151 2168/7800/2168
vt 0.4435188472270966 0.1460079699754715
vt 0.4424986839294434 0.1458411663770676
f 2169/7849/2169 2152/7850/2152 2119/7628/2119
vt 0.4424797892570496 0.1293743550777435
vt 0.4408873021602631 0.1324559599161148
vt 0.4379728138446808 0.1290666610002518
f 2119/7851/2119 2142/7852/2142 2171/7853/2171
vt 0.7789083123207092 0.3035175800323486
vt 0.7795200943946838 0.2994368076324463
f 2125/7854/2125 2062/7771/2062 2138/7855/2138
vt 0.9798402190208435 0.1220280379056931
f 2151/7788/2151 2108/7719/2108 2161/7856/2161
vt 0.0122965537011623 0.3624206185340881
vt 0.0157290659844875 0.3622461855411530
f 2065/7857/2065 2141/7819/2141 2131/7858/2131
vt 0.7820977568626404 0.3060925900936127
vt 0.7797610163688660 0.3026329874992371
vt 0.7802339792251587 0.3025540113449097
f 2134/7859/2134 2125/7860/2125 2135/7861/2135
vt 0.3597508370876312 0.9131995439529419
vt 0.3703112304210663 0.9104465842247009
f 2051/7862/2051 2146/7843/2146 2147/7863/2147
vt 0.7187268137931824 0.8207837939262390
f 2130/7639/2130 2158/7864/2158 2145/7793/2145
vt 0.7801700234413147 0.3021160066127777
f 2125/7860/2125 2138/7855/2138 2137/7865/2137
f 2125/7860/2125 2137/7865/2137 2135/7861/2135
vt 0.1336098313331604 0.5180263519287109
vt 0.1436360031366348 0.5275495052337646
vt 0.1351933926343918 0.5325369238853455
f 2143/7866/2143 2175/7867/2175 2082/7868/2082
vt 0.7804570198059082 0.3018479943275452
f 2135/7861/2135 2137/7865/2137 2140/7869/2140
vt 0.7805309891700745 0.3022589981555939
f 2135/7861/2135 2137/7870/2137 2134/7859/2134
vt 0.0215172097086906 0.5216701030731201
vt 0.0187201369553804 0.5051478147506714
vt 0.0268674995750189 0.5105967521667480
f 1996/7871/1996 2061/7872/2061 2232/7873/2232
vt 0.5741989612579346 0.3747022747993469
vt 0.5768599510192871 0.3735594749450684
f 2099/7874/2099 2129/7716/2129 2144/7875/2144
f 2137/7865/2137 2138/7855/2138 2140/7869/2140
vt 0.3540024161338806 0.3475186228752136
f 2123/7845/2123 2266/7876/2266 2188/7846/2188
vt 0.7808420062065125 0.3017750084400177
f 2137/7870/2137 2140/7877/2140 2134/7859/2134
vt 0.1685748845338821 0.1629051566123962
vt 0.1744925826787949 0.1454673409461975
vt 0.1830284297466278 0.1544913053512573
f 2133/7878/2133 2166/7879/2166 2139/7880/2139
vt 0.8686180114746094 0.8793210387229919
vt 0.8684874773025513 0.8756352066993713
f 2055/7881/2055 2170/7815/2170 2243/7882/2243
vt 0.4447391927242279 0.1280386596918106
vt 0.4381452798843384 0.1252958625555038
f 2119/7883/2119 2171/7853/2171 2108/7884/2108
vt 0.7794620394706726 0.2987802624702454
vt 0.7825516462326050 0.3016020953655243
f 2140/7877/2140 2138/7885/2138 2134/7886/2134
vt 0.1722600460052490 0.1574883759021759
vt 0.1722943633794785 0.1547263711690903
f 2133/7887/2133 2136/7888/2136 2166/7879/2166
vt 0.4396247565746307 0.1453508734703064
vt 0.4388317465782166 0.1408604532480240
f 2119/7628/2119 2152/7889/2152 2142/7890/2142
vt 0.7842048406600952 0.2977532148361206
f 2138/7885/2138 2150/7891/2150 2134/7886/2134
vt 0.1512227952480316 0.1578969657421112
vt 0.1562405526638031 0.1476735919713974
f 2133/7649/2133 2127/7892/2127 2136/7893/2136
vt 0.1394692808389664 0.3993481695652008
vt 0.1450793594121933 0.3982051908969879
f 2043/7809/2043 2195/7894/2195 2173/7895/2173
vt 0.1124375760555267 0.2718667387962341
vt 0.1131215542554855 0.2753503024578094
f 2134/7896/2134 2150/7897/2150 2255/7839/2255
vt 0.3431904911994934 0.9007257223129272
f 2146/7843/2146 2128/7779/2128 2164/7898/2164
vt 0.0769265666604042 0.3602960407733917
vt 0.0847459807991982 0.3456052243709564
vt 0.0827182531356812 0.3655549883842468
f 1987/7899/1987 2174/7900/2174 2182/7901/2182
vt 0.5807330012321472 0.3757322728633881
vt 0.5730120539665222 0.3682196736335754
vt 0.5843353867530823 0.3639681637287140
f 2144/7902/2144 2129/7903/2129 2159/7904/2159
vt 0.8580480217933655 0.8819199800491333
vt 0.8627302050590515 0.8827557563781738
f 2034/7604/2034 2170/7905/2170 2121/7906/2121
vt 0.5378736853599548 0.3675628006458282
vt 0.5342510342597961 0.3600986599922180
vt 0.5399895310401917 0.3596668243408203
f 2066/7907/2066 2139/7908/2139 2160/7909/2160
vt 0.0704017356038094 0.5725896954536438
vt 0.0722727924585342 0.5650642514228821
vt 0.0762772485613823 0.5695593953132629
f 2169/7910/2169 2180/7911/2180 2216/7912/2216
vt 0.7386654615402222 0.2577693462371826
vt 0.7460321784019470 0.2647095322608948
f 2167/7825/2167 2055/7913/2055 2162/7914/2162
vt 0.1447861045598984 0.5372513532638550
vt 0.1401795297861099 0.5467824339866638
f 2082/7868/2082 2175/7915/2175 2126/7916/2126
vt 0.8488216400146484 0.5200642943382263
f 2132/7780/2132 2157/7769/2157 2241/7917/2241
vt 0.3413565158843994 0.9702301621437073
vt 0.3481434881687164 0.9770573973655701
vt 0.3403361141681671 0.9821314215660095
f 2153/7918/2153 2241/7919/2241 2120/7920/2120
vt 0.7236940264701843 0.8073467016220093
vt 0.7282747626304626 0.8162948489189148
f 2202/7921/2202 2158/7922/2158 2130/7639/2130
vt 0.1512289047241211 0.4008816182613373
vt 0.1536117643117905 0.3911780416965485
f 2143/7923/2143 2173/7895/2173 2179/7924/2179
vt 0.8645715713500977 0.5415213108062744
vt 0.8586003780364990 0.5462059974670410
vt 0.8509080410003662 0.5425884127616882
f 2070/7925/2070 2188/7926/2188 2157/7927/2157
vt 0.5444434285163879 0.3700751960277557
vt 0.5569776892662048 0.3591837286949158
f 2066/7928/2066 2190/7929/2190 2129/7716/2129
vt 0.8475059270858765 0.5093991756439209
vt 0.8393039107322693 0.5147321820259094
vt 0.8407613635063171 0.5029387474060059
f 2132/7930/2132 2241/7931/2241 2153/7932/2153
vt 0.4333826005458832 0.1277221143245697
f 2171/7853/2171 2161/7933/2161 2108/7884/2108
vt 0.1814031153917313 0.1439218372106552
vt 0.1890352070331573 0.1421574652194977
f 2139/7785/2139 2166/7934/2166 2194/7935/2194
vt 0.4382462799549103 0.1415543556213379
vt 0.4375790059566498 0.1453720033168793
vt 0.4373719990253448 0.1455080062150955
f 2142/7936/2142 2152/7937/2152 2154/7938/2154
vt 0.0157156642526388 0.0159115847200155
vt 0.0238723456859589 0.0203418675810099
vt 0.0175194162875414 0.0299404095858335
f 2058/7939/2058 2149/7940/2149 2344/7941/2344
vt 0.4372470080852509 0.1456490010023117
vt 0.4367670118808746 0.1457290053367615
f 2154/7938/2154 2155/7942/2155 2156/7943/2156
f 2154/7938/2154 2156/7943/2156 2142/7936/2142
vt 0.4373880028724670 0.1457320004701614
vt 0.4382496476173401 0.1461230963468552
vt 0.4369089901447296 0.1457879990339279
f 2154/7944/2154 2152/7945/2152 2156/7946/2156
vt 0.4356409609317780 0.1459656357765198
f 2156/7943/2156 2165/7947/2165 2142/7936/2142
vt 0.4451473355293274 0.1477758288383484
vt 0.4371536374092102 0.1491441130638123
vt 0.4396334290504456 0.1462427675724030
f 2169/7948/2169 2207/7949/2207 2152/7950/2152
vt 0.4361660182476044 0.1459774076938629
f 2156/7946/2156 2152/7945/2152 2165/7951/2165
f 2160/7909/2160 2190/7929/2190 2066/7928/2066
vt 0.3498519659042358 0.1670997589826584
vt 0.3425842821598053 0.1608643680810928
vt 0.3597093224525452 0.1628839373588562
f 2061/7952/2061 2159/7953/2159 2163/7954/2163
vt 0.3714348971843719 0.9095121622085571
vt 0.3712016642093658 0.8958423137664795
vt 0.3823654353618622 0.9066526293754578
f 2147/7955/2147 2187/7956/2187 2195/7957/2195
vt 0.6918776631355286 0.8299607038497925
vt 0.6929101347923279 0.8340477347373962
f 2018/7958/2018 2145/7835/2145 2141/7959/2141
vt 0.4347089231014252 0.1414882838726044
vt 0.4351324141025543 0.1392841786146164
f 2142/7936/2142 2211/7960/2211 2161/7961/2161
vt 0.4319327771663666 0.1370720416307449
vt 0.4359672665596008 0.1351098865270615
f 2142/7936/2142 2161/7962/2161 2171/7963/2171
vt 0.1356964111328125 0.5766187906265259
vt 0.1403732448816299 0.5666176080703735
vt 0.1455791443586349 0.5770498514175415
f 2034/7964/2034 2071/7965/2071 2170/7966/2170
vt 0.3712328374385834 0.9060623049736023
f 2147/7967/2147 2146/7843/2146 2187/7956/2187
vt 0.3416913747787476 0.8955850601196289
vt 0.3470839858055115 0.8880371451377869
f 2164/7968/2164 2181/7969/2181 2146/7843/2146
vt 0.4372192323207855 0.1478334516286850
f 2207/7949/2207 2165/7970/2165 2152/7945/2152
vt 0.3594426214694977 0.1630591452121735
vt 0.3547654151916504 0.1701193600893021
vt 0.3556278645992279 0.1650373637676239
f 2163/7971/2163 2232/7972/2232 2061/7973/2061
vt 0.4324761033058167 0.1440883427858353
f 2142/7936/2142 2165/7947/2165 2211/7974/2211
vt 0.0162169486284256 0.2282377034425735
vt 0.0045997267588973 0.2295231670141220
vt 0.0108224386349320 0.2298976480960846
f 2160/7975/2160 2139/7976/2139 2177/7977/2177
vt 0.1374677419662476 0.5538285970687866
vt 0.1530654430389404 0.5609421133995056
f 2126/7978/2126 2197/7979/2197 2071/7965/2071
vt 0.1618571430444717 0.1496160328388214
vt 0.1633546054363251 0.1344813108444214
f 2136/7980/2136 2183/7981/2183 2166/7879/2166
vt 0.7132073044776917 0.8240147233009338
vt 0.7177352905273438 0.8326119780540466
vt 0.7089043855667114 0.8275554180145264
f 2158/7982/2158 2185/7983/2185 2145/7984/2145
vt 0.9711109399795532 0.1403667330741882
vt 0.9694364666938782 0.1329762488603592
vt 0.9754422307014465 0.1356017589569092
f 2216/7985/2216 2215/7986/2215 2169/7987/2169
vt 0.9730754494667053 0.1293800920248032
f 2207/7988/2207 2169/7987/2169 2215/7986/2215
vt 0.1974391192197800 0.1472633779048920
vt 0.1963971108198166 0.1386032998561859
f 2139/7989/2139 2194/7935/2194 2177/7990/2177
vt 0.7528918385505676 0.2795339226722717
vt 0.7523121237754822 0.2674056589603424
vt 0.7625158429145813 0.2718068957328796
f 2062/7991/2062 2167/7992/2167 2196/7993/2196
vt 0.3496859669685364 0.9819188117980957
f 2241/7919/2241 2219/7994/2219 2120/7920/2120
vt 0.1541109234094620 0.5437254905700684
f 2126/7978/2126 2175/7915/2175 2201/7995/2201
vt 0.3579298853874207 0.8953462839126587
f 2146/7843/2146 2181/7996/2181 2187/7956/2187
f 2126/7978/2126 2201/7995/2201 2197/7979/2197
vt 0.3247028291225433 0.6180944442749023
vt 0.3283728659152985 0.6164003610610962
vt 0.3280307352542877 0.6190286874771118
f 2143/7997/2143 2179/7998/2179 2175/7999/2175
vt 0.7657247781753540 0.2892203927040100
vt 0.7791388034820557 0.2807795405387878
vt 0.7846480607986450 0.2897932231426239
f 2062/8000/2062 2196/8001/2196 2138/8002/2138
vt 0.8767187595367432 0.8704303503036499
vt 0.8670470118522644 0.8716403245925903
vt 0.8672041296958923 0.8668867945671082
f 2055/8003/2055 2243/8004/2243 2258/8005/2258
vt 0.1094861328601837 0.2935015857219696
vt 0.1211464330554008 0.3053880333900452
vt 0.1075414791703224 0.3059103488922119
f 2255/8006/2255 2259/8007/2259 2085/8008/2085
vt 0.0956564694643021 0.3586152493953705
f 2174/7900/2174 2193/8009/2193 2182/7901/2182
vt 0.7229062318801880 0.8321101069450378
vt 0.7171674966812134 0.8284108042716980
f 2158/7982/2158 2202/8010/2202 2185/8011/2185
vt 0.3291580677032471 0.6126075983047485
vt 0.3287740051746368 0.6146420240402222
vt 0.3283919990062714 0.6148489713668823
f 2173/8012/2173 2172/8013/2172 2179/8014/2179
vt 0.3341269195079803 0.8931961059570312
vt 0.3353597521781921 0.8829519748687744
f 2164/8015/2164 2148/8016/2148 2181/7969/2181
vt 0.3293040096759796 0.6144260168075562
f 2173/8012/2173 2176/8017/2176 2172/8013/2172
vt 0.5751479268074036 0.3555977940559387
f 2129/7716/2129 2190/8018/2190 2159/7904/2159
vt 0.3298560082912445 0.6145060062408447
f 2172/8013/2172 2176/8017/2176 2178/8019/2178
vt 0.3292829990386963 0.6146789789199829
vt 0.3286846578121185 0.6154566407203674
f 2172/8013/2172 2176/8020/2176 2179/8021/2179
vt 0.6978724598884583 0.8389578461647034
f 2141/7959/2141 2145/7835/2145 2217/8022/2217
vt 0.1269150972366333 0.1458047628402710
vt 0.1271883249282837 0.1386829614639282
vt 0.1335199922323227 0.1474407166242599
f 2084/8023/2084 2189/8024/2189 2127/8025/2127
f 2173/8012/2173 2178/8019/2178 2176/8017/2176
f 2176/8020/2176 2178/8019/2178 2179/7998/2179
vt 0.1489943712949753 0.5742726325988770
f 2170/8026/2170 2071/7965/2071 2197/7979/2197
vt 0.3312677443027496 0.6143177151679993
f 2173/8012/2173 2204/8027/2204 2178/8019/2178
f 2178/8019/2178 2204/8027/2204 2179/7998/2179
vt 0.3403714001178741 0.3713813126087189
vt 0.3282645344734192 0.3692156672477722
f 2120/8028/2120 2274/8029/2274 2123/7845/2123
vt 0.0110275102779269 0.0315970145165920
vt 0.0094835674390197 0.0267706774175167
f 2344/7941/2344 2320/8030/2320 2058/8031/2058
vt 0.3483406603336334 0.1514176428318024
f 2159/7953/2159 2190/8032/2190 2163/7954/2163
vt 0.0119408452883363 0.2267112284898758
f 2177/7977/2177 2166/8033/2166 2160/7975/2160
vt 0.3335807919502258 0.6155538558959961
vt 0.3316975235939026 0.6192013621330261
f 2179/7998/2179 2204/8034/2204 2175/8035/2175
vt 0.7461172938346863 0.2584057152271271
vt 0.7507433295249939 0.2603454589843750
f 2162/7914/2162 2223/8036/2223 2221/8037/2221
vt 0.9694610238075256 0.1556340008974075
vt 0.9687381386756897 0.1569223999977112
vt 0.9608569145202637 0.1543792933225632
f 2180/8038/2180 2320/8039/2320 2191/8040/2191
vt 0.9675198197364807 0.1482350975275040
vt 0.9708619713783264 0.1527367979288101
f 2216/8041/2216 2180/8042/2180 2191/8040/2191
vt 0.4004772305488586 0.1774519681930542
vt 0.4107904136180878 0.1789945662021637
vt 0.4113105535507202 0.1842175126075745
f 2184/8043/2184 2186/8044/2186 2165/8045/2165
vt 0.7486552000045776 0.2636390924453735
vt 0.7548357844352722 0.2625797092914581
vt 0.7515429854393005 0.2674925327301025
f 2162/8046/2162 2221/8047/2221 2167/8048/2167
vt 0.3070896565914154 0.8794256448745728
vt 0.3146038055419922 0.8682259917259216
vt 0.3241504132747650 0.8761184811592102
f 2168/8049/2168 2192/8050/2192 2148/8051/2148
vt 0.6776923537254333 0.8523319363594055
vt 0.6808607578277588 0.8438013792037964
vt 0.6841869354248047 0.8456381559371948
f 2203/8052/2203 2131/8053/2131 2141/8054/2141
vt 0.2990908324718475 0.8706619143486023
vt 0.3092027902603149 0.8644311428070068
f 2151/8055/2151 2192/8056/2192 2168/8049/2168
vt 0.7548357248306274 0.2671851217746735
f 2167/8057/2167 2221/8047/2221 2196/7993/2196
vt 0.2429220974445343 0.9655404090881348
vt 0.2454980164766312 0.9631667137145996
vt 0.2427415549755096 0.9733715653419495
f 2161/8058/2161 2211/8059/2211 2198/8060/2198
vt 0.1378580033779144 0.1414490044116974
vt 0.1380938589572906 0.1350333839654922
f 2127/8061/2127 2189/8062/2189 2136/7893/2136
vt 0.1940388679504395 0.1374133378267288
vt 0.1952041983604431 0.1281445324420929
f 2177/8063/2177 2194/7935/2194 2166/8064/2166
vt 0.1146983802318573 0.3274298608303070
vt 0.1059703603386879 0.3202749788761139
f 2085/8008/2085 2260/8065/2260 2174/8066/2174
vt 0.3316687345504761 0.3508787751197815
f 2123/7845/2123 2274/8029/2274 2266/8067/2266
vt 0.0508821643888950 0.0205697305500507
vt 0.0509096086025238 0.0276174899190664
vt 0.0431961342692375 0.0209858343005180
f 2165/8068/2165 2214/8069/2214 2184/8070/2184
vt 0.7326716184616089 0.8102853298187256
vt 0.7394041419029236 0.7968048453330994
vt 0.7470963001251221 0.8022240400314331
f 2202/8071/2202 2068/8072/2068 2203/8073/2203
vt 0.2348295003175735 0.9862932562828064
vt 0.2349547892808914 0.9792329072952271
vt 0.2424181401729584 0.9851635098457336
f 2151/8074/2151 2161/8075/2161 2192/8076/2192
vt 0.3547194898128510 0.1545900106430054
vt 0.3658037185668945 0.1529286652803421
f 2163/7954/2163 2190/8077/2190 2200/8078/2200
vt 0.7421315908432007 0.2515525519847870
vt 0.7443895936012268 0.2498800307512283
vt 0.7472637891769409 0.2553257644176483
f 2162/8079/2162 2258/8080/2258 2223/8081/2223
vt 0.1754400134086609 0.1273057758808136
f 2166/7879/2166 2183/7981/2183 2242/8082/2242
vt 0.1061713844537735 0.3509759604930878
vt 0.0970027297735214 0.3337863981723785
f 2193/8083/2193 2174/8084/2174 2260/8065/2260
vt 0.0900118872523308 0.3943453729152679
vt 0.0922609344124794 0.3829383254051208
vt 0.1035995185375214 0.3925821483135223
f 2084/8085/2084 2182/8086/2182 2189/8087/2189
vt 0.3733554482460022 0.1591606438159943
vt 0.3816045224666595 0.1631148606538773
f 2163/7954/2163 2200/8088/2200 2232/8089/2232
vt 0.7425414323806763 0.2453589439392090
vt 0.7419463992118835 0.2500065267086029
f 2055/7913/2055 2258/8090/2258 2162/8091/2162
vt 0.6862161159515381 0.8530439734458923
f 2141/8054/2141 2217/8092/2217 2203/8052/2203
vt 0.0248157121241093 0.2201428562402725
vt 0.0232090000063181 0.2275130003690720
f 2160/7975/2160 2199/8093/2199 2190/8094/2190
f 2161/8075/2161 2198/8060/2198 2192/8076/2192
vt 0.0152447856962681 0.2196053415536880
f 2160/7975/2160 2166/8095/2166 2199/8093/2199
vt 0.0990874171257019 0.3628855645656586
vt 0.1026333719491959 0.3675978779792786
f 2182/8096/2182 2193/8083/2193 2261/8097/2261
vt 0.7874274253845215 0.2817881405353546
f 2196/8001/2196 2150/8098/2150 2138/8002/2138
vt 0.1456858366727829 0.1331557631492615
vt 0.1535472720861435 0.1341462880373001
f 2136/7893/2136 2189/8099/2189 2183/8100/2183
vt 0.3937625885009766 0.1711448431015015
vt 0.3905428349971771 0.1639110893011093
vt 0.3978082537651062 0.1669654101133347
f 2184/8101/2184 2149/8102/2149 2186/8103/2186
vt 0.2492536455392838 0.9635638594627380
vt 0.2515156865119934 0.9662119150161743
f 2211/8104/2211 2205/8105/2205 2198/8060/2198
vt 0.8535131216049194 0.8808175325393677
vt 0.8503780961036682 0.8759999871253967
vt 0.8526906371116638 0.8745725154876709
f 2170/8106/2170 2235/8107/2235 2243/8108/2243
vt 0.1166636794805527 0.9012874960899353
vt 0.1287448853254318 0.9059798121452332
vt 0.1197248697280884 0.9033544063568115
f 2190/8109/2190 2218/8110/2218 2200/8111/2200
vt 0.1541568487882614 0.5733079910278320
vt 0.1631247252225876 0.5726463794708252
f 2170/8112/2170 2197/7979/2197 2290/8113/2290
vt 0.0284268837422132 0.2334190905094147
vt 0.0304314382374287 0.2222678810358047
f 2190/8114/2190 2199/8093/2199 2301/8115/2301
vt 0.7449759840965271 0.2497456222772598
vt 0.7461739778518677 0.2498629987239838
f 2223/8081/2223 2258/8116/2258 2206/8117/2206
vt 0.7465109825134277 0.2499440014362335
vt 0.7508752942085266 0.2461932450532913
f 2223/8081/2223 2206/8118/2206 2220/8119/2220
vt 0.1054270416498184 0.3830528855323792
vt 0.1044327095150948 0.3920947909355164
f 2261/8120/2261 2189/8121/2189 2182/8086/2182
vt 0.3354952037334442 0.6144126057624817
vt 0.3388826251029968 0.6087523698806763
vt 0.3472129106521606 0.6087178587913513
f 2204/8122/2204 2173/8123/2173 2231/8124/2231
vt 0.1509453654289246 0.5780733823776245
vt 0.1581524461507797 0.5789397954940796
f 2170/8125/2170 2290/8113/2290 2235/8126/2235
vt 0.2525883615016937 0.9623479247093201
vt 0.2534109950065613 0.9649810194969177
f 2205/8105/2205 2211/8127/2211 2208/8128/2208
vt 0.2578882277011871 0.9674436450004578
f 2211/8127/2211 2224/8129/2224 2208/8128/2208
vt 0.7448171973228455 0.2476713359355927
vt 0.7460380196571350 0.2490559965372086
f 2258/8130/2258 2209/8131/2209 2206/8117/2206
f 2260/8065/2260 2085/8008/2085 2259/8007/2259
vt 0.7461270093917847 0.2494319975376129
f 2206/8117/2206 2209/8131/2209 2210/8132/2210
vt 0.2450022399425507 0.9746297597885132
vt 0.2502688765525818 0.9770072102546692
f 2205/8133/2205 2192/8134/2192 2198/8060/2198
vt 0.3172333240509033 0.8662409782409668
vt 0.3235533535480499 0.8557525873184204
vt 0.3229309022426605 0.8693078756332397
f 2192/8135/2192 2253/8136/2253 2148/8137/2148
vt 0.3563161790370941 0.8811068534851074
vt 0.3458227813243866 0.8814907670021057
vt 0.3370934128761292 0.8812122344970703
f 2237/8138/2237 2181/8139/2181 2148/8140/2148
vt 0.2533929944038391 0.9654210209846497
f 2205/8105/2205 2208/8128/2208 2212/8141/2212
vt 0.2532950043678284 0.9657760262489319
f 2205/8105/2205 2212/8141/2212 2213/8142/2213
f 2206/8118/2206 2209/8131/2209 2220/8119/2220
vt 0.3785538673400879 0.1514343321323395
vt 0.3836705088615417 0.1573008149862289
f 2200/8088/2200 2250/8143/2250 2232/8144/2232
vt 0.3363566398620605 0.6048313975334167
vt 0.3474218845367432 0.5951306819915771
f 2231/8124/2231 2173/8145/2173 2236/8146/2236
vt 0.1650067120790482 0.5533498525619507
vt 0.1567452251911163 0.5536193847656250
f 2201/7995/2201 2290/8147/2290 2197/8148/2197
vt 0.0539680868387222 0.0274800918996334
vt 0.0576706863939762 0.0296064596623182
f 2165/8149/2165 2207/8150/2207 2214/8069/2214
vt 0.0630007907748222 0.5121617317199707
vt 0.0564333647489548 0.5130887031555176
vt 0.0604564696550369 0.4997896254062653
f 2188/8151/2188 2266/8152/2266 2238/8153/2238
vt 0.2536790072917938 0.9651389718055725
f 2212/8141/2212 2208/8154/2208 2213/8142/2213
vt 0.2536979913711548 0.9655799865722656
f 2208/8154/2208 2224/8129/2224 2212/8155/2212
f 2213/8142/2213 2212/8155/2212 2224/8129/2224
f 2213/8142/2213 2224/8129/2224 2205/8105/2205
vt 0.3385479450225830 0.5923737883567810
f 2173/8145/2173 2195/8156/2195 2236/8146/2236
f 2209/8131/2209 2258/8130/2258 2220/8119/2220
vt 0.0415599457919598 0.0317579917609692
vt 0.0384889766573906 0.0276730116456747
f 2184/8070/2184 2214/8157/2214 2149/8158/2149
vt 0.7719497084617615 0.2790137529373169
vt 0.7742010951042175 0.2724112272262573
vt 0.7763394117355347 0.2721129655838013
f 2196/8159/2196 2244/8160/2244 2150/8161/2150
vt 0.3737167119979858 0.1488490998744965
f 2200/8078/2200 2228/8162/2228 2250/8143/2250
vt 0.4202111661434174 0.1876539438962936
vt 0.4147637784481049 0.1810228824615479
vt 0.4174235761165619 0.1821334660053253
f 2165/8163/2165 2186/8164/2186 2348/8165/2348
vt 0.4071610867977142 0.1693166941404343
vt 0.4002147614955902 0.1583807766437531
vt 0.4089759886264801 0.1623499989509583
f 2186/8166/2186 2234/8167/2234 2287/8168/2287
vt 0.2484062463045120 0.9718276858329773
vt 0.2550218403339386 0.9683023095130920
vt 0.2513364553451538 0.9735525846481323
f 2205/8169/2205 2224/8170/2224 2192/8171/2192
vt 0.7109589576721191 0.8484708070755005
vt 0.7107579708099365 0.8388956785202026
f 2185/7983/2185 2217/8172/2217 2145/8173/2145
vt 0.1556814014911652 0.5392614006996155
vt 0.1609718501567841 0.5228458046913147
vt 0.1650247275829315 0.5285731554031372
f 2201/8174/2201 2175/8175/2175 2299/8176/2299
vt 0.3123767673969269 0.8580013513565063
f 2253/8136/2253 2192/8056/2192 2276/8177/2276
vt 0.7628500461578369 0.2659181356430054
vt 0.7655577659606934 0.2646144628524780
f 2221/8178/2221 2244/8179/2244 2196/7993/2196
vt 0.3433152735233307 0.5756059288978577
vt 0.3506731092929840 0.5814131498336792
f 2195/8156/2195 2187/8180/2187 2181/8181/2181
vt 0.3268323242664337 0.8746275305747986
vt 0.3304923176765442 0.8607548475265503
f 2148/8182/2148 2253/8136/2253 2263/8183/2263
vt 0.3959203660488129 0.1613771170377731
vt 0.3905080556869507 0.1611614525318146
f 2186/8184/2186 2149/8185/2149 2234/8167/2234
vt 0.6554923057556152 0.2496553659439087
vt 0.6772403120994568 0.2535823583602905
vt 0.6577386856079102 0.2565384805202484
f 2157/8186/2157 2229/8187/2229 2241/8188/2241
vt 0.3828132450580597 0.1622854620218277
f 2149/8185/2149 2232/8189/2232 2234/8167/2234
vt 0.7475097179412842 0.2547361552715302
vt 0.7538470029830933 0.2521100044250488
vt 0.7590996623039246 0.2591685354709625
f 2223/8190/2223 2222/8191/2222 2221/8192/2221
vt 0.1402311623096466 0.8998699188232422
vt 0.1344751268625259 0.8988162875175476
f 2301/8193/2301 2218/8110/2218 2190/8194/2190
vt 0.7539730072021484 0.2516269981861115
f 2223/8190/2223 2225/8195/2225 2222/8191/2222
vt 0.2620050311088562 0.9769833683967590
f 2224/8129/2224 2276/8196/2276 2192/8134/2192
vt 0.1200995743274689 0.9241653084754944
vt 0.1252624839544296 0.9293020963668823
vt 0.1163065731525421 0.9293285012245178
f 2200/8197/2200 2240/8198/2240 2228/8199/2228
vt 0.0279559139162302 0.4735685288906097
vt 0.0339338295161724 0.4782982766628265
vt 0.0201940536499023 0.4760999083518982
f 2317/8200/2317 2233/8201/2233 2227/8202/2227
vt 0.7543600201606750 0.2514840066432953
f 2222/8191/2222 2225/8195/2225 2226/8203/2226
vt 0.7542390227317810 0.2518090009689331
vt 0.7542399764060974 0.2535480558872223
f 2222/8191/2222 2225/8204/2225 2221/8205/2221
vt 0.1959153264760971 0.1276728063821793
vt 0.1830563992261887 0.1256911903619766
vt 0.1868605613708496 0.1190286800265312
f 2166/8206/2166 2242/8207/2242 2291/8208/2291
vt 0.7462766766548157 0.2454993128776550
vt 0.7444064617156982 0.2399809509515762
f 2258/8209/2258 2337/8210/2337 2220/8119/2220
vt 0.1683251559734344 0.5228123664855957
vt 0.1666598170995712 0.5254646539688110
f 2175/8175/2175 2204/8211/2204 2299/8212/2299
f 2225/8195/2225 2223/8190/2223 2226/8203/2226
vt 0.7271282076835632 0.8328530192375183
vt 0.7317857742309570 0.8373392820358276
vt 0.7242386341094971 0.8387557268142700
f 2202/8213/2202 2239/8214/2239 2185/8215/2185
vt 0.3333596289157867 0.8588297963142395
vt 0.3449094593524933 0.8658387064933777
f 2148/8182/2148 2263/8216/2263 2237/8217/2237
f 2225/8204/2225 2226/8203/2226 2221/8205/2221
vt 0.7575823664665222 0.2515919208526611
f 2221/8205/2221 2226/8203/2226 2244/8218/2244
vt 0.0216217320412397 0.4843266308307648
f 2227/8202/2227 2233/8201/2233 2292/8219/2292
vt 0.1586625874042511 0.5791987180709839
vt 0.1601424366235733 0.5739159584045410
vt 0.1624483019113541 0.5793725252151489
f 2235/8220/2235 2290/8221/2290 2249/8222/2249
vt 0.3593976199626923 0.5743367075920105
f 2195/8156/2195 2181/8223/2181 2236/8146/2236
vt 0.7561483979225159 0.2449601143598557
f 2226/8203/2226 2223/8190/2223 2220/8224/2220
f 2226/8203/2226 2220/8224/2220 2244/8218/2244
vt 0.1947281062602997 0.1178527250885963
vt 0.1993058323860168 0.1164993196725845
f 2166/8064/2166 2291/8225/2291 2199/8226/2199
vt 0.1201910376548767 0.9161909222602844
f 2200/8227/2200 2218/8110/2218 2240/8198/2240
vt 0.1365979909896851 0.1321923881769180
vt 0.1416944265365601 0.1215520948171616
vt 0.1518952101469040 0.1203683912754059
f 2189/8228/2189 2230/8229/2230 2309/8230/2309
f 2183/8100/2183 2189/8099/2189 2309/8230/2309
vt 0.4010024964809418 0.1504936665296555
vt 0.4107163250446320 0.1525302380323410
f 2234/8167/2234 2250/8231/2250 2287/8232/2287
vt 0.9550141692161560 0.1485298573970795
vt 0.9568179249763489 0.1465025395154953
f 2191/8040/2191 2286/8233/2286 2216/8234/2216
vt 0.7515500187873840 0.8129051923751831
vt 0.7475433349609375 0.8227460384368896
vt 0.7407711744308472 0.8172482252120972
f 2203/8235/2203 2239/8236/2239 2202/8237/2202
vt 0.0758456587791443 0.4978395104408264
vt 0.0738810524344444 0.5044136643409729
f 2238/8153/2238 2353/8238/2353 2188/8239/2188
vt 0.3859039247035980 0.1482430845499039
f 2232/8144/2232 2250/8240/2250 2234/8167/2234
vt 0.0478330589830875 0.4709114432334900
vt 0.0519513674080372 0.4642120003700256
vt 0.0581542588770390 0.4722880423069000
f 2266/8241/2266 2233/8242/2233 2252/8243/2252
vt 0.7801433205604553 0.2628889083862305
vt 0.7767375111579895 0.2698112726211548
vt 0.7758941650390625 0.2667393982410431
f 2251/8244/2251 2150/8245/2150 2244/8246/2244
vt 0.8613061308860779 0.8618443012237549
vt 0.8548110127449036 0.8675255179405212
vt 0.8549056053161621 0.8614391684532166
f 2258/8247/2258 2243/8248/2243 2288/8249/2288
vt 0.7854617238044739 0.2725878953933716
vt 0.7866466641426086 0.2664645314216614
f 2150/8250/2150 2251/8244/2251 2302/8251/2302
vt 0.1171802505850792 0.3283548355102539
vt 0.1265941709280014 0.3368232548236847
vt 0.1206443756818771 0.3493403196334839
f 2260/8252/2260 2385/8253/2385 2193/8254/2193
vt 0.0305431187152863 0.4877581894397736
f 2233/8201/2233 2266/8255/2266 2292/8219/2292
vt 0.8932495713233948 0.6022096872329712
vt 0.8900111913681030 0.5961945652961731
vt 0.8974958658218384 0.5949132442474365
f 2199/8256/2199 2291/8257/2291 2301/8258/2301
vt 0.1307126730680466 0.1230752244591713
vt 0.1275935471057892 0.1198508813977242
vt 0.1341858059167862 0.1196174547076225
f 2261/8259/2261 2280/8260/2280 2189/8261/2189
vt 0.2650356292724609 0.9681261181831360
vt 0.2659786939620972 0.9682863354682922
vt 0.2658193409442902 0.9747259616851807
f 2224/8262/2224 2248/8263/2248 2276/8264/2276
vt 0.1317075788974762 0.9265840053558350
f 2240/8198/2240 2218/8110/2218 2357/8265/2357
vt 0.6599141359329224 0.2438705116510391
vt 0.6660211682319641 0.2402696758508682
f 2157/8266/2157 2188/8267/2188 2229/8187/2229
vt 0.8485793471336365 0.8714657425880432
vt 0.8480979800224304 0.8710259795188904
vt 0.8483060002326965 0.8708440065383911
f 2235/8268/2235 2246/8269/2246 2245/8270/2245
vt 0.8480542898178101 0.8748029470443726
vt 0.8462132215499878 0.8716493248939514
vt 0.8478080034255981 0.8709790110588074
f 2235/8271/2235 2249/8272/2249 2247/8273/2247
f 2235/8268/2235 2247/8273/2247 2246/8269/2246
vt 0.1657353341579437 0.5416848659515381
vt 0.1799587160348892 0.5459550023078918
vt 0.1660884916782379 0.5537515878677368
f 2201/8274/2201 2254/8275/2254 2290/8276/2290
vt 0.0469331480562687 0.0312169436365366
vt 0.0523959100246429 0.0331853069365025
vt 0.0480564199388027 0.0391251929104328
f 2214/8277/2214 2207/8278/2207 2215/8279/2215
vt 0.8486409783363342 0.8708940148353577
vt 0.8485119938850403 0.8707090020179749
vt 0.8505742549896240 0.8695689439773560
f 2235/8280/2235 2245/8281/2245 2243/8282/2243
f 2246/8269/2246 2247/8273/2247 2245/8270/2245
vt 0.8467353582382202 0.8673163652420044
vt 0.8480430245399475 0.8707209825515747
f 2247/8273/2247 2249/8283/2249 2246/8284/2246
f 2245/8270/2245 2246/8284/2246 2249/8283/2249
f 2245/8281/2245 2249/8283/2249 2243/8282/2243
vt 0.4145405888557434 0.1634019315242767
vt 0.4155672192573547 0.1580912470817566
vt 0.4208945333957672 0.1599454432725906
f 2186/8285/2186 2287/8286/2287 2268/8287/2268
vt 0.1728562265634537 0.1225717738270760
vt 0.1581566482782364 0.1316299885511398
vt 0.1679626852273941 0.1179043129086494
f 2242/8288/2242 2183/8289/2183 2309/8290/2309
vt 0.1215151548385620 0.9354240894317627
vt 0.1311538815498352 0.9365478754043579
vt 0.1231130361557007 0.9460301399230957
f 2240/8291/2240 2357/8292/2357 2228/8293/2228
vt 0.1371091157197952 0.3374758660793304
vt 0.1358305364847183 0.3572961390018463
f 2193/8254/2193 2385/8294/2385 2275/8295/2275
vt 0.8489335179328918 0.8652249574661255
f 2288/8249/2288 2243/8248/2243 2249/8296/2249
vt 0.3208432793617249 0.3524001538753510
vt 0.3152717947959900 0.3662973940372467
vt 0.3091773986816406 0.3602642416954041
f 2266/8297/2266 2274/8298/2274 2292/8299/2292
vt 0.7204861044883728 0.8412344455718994
vt 0.7230753302574158 0.8456971049308777
f 2185/8300/2185 2352/8301/2352 2217/8172/2217
vt 0.7522222399711609 0.2450332194566727
vt 0.7624615430831909 0.2411216348409653
vt 0.7617760896682739 0.2472810596227646
f 2220/8302/2220 2257/8303/2257 2244/8304/2244
vt 0.8623829483985901 0.8565696477890015
vt 0.8674867153167725 0.8558543324470520
f 2258/8247/2258 2288/8305/2288 2337/8306/2337
vt 0.9713892936706543 0.7295925021171570
vt 0.9720459580421448 0.7318049669265747
vt 0.9709940552711487 0.7337990403175354
f 2248/8307/2248 2287/8308/2287 2376/8309/2376
vt 0.1807480305433273 0.1182842403650284
vt 0.1737047284841537 0.1174994856119156
f 2291/8310/2291 2242/8082/2242 2309/8311/2309
vt 0.9557844996452332 0.1335796564817429
vt 0.9487770199775696 0.1324756890535355
vt 0.9545006155967712 0.1298098564147949
f 2215/8312/2215 2216/8313/2216 2482/8314/2482
vt 0.0587417669594288 0.4939411878585815
vt 0.0656848773360252 0.4922356307506561
vt 0.0699277669191360 0.4950824975967407
f 2238/8315/2238 2266/8316/2266 2353/8317/2353
vt 0.8527300953865051 0.2648386657238007
vt 0.8552877902984619 0.2586297392845154
vt 0.8605045080184937 0.2612591683864594
f 2150/8318/2150 2302/8319/2302 2259/8320/2259
vt 0.1653164327144623 0.5408887863159180
vt 0.1759760975837708 0.5358949303627014
vt 0.1734347492456436 0.5433684587478638
f 2201/8321/2201 2299/8322/2299 2254/8323/2254
vt 0.1356927901506424 0.3202088177204132
f 2260/8252/2260 2259/8324/2259 2385/8294/2385
vt 0.0280120801180601 0.0308457203209400
vt 0.0333991535007954 0.0335561893880367
vt 0.0242714285850525 0.0387047678232193
f 2149/8325/2149 2214/8326/2214 2344/8327/2344
vt 0.7512823939323425 0.2369123399257660
vt 0.7541397213935852 0.2354393303394318
f 2220/8119/2220 2337/8328/2337 2257/8329/2257
vt 0.2625033259391785 0.9649794101715088
vt 0.2615833878517151 0.9607504606246948
vt 0.2638847827911377 0.9626486301422119
f 2224/8330/2224 2211/8331/2211 2256/8332/2256
vt 0.8646848797798157 0.2680602669715881
vt 0.8669981360435486 0.2557950019836426
vt 0.8715224266052246 0.2648276984691620
f 2150/8333/2150 2259/8334/2259 2255/8335/2255
vt 0.1237627491354942 0.3569318354129791
vt 0.1346873044967651 0.3580643534660339
vt 0.1245520189404488 0.3619869053363800
f 2193/8336/2193 2275/8337/2275 2261/8338/2261
vt 0.7309077978134155 0.8496180176734924
vt 0.7251974344253540 0.8459087014198303
f 2185/8215/2185 2356/8339/2356 2352/8340/2352
vt 0.1304711699485779 0.9189396500587463
vt 0.1362398564815521 0.9227142930030823
f 2357/8265/2357 2218/8341/2218 2301/8342/2301
vt 0.6541300415992737 0.2774278223514557
vt 0.6642165780067444 0.2764636874198914
vt 0.6703822016716003 0.2936169803142548
f 2241/8343/2241 2433/8344/2433 2219/8345/2219
vt 0.4304949641227722 0.1845919042825699
vt 0.4305759370326996 0.1893092095851898
f 2165/8163/2165 2348/8346/2348 2211/8347/2211
vt 0.2665110230445862 0.9636917710304260
vt 0.2672890126705170 0.9650650024414062
f 2224/8330/2224 2256/8348/2256 2262/8349/2262
vt 0.6750605106353760 0.3106101155281067
vt 0.6645792126655579 0.2968322634696960
vt 0.6880474090576172 0.3101452589035034
f 2120/8350/2120 2219/8351/2219 2274/8352/2274
vt 0.3555816411972046 0.6095771789550781
vt 0.3612746596336365 0.6068851947784424
vt 0.3611662983894348 0.6158334016799927
f 2231/8353/2231 2299/8354/2299 2204/8355/2204
vt 0.9561788439750671 0.1533176600933075
vt 0.9546100497245789 0.1645373553037643
vt 0.9440514445304871 0.1587910801172256
f 2191/8356/2191 2320/8357/2320 2443/8358/2443
vt 0.0172154251486063 0.4593316912651062
vt 0.0157748702913523 0.4538688659667969
vt 0.0234664045274258 0.4613950252532959
f 2227/8359/2227 2346/8360/2346 2317/8361/2317
vt 0.7847281098365784 0.2551168799400330
f 2302/8251/2302 2251/8244/2251 2244/8362/2244
vt 0.1244143098592758 0.3942634463310242
vt 0.1218042746186256 0.3919024765491486
vt 0.1270236372947693 0.3905706703662872
f 2280/8363/2280 2261/8364/2261 2269/8365/2269
vt 0.2674820125102997 0.9653239846229553
vt 0.2703895270824432 0.9667518138885498
f 2224/8330/2224 2262/8366/2262 2248/8367/2248
vt 0.7755691409111023 0.2382140457630157
vt 0.7669860720634460 0.2480634599924088
f 2257/8303/2257 2277/8368/2277 2244/8369/2244
vt 0.1279587894678116 0.9434852004051208
f 2228/8293/2228 2357/8292/2357 2349/8370/2349
vt 0.8875095248222351 0.5871583819389343
f 2291/8257/2291 2289/8371/2289 2301/8258/2301
vt 0.1096249297261238 0.9447242617607117
vt 0.1195385754108429 0.9489418864250183
vt 0.1146340742707253 0.9555865526199341
f 2250/8372/2250 2228/8373/2228 2282/8374/2282
vt 0.7098779678344727 0.3377207219600677
vt 0.7111933231353760 0.3495626747608185
vt 0.7064620256423950 0.3408690094947815
f 2287/8375/2287 2279/8376/2279 2376/8377/2376
vt 0.0734885707497597 0.4699854552745819
vt 0.0701618120074272 0.4785093367099762
vt 0.0590309090912342 0.4788505434989929
f 2421/8378/2421 2266/8379/2266 2252/8380/2252
vt 0.7408266067504883 0.8391522169113159
vt 0.7363962531089783 0.8409117460250854
f 2239/8214/2239 2295/8381/2295 2185/8382/2185
vt 0.8844149708747864 0.5987271070480347
vt 0.8782099485397339 0.5957350134849548
vt 0.8837406039237976 0.5927730202674866
f 2291/8383/2291 2369/8384/2369 2289/8385/2289
vt 0.0423517152667046 0.4628778100013733
vt 0.0314237102866173 0.4509803652763367
vt 0.0364887155592442 0.4418192207813263
f 2233/8386/2233 2317/8387/2317 2252/8388/2252
vt 0.6806268095970154 0.2408076673746109
f 2188/8267/2188 2353/8389/2353 2229/8187/2229
vt 0.3052910566329956 0.3711299300193787
vt 0.3042834997177124 0.3633998632431030
f 2274/8298/2274 2267/8390/2267 2292/8391/2292
vt 0.3381218612194061 0.8458743691444397
f 2263/8216/2263 2253/8136/2253 2312/8392/2312
vt 0.2677020132541656 0.9650110006332397
vt 0.2679120004177094 0.9647470116615295
f 2262/8366/2262 2264/8393/2264 2265/8394/2265
f 2262/8366/2262 2265/8394/2265 2248/8367/2248
vt 0.7181995511054993 0.3379963338375092
f 2287/8375/2287 2250/8395/2250 2279/8376/2279
vt 0.2682732045650482 0.9636470675468445
f 2262/8349/2262 2256/8396/2256 2265/8394/2265
vt 0.1705196350812912 0.5751295089721680
vt 0.1729609072208405 0.5663806796073914
vt 0.1784012466669083 0.5731776952743530
f 2249/8397/2249 2290/8398/2290 2288/8399/2288
vt 0.9460848569869995 0.1497099548578262
f 2191/8356/2191 2443/8358/2443 2286/8400/2286
vt 0.4154540896415710 0.1545294672250748
vt 0.4212421178817749 0.1537005752325058
f 2268/8287/2268 2287/8401/2287 2297/8402/2297
vt 0.1391810476779938 0.1150937527418137
f 2230/8229/2230 2189/8261/2189 2280/8403/2280
vt 0.4227345585823059 0.1696911752223969
f 2186/8285/2186 2268/8287/2268 2348/8404/2348
vt 0.9701253175735474 0.7271485924720764
vt 0.9724144935607910 0.7187803387641907
vt 0.9800231456756592 0.7269573211669922
f 2248/8405/2248 2300/8406/2300 2287/8407/2287
vt 0.1271979808807373 0.3679165542125702
vt 0.1336432099342346 0.3699405193328857
f 2261/8408/2261 2275/8295/2275 2273/8409/2273
vt 0.1293269991874695 0.3870509862899780
vt 0.1295280009508133 0.3879680037498474
vt 0.1277286559343338 0.3882149457931519
f 2270/8410/2270 2272/8411/2272 2269/8412/2269
vt 0.1289437115192413 0.3863108158111572
f 2270/8410/2270 2269/8412/2269 2273/8413/2273
vt 0.1296149939298630 0.3872779905796051
f 2270/8410/2270 2271/8414/2271 2272/8411/2272
vt 0.1326161473989487 0.3913938105106354
f 2269/8365/2269 2272/8411/2272 2280/8415/2280
vt 0.1299699991941452 0.3867810070514679
vt 0.1316881477832794 0.3862375319004059
f 2272/8411/2272 2270/8416/2270 2273/8417/2273
f 2272/8411/2272 2273/8417/2273 2280/8415/2280
f 2265/8394/2265 2256/8396/2256 2248/8367/2248
vt 0.7611697316169739 0.2361613810062408
vt 0.7674139142036438 0.2323298603296280
f 2257/8303/2257 2278/8418/2278 2323/8419/2323
vt 0.1260306239128113 0.3832218050956726
vt 0.1233541071414948 0.3765932619571686
vt 0.1300822943449020 0.3762004077434540
f 2269/8420/2269 2261/8421/2261 2273/8422/2273
vt 0.2749507129192352 0.9721159934997559
vt 0.2777379453182220 0.9800387024879456
f 2248/8423/2248 2423/8424/2423 2276/8264/2276
vt 0.6832388043403625 0.2961587309837341
vt 0.6880772113800049 0.3030615150928497
f 2433/8425/2433 2274/8426/2274 2219/8351/2219
vt 0.0378640629351139 0.0414129160344601
f 2215/8279/2215 2331/8427/2331 2214/8326/2214
vt 0.3288565874099731 0.8376139402389526
f 2253/8136/2253 2276/8428/2276 2312/8392/2312
vt 0.7583078742027283 0.2391008436679840
vt 0.7596096396446228 0.2339530438184738
f 2257/8429/2257 2298/8430/2298 2278/8418/2278
vt 0.1443867236375809 0.3413679003715515
vt 0.1476305425167084 0.3541455566883087
f 2275/8295/2275 2385/8431/2385 2296/8432/2296
vt 0.7681123018264771 0.2344492226839066
f 2277/8368/2277 2257/8303/2257 2323/8433/2323
vt 0.8633093237876892 0.6032807230949402
vt 0.8576693534851074 0.5927690267562866
vt 0.8725331425666809 0.5982387661933899
f 2309/8434/2309 2230/8435/2230 2291/8436/2291
vt 0.3579722940921783 0.6013411283493042
vt 0.3603259921073914 0.5935352444648743
vt 0.3661248683929443 0.6055442690849304
f 2231/8437/2231 2236/8438/2236 2299/8439/2299
vt 0.6724304556846619 0.2663652002811432
vt 0.6852204203605652 0.2689502239227295
vt 0.6776751279830933 0.2822508811950684
f 2241/8440/2241 2229/8441/2229 2433/8442/2433
vt 0.7340141534805298 0.8436576724052429
vt 0.7400937080383301 0.8443811535835266
f 2185/8443/2185 2295/8381/2295 2293/8444/2293
vt 0.0706774443387985 0.4821851253509521
vt 0.0764358863234520 0.4879675507545471
f 2266/8445/2266 2421/8378/2421 2353/8446/2353
vt 0.7256245017051697 0.3421853184700012
vt 0.7214991450309753 0.3497435152530670
f 2279/8376/2279 2250/8447/2250 2282/8448/2282
vt 0.8552110195159912 0.2582320570945740
vt 0.8515799045562744 0.2494065016508102
vt 0.8578369021415710 0.2568496167659760
f 2302/8449/2302 2329/8450/2329 2259/8451/2259
vt 0.7614669799804688 0.2344360053539276
vt 0.7613356709480286 0.2360152751207352
f 2298/8430/2298 2281/8452/2281 2278/8453/2278
vt 0.1290018409490585 0.9468488097190857
vt 0.1278699934482574 0.9475020170211792
f 2349/8454/2349 2282/8455/2282 2228/8293/2228
vt 0.7610669732093811 0.2344000041484833
vt 0.7612400054931641 0.2338110059499741
f 2281/8456/2281 2298/8430/2298 2285/8457/2285
vt 0.7612950205802917 0.2340970039367676
f 2281/8456/2281 2285/8457/2285 2283/8458/2283
vt 0.7615200281143188 0.2338760048151016
vt 0.7619683146476746 0.2329856306314468
f 2281/8452/2281 2285/8459/2285 2284/8460/2284
f 2281/8452/2281 2284/8460/2284 2278/8453/2278
vt 0.7623275518417358 0.2341232895851135
f 2278/8453/2278 2284/8461/2284 2323/8419/2323
vt 0.2712216675281525 0.9574692249298096
vt 0.2685508430004120 0.9628631472587585
f 2211/8331/2211 2354/8462/2354 2256/8463/2256
vt 0.0260609313845634 0.0416089743375778
vt 0.0345448255538940 0.0466662794351578
f 2344/8464/2344 2214/8326/2214 2331/8465/2331
vt 0.6881346106529236 0.8630962967872620
vt 0.6976811289787292 0.8723193407058716
vt 0.6862538456916809 0.8678682446479797
f 2217/8466/2217 2373/8467/2373 2203/8468/2203
vt 0.0133404629305005 0.1185952946543694
vt 0.0191256403923035 0.1211518421769142
vt 0.0116773694753647 0.1251073628664017
f 2288/8469/2288 2413/8470/2413 2337/8471/2337
vt 0.0858687534928322 0.4647846519947052
vt 0.0862310677766800 0.4741841852664948
f 2421/8378/2421 2393/8472/2393 2353/8473/2353
vt 0.7608820199966431 0.2334119975566864
vt 0.7610039710998535 0.2336519956588745
f 2298/8430/2298 2284/8474/2284 2285/8475/2285
vt 0.3651744127273560 0.5847092270851135
vt 0.3811430037021637 0.5786093473434448
f 2236/8476/2236 2181/8223/2181 2359/8477/2359
vt 0.7352999448776245 0.8468666076660156
vt 0.7338875532150269 0.8464072346687317
f 2185/8443/2185 2363/8478/2363 2356/8479/2356
vt 0.1483461260795593 0.3622080087661743
vt 0.1355821192264557 0.3706595599651337
f 2275/8295/2275 2296/8480/2296 2273/8481/2273
vt 0.5923520326614380 0.8741518259048462
vt 0.5943453907966614 0.8625786900520325
vt 0.5958793759346008 0.8726289868354797
f 2257/8482/2257 2337/8483/2337 2428/8484/2428
vt 0.7022445797920227 0.3440611660480499
vt 0.7016204595565796 0.3501355946063995
f 2376/8485/2376 2279/8376/2279 2306/8486/2306
vt 0.2709203660488129 0.9618455171585083
vt 0.2723492681980133 0.9639931321144104
f 2248/8367/2248 2256/8487/2256 2354/8488/2354
vt 0.1737983673810959 0.5582912564277649
vt 0.1911465078592300 0.5540968775749207
vt 0.1857865601778030 0.5649273395538330
f 2290/8489/2290 2294/8490/2294 2288/8491/2288
vt 0.0425113774836063 0.0451942533254623
f 2215/8279/2215 2482/8492/2482 2331/8465/2331
f 2254/8275/2254 2294/8490/2294 2290/8489/2290
vt 0.2685951888561249 0.9853901267051697
vt 0.2773737013339996 0.9835519790649414
vt 0.2727547287940979 0.9888188838958740
f 2276/8493/2276 2423/8494/2423 2350/8495/2350
vt 0.7636989355087280 0.2320046871900558
vt 0.7648410201072693 0.2303141206502914
f 2284/8496/2284 2426/8497/2426 2323/8419/2323
vt 0.2778816521167755 0.3545545339584351
vt 0.2667604982852936 0.3543277382850647
vt 0.2684138119220734 0.3453613519668579
f 2292/8498/2292 2391/8499/2391 2227/8500/2227
vt 0.5067580938339233 0.9609539508819580
vt 0.5083690881729126 0.9562018513679504
vt 0.5185294151306152 0.9694427251815796
f 2280/8501/2280 2273/8502/2273 2230/8503/2230
vt 0.4283919036388397 0.1802127808332443
vt 0.4321326613426208 0.1813012659549713
f 2444/8504/2444 2211/8505/2211 2348/8346/2348
vt 0.8713325858116150 0.5973520278930664
vt 0.8598076701164246 0.5952391028404236
vt 0.8771438598632812 0.5954355597496033
f 2291/8506/2291 2230/8507/2230 2369/8508/2369
vt 0.9413717985153198 0.1529120653867722
f 2286/8400/2286 2443/8358/2443 2394/8509/2394
vt 0.4557273983955383 0.0489500090479851
vt 0.4495092630386353 0.0452681742608547
vt 0.4552721679210663 0.0375059545040131
f 2302/8510/2302 2244/8511/2244 2388/8512/2388
vt 0.8604501485824585 0.2543191909790039
vt 0.8553239107131958 0.2526765465736389
vt 0.8574227690696716 0.2515195608139038
f 2259/8513/2259 2329/8514/2329 2327/8515/2327
vt 0.3803239166736603 0.5645452737808228
f 2181/8223/2181 2237/8516/2237 2359/8477/2359
vt 0.5940664410591125 0.8774149417877197
vt 0.6022468805313110 0.8731264472007751
vt 0.5988144874572754 0.8799119591712952
f 2257/8517/2257 2428/8518/2428 2298/8519/2298
vt 0.7419037818908691 0.8396564722061157
vt 0.7424039840698242 0.8425559997558594
vt 0.7417780160903931 0.8422939777374268
f 2295/8520/2295 2304/8521/2304 2303/8522/2303
vt 0.9806029796600342 0.7206410169601440
f 2287/8407/2287 2300/8406/2300 2305/8523/2305
vt 0.9850664734840393 0.7211351394653320
f 2287/8407/2287 2305/8523/2305 2297/8524/2297
vt 0.2672706544399261 0.9523261785507202
vt 0.2662758231163025 0.9578818082809448
f 2502/8525/2502 2354/8462/2354 2211/8526/2211
vt 0.7416499853134155 0.8425740003585815
vt 0.7401392459869385 0.8448307514190674
f 2295/8520/2295 2303/8527/2303 2293/8528/2293
vt 0.7001638412475586 0.8527973890304565
vt 0.7111698985099792 0.8541354537010193
vt 0.7070509195327759 0.8611165285110474
f 2217/8529/2217 2328/8530/2328 2373/8531/2373
vt 0.7420510053634644 0.8425999879837036
f 2303/8522/2303 2304/8521/2304 2308/8532/2308
vt 0.7242648005485535 0.8501991033554077
vt 0.7213965058326721 0.8542187809944153
vt 0.7102231383323669 0.8491957783699036
f 2352/8533/2352 2328/8534/2328 2217/8535/2217
vt 0.9526471495628357 0.1663255691528320
vt 0.9420291781425476 0.1675388664007187
vt 0.9480435252189636 0.1652056872844696
f 2320/8536/2320 2362/8537/2362 2443/8538/2443
vt 0.4528050720691681 0.0854851454496384
vt 0.4590520262718201 0.0861939936876297
vt 0.4560109972953796 0.0896309986710548
f 2292/8539/2292 2347/8540/2347 2391/8541/2391
vt 0.7029806375503540 0.3571833372116089
vt 0.7013795971870422 0.3537679612636566
f 2279/8376/2279 2313/8542/2313 2306/8543/2306
vt 0.7423089742660522 0.8428829908370972
f 2303/8527/2303 2304/8544/2304 2293/8528/2293
vt 0.7458943128585815 0.8344708681106567
vt 0.7484031915664673 0.8381734490394592
f 2239/8545/2239 2322/8546/2322 2295/8520/2295
vt 0.8802427053451538 0.2546379864215851
vt 0.8792282342910767 0.2425792217254639
vt 0.8816401958465576 0.2575153410434723
f 2259/8547/2259 2509/8548/2509 2385/8549/2385
vt 0.4551233649253845 0.0769914463162422
vt 0.4548580348491669 0.0824936032295227
f 2292/8539/2292 2330/8550/2330 2307/8551/2307
vt 0.0150326117873192 0.1168791949748993
vt 0.0199291054159403 0.1116456761956215
vt 0.0212119538336992 0.1174552962183952
f 2288/8552/2288 2372/8553/2372 2413/8554/2413
vt 0.7580555677413940 0.8152585029602051
vt 0.7512800693511963 0.8249785304069519
f 2203/8235/2203 2373/8555/2373 2239/8556/2239
vt 0.8859328627586365 0.5768465995788574
vt 0.8799369335174561 0.5777428746223450
vt 0.8816202878952026 0.5702522993087769
f 2289/8557/2289 2369/8558/2369 2378/8559/2378
vt 0.7060938477516174 0.3569165170192719
f 2279/8376/2279 2355/8560/2355 2313/8542/2313
vt 0.7387089729309082 0.8495742082595825
f 2185/8443/2185 2293/8528/2293 2363/8561/2363
vt 0.4552539885044098 0.0870359987020493
f 2292/8539/2292 2307/8562/2307 2347/8540/2347
vt 0.9658985137939453 0.7196516394615173
vt 0.9656379222869873 0.7175286412239075
f 2248/8563/2248 2354/8564/2354 2300/8406/2300
vt 0.7006096839904785 0.3547227680683136
vt 0.7015389800071716 0.3548429906368256
f 2306/8565/2306 2313/8542/2313 2311/8566/2311
vt 0.7443618774414062 0.8456461429595947
f 2304/8544/2304 2295/8520/2295 2322/8567/2322
f 2304/8544/2304 2322/8567/2322 2293/8528/2293
vt 0.9808049798011780 0.7202810049057007
vt 0.9804670214653015 0.7196260094642639
f 2305/8568/2305 2300/8406/2300 2315/8569/2315
vt 0.9807620048522949 0.7196480035781860
f 2305/8568/2305 2315/8570/2315 2297/8524/2297
vt 0.9804810285568237 0.7191269993782043
f 2305/8568/2305 2315/8569/2315 2316/8571/2316
vt 0.7014150023460388 0.3554120063781738
vt 0.7014290094375610 0.3551290035247803
f 2313/8542/2313 2319/8572/2319 2311/8573/2311
vt 0.7014619708061218 0.3556649982929230
f 2313/8542/2313 2318/8574/2318 2319/8572/2319
vt 0.7163009047508240 0.3618715107440948
f 2355/8575/2355 2279/8376/2279 2282/8448/2282
vt 0.7013180255889893 0.3556529879570007
f 2311/8573/2311 2319/8572/2319 2318/8576/2318
vt 0.7013040184974670 0.3552510142326355
f 2311/8573/2311 2319/8577/2319 2306/8565/2306
vt 0.1204495728015900 0.9545462727546692
vt 0.1320559382438660 0.9512059092521667
vt 0.1285604238510132 0.9587640166282654
f 2282/8578/2282 2349/8579/2349 2335/8580/2335
vt 0.6968246102333069 0.3332817554473877
vt 0.6939497590065002 0.3207032084465027
vt 0.7017006874084473 0.3310980200767517
f 2292/8581/2292 2267/8582/2267 2330/8583/2330
vt 0.0169364493340254 0.1066670417785645
vt 0.0163172110915184 0.1034725904464722
vt 0.0205974020063877 0.1043603047728539
f 2372/8584/2372 2345/8585/2345 2401/8586/2401
vt 0.7012389898300171 0.3559919893741608
f 2319/8577/2319 2318/8587/2318 2306/8565/2306
vt 0.4559969902038574 0.0834520012140274
f 2307/8551/2307 2314/8588/2314 2347/8540/2347
vt 0.7013390064239502 0.3559359908103943
vt 0.7013289928436279 0.3563219904899597
vt 0.7012193202972412 0.3564786911010742
f 2318/8589/2318 2313/8590/2313 2332/8591/2332
vt 0.1250188201665878 0.9584141373634338
vt 0.1211231574416161 0.9634861946105957
f 2282/8578/2282 2335/8592/2335 2355/8593/2355
vt 0.7740663290023804 0.2263076901435852
f 2323/8419/2323 2471/8594/2471 2277/8368/2277
vt 0.9815497398376465 0.7179167270660400
f 2297/8524/2297 2315/8570/2315 2321/8595/2321
vt 0.4481334984302521 0.0402237400412560
vt 0.4452310204505920 0.0306569449603558
vt 0.4532924294471741 0.0334953330457211
f 2244/8596/2244 2277/8597/2277 2388/8598/2388
vt 0.7006469964981079 0.3581321239471436
f 2318/8587/2318 2332/8599/2332 2306/8565/2306
f 2315/8570/2315 2316/8571/2316 2321/8595/2321
f 2315/8569/2315 2300/8406/2300 2316/8571/2316
vt 0.1384621113538742 0.9391731023788452
vt 0.1400336474180222 0.9331258535385132
vt 0.1452468186616898 0.9409803748130798
f 2357/8600/2357 2301/8601/2301 2452/8602/2452
vt 0.4555810093879700 0.0831409990787506
vt 0.4561469852924347 0.0829309970140457
f 2314/8603/2314 2307/8551/2307 2324/8604/2324
f 2300/8406/2300 2321/8595/2321 2316/8571/2316
vt 0.4579897224903107 0.0809667110443115
vt 0.4569180011749268 0.0826189965009689
f 2307/8551/2307 2330/8605/2330 2325/8606/2325
f 2307/8551/2307 2325/8606/2325 2324/8604/2324
f 2314/8588/2314 2324/8604/2324 2325/8606/2325
vt 0.4566139876842499 0.0832220017910004
f 2314/8588/2314 2324/8607/2324 2347/8540/2347
vt 0.2576393187046051 0.3528593182563782
f 2227/8500/2227 2391/8499/2391 2346/8608/2346
vt 0.4231160581111908 0.1534362733364105
vt 0.4278175234794617 0.1514822542667389
vt 0.4262003004550934 0.1576875150203705
f 2297/8609/2297 2321/8610/2321 2268/8611/2268
vt 0.1938651502132416 0.5628583431243896
f 2288/8491/2288 2294/8490/2294 2345/8612/2345
vt 0.1946265250444412 0.5704836845397949
f 2288/8491/2288 2345/8612/2345 2372/8613/2372
vt 0.8557879924774170 0.2502000033855438
vt 0.8562669754028320 0.2502189874649048
f 2329/8450/2329 2326/8614/2326 2327/8615/2327
vt 0.8334018588066101 0.2518472373485565
vt 0.8351439833641052 0.2435182482004166
vt 0.8409107923507690 0.2503387033939362
f 2388/8616/2388 2384/8617/2384 2302/8618/2302
vt 0.4571180045604706 0.0831129997968674
f 2324/8607/2324 2325/8619/2325 2347/8540/2347
vt 0.5963537693023682 0.8891955614089966
vt 0.6004607081413269 0.8824242353439331
vt 0.6027876734733582 0.8884090185165405
f 2284/8620/2284 2298/8621/2298 2426/8622/2426
vt 0.3794904649257660 0.5803862214088440
vt 0.3718141019344330 0.5931373834609985
f 2236/8476/2236 2359/8623/2359 2299/8624/2299
vt 0.3886129558086395 0.5597261190414429
vt 0.3973200917243958 0.5589058995246887
f 2237/8516/2237 2263/8625/2263 2312/8626/2312
vt 0.7032688856124878 0.3191590905189514
vt 0.7030707597732544 0.3266199827194214
f 2267/8582/2267 2477/8627/2477 2330/8628/2330
vt 0.6038880348205566 0.8737084269523621
vt 0.6120406985282898 0.8806272745132446
f 2298/8519/2298 2428/8629/2428 2426/8630/2426
vt 0.1390110999345779 0.9452227354049683
vt 0.1458857059478760 0.9555081129074097
vt 0.1371010392904282 0.9493350386619568
f 2357/8631/2357 2468/8632/2468 2349/8633/2349
f 2325/8606/2325 2330/8605/2330 2347/8540/2347
vt 0.8559010028839111 0.2497079968452454
f 2327/8615/2327 2326/8614/2326 2334/8634/2334
vt 0.8611272573471069 0.2430604100227356
f 2327/8615/2327 2334/8634/2334 2392/8635/2392
vt 0.7013249993324280 0.3600600063800812
vt 0.7012310028076172 0.3603999912738800
f 2332/8636/2332 2313/8542/2313 2333/8637/2333
vt 0.8556029796600342 0.2497320026159286
f 2326/8614/2326 2329/8450/2329 2334/8638/2334
vt 0.8556230068206787 0.2493669986724854
f 2326/8614/2326 2334/8638/2334 2338/8639/2338
vt 0.7012389898300171 0.3608289957046509
f 2333/8637/2333 2313/8542/2313 2336/8640/2336
vt 0.5125108361244202 0.9573661684989929
vt 0.5194608569145203 0.9546684622764587
vt 0.5217952132225037 0.9653862118721008
f 2273/8641/2273 2296/8642/2296 2230/8643/2230
vt 0.8583083152770996 0.2510159909725189
vt 0.8669162392616272 0.2542950809001923
f 2327/8644/2327 2392/8635/2392 2259/8645/2259
vt 0.7436277270317078 0.8467897176742554
vt 0.7420759797096252 0.8514614105224609
f 2293/8528/2293 2322/8646/2322 2363/8647/2363
vt 0.8553140163421631 0.2492830008268356
f 2329/8450/2329 2338/8648/2338 2334/8638/2334
vt 0.7011520266532898 0.3612219989299774
vt 0.7011330127716064 0.3606759905815125
f 2336/8640/2336 2339/8649/2339 2333/8650/2333
f 2336/8640/2336 2313/8542/2313 2339/8649/2339
vt 0.7010939717292786 0.3609209954738617
vt 0.7000440955162048 0.3618555963039398
f 2333/8650/2333 2336/8651/2336 2377/8652/2377
vt 0.7010400295257568 0.3602609932422638
vt 0.7004082202911377 0.3585866391658783
f 2333/8653/2333 2377/8652/2377 2332/8654/2332
vt 0.3701866865158081 0.5971799492835999
vt 0.3875372409820557 0.5904957652091980
vt 0.3845472931861877 0.6056981682777405
f 2299/8655/2299 2359/8656/2359 2310/8657/2310
vt 0.7010499835014343 0.3613939881324768
f 2336/8651/2336 2339/8658/2339 2377/8652/2377
vt 0.3892667293548584 0.5685020089149475
f 2237/8516/2237 2312/8659/2312 2359/8477/2359
vt 0.4060933291912079 0.5486978888511658
vt 0.4072436988353729 0.5528675913810730
vt 0.3986372947692871 0.5476778745651245
f 2276/8660/2276 2341/8661/2341 2312/8662/2312
vt 0.7011439800262451 0.3615469932556152
vt 0.7011539936065674 0.3621309995651245
f 2339/8663/2339 2313/8542/2313 2340/8664/2340
vt 0.7010459899902344 0.3618800044059753
f 2339/8663/2339 2340/8664/2340 2377/8665/2377
f 2334/8634/2334 2338/8639/2338 2392/8635/2392
vt 0.4322784841060638 0.1529402881860733
f 2268/8611/2268 2321/8610/2321 2560/8666/2560
vt 0.7011809945106506 0.3625989854335785
f 2313/8542/2313 2343/8667/2343 2340/8664/2340
vt 0.7010669708251953 0.3621070086956024
vt 0.7009199857711792 0.3624809980392456
f 2377/8665/2377 2340/8668/2340 2343/8669/2343
vt 0.4870498180389404 0.9799388647079468
vt 0.4960229396820068 0.9840065240859985
vt 0.4895007908344269 0.9800163507461548
f 2349/8670/2349 2378/8671/2378 2390/8672/2390
vt 0.7010530233383179 0.3623780012130737
vt 0.7010740041732788 0.3631640076637268
f 2340/8673/2340 2343/8667/2343 2342/8674/2342
vt 0.7011839747428894 0.3631150126457214
f 2343/8667/2343 2313/8542/2313 2342/8675/2342
vt 0.7020632624626160 0.3643131256103516
f 2313/8542/2313 2412/8676/2412 2342/8675/2342
vt 0.4085255563259125 0.5507105588912964
vt 0.4185432493686676 0.5563175678253174
f 2276/8677/2276 2350/8678/2350 2341/8661/2341
vt 0.7042059302330017 0.3060241043567657
f 2477/8627/2477 2267/8582/2267 2274/8679/2274
f 2338/8648/2338 2329/8450/2329 2392/8635/2392
f 2342/8674/2342 2412/8676/2412 2377/8652/2377
vt 0.7009760141372681 0.3629460036754608
f 2342/8674/2342 2377/8652/2377 2343/8680/2343
vt 0.0258555449545383 0.4395868480205536
vt 0.0271120183169842 0.4294446706771851
vt 0.0377460829913616 0.4397738575935364
f 2317/8681/2317 2346/8682/2346 2252/8683/2252
vt 0.9127661585807800 0.5577896833419800
vt 0.9205536842346191 0.5606546998023987
vt 0.9110532402992249 0.5655503273010254
f 2248/8684/2248 2376/8685/2376 2423/8686/2423
vt 0.7115895748138428 0.3620270788669586
f 2313/8542/2313 2355/8687/2355 2412/8676/2412
vt 0.1920809447765350 0.5459187030792236
vt 0.1903742700815201 0.5401945114135742
f 2254/8688/2254 2299/8689/2299 2294/8490/2294
vt 0.8985535502433777 0.5711494088172913
vt 0.8915128111839294 0.5692706704139709
vt 0.8969711065292358 0.5615260601043701
f 2301/8690/2301 2289/8691/2289 2615/8692/2615
vt 0.1953952163457870 0.5627334713935852
vt 0.1989285200834274 0.5595619082450867
f 2345/8693/2345 2294/8490/2294 2370/8694/2370
vt 0.1994405239820480 0.5457426905632019
f 2294/8490/2294 2299/8689/2299 2310/8695/2310
vt 0.6833040714263916 0.3845635652542114
vt 0.6849859952926636 0.3830461204051971
vt 0.6845030784606934 0.3937717676162720
f 2351/8696/2351 2398/8697/2398 2368/8698/2368
vt 0.4555211365222931 0.0633647888898849
vt 0.4646422863006592 0.0625445768237114
vt 0.4555082619190216 0.0667273327708244
f 2477/8699/2477 2408/8700/2408 2330/8701/2330
vt 0.2035826891660690 0.5704329013824463
vt 0.2076169848442078 0.5612744688987732
vt 0.2076335549354553 0.5727926492691040
f 2345/8702/2345 2370/8703/2370 2401/8704/2401
vt 0.8681030273437500 0.2480140030384064
vt 0.8723103404045105 0.2438230961561203
f 2259/8645/2259 2392/8705/2392 2509/8706/2509
vt 0.4427889287471771 0.0199630744755268
vt 0.4447040259838104 0.0163157787173986
vt 0.4472610056400299 0.0231250338256359
f 2277/8707/2277 2400/8708/2400 2388/8709/2388
vt 0.4644830822944641 0.0940754115581512
vt 0.4641393125057220 0.0876566395163536
f 2391/8710/2391 2347/8540/2347 2481/8711/2481
vt 0.4573196768760681 0.0799496099352837
vt 0.4629407227039337 0.0776775479316711
f 2330/8712/2330 2481/8713/2481 2347/8540/2347
vt 0.9093059897422791 0.1658159941434860
vt 0.9202348589897156 0.1646024882793427
vt 0.8980565071105957 0.1693731099367142
f 2401/8714/2401 2427/8715/2427 2471/8716/2471
vt 0.9100127220153809 0.1804448962211609
f 2471/8716/2471 2427/8715/2427 2375/8717/2375
vt 0.9000537991523743 0.1828746944665909
vt 0.9030117392539978 0.1968548744916916
vt 0.8926677107810974 0.1897895336151123
f 2471/8718/2471 2375/8719/2375 2277/8720/2277
vt 0.7482874393463135 0.8428891301155090
vt 0.7530059218406677 0.8404157757759094
vt 0.7553449869155884 0.8450883030891418
f 2322/8721/2322 2239/8722/2239 2455/8723/2455
vt 0.9004654884338379 0.2013246268033981
vt 0.8934291601181030 0.2014483511447906
f 2277/8720/2277 2375/8724/2375 2400/8725/2400
vt 0.3412677943706512 0.4334857165813446
vt 0.3490144610404968 0.4278761744499207
vt 0.3455390036106110 0.4347040057182312
f 2216/8726/2216 2286/8727/2286 2482/8728/2482
vt 0.4035705626010895 0.5626260042190552
vt 0.4030730128288269 0.5630850195884705
f 2312/8626/2312 2341/8729/2341 2358/8730/2358
vt 0.5979910492897034 0.8992436528205872
vt 0.5987688899040222 0.9113354086875916
vt 0.5942946672439575 0.9049439430236816
f 2426/8731/2426 2471/8732/2471 2323/8733/2323
vt 0.7045348882675171 0.3698948025703430
f 2355/8687/2355 2335/8734/2335 2412/8676/2412
vt 0.4040749967098236 0.5636739730834961
f 2358/8730/2358 2341/8729/2341 2360/8735/2360
vt 0.4034000039100647 0.5635120272636414
f 2358/8730/2358 2360/8735/2360 2361/8736/2361
vt 0.1999856233596802 0.5535066127777100
vt 0.2069644778966904 0.5620574355125427
f 2294/8490/2294 2310/8737/2310 2370/8738/2370
vt 0.4027839899063110 0.5633739829063416
vt 0.3988814949989319 0.5711798667907715
f 2358/8739/2358 2383/8740/2383 2312/8626/2312
vt 0.4037770032882690 0.5640490055084229
vt 0.4030289947986603 0.5639370083808899
f 2358/8739/2358 2360/8741/2360 2383/8742/2383
vt 0.4327652752399445 0.5594716072082520
vt 0.4351229965686798 0.5628070235252380
vt 0.4340122342109680 0.5634094476699829
f 2418/8743/2418 2364/8744/2364 2341/8745/2341
vt 0.4355719983577728 0.5629040002822876
vt 0.4352057278156281 0.5649504065513611
f 2364/8744/2364 2367/8746/2367 2366/8747/2366
f 2364/8744/2364 2366/8747/2366 2341/8745/2341
vt 0.4356270134449005 0.5624700188636780
vt 0.4361529946327209 0.5631170272827148
f 2367/8746/2367 2364/8748/2364 2365/8749/2365
f 2367/8746/2367 2365/8749/2365 2366/8747/2366
vt 0.4055803120136261 0.5621755123138428
vt 0.4029628336429596 0.5648085474967957
f 2360/8741/2360 2341/8750/2341 2383/8751/2383
vt 0.4317457675933838 0.5579642057418823
vt 0.4262261092662811 0.5661528110504150
f 2418/8752/2418 2341/8753/2341 2350/8678/2350
vt 0.4359230101108551 0.5624039769172668
vt 0.4370285868644714 0.5600741505622864
f 2365/8749/2365 2367/8754/2367 2418/8755/2418
vt 0.4374176859855652 0.5648873448371887
f 2365/8749/2365 2418/8755/2418 2366/8756/2366
vt 0.3921792507171631 0.5731817483901978
f 2359/8477/2359 2312/8659/2312 2383/8757/2383
vt 0.6920760273933411 0.3954408764839172
vt 0.7015463709831238 0.3991921842098236
vt 0.6910482048988342 0.4013233184814453
f 2398/8758/2398 2402/8759/2402 2395/8760/2395
vt 0.4355689883232117 0.5621460080146790
f 2364/8761/2364 2418/8755/2418 2367/8754/2367
vt 0.8907657265663147 0.5684898495674133
vt 0.8865194916725159 0.5653274655342102
vt 0.8876100182533264 0.5662360191345215
f 2289/8762/2289 2378/8763/2378 2371/8764/2371
vt 0.6887857913970947 0.3777930140495300
vt 0.6930229663848877 0.3698852360248566
vt 0.6974588632583618 0.3735129237174988
f 2398/8765/2398 2513/8766/2513 2412/8767/2412
vt 0.4806917607784271 0.9913894534111023
vt 0.4739538133144379 0.9852190017700195
vt 0.4793879091739655 0.9842580556869507
f 2390/8768/2390 2335/8769/2335 2349/8770/2349
vt 0.6086543202400208 0.8661085963249207
vt 0.6140040159225464 0.8688654899597168
f 2413/8771/2413 2428/8772/2428 2337/8483/2337
vt 0.6877920031547546 0.4009479880332947
vt 0.6862621307373047 0.4040566086769104
f 2398/8773/2398 2395/8774/2395 2368/8698/2368
vt 0.4400006234645844 0.5655652284622192
f 2366/8756/2366 2418/8755/2418 2381/8775/2381
vt 0.7007229924201965 0.3730799853801727
vt 0.7030244469642639 0.3722170293331146
vt 0.7009884715080261 0.3796992897987366
f 2412/8776/2412 2335/8777/2335 2398/8778/2398
vt 0.3518691658973694 0.4286153614521027
vt 0.3565367162227631 0.4202999770641327
vt 0.3577466905117035 0.4349762201309204
f 2286/8779/2286 2394/8780/2394 2429/8781/2429
vt 0.8533999919891357 0.2440893203020096
f 2329/8450/2329 2459/8782/2459 2392/8635/2392
vt 0.5316722989082336 0.9667387604713440
vt 0.5287289619445801 0.9762554168701172
f 2230/8503/2230 2296/8783/2296 2369/8784/2369
vt 0.8880419731140137 0.5660560131072998
f 2289/8762/2289 2371/8764/2371 2374/8785/2374
vt 0.7527678608894348 0.8392245173454285
vt 0.7540655732154846 0.8337605595588684
vt 0.7567864656448364 0.8412849307060242
f 2239/8786/2239 2541/8787/2541 2455/8788/2455
vt 0.7007501721382141 0.3655449450016022
vt 0.6985815167427063 0.3640580773353577
f 2377/8652/2377 2412/8789/2412 2332/8790/2332
vt 0.7354050874710083 0.8530473113059998
vt 0.7364550232887268 0.8560810089111328
vt 0.7361609935760498 0.8561660051345825
f 2356/8791/2356 2387/8792/2387 2380/8793/2380
vt 0.7356168627738953 0.8588414788246155
f 2356/8791/2356 2380/8793/2380 2425/8794/2425
vt 0.6933224201202393 0.2353028804063797
vt 0.7081379294395447 0.2403550148010254
vt 0.6936764717102051 0.2457871735095978
f 2353/8795/2353 2379/8796/2379 2229/8797/2229
vt 0.8886075615882874 0.5644497871398926
f 2371/8764/2371 2378/8763/2378 2389/8798/2389
vt 0.8879740238189697 0.5658789873123169
vt 0.8883339762687683 0.5656949877738953
f 2371/8764/2371 2374/8799/2374 2382/8800/2382
f 2371/8764/2371 2389/8798/2389 2374/8799/2374
vt 0.4595798254013062 0.0684710592031479
vt 0.4660718441009521 0.0573265366256237
vt 0.4670962989330292 0.0690527334809303
f 2330/8801/2330 2408/8802/2408 2481/8803/2481
vt 0.6770407557487488 0.3906555473804474
vt 0.6842110157012939 0.3924999237060547
vt 0.6770371794700623 0.3952533006668091
f 2351/8804/2351 2368/8805/2368 2395/8806/2395
vt 0.4340285956859589 0.5659701824188232
vt 0.4335849881172180 0.5674210190773010
vt 0.4291850924491882 0.5668267011642456
f 2366/8807/2366 2381/8808/2381 2341/8809/2341
vt 0.8883280158042908 0.5659329891204834
f 2289/8691/2289 2374/8785/2374 2382/8810/2382
vt 0.0161878746002913 0.0484470687806606
vt 0.0204938612878323 0.0581792257726192
vt 0.0118893971666694 0.0616489797830582
f 2320/8811/2320 2344/8812/2344 2362/8813/2362
vt 0.0299010369926691 0.1100440099835396
f 2372/8553/2372 2401/8586/2401 2573/8814/2573
vt 0.9406396746635437 0.2955750823020935
vt 0.9478369355201721 0.2930131852626801
vt 0.9411461949348450 0.3030341565608978
f 2300/8815/2300 2354/8816/2354 2321/8817/2321
vt 0.9626061916351318 0.2762168049812317
vt 0.9660709500312805 0.2727950215339661
vt 0.9702478051185608 0.2751909494400024
f 2381/8818/2381 2351/8819/2351 2395/8820/2395
vt 0.7406750321388245 0.8544674515724182
vt 0.7368620038032532 0.8562629818916321
f 2356/8791/2356 2363/8821/2363 2386/8822/2386
f 2356/8791/2356 2386/8822/2386 2387/8792/2387
vt 0.7722378969192505 0.0378507971763611
vt 0.7800605893135071 0.0321207046508789
vt 0.7801364064216614 0.0430589169263840
f 2353/8823/2353 2393/8824/2393 2439/8825/2439
vt 0.7258825302124023 0.8548990488052368
f 2356/8339/2356 2425/8794/2425 2352/8826/2352
f 2374/8799/2374 2389/8798/2389 2382/8800/2382
vt 0.7364580035209656 0.8564270138740540
f 2380/8793/2380 2386/8822/2386 2387/8827/2387
f 2380/8793/2380 2387/8827/2387 2425/8794/2425
vt 0.3985463976860046 0.5964190959930420
vt 0.4119798839092255 0.5859040617942810
f 2310/8828/2310 2359/8656/2359 2410/8829/2410
vt 0.4710554480552673 0.9611897468566895
vt 0.4785480201244354 0.9580389857292175
vt 0.4776020050048828 0.9613327383995056
f 2385/8830/2385 2411/8831/2411 2296/8832/2296
vt 0.7355853915214539 0.8588180541992188
f 2386/8822/2386 2363/8821/2363 2425/8833/2425
f 2386/8822/2386 2425/8833/2425 2387/8827/2387
vt 0.8886685371398926 0.5643137693405151
f 2382/8800/2382 2389/8834/2389 2289/8691/2289
vt 0.3959497809410095 0.5811530351638794
vt 0.3993262648582458 0.5855642557144165
f 2359/8656/2359 2383/8835/2383 2410/8836/2410
vt 0.5372533798217773 0.9702777862548828
vt 0.5395147204399109 0.9790005087852478
vt 0.5304221510887146 0.9778282046318054
f 2296/8837/2296 2390/8838/2390 2369/8839/2369
vt 0.5504368543624878 0.9662142395973206
vt 0.5398771762847900 0.9678435921669006
vt 0.5528885126113892 0.9561243653297424
f 2390/8840/2390 2296/8841/2296 2411/8842/2411
vt 0.0342825390398502 0.4260777235031128
vt 0.0401889048516750 0.4273580014705658
f 2252/8843/2252 2346/8682/2346 2396/8844/2396
vt 0.8987503647804260 0.5598140358924866
f 2289/8691/2289 2389/8834/2389 2615/8845/2615
vt 0.4800638854503632 0.9451127648353577
vt 0.4757505953311920 0.9473807215690613
vt 0.4766994416713715 0.9382203817367554
f 2388/8846/2388 2411/8847/2411 2384/8848/2384
vt 0.7483513355255127 0.8481560945510864
vt 0.7482201457023621 0.8537380695343018
f 2322/8849/2322 2434/8850/2434 2363/8647/2363
vt 0.7241472005844116 0.4164966642856598
vt 0.7148100733757019 0.4094935953617096
vt 0.7229817509651184 0.4058416485786438
f 2388/8851/2388 2400/8852/2400 2390/8853/2390
vt 0.4882242083549500 0.9745782017707825
vt 0.4909263849258423 0.9687899947166443
vt 0.4963548779487610 0.9713312983512878
f 2349/8854/2349 2397/8855/2397 2378/8856/2378
vt 0.3973017632961273 0.5798262357711792
vt 0.4008849263191223 0.5788868665695190
f 2410/8829/2410 2383/8857/2383 2341/8858/2341
vt 0.8609870672225952 0.5700901746749878
vt 0.8610551953315735 0.5674247145652771
vt 0.8629122376441956 0.5690119266510010
f 2369/8859/2369 2390/8860/2390 2378/8861/2378
vt 0.7150819897651672 0.8624557256698608
vt 0.7180389165878296 0.8699417114257812
f 2373/8531/2373 2328/8862/2328 2549/8863/2549
vt 0.0195531658828259 0.4248060882091522
vt 0.0252517871558666 0.4205324053764343
f 2391/8864/2391 2396/8865/2396 2346/8682/2346
vt 0.0486495606601238 0.4351618587970734
vt 0.0596671253442764 0.4170072078704834
vt 0.0591304711997509 0.4325265884399414
f 2396/8866/2396 2432/8867/2432 2252/8868/2252
vt 0.8510424494743347 0.2483606785535812
vt 0.8502997159957886 0.2422867864370346
f 2329/8869/2329 2302/8870/2302 2459/8782/2459
vt 0.7501509785652161 0.8487570285797119
vt 0.7537497878074646 0.8554041981697083
f 2322/8849/2322 2455/8871/2455 2474/8872/2474
vt 0.4161903560161591 0.6027680039405823
vt 0.4136130213737488 0.6088501214981079
vt 0.4028033912181854 0.6089096665382385
f 2410/8873/2410 2407/8874/2407 2310/8875/2310
vt 0.6969955563545227 0.3933227360248566
vt 0.6997863054275513 0.3916124105453491
f 2398/8876/2398 2335/8877/2335 2402/8759/2402
vt 0.7396416068077087 0.8589258193969727
f 2425/8833/2425 2363/8821/2363 2437/8878/2437
vt 0.9094266295433044 0.2029020041227341
vt 0.9043064117431641 0.2136114984750748
f 2375/8719/2375 2427/8879/2427 2400/8880/2400
vt 0.7282259464263916 0.8603800535202026
vt 0.7244659066200256 0.8634715080261230
f 2352/8826/2352 2437/8881/2437 2328/8882/2328
vt 0.4169580638408661 0.5856156945228577
vt 0.4161370098590851 0.5758810043334961
vt 0.4214264452457428 0.5747603178024292
f 2410/8883/2410 2341/8884/2341 2381/8885/2381
vt 0.6817973256111145 0.3820026516914368
vt 0.6829760074615479 0.3801859915256500
f 2398/8697/2398 2351/8886/2351 2399/8887/2399
vt 0.6691367030143738 0.4115806519985199
vt 0.6765770316123962 0.4098685979843140
vt 0.6768810153007507 0.4148036241531372
f 2410/8888/2410 2395/8889/2395 2427/8890/2427
vt 0.2148169577121735 0.5675963163375854
vt 0.2156948894262314 0.5622400045394897
f 2401/8891/2401 2370/8703/2370 2409/8892/2409
vt 0.6997136473655701 0.3691787719726562
vt 0.6968118548393250 0.3656001091003418
f 2332/8790/2332 2412/8893/2412 2463/8894/2463
vt 0.4311557710170746 0.5801211595535278
vt 0.4345850050449371 0.5870479941368103
vt 0.4244224131107330 0.5899816751480103
f 2381/8895/2381 2395/8896/2395 2410/8897/2410
vt 0.5674243569374084 0.9563711285591125
vt 0.5637793540954590 0.9511718153953552
vt 0.5677793025970459 0.9495960474014282
f 2390/8898/2390 2411/8899/2411 2388/8900/2388
vt 0.6113802790641785 0.9219663143157959
vt 0.6196150183677673 0.9245894551277161
vt 0.6114466190338135 0.9339019060134888
f 2211/8901/2211 2444/8902/2444 2417/8903/2417
vt 0.7704552412033081 0.0422920696437359
vt 0.7781115174293518 0.0548954382538795
vt 0.7671267390251160 0.0498692654073238
f 2353/8904/2353 2507/8905/2507 2379/8906/2379
vt 0.3634898960590363 0.4202293455600739
vt 0.3685381114482880 0.4261449873447418
f 2394/8780/2394 2443/8907/2443 2429/8908/2429
vt 0.3677633106708527 0.3930999636650085
vt 0.3671064972877502 0.3986850678920746
vt 0.3625489473342896 0.4039646983146667
f 2362/8909/2362 2467/8910/2467 2443/8911/2443
vt 0.4055080115795135 0.6145825386047363
vt 0.4139723777770996 0.6163892149925232
vt 0.4046379923820496 0.6223480701446533
f 2310/8912/2310 2407/8913/2407 2370/8914/2370
vt 0.7080767154693604 0.4167155325412750
vt 0.7072200179100037 0.4133023023605347
f 2427/8915/2427 2395/8916/2395 2400/8852/2400
vt 0.4154945909976959 0.6246810555458069
vt 0.4170080125331879 0.6249269843101501
vt 0.4189348518848419 0.6260300874710083
f 2409/8917/2409 2404/8918/2404 2401/8919/2401
vt 0.4181059896945953 0.6250399947166443
vt 0.4184660017490387 0.6247779726982117
f 2401/8919/2401 2403/8920/2403 2405/8921/2405
vt 0.9322250485420227 0.1594555377960205
vt 0.9353604316711426 0.1620530933141708
vt 0.9275264143943787 0.1658272296190262
f 2401/8922/2401 2410/8923/2410 2427/8924/2427
f 2401/8919/2401 2404/8918/2404 2403/8920/2403
f 2403/8920/2403 2404/8918/2404 2405/8921/2405
vt 0.4180929958820343 0.6245890259742737
f 2404/8918/2404 2409/8917/2409 2403/8925/2403
vt 0.4210371971130371 0.6253039240837097
vt 0.4193500876426697 0.6228310465812683
f 2401/8926/2401 2405/8921/2405 2407/8927/2407
f 2405/8921/2405 2403/8925/2403 2407/8927/2407
f 2403/8925/2403 2409/8917/2409 2407/8927/2407
vt 0.4215245842933655 0.6171404123306274
vt 0.4310394227504730 0.6091543436050415
vt 0.4232563674449921 0.6201232075691223
f 2407/8928/2407 2410/8929/2410 2401/8930/2401
f 2372/8553/2372 2573/8814/2573 2413/8554/2413
vt 0.4159559905529022 0.6233450174331665
vt 0.4134723544120789 0.6229092478752136
f 2409/8931/2409 2370/8932/2370 2407/8927/2407
vt 0.0482220835983753 0.4247009158134460
f 2396/8866/2396 2422/8933/2422 2432/8867/2432
vt 0.1487702131271362 0.9311264157295227
vt 0.1523672640323639 0.9302970767021179
vt 0.1515499651432037 0.9395948648452759
f 2301/8934/2301 2615/8935/2615 2452/8936/2452
vt 0.6830599904060364 0.3798530101776123
vt 0.6826199889183044 0.3795570135116577
f 2399/8937/2399 2351/8886/2351 2414/8938/2414
vt 0.6828079819679260 0.3793489933013916
vt 0.6834700107574463 0.3804131746292114
f 2399/8937/2399 2414/8939/2414 2398/8940/2398
vt 0.6824439764022827 0.3792740106582642
f 2399/8937/2399 2414/8938/2414 2415/8941/2415
vt 0.6832236647605896 0.3774477839469910
f 2398/8940/2398 2414/8939/2414 2424/8942/2424
vt 0.6101789474487305 0.8542355298995972
vt 0.6250869631767273 0.8497900366783142
vt 0.6163619160652161 0.8588848114013672
f 2413/8943/2413 2554/8944/2554 2428/8945/2428
vt 0.6981300115585327 0.3686940073966980
vt 0.6978809833526611 0.3681629896163940
f 2412/8893/2412 2406/8946/2406 2416/8947/2416
vt 0.7095713019371033 0.4044213593006134
vt 0.7090107798576355 0.4102076590061188
f 2402/8759/2402 2400/8948/2400 2395/8949/2395
vt 0.0234590005129576 0.4189319908618927
vt 0.0321748927235603 0.4127424061298370
f 2391/8950/2391 2431/8951/2431 2396/8865/2396
vt 0.7491944432258606 0.8512153625488281
vt 0.7474731802940369 0.8553532361984253
f 2322/8952/2322 2474/8872/2474 2434/8953/2434
vt 0.6994528174400330 0.3699465095996857
vt 0.6933450698852539 0.3717332184314728
f 2406/8946/2406 2412/8954/2412 2513/8955/2513
vt 0.6976060271263123 0.3683309853076935
f 2406/8946/2406 2513/8955/2513 2416/8956/2416
vt 0.6974809765815735 0.3680030107498169
f 2406/8946/2406 2416/8956/2416 2419/8957/2419
vt 0.9213941693305969 0.5641460418701172
vt 0.9263607263565063 0.5710752010345459
vt 0.9212725758552551 0.5727867484092712
f 2376/8958/2376 2306/8959/2306 2438/8960/2438
vt 0.7457342743873596 0.8637721538543701
f 2437/8878/2437 2363/8821/2363 2434/8961/2434
vt 0.6822890043258667 0.3795759975910187
f 2351/8886/2351 2415/8962/2415 2414/8938/2414
vt 0.0408062152564526 0.4176904261112213
f 2396/8844/2396 2431/8951/2431 2422/8963/2422
vt 0.7224776148796082 0.3999041318893433
vt 0.7174944877624512 0.3991685211658478
vt 0.7181510925292969 0.3952788412570953
f 2390/8964/2390 2400/8965/2400 2335/8966/2335
vt 0.6988574266433716 0.3684816360473633
vt 0.6976400017738342 0.3677890002727509
f 2412/8967/2412 2416/8947/2416 2419/8968/2419
f 2412/8967/2412 2419/8968/2419 2463/8894/2463
vt 0.6819933056831360 0.3792680203914642
f 2351/8886/2351 2420/8969/2420 2415/8962/2415
f 2414/8939/2414 2415/8941/2415 2424/8942/2424
vt 0.1434099376201630 0.9690966606140137
vt 0.1414646357297897 0.9643962383270264
vt 0.1512793749570847 0.9692963957786560
f 2397/8970/2397 2349/8971/2349 2468/8972/2468
vt 0.7280877232551575 0.8634744882583618
f 2437/8881/2437 2435/8973/2435 2328/8882/2328
f 2400/8852/2400 2402/8759/2402 2335/8966/2335
vt 0.7343139648437500 0.8592597246170044
vt 0.7308138608932495 0.8623641729354858
vt 0.7310021519660950 0.8577974438667297
f 2425/8974/2425 2437/8975/2437 2352/8976/2352
vt 0.7760804891586304 0.0414752513170242
vt 0.7792736291885376 0.0508332364261150
f 2353/8977/2353 2439/8825/2439 2507/8978/2507
vt 0.9834780097007751 0.8798538446426392
vt 0.9766194224357605 0.8812055587768555
vt 0.9777942895889282 0.8773707747459412
f 2350/8979/2350 2423/8980/2423 2451/8981/2451
vt 0.6969199180603027 0.3680448532104492
f 2416/8956/2416 2513/8982/2513 2419/8957/2419
vt 0.9198291301727295 0.5694143772125244
vt 0.9145014286041260 0.5708944201469421
f 2376/8983/2376 2438/8960/2438 2423/8984/2423
vt 0.7566061019897461 0.8493751287460327
f 2474/8872/2474 2455/8723/2455 2472/8985/2472
vt 0.7053580284118652 0.3041316866874695
vt 0.7019118070602417 0.2807369828224182
vt 0.7159481048583984 0.2891594767570496
f 2274/8986/2274 2433/8987/2433 2442/8988/2442
vt 0.1461190581321716 0.9729624986648560
vt 0.1444683223962784 0.9730123281478882
f 2468/8972/2468 2448/8989/2448 2397/8990/2397
f 2415/8941/2415 2420/8969/2420 2424/8942/2424
f 2419/8957/2419 2513/8982/2513 2463/8894/2463
vt 0.0856607183814049 0.4441590607166290
vt 0.0812867134809494 0.4367946684360504
vt 0.0848598629236221 0.4283845722675323
f 2393/8991/2393 2421/8992/2421 2439/8993/2439
vt 0.4368123114109039 0.5565885901451111
vt 0.4424572587013245 0.5591628551483154
f 2418/8755/2418 2350/8994/2350 2550/8995/2550
vt 0.0707038193941116 0.4358681738376617
f 2252/8868/2252 2432/8867/2432 2421/8996/2421
vt 0.6545920372009277 0.0195283070206642
vt 0.6477666497230530 0.0321553535759449
vt 0.6486583948135376 0.0161433983594179
f 2418/8997/2418 2550/8998/2550 2381/8999/2381
vt 0.8418056964874268 0.2453794181346893
vt 0.8427035808563232 0.2405485957860947
vt 0.8477339744567871 0.2435952126979828
f 2384/9000/2384 2475/9001/2475 2302/9002/2302
vt 0.6939290761947632 0.2738721668720245
vt 0.7085253596305847 0.2667775452136993
f 2229/9003/2229 2379/9004/2379 2433/8987/2433
vt 0.1448194831609726 0.9731053709983826
vt 0.1491447091102600 0.9735430479049683
vt 0.1475114375352859 0.9753885865211487
f 2397/9005/2397 2448/9006/2448 2436/9007/2436
vt 0.0693984180688858 0.4259190261363983
vt 0.0815105140209198 0.4269637167453766
f 2421/8996/2421 2432/9008/2432 2439/9009/2439
vt 0.3467132747173309 0.4414449930191040
vt 0.3483494222164154 0.4449382722377777
f 2286/9010/2286 2429/8781/2429 2482/9011/2482
vt 0.0196760855615139 0.4136642813682556
vt 0.0263972170650959 0.4048032164573669
f 2391/9012/2391 2453/9013/2453 2431/8951/2431
vt 0.8869909644126892 0.2401518672704697
vt 0.8860471844673157 0.2458503395318985
f 2509/8548/2509 2473/9014/2473 2385/9015/2385
vt 0.9199864864349365 0.1016406193375587
vt 0.9254509806632996 0.1005648821592331
vt 0.9251591563224792 0.1050690114498138
f 2239/9016/2239 2373/9017/2373 2541/9018/2541
vt 0.4947201609611511 0.9663659334182739
f 2378/8856/2378 2397/8855/2397 2527/9019/2527
vt 0.7588708400726318 0.8495916724205017
vt 0.7571937441825867 0.8508890867233276
f 2455/8723/2455 2466/9020/2466 2472/9021/2472
vt 0.6254369616508484 0.8734859824180603
vt 0.6201485395431519 0.8938760161399841
f 2426/8630/2426 2449/9022/2449 2532/9023/2532
vt 0.7206317782402039 0.3052739799022675
vt 0.7159759998321533 0.3067170083522797
f 2274/8679/2274 2442/9024/2442 2477/9025/2477
vt 0.7307331562042236 0.8645914196968079
f 2437/8975/2437 2440/9026/2440 2435/8973/2435
vt 0.6242296099662781 0.8647286295890808
f 2554/8944/2554 2449/9027/2449 2428/8945/2428
vt 0.8491443991661072 0.2354987412691116
vt 0.8524245023727417 0.2391466498374939
f 2302/9002/2302 2475/9028/2475 2459/9029/2459
vt 0.6488929986953735 0.0256884265691042
f 2550/8998/2550 2420/9030/2420 2381/8999/2381
vt 0.9140586256980896 0.5778853297233582
f 2423/8984/2423 2438/8960/2438 2451/9031/2451
vt 0.4851773977279663 0.9684334397315979
vt 0.4858023822307587 0.9671330451965332
vt 0.4868727028369904 0.9698239564895630
f 2436/9032/2436 2480/9033/2480 2397/9034/2397
vt 0.7133998870849609 0.2704146504402161
vt 0.7182891368865967 0.2785828709602356
f 2379/9035/2379 2442/9036/2442 2433/8987/2433
vt 0.6047874689102173 0.8970907330513000
vt 0.6182171702384949 0.9048514366149902
f 2426/9037/2426 2532/9023/2532 2471/9038/2471
vt 0.6174218654632568 0.8673889636993408
f 2428/9039/2428 2449/9022/2449 2426/8630/2426
vt 0.4599642753601074 0.9524600505828857
vt 0.4564049839973450 0.9532445669174194
vt 0.4552813470363617 0.9510117173194885
f 2411/9040/2411 2385/9041/2385 2473/9042/2473
vt 0.8373735547065735 0.2346085757017136
vt 0.8410156369209290 0.2393473535776138
f 2384/8617/2384 2597/9043/2597 2475/9044/2475
vt 0.6303187608718872 0.9324159622192383
vt 0.6295890808105469 0.9404456019401550
f 2444/9045/2444 2484/9046/2484 2417/8903/2417
vt 0.1476456820964813 0.9752354621887207
vt 0.1484490036964417 0.9755190014839172
vt 0.1481900066137314 0.9756990075111389
f 2436/9047/2436 2448/9048/2448 2441/9049/2441
vt 0.1484940052032471 0.9759950041770935
f 2441/9049/2441 2448/9048/2448 2446/9050/2446
vt 0.7303479909896851 0.8655779957771301
f 2435/8973/2435 2440/9026/2440 2445/9051/2445
vt 0.7297273278236389 0.8664672374725342
f 2435/8973/2435 2445/9051/2445 2328/9052/2328
vt 0.6374179720878601 0.4441590011119843
vt 0.6370300054550171 0.4442799985408783
vt 0.6366379857063293 0.4442969858646393
f 2441/9053/2441 2446/9054/2446 2447/9055/2447
vt 0.6369990110397339 0.4438500106334686
vt 0.6374668478965759 0.4437164962291718
f 2441/9053/2441 2446/9056/2446 2436/9057/2436
vt 0.6355233192443848 0.3000580072402954
vt 0.6330782771110535 0.3161882460117340
vt 0.6277611255645752 0.3056980967521667
f 2331/9058/2331 2482/9059/2482 2457/9060/2457
vt 0.6368309855461121 0.4449929893016815
f 2448/9061/2448 2447/9055/2447 2446/9054/2446
vt 0.6351992487907410 0.4423452913761139
f 2436/9057/2436 2446/9056/2446 2480/9062/2480
vt 0.6276603341102600 0.2920225560665131
vt 0.6324008703231812 0.2867401838302612
f 2331/9058/2331 2457/9063/2457 2344/9064/2344
vt 0.3664107322692871 0.4133047461509705
vt 0.3772008419036865 0.4120764732360840
vt 0.3710943162441254 0.4296977818012238
f 2443/9065/2443 2467/9066/2467 2429/9067/2429
vt 0.7895630002021790 0.0604661591351032
vt 0.7961871027946472 0.0695433765649796
vt 0.7793653607368469 0.0738836377859116
f 2471/9068/2471 2490/9069/2490 2401/9070/2401
vt 0.6340661644935608 0.4469565749168396
f 2448/9071/2448 2480/9062/2480 2447/9055/2447
f 2446/9056/2446 2447/9055/2447 2480/9062/2480
vt 0.4685623347759247 0.9370548129081726
vt 0.4730401933193207 0.9425117969512939
f 2551/9072/2551 2384/8848/2384 2411/9073/2411
vt 0.6225708723068237 0.3345853388309479
vt 0.6143572330474854 0.3316301107406616
vt 0.6177021265029907 0.3220922946929932
f 2482/9074/2482 2496/9075/2496 2476/9076/2476
vt 0.7302520275115967 0.8661789894104004
f 2445/9051/2445 2450/9077/2450 2328/9052/2328
vt 0.7305989861488342 0.8660809993743896
vt 0.7304739952087402 0.8666869997978210
f 2445/9051/2445 2450/9078/2450 2454/9079/2454
vt 0.7310847043991089 0.8661071658134460
f 2445/9051/2445 2440/9080/2440 2450/9078/2450
vt 0.0401560403406620 0.4014948010444641
vt 0.0499697476625443 0.4044457376003265
vt 0.0404814667999744 0.4125047326087952
f 2453/9081/2453 2422/9082/2422 2431/9083/2431
vt 0.9302905797958374 0.5734151601791382
vt 0.9355155229568481 0.5702556371688843
vt 0.9310629963874817 0.5810904502868652
f 2306/9084/2306 2332/9085/2332 2500/9086/2500
vt 0.7302610278129578 0.8664649724960327
f 2328/9052/2328 2450/9077/2450 2454/9087/2454
f 2450/9078/2450 2440/9080/2440 2454/9079/2454
vt 0.6405391097068787 0.0211981497704983
vt 0.6385703682899475 0.0233969017863274
f 2351/9088/2351 2381/8999/2381 2420/9089/2420
vt 0.6231517791748047 0.3086611032485962
f 2482/9059/2482 2476/9076/2476 2457/9090/2457
vt 0.9419108033180237 0.5724853277206421
vt 0.9414269328117371 0.5888019204139709
f 2463/9091/2463 2563/9092/2563 2332/9085/2332
vt 0.7370338439941406 0.3425196111202240
vt 0.7358005642890930 0.3320693969726562
vt 0.7435114979743958 0.3389373123645782
f 2453/9093/2453 2391/9094/2391 2481/9095/2481
vt 0.7336081862449646 0.8644968271255493
vt 0.7309222817420959 0.8735873103141785
vt 0.7317609786987305 0.8664270043373108
f 2437/9096/2437 2503/9097/2503 2440/9098/2440
vt 0.8558049201965332 0.2361285984516144
vt 0.8566600084304810 0.2362170070409775
f 2392/8635/2392 2459/9099/2459 2456/9100/2456
vt 0.8588537573814392 0.2359548956155777
f 2392/8635/2392 2456/9100/2456 2430/9101/2430
f 2454/9079/2454 2440/9080/2440 2503/9097/2503
f 2454/9079/2454 2503/9097/2503 2328/9052/2328
vt 0.8642343878746033 0.2340611219406128
f 2392/8635/2392 2430/9102/2430 2509/8706/2509
vt 0.2158306390047073 0.0200406461954117
vt 0.2138112634420395 0.0236596483737230
vt 0.2153849303722382 0.0140031725168228
f 2321/9103/2321 2354/9104/2354 2560/9105/2560
vt 0.7254882454872131 0.8672891259193420
f 2328/9106/2328 2503/9097/2503 2549/8863/2549
vt 0.9378912448883057 0.3461079001426697
vt 0.9356483221054077 0.3605280816555023
vt 0.9317752718925476 0.3498708307743073
f 2373/9107/2373 2549/9108/2549 2541/9109/2541
vt 0.7344809770584106 0.8650326728820801
vt 0.7400279641151428 0.8669159412384033
vt 0.7346733808517456 0.8699645400047302
f 2437/9110/2437 2434/9111/2434 2503/9112/2503
vt 0.8562290072441101 0.2358350008726120
f 2459/9099/2459 2462/9113/2462 2456/9100/2456
vt 0.3783160150051117 0.4244539439678192
f 2467/9066/2467 2514/9114/2514 2429/9067/2429
vt 0.6283580660820007 0.9371998906135559
vt 0.6331941485404968 0.9343881607055664
vt 0.6333619952201843 0.9377269744873047
f 2484/9115/2484 2444/9116/2444 2460/9117/2460
vt 0.8565620183944702 0.2357300072908401
f 2456/9100/2456 2462/9118/2462 2430/9101/2430
vt 0.8560500144958496 0.2353570014238358
f 2456/9100/2456 2461/9119/2461 2462/9118/2462
vt 0.8480083346366882 0.2325533777475357
vt 0.8557440042495728 0.2341398447751999
f 2475/9120/2475 2487/9121/2487 2459/9099/2459
vt 0.9178596735000610 0.1402124464511871
vt 0.9182869791984558 0.1413410007953644
vt 0.9161328673362732 0.1422370970249176
f 2455/9122/2455 2458/9123/2458 2466/9124/2466
vt 0.4540680348873138 0.9491576552391052
vt 0.4612323343753815 0.9439386725425720
f 2411/9040/2411 2473/9125/2473 2522/9126/2522
vt 0.9183260202407837 0.1409180015325546
vt 0.9203445911407471 0.1380666792392731
vt 0.9193120002746582 0.1414259970188141
f 2458/9127/2458 2455/9128/2455 2464/9129/2464
vt 0.9188010096549988 0.1414040029048920
f 2458/9127/2458 2464/9129/2464 2465/9130/2465
vt 0.4695726633071899 0.9435259103775024
f 2411/9131/2411 2522/9126/2522 2551/9072/2551
vt 0.1547545641660690 0.9525140523910522
vt 0.1570984125137329 0.9494808316230774
vt 0.1591962426900864 0.9546890258789062
f 2357/9132/2357 2452/9133/2452 2468/9134/2468
vt 0.9473062753677368 0.5738151669502258
vt 0.9467157125473022 0.5771016478538513
f 2513/9135/2513 2566/9136/2566 2463/9091/2463
vt 0.9191830158233643 0.1417409926652908
f 2458/9123/2458 2464/9137/2464 2466/9124/2466
vt 0.6426308155059814 0.9346269369125366
vt 0.6433419585227966 0.9448910951614380
f 2444/9116/2444 2348/9138/2348 2506/9139/2506
f 2444/9116/2444 2506/9139/2506 2460/9117/2460
f 2459/9099/2459 2461/9119/2461 2462/9113/2462
f 2459/9099/2459 2487/9121/2487 2461/9119/2461
f 2462/9118/2462 2461/9119/2461 2487/9121/2487
f 2462/9118/2462 2487/9121/2487 2430/9101/2430
vt 0.6327840089797974 0.9377520084381104
vt 0.6334350109100342 0.9384790062904358
vt 0.6336330175399780 0.9392849802970886
f 2460/9140/2460 2469/9141/2469 2470/9142/2470
vt 0.6329270005226135 0.9394000172615051
f 2460/9140/2460 2470/9142/2470 2484/9143/2484
vt 0.9828371405601501 0.8772467970848083
vt 0.9822485446929932 0.8720266222953796
vt 0.9882415533065796 0.8694735169410706
f 2350/9144/2350 2451/9145/2451 2550/9146/2550
vt 0.6339560151100159 0.9388960003852844
f 2460/9117/2460 2506/9139/2506 2470/9147/2470
vt 0.6487802863121033 0.9270824193954468
vt 0.6536440253257751 0.9363770484924316
f 2348/9138/2348 2268/9148/2268 2537/9149/2537
vt 0.9223777055740356 0.1444854587316513
f 2466/9124/2466 2464/9137/2464 2485/9150/2485
vt 0.6265817284584045 0.9374471902847290
vt 0.6231033205986023 0.9535233974456787
vt 0.6091220974922180 0.9361668825149536
f 2484/9151/2484 2528/9152/2528 2417/9153/2417
vt 0.9204638600349426 0.1376699954271317
f 2464/9137/2464 2455/9154/2455 2485/9150/2485
f 2566/9136/2566 2563/9092/2563 2463/9091/2463
vt 0.6020039916038513 0.9435740113258362
vt 0.6105840206146240 0.9512212872505188
f 2211/9155/2211 2417/8903/2417 2567/9156/2567
vt 0.4759390354156494 0.0491098240017891
vt 0.4761628806591034 0.0542598627507687
f 2408/8802/2408 2477/9157/2477 2481/9158/2481
vt 0.6356324553489685 0.9400538206100464
f 2484/9143/2484 2470/9142/2470 2506/9159/2506
vt 0.6333993673324585 0.4407085478305817
vt 0.6335092186927795 0.4264878630638123
vt 0.6390037536621094 0.4371721744537354
f 2480/9160/2480 2527/9161/2527 2397/9162/2397
vt 0.6605690717697144 0.9272674322128296
vt 0.6555871963500977 0.9415810108184814
f 2268/9148/2268 2560/9163/2560 2537/9164/2537
vt 0.7822307348251343 0.0721182525157928
vt 0.7845484018325806 0.0885660722851753
f 2401/9165/2401 2490/9069/2490 2573/9166/2573
vt 0.7523058056831360 0.3477551341056824
vt 0.7453026771545410 0.3720031082630157
f 2453/9093/2453 2481/9167/2481 2510/9168/2510
vt 0.7363061904907227 0.3794782161712646
vt 0.7364293932914734 0.3701573908329010
f 2422/9169/2422 2453/9170/2453 2510/9168/2510
vt 0.7403781414031982 0.3846806883811951
vt 0.7416720390319824 0.3990551233291626
vt 0.7323522567749023 0.3975417315959930
f 2422/9171/2422 2504/9172/2504 2432/9173/2432
vt 0.6260936856269836 0.2825872302055359
vt 0.6100915074348450 0.2750900387763977
vt 0.6296885013580322 0.2750503718852997
f 2457/9174/2457 2489/9175/2489 2344/9176/2344
vt 0.9376980066299438 0.5786269903182983
f 2563/9092/2563 2500/9177/2500 2332/9085/2332
vt 0.1540451943874359 0.3316235244274139
vt 0.1527526676654816 0.3228877484798431
vt 0.1678975522518158 0.3285924792289734
f 2344/9178/2344 2588/9179/2588 2362/9180/2362
vt 0.9295259714126587 0.5792639851570129
vt 0.9226456880569458 0.5789028406143188
f 2306/9181/2306 2500/9086/2500 2438/9182/2438
vt 0.4723556339740753 0.9303434491157532
f 2384/8848/2384 2551/9072/2551 2597/9183/2597
vt 0.6468931436538696 0.9461855292320251
f 2537/9149/2537 2506/9184/2506 2348/9138/2348
vt 0.6310019493103027 0.4453167319297791
vt 0.6259304881095886 0.4435020387172699
vt 0.6313712596893311 0.4433991014957428
f 2448/9185/2448 2468/9186/2468 2480/9187/2480
vt 0.4796740114688873 0.0509259998798370
vt 0.4795719981193542 0.0517110005021095
f 2477/9157/2477 2478/9188/2478 2479/9189/2479
vt 0.9196388125419617 0.1446215659379959
vt 0.9212672710418701 0.1448186039924622
vt 0.9181798696517944 0.1457212865352631
f 2466/9190/2466 2485/9191/2485 2472/9192/2472
vt 0.6269197463989258 0.2667781710624695
f 2344/9176/2344 2489/9175/2489 2588/9193/2588
vt 0.4847007095813751 0.0594094581902027
f 2477/9157/2477 2479/9189/2479 2481/9194/2481
vt 0.6287220120429993 0.0189719311892986
vt 0.6334946751594543 0.0236016847193241
vt 0.6293866634368896 0.0261804275214672
f 2398/9195/2398 2424/9196/2424 2513/9197/2513
vt 0.6124457716941833 0.9458197355270386
f 2417/9153/2417 2528/9152/2528 2567/9198/2567
vt 0.8639138340950012 0.2338453680276871
vt 0.8578898906707764 0.2336755394935608
vt 0.8596802353858948 0.2267192453145981
f 2430/9199/2430 2487/9200/2487 2543/9201/2543
vt 0.4801090061664581 0.0505289994180202
f 2477/9157/2477 2483/9202/2483 2478/9188/2478
vt 0.4749601483345032 0.0469241291284561
vt 0.4827721714973450 0.0498710274696350
f 2477/9203/2477 2501/9204/2501 2483/9202/2483
vt 0.9816176891326904 0.8701426386833191
f 2451/9145/2451 2538/9205/2538 2550/9146/2550
f 2478/9188/2478 2483/9202/2483 2479/9189/2479
vt 0.4804007709026337 0.0519618541002274
f 2479/9189/2479 2501/9206/2501 2481/9194/2481
vt 0.4802770018577576 0.0511390008032322
f 2479/9189/2479 2478/9207/2478 2501/9206/2501
vt 0.3858224153518677 0.4181312620639801
vt 0.3990887403488159 0.4218853116035461
vt 0.3913484811782837 0.4289568662643433
f 2467/9208/2467 2486/9209/2486 2514/9210/2514
vt 0.4808472990989685 0.0472782254219055
f 2477/9203/2477 2442/9211/2442 2501/9204/2501
f 2483/9202/2483 2501/9204/2501 2478/9207/2478
vt 0.9225788116455078 0.1378333568572998
vt 0.9276679158210754 0.1340483725070953
f 2455/9212/2455 2541/9213/2541 2485/9150/2485
vt 0.3977141380310059 0.4244224727153778
vt 0.3982376456260681 0.4272249937057495
f 2486/9214/2486 2488/9215/2488 2514/9210/2514
vt 0.7361351847648621 0.4064073264598846
vt 0.7379466295242310 0.4114087224006653
f 2432/9216/2432 2504/9172/2504 2439/9217/2439
vt 0.7522588968276978 0.3583278954029083
f 2510/9168/2510 2481/9167/2481 2525/9218/2525
vt 0.6011445522308350 0.3297030627727509
vt 0.6073327064514160 0.3186348080635071
f 2476/9076/2476 2496/9219/2496 2457/9220/2457
vt 0.3965068757534027 0.3650380373001099
vt 0.4036423861980438 0.3627901077270508
vt 0.3971073329448700 0.3704880475997925
f 2493/9221/2493 2585/9222/2585 2467/9223/2467
vt 0.3891909718513489 0.4293882548809052
vt 0.3979622125625610 0.4309987127780914
vt 0.3974280059337616 0.4333389997482300
f 2514/9224/2514 2488/9225/2488 2491/9226/2491
vt 0.3966560065746307 0.4333699941635132
f 2514/9224/2514 2491/9226/2491 2499/9227/2499
vt 0.3989282250404358 0.4303267598152161
vt 0.3984000086784363 0.4318970143795013
f 2488/9225/2488 2486/9228/2486 2492/9229/2492
vt 0.3919528424739838 0.3839265704154968
vt 0.4049291014671326 0.3783586621284485
vt 0.4060913324356079 0.3908807337284088
f 2467/9230/2467 2585/9231/2585 2486/9232/2486
vt 0.3982200026512146 0.4328149855136871
vt 0.3979479968547821 0.4333040118217468
f 2488/9225/2488 2494/9233/2494 2491/9234/2491
vt 0.3988409936428070 0.4324209988117218
f 2488/9225/2488 2492/9235/2492 2494/9233/2494
f 2504/9172/2504 2422/9171/2422 2510/9168/2510
f 2494/9233/2494 2492/9235/2492 2491/9234/2491
vt 0.3984310030937195 0.4333119988441467
vt 0.3995235264301300 0.4352377653121948
f 2491/9234/2491 2494/9236/2494 2499/9237/2499
vt 0.1603836268186569 0.9515071511268616
vt 0.1621837615966797 0.9613006711006165
f 2452/9238/2452 2511/9239/2511 2468/9134/2468
vt 0.4017611443996429 0.4305929839611053
vt 0.3997659981250763 0.4324789941310883
f 2486/9240/2486 2499/9241/2499 2492/9235/2492
vt 0.3999425470829010 0.4341126978397369
f 2492/9235/2492 2499/9242/2499 2494/9236/2494
vt 0.3863459229469299 0.4397605359554291
vt 0.3863200843334198 0.4458879828453064
vt 0.3797654509544373 0.4422687888145447
f 2499/9243/2499 2523/9244/2523 2514/9245/2514
vt 0.3751956820487976 0.4366680383682251
vt 0.3721335828304291 0.4397287666797638
f 2429/9246/2429 2514/9245/2514 2482/9247/2482
vt 0.6338729858398438 0.9450759887695312
vt 0.6351819038391113 0.9484772086143494
f 2484/9046/2484 2495/9248/2495 2505/9249/2505
vt 0.1874258220195770 0.3292402327060699
vt 0.1843773424625397 0.3229882121086121
vt 0.1945402473211288 0.3308364748954773
f 2362/9250/2362 2493/9251/2493 2467/9252/2467
vt 0.6341080069541931 0.9446129798889160
f 2484/9046/2484 2506/9139/2506 2495/9253/2495
vt 0.6300550103187561 0.9467489719390869
f 2484/9046/2484 2505/9254/2505 2528/9152/2528
vt 0.6348450183868408 0.9461619853973389
f 2495/9253/2495 2506/9139/2506 2497/9255/2497
vt 0.6344100236892700 0.9454770088195801
f 2495/9253/2495 2497/9255/2497 2498/9256/2498
vt 0.3645322620868683 0.4419924020767212
vt 0.3714902997016907 0.4462707042694092
vt 0.3562014102935791 0.4494303762912750
f 2482/9257/2482 2514/9258/2514 2496/9259/2496
vt 0.9168315529823303 0.1463763117790222
vt 0.9218901395797729 0.1473144441843033
vt 0.9159712791442871 0.1515543460845947
f 2472/9260/2472 2485/9261/2485 2474/9262/2474
vt 0.1662074327468872 0.3262822628021240
vt 0.1785047352313995 0.3174984157085419
f 2493/9251/2493 2362/9263/2362 2520/9264/2520
vt 0.1819908767938614 0.3087864220142365
f 2493/9251/2493 2520/9264/2520 2536/9265/2536
vt 0.8043943643569946 0.0894313529133797
f 2490/9069/2490 2584/9266/2584 2573/9166/2573
vt 0.6339529752731323 0.9455729722976685
f 2495/9267/2495 2497/9255/2497 2505/9249/2505
vt 0.6005999445915222 0.3308457434177399
vt 0.6010937094688416 0.3143967092037201
f 2457/9220/2457 2496/9268/2496 2518/9269/2518
vt 0.8551782965660095 0.2326321750879288
vt 0.8533726930618286 0.2275309860706329
f 2487/9270/2487 2475/9120/2475 2543/9271/2543
vt 0.7494104504585266 0.3949697613716125
f 2504/9172/2504 2510/9168/2510 2507/9272/2507
vt 0.3612134754657745 0.4493435919284821
vt 0.3658066689968109 0.4477296173572540
vt 0.3650905489921570 0.4516369700431824
f 2496/9273/2496 2514/9274/2514 2518/9275/2518
vt 0.1601532101631165 0.3144555985927582
vt 0.1652516424655914 0.3097935616970062
f 2362/9180/2362 2588/9276/2588 2542/9277/2542
vt 0.8006814122200012 0.0585339181125164
vt 0.8106759190559387 0.0663537457585335
f 2471/9278/2471 2532/9279/2532 2490/9069/2490
vt 0.9283157587051392 0.1477292329072952
f 2485/9150/2485 2541/9213/2541 2622/9280/2622
vt 0.6352840065956116 0.9465529918670654
f 2506/9139/2506 2505/9249/2505 2497/9281/2497
vt 0.8049305081367493 0.0764542296528816
f 2490/9069/2490 2532/9282/2532 2584/9266/2584
vt 0.7488272786140442 0.4123975932598114
vt 0.7557824850082397 0.4102314412593842
f 2439/9283/2439 2504/9172/2504 2507/9284/2507
vt 0.7586682438850403 0.3659802079200745
vt 0.7608314752578735 0.3784956037998199
f 2525/9285/2525 2508/9286/2508 2510/9168/2510
vt 0.6078805327415466 0.3099212944507599
vt 0.5997636914253235 0.3043140172958374
f 2457/9287/2457 2518/9269/2518 2489/9288/2489
vt 0.7641367316246033 0.3443565368652344
vt 0.7709153890609741 0.3428272306919098
vt 0.7674643397331238 0.3539211452007294
f 2481/9289/2481 2501/9290/2501 2525/9291/2525
vt 0.6189574599266052 0.0218799542635679
vt 0.6219869256019592 0.0310816615819931
vt 0.6162379980087280 0.0289908722043037
f 2513/9292/2513 2424/9293/2424 2566/9294/2566
vt 0.1635138988494873 0.9508286714553833
vt 0.1639800071716309 0.9519829750061035
f 2511/9239/2511 2452/9295/2452 2512/9296/2512
vt 0.1645690053701401 0.9523490071296692
f 2512/9296/2512 2517/9297/2517 2511/9239/2511
vt 0.7526798248291016 0.3986362218856812
vt 0.7620009183883667 0.3932978808879852
f 2507/9298/2507 2510/9168/2510 2508/9299/2508
vt 0.9704931378364563 0.3021237850189209
vt 0.9688990116119385 0.3027299940586090
vt 0.9684598445892334 0.3019024431705475
f 2523/9300/2523 2515/9301/2515 2514/9302/2514
vt 0.9706194996833801 0.3059328794479370
f 2523/9300/2523 2526/9303/2526 2515/9301/2515
vt 0.1670382320880890 0.9522938728332520
f 2511/9239/2511 2517/9297/2517 2540/9304/2540
vt 0.9684479832649231 0.3026320040225983
f 2514/9302/2514 2515/9301/2515 2521/9305/2521
vt 0.1642580032348633 0.9519659876823425
vt 0.1588360965251923 0.9466380476951599
vt 0.1648550033569336 0.9519640207290649
f 2512/9306/2512 2452/9307/2452 2517/9308/2517
vt 0.1655679941177368 0.9521440267562866
f 2512/9306/2512 2517/9308/2517 2516/9309/2516
vt 0.9682599902153015 0.3027679920196533
f 2514/9302/2514 2521/9305/2521 2519/9310/2519
vt 0.9680579900741577 0.3028070032596588
vt 0.9665408730506897 0.3022100031375885
f 2514/9302/2514 2519/9311/2519 2518/9312/2518
vt 0.1714800000190735 0.3138859868049622
f 2362/9263/2362 2542/9277/2542 2520/9313/2520
vt 0.6290379762649536 0.4392938911914825
vt 0.6244854927062988 0.4371168911457062
f 2480/9314/2480 2468/9186/2468 2527/9315/2527
vt 0.9685969948768616 0.3027760088443756
f 2515/9301/2515 2521/9316/2521 2519/9310/2519
vt 0.9685940146446228 0.3029319941997528
f 2515/9301/2515 2526/9303/2526 2521/9317/2521
vt 0.9684050083160400 0.3028739988803864
f 2521/9317/2521 2526/9303/2526 2519/9318/2519
vt 0.1646697819232941 0.9493317008018494
f 2517/9308/2517 2452/9319/2452 2516/9309/2516
vt 0.9069125056266785 0.5862681865692139
vt 0.9123529195785522 0.5845675468444824
vt 0.9115579724311829 0.5876510143280029
f 2451/9320/2451 2438/9321/2438 2524/9322/2524
vt 0.9677784442901611 0.3029301464557648
f 2519/9311/2519 2526/9303/2526 2518/9323/2518
vt 0.1649740040302277 0.9525510072708130
f 2517/9324/2517 2516/9309/2516 2540/9304/2540
vt 0.7541919350624084 0.8695996403694153
vt 0.7513207197189331 0.8723700046539307
vt 0.7482709884643555 0.8738699555397034
f 2474/9325/2474 2612/9326/2612 2434/9327/2434
vt 0.1672681570053101 0.9554241299629211
f 2511/9239/2511 2540/9304/2540 2547/9328/2547
vt 0.7794933319091797 0.3462062776088715
f 2501/9290/2501 2442/9329/2442 2525/9291/2525
vt 0.1741401553153992 0.3123385906219482
vt 0.1741359978914261 0.3109869956970215
vt 0.1755621731281281 0.3094094991683960
f 2520/9330/2520 2531/9331/2531 2539/9332/2539
vt 0.1834199130535126 0.3079654574394226
f 2520/9330/2520 2539/9332/2539 2536/9333/2536
f 2516/9309/2516 2452/9319/2452 2540/9304/2540
vt 0.1679221987724304 0.9488537907600403
f 2540/9304/2540 2452/9307/2452 2582/9334/2582
vt 0.1648049652576447 0.9436269998550415
f 2452/9307/2452 2615/9335/2615 2582/9334/2582
vt 0.9117389917373657 0.5879639983177185
vt 0.9122020006179810 0.5888350009918213
f 2524/9336/2524 2438/9321/2438 2530/9337/2530
vt 0.9123349785804749 0.5894430279731750
f 2524/9336/2524 2530/9337/2530 2529/9338/2529
vt 0.9117839932441711 0.5889520049095154
f 2524/9336/2524 2530/9339/2530 2451/9320/2451
vt 0.8730769753456116 0.2313673794269562
vt 0.8670932650566101 0.2299041897058487
vt 0.8781025409698486 0.2261997759342194
f 2509/9340/2509 2430/9341/2430 2473/9342/2473
vt 0.9333435297012329 0.1142385154962540
vt 0.9367887973785400 0.1245524808764458
vt 0.9308106303215027 0.1259354054927826
f 2549/9343/2549 2568/9344/2568 2541/9345/2541
vt 0.4027050733566284 0.3532353937625885
vt 0.4084544181823730 0.3485582470893860
vt 0.4144612848758698 0.3628044426441193
f 2493/9346/2493 2536/9347/2536 2585/9348/2585
vt 0.9101703166961670 0.5928984284400940
f 2451/9320/2451 2530/9339/2530 2538/9349/2538
vt 0.7693648934364319 0.3997574150562286
vt 0.7629169821739197 0.4058847725391388
f 2508/9299/2508 2379/9350/2379 2507/9351/2507
vt 0.7884110212326050 0.3864496350288391
vt 0.7797986268997192 0.3998993337154388
vt 0.7724699974060059 0.3922944962978363
f 2442/9352/2442 2379/9353/2379 2508/9354/2508
vt 0.1643901318311691 0.3075354397296906
vt 0.1717939972877502 0.3094620108604431
f 2520/9330/2520 2542/9355/2542 2534/9356/2534
vt 0.1727920025587082 0.3095839917659760
f 2520/9330/2520 2534/9356/2534 2533/9357/2533
vt 0.6153199672698975 0.4539383649826050
vt 0.6142339110374451 0.4437446296215057
vt 0.6248021721839905 0.4444578289985657
f 2511/9358/2511 2565/9359/2565 2468/9360/2468
vt 0.1722969859838486 0.3106256127357483
vt 0.1738822311162949 0.3100420832633972
f 2520/9361/2520 2533/9357/2533 2531/9362/2531
vt 0.1708920001983643 0.3089820146560669
f 2533/9357/2533 2534/9356/2534 2535/9363/2535
vt 0.1718470007181168 0.3090009987354279
vt 0.1734527051448822 0.3090459704399109
f 2533/9357/2533 2534/9364/2534 2531/9365/2531
f 2542/9355/2542 2535/9363/2535 2534/9356/2534
f 2530/9337/2530 2438/9321/2438 2529/9338/2529
f 2530/9339/2530 2529/9338/2529 2538/9349/2538
vt 0.9483619332313538 0.3775777518749237
vt 0.9434725046157837 0.3856917321681976
vt 0.9338070154190063 0.3698392212390900
f 2503/9366/2503 2559/9367/2559 2549/9368/2549
vt 0.7677529454231262 0.3715880513191223
vt 0.7671359777450562 0.3755739927291870
vt 0.7668883204460144 0.3800036907196045
f 2525/9369/2525 2442/9370/2442 2508/9371/2508
vt 0.9196602106094360 0.5916112661361694
vt 0.9127269983291626 0.5894309878349304
f 2438/9321/2438 2500/9372/2500 2529/9373/2529
vt 0.1724916398525238 0.3063334822654724
f 2534/9364/2534 2535/9363/2535 2539/9374/2539
f 2534/9364/2534 2539/9374/2539 2531/9365/2531
f 2535/9363/2535 2542/9355/2542 2539/9374/2539
vt 0.6363469362258911 0.0304607022553682
vt 0.6341385245323181 0.0358532667160034
vt 0.6320284008979797 0.0327945947647095
f 2420/9375/2420 2550/9376/2550 2424/9377/2424
f 2529/9373/2529 2500/9372/2500 2538/9349/2538
vt 0.1680189967155457 0.9530789852142334
vt 0.1680180430412292 0.9535905122756958
f 2540/9304/2540 2544/9378/2544 2547/9379/2547
vt 0.9657777547836304 0.3022300899028778
vt 0.9681831002235413 0.3062712848186493
vt 0.9623001813888550 0.3056469857692719
f 2518/9380/2518 2526/9381/2526 2590/9382/2590
vt 0.4099919795989990 0.3776678144931793
vt 0.4201968312263489 0.3760182261466980
vt 0.4224569797515869 0.3888679742813110
f 2585/9383/2585 2586/9384/2586 2486/9385/2486
vt 0.4088591933250427 0.4456823170185089
vt 0.4121321141719818 0.4365156292915344
vt 0.4162180125713348 0.4449031651020050
f 2523/9386/2523 2499/9387/2499 2564/9388/2564
vt 0.6205838322639465 0.4414675235748291
f 2468/9360/2468 2565/9359/2565 2527/9389/2527
vt 0.6456334590911865 0.4104098677635193
vt 0.6416177749633789 0.4172065556049347
vt 0.6343876123428345 0.4050112664699554
f 2389/9390/2389 2378/9391/2378 2617/9392/2617
vt 0.6030640006065369 0.4635750055313110
vt 0.6014878749847412 0.4637610018253326
vt 0.6022350192070007 0.4630579948425293
f 2544/9393/2544 2540/9394/2540 2545/9395/2545
vt 0.6020579934120178 0.4623140096664429
f 2544/9393/2544 2545/9395/2545 2546/9396/2546
vt 0.6025869846343994 0.4626600146293640
vt 0.6040830016136169 0.4602164626121521
f 2544/9393/2544 2545/9397/2545 2547/9398/2547
vt 0.1491908133029938 0.0068023102357984
vt 0.1448805779218674 0.0094533590599895
vt 0.1447295844554901 0.0068101705983281
f 2548/9399/2548 2623/9400/2623 2552/9401/2552
vt 0.4140590429306030 0.4396770596504211
f 2499/9387/2499 2601/9402/2601 2564/9388/2564
vt 0.6003198027610779 0.4630423486232758
vt 0.6019449830055237 0.4632239937782288
f 2540/9394/2540 2582/9403/2582 2545/9404/2545
vt 0.4469023942947388 0.9417882561683655
vt 0.4433147609233856 0.9349063634872437
f 2473/9405/2473 2661/9406/2661 2522/9126/2522
vt 0.6088418364524841 0.4566676020622253
vt 0.6044480204582214 0.4603787660598755
vt 0.6031375527381897 0.4497901499271393
f 2511/9407/2511 2547/9408/2547 2614/9409/2614
vt 0.6473653316497803 0.9559107422828674
vt 0.6425673365592957 0.9563602209091187
f 2506/9139/2506 2537/9410/2537 2505/9411/2505
vt 0.6337153315544128 0.4156978428363800
f 2527/9161/2527 2650/9412/2650 2378/9391/2378
f 2545/9395/2545 2582/9403/2582 2546/9396/2546
f 2545/9397/2545 2546/9396/2546 2547/9408/2547
vt 0.8651183843612671 0.2307003885507584
vt 0.8692170381546021 0.2198029309511185
vt 0.8730441927909851 0.2255024611949921
f 2430/9413/2430 2543/9414/2543 2473/9415/2473
vt 0.2729223370552063 0.1741306334733963
vt 0.2744651734828949 0.1812595725059509
vt 0.2690097689628601 0.1814774125814438
f 2354/9416/2354 2502/9417/2502 2605/9418/2605
f 2547/9408/2547 2546/9396/2546 2582/9403/2582
vt 0.4163045883178711 0.3501419126987457
f 2536/9347/2536 2580/9419/2580 2585/9348/2585
vt 0.7561235427856445 0.1955274492502213
vt 0.7528566122055054 0.1971929371356964
vt 0.7520673274993896 0.1951275467872620
f 2552/9420/2552 2561/9421/2561 2548/9422/2548
vt 0.1750391125679016 0.3010281920433044
f 2539/9374/2539 2555/9423/2555 2536/9333/2536
vt 0.7545409798622131 0.1877376586198807
vt 0.7548298239707947 0.1848725378513336
vt 0.7655053734779358 0.1859507262706757
f 2552/9424/2552 2623/9425/2623 2553/9426/2553
vt 0.1557599008083344 0.3034345805644989
vt 0.1672340482473373 0.3000416755676270
f 2542/9277/2542 2588/9427/2588 2555/9428/2555
vt 0.1518130004405975 0.0054279998876154
vt 0.1521430164575577 0.0058333920314908
f 2548/9399/2548 2557/9429/2557 2562/9430/2562
vt 0.4175859987735748 0.4471350908279419
vt 0.4106149077415466 0.4502021074295044
f 2523/9386/2523 2564/9431/2564 2526/9432/2526
vt 0.1640188246965408 0.3073082566261292
f 2542/9433/2542 2555/9428/2555 2539/9374/2539
vt 0.7645689845085144 0.8536249995231628
vt 0.7646996378898621 0.8515361547470093
vt 0.7650880217552185 0.8534830212593079
f 2548/9434/2548 2561/9435/2561 2556/9436/2556
vt 0.7653070092201233 0.8540080189704895
f 2548/9434/2548 2556/9436/2556 2557/9437/2557
vt 0.7652549743652344 0.8530790209770203
f 2557/9437/2557 2556/9436/2556 2558/9438/2558
vt 0.7655079960823059 0.8533890247344971
vt 0.7717389464378357 0.8506591916084290
f 2557/9437/2557 2556/9439/2556 2562/9440/2562
vt 0.6872533559799194 0.9399848580360413
vt 0.6854149103164673 0.9359610676765442
vt 0.6985272765159607 0.9385060667991638
f 2623/9441/2623 2548/9442/2548 2618/9443/2618
vt 0.9852913022041321 0.9756881594657898
vt 0.9961395859718323 0.9779061675071716
vt 0.9926962852478027 0.9796901941299438
f 2502/9444/2502 2211/9445/2211 2567/9446/2567
vt 0.6476929783821106 0.4023308753967285
vt 0.6428928971290588 0.3981094658374786
vt 0.6466890573501587 0.3895230293273926
f 2389/9447/2389 2617/9448/2617 2615/9449/2615
f 2556/9436/2556 2561/9435/2561 2558/9438/2558
vt 0.5791950821876526 0.3015689551830292
vt 0.5748479962348938 0.3109779357910156
vt 0.5684534907341003 0.3119845390319824
f 2489/9450/2489 2518/9451/2518 2590/9452/2590
vt 0.8175435066223145 0.0782434493303299
f 2532/9282/2532 2621/9453/2621 2584/9266/2584
vt 0.9364125132560730 0.1327665895223618
vt 0.9355232119560242 0.1452966630458832
f 2541/9213/2541 2568/9454/2568 2622/9455/2622
vt 0.7717202305793762 0.8506622314453125
f 2556/9439/2556 2558/9438/2558 2562/9456/2562
f 2558/9438/2558 2561/9435/2561 2562/9456/2562
vt 0.6009669303894043 0.4602198004722595
f 2547/9408/2547 2582/9457/2582 2614/9409/2614
vt 0.4528387784957886 0.9332492351531982
f 2522/9126/2522 2661/9406/2661 2551/9458/2551
vt 0.0346839204430580 0.1217272579669952
vt 0.0367674045264721 0.1167096197605133
vt 0.0395196191966534 0.1193944886326790
f 2413/9459/2413 2573/9460/2573 2627/9461/2627
vt 0.4199009537696838 0.4355731308460236
vt 0.4146160781383514 0.4310390651226044
vt 0.4274325072765350 0.4317827522754669
f 2601/9462/2601 2499/9463/2499 2486/9464/2486
vt 0.6838076710700989 0.9303177595138550
vt 0.6851475238800049 0.9261035323143005
vt 0.6891877055168152 0.9324389100074768
f 2548/9465/2548 2562/9466/2562 2618/9467/2618
vt 0.6036790609359741 0.4498945474624634
vt 0.6112738251686096 0.4497344195842743
f 2511/9358/2511 2614/9468/2614 2565/9469/2565
vt 0.6509750485420227 0.8824657201766968
vt 0.6493880748748779 0.8626850843429565
vt 0.6539779901504517 0.8736270070075989
f 2449/9470/2449 2554/9471/2554 2569/9472/2569
vt 0.6553890109062195 0.8731589913368225
f 2554/9471/2554 2570/9473/2570 2569/9472/2569
vt 0.6382743716239929 0.9057449698448181
vt 0.6487041115760803 0.9141542911529541
vt 0.6304674148559570 0.9102188348770142
f 2449/9474/2449 2621/9475/2621 2532/9476/2532
vt 0.4179089963436127 0.4487409889698029
vt 0.4162138104438782 0.4513177275657654
f 2564/9431/2564 2571/9477/2571 2526/9478/2526
vt 0.6308550238609314 0.4111077785491943
f 2378/9391/2378 2650/9479/2650 2617/9392/2617
vt 0.6547840237617493 0.8736900091171265
f 2569/9472/2569 2570/9473/2570 2572/9480/2572
vt 0.6543440222740173 0.8741019964218140
vt 0.6622002720832825 0.8800212740898132
f 2449/9470/2449 2569/9481/2569 2576/9482/2576
vt 0.8477987647056580 0.2239943444728851
vt 0.8347738385200500 0.2264111787080765
vt 0.8372828364372253 0.2199456542730331
f 2475/9483/2475 2597/9484/2597 2624/9485/2624
vt 0.6555759906768799 0.8736739754676819
f 2569/9481/2569 2570/9486/2570 2576/9482/2576
vt 0.2726264595985413 0.1696520745754242
vt 0.2669428586959839 0.1705719381570816
vt 0.2648164331912994 0.1628710776567459
f 2354/9487/2354 2605/9488/2605 2560/9489/2560
vt 0.4187299907207489 0.4483279883861542
vt 0.4182409942150116 0.4488309919834137
f 2564/9431/2564 2574/9490/2574 2571/9491/2571
vt 0.7651980519294739 0.1589311063289642
vt 0.7723904848098755 0.1557812690734863
vt 0.7697856426239014 0.1587726771831512
f 2474/9492/2474 2485/9493/2485 2622/9494/2622
vt 0.1822080165147781 0.2979722023010254
vt 0.1839260458946228 0.2977760732173920
f 2536/9333/2536 2577/9495/2577 2580/9496/2580
vt 0.4194259941577911 0.4482249915599823
f 2571/9491/2571 2574/9490/2574 2575/9497/2575
vt 0.4188629984855652 0.4487070143222809
f 2571/9491/2571 2574/9498/2574 2526/9478/2526
vt 0.6675342917442322 0.8701987862586975
f 2554/9471/2554 2731/9499/2731 2570/9473/2570
f 2574/9490/2574 2564/9431/2564 2575/9497/2575
vt 0.1999489963054657 0.2001300007104874
vt 0.2000849992036819 0.2006829977035522
vt 0.1983713358640671 0.2003644704818726
f 2574/9500/2574 2575/9501/2575 2526/9502/2526
vt 0.7615073323249817 0.8467636704444885
vt 0.7660709619522095 0.8466779589653015
vt 0.7655254006385803 0.8492215871810913
f 2552/9503/2552 2593/9504/2593 2561/9505/2561
vt 0.6550666093826294 0.8466249704360962
vt 0.6680614352226257 0.8558865785598755
f 2413/9506/2413 2731/9507/2731 2554/9471/2554
vt 0.9149444103240967 0.6016172170639038
f 2500/9372/2500 2629/9508/2629 2538/9349/2538
vt 0.6570257544517517 0.8732009530067444
f 2570/9473/2570 2731/9509/2731 2576/9482/2576
vt 0.1762690544128418 0.3008111119270325
vt 0.1812530010938644 0.2978700101375580
f 2536/9333/2536 2555/9510/2555 2577/9511/2577
vt 0.7664455175399780 0.8443660736083984
f 2562/9440/2562 2561/9505/2561 2593/9512/2593
vt 0.2001584321260452 0.2044249325990677
vt 0.1950407624244690 0.2067607939243317
f 2575/9501/2575 2564/9513/2564 2592/9514/2592
f 2575/9501/2575 2592/9514/2592 2526/9502/2526
vt 0.9349863529205322 0.3944797515869141
vt 0.9216163158416748 0.3870299160480499
f 2549/9368/2549 2559/9515/2559 2568/9516/2568
vt 0.9341205954551697 0.5958883762359619
vt 0.9327278733253479 0.5874513983726501
f 2563/9092/2563 2673/9517/2673 2500/9518/2500
vt 0.7676774263381958 0.1996406614780426
vt 0.7699031829833984 0.1861209869384766
vt 0.7767181992530823 0.1935249418020248
f 2552/9519/2552 2553/9520/2553 2604/9521/2604
vt 0.1815609931945801 0.2970849871635437
vt 0.1820890009403229 0.2973879873752594
f 2577/9495/2577 2578/9522/2578 2579/9523/2579
vt 0.4283382594585419 0.3666231036186218
vt 0.4402494430541992 0.3674121499061584
vt 0.4377776086330414 0.3773088157176971
f 2585/9524/2585 2589/9525/2589 2586/9526/2586
vt 0.1754552274942398 0.2978575825691223
f 2577/9511/2577 2555/9527/2555 2578/9522/2578
vt 0.1829700022935867 0.2973940074443817
vt 0.1827549934387207 0.2968420088291168
f 2577/9528/2577 2579/9523/2579 2581/9529/2581
vt 0.1833100020885468 0.2968890070915222
f 2577/9528/2577 2581/9529/2581 2580/9530/2580
f 2579/9523/2579 2578/9522/2578 2581/9529/2581
vt 0.1833730041980743 0.2954068779945374
f 2580/9530/2580 2581/9529/2581 2583/9531/2583
vt 0.1815970838069916 0.2919979393482208
f 2555/9527/2555 2583/9532/2583 2578/9522/2578
vt 0.1820829957723618 0.2968040108680725
f 2581/9529/2581 2579/9533/2579 2583/9531/2583
f 2578/9522/2578 2583/9532/2583 2579/9533/2579
vt 0.1653618067502975 0.2973328232765198
vt 0.1658380031585693 0.2858629226684570
f 2588/9534/2588 2587/9535/2587 2555/9428/2555
vt 0.5997880101203918 0.4576249420642853
vt 0.5964470505714417 0.4540818929672241
f 2582/9536/2582 2615/9537/2615 2614/9409/2614
vt 0.7748043537139893 0.1990029513835907
vt 0.7832099199295044 0.1957995593547821
f 2552/9538/2552 2604/9521/2604 2619/9539/2619
vt 0.8793764114379883 0.2258980125188828
vt 0.8707742691040039 0.2126615941524506
vt 0.8823081254959106 0.2141835987567902
f 2473/9540/2473 2543/9541/2543 2661/9542/2661
vt 0.4355228841304779 0.3620173931121826
f 2580/9543/2580 2589/9525/2589 2585/9524/2585
vt 0.6263027191162109 0.4273388981819153
vt 0.6096808314323425 0.4386389553546906
vt 0.6169028878211975 0.4325825273990631
f 2527/9544/2527 2565/9545/2565 2708/9546/2708
vt 0.2599738240242004 0.1782757043838501
f 2605/9488/2605 2611/9547/2611 2560/9489/2560
vt 0.4401555061340332 0.3577974736690521
f 2580/9543/2580 2596/9548/2596 2589/9525/2589
vt 0.4281227290630341 0.4299026727676392
vt 0.4325516819953918 0.4324584305286407
vt 0.4324852228164673 0.4380165040493011
f 2486/9549/2486 2586/9550/2586 2601/9551/2601
vt 0.1604045182466507 0.2507082521915436
vt 0.1697392016649246 0.2398625910282135
vt 0.1684463173151016 0.2597862482070923
f 2590/9552/2590 2601/9553/2601 2591/9554/2591
vt 0.1634588837623596 0.2586483359336853
vt 0.1550771147012711 0.2585398852825165
f 2590/9552/2590 2591/9555/2591 2587/9556/2587
vt 0.5789812207221985 0.2842914760112762
vt 0.5676067471504211 0.2898371517658234
vt 0.5687527060508728 0.2805283665657043
f 2489/9557/2489 2590/9558/2590 2587/9559/2587
vt 0.1964129954576492 0.2124121636152267
f 2564/9513/2564 2601/9560/2601 2592/9514/2592
vt 0.1722280085086823 0.2938153743743896
vt 0.1747822612524033 0.2891466319561005
f 2555/9561/2555 2587/9535/2587 2583/9562/2583
vt 0.1759446263313293 0.2503716349601746
vt 0.1786866933107376 0.2447149008512497
f 2591/9563/2591 2601/9553/2601 2589/9564/2589
vt 0.9487186074256897 0.5925455093383789
vt 0.9466610550880432 0.6005634069442749
f 2566/9565/2566 2673/9566/2673 2563/9092/2563
vt 0.1859498471021652 0.2898499667644501
vt 0.1892723143100739 0.2838093340396881
vt 0.1926569193601608 0.2926715016365051
f 2583/9567/2583 2603/9568/2603 2580/9569/2580
vt 0.5804381966590881 0.2736762762069702
vt 0.5692646503448486 0.2625511586666107
vt 0.5779879093170166 0.2534471154212952
f 2489/9570/2489 2587/9571/2587 2588/9572/2588
vt 0.1782628148794174 0.2839017212390900
f 2587/9535/2587 2594/9573/2594 2583/9562/2583
vt 0.8191310167312622 0.0843800008296967
vt 0.8259634971618652 0.0834463015198708
f 2621/9574/2621 2607/9575/2607 2584/9266/2584
vt 0.1902140378952026 0.2886554598808289
vt 0.1894366592168808 0.2822532653808594
vt 0.1923381686210632 0.2865957617759705
f 2580/9576/2580 2603/9577/2603 2596/9578/2596
vt 0.4468476474285126 0.3638854920864105
f 2589/9525/2589 2596/9548/2596 2595/9579/2595
vt 0.1811952739953995 0.2907204329967499
f 2583/9580/2583 2594/9573/2594 2603/9568/2603
vt 0.1764178574085236 0.2036545276641846
vt 0.1799071431159973 0.2063396275043488
vt 0.1657762527465820 0.2067074477672577
f 2526/9581/2526 2592/9582/2592 2590/9583/2590
vt 0.1758579313755035 0.2768945991992950
vt 0.1607322692871094 0.2694513499736786
f 2591/9554/2591 2594/9584/2594 2587/9585/2587
vt 0.8120756745338440 0.0996960401535034
f 2584/9266/2584 2607/9575/2607 2573/9586/2573
vt 0.1777531504631042 0.2572090923786163
vt 0.1885893642902374 0.2583217024803162
vt 0.1826473474502563 0.2641839087009430
f 2591/9587/2591 2589/9588/2589 2594/9589/2594
vt 0.6870232224464417 0.9818693399429321
vt 0.6866495013237000 0.9731732606887817
vt 0.6939269304275513 0.9802225828170776
f 2550/9590/2550 2613/9591/2613 2424/9592/2424
vt 0.7741109728813171 0.2019656449556351
vt 0.7780391573905945 0.2093213051557541
vt 0.7645611166954041 0.2074512243270874
f 2552/9593/2552 2619/9594/2619 2593/9595/2593
vt 0.7763891220092773 0.1859281510114670
vt 0.7794751524925232 0.1794965565204620
f 2604/9596/2604 2553/9426/2553 2602/9597/2602
vt 0.6584228873252869 0.9798976182937622
vt 0.6485531330108643 0.9762701392173767
vt 0.6539716720581055 0.9707435369491577
f 2550/9598/2550 2538/9599/2538 2636/9600/2636
vt 0.4567581415176392 0.4063985049724579
vt 0.4508893787860870 0.4107024371623993
vt 0.4547647237777710 0.3899544477462769
f 2601/9601/2601 2586/9602/2586 2589/9603/2589
vt 0.1697605997323990 0.2279869318008423
vt 0.1681605428457260 0.2079037427902222
vt 0.1798325628042221 0.2156447470188141
f 2601/9604/2601 2590/9605/2590 2592/9606/2592
vt 0.1848720908164978 0.2694862186908722
vt 0.1936299651861191 0.2643614113330841
vt 0.1922477334737778 0.2738671302795410
f 2594/9607/2594 2589/9608/2589 2595/9609/2595
vt 0.9235150218009949 0.6046676039695740
vt 0.9182533025741577 0.5990244150161743
f 2500/9372/2500 2673/9610/2673 2629/9611/2629
vt 0.4403922855854034 0.3567346334457397
vt 0.4459890127182007 0.3590269982814789
vt 0.4462769925594330 0.3596450090408325
f 2596/9612/2596 2598/9613/2598 2600/9614/2600
vt 0.4460226297378540 0.3570320606231689
f 2596/9548/2596 2603/9615/2603 2598/9613/2598
vt 0.4465900063514709 0.3603039979934692
f 2596/9548/2596 2600/9614/2600 2599/9616/2599
vt 0.4469769895076752 0.3608730137348175
f 2596/9548/2596 2599/9617/2599 2595/9579/2595
vt 0.7518476843833923 0.1757109761238098
vt 0.7587616443634033 0.1770761758089066
f 2553/9426/2553 2623/9618/2623 2612/9619/2612
vt 0.2302317619323730 0.9585712552070618
vt 0.2186715751886368 0.9636884927749634
vt 0.2177526950836182 0.9496993422508240
f 2434/9620/2434 2612/9621/2612 2559/9622/2559
vt 0.4467149972915649 0.3590449988842010
f 2600/9614/2600 2598/9623/2598 2599/9616/2599
vt 0.4478600025177002 0.3610369861125946
f 2595/9579/2595 2599/9617/2599 2603/9624/2603
vt 0.4477750062942505 0.3604840040206909
f 2599/9617/2599 2600/9625/2600 2603/9624/2603
vt 0.4470759928226471 0.3601379990577698
vt 0.4477050006389618 0.3597080111503601
f 2600/9626/2600 2598/9623/2598 2603/9627/2603
vt 0.1852293014526367 0.2745168209075928
vt 0.1860051006078720 0.2807382643222809
f 2594/9628/2594 2595/9609/2595 2603/9629/2603
vt 0.0926263555884361 0.6772137880325317
vt 0.0985726937651634 0.6861929893493652
vt 0.0873828604817390 0.6835128068923950
f 2567/9630/2567 2528/9631/2528 2756/9632/2756
vt 0.4498978257179260 0.9328261613845825
vt 0.4470799863338470 0.9226585626602173
f 2551/9633/2551 2661/9406/2661 2597/9634/2597
vt 0.6596113443374634 0.8841569423675537
vt 0.6651192307472229 0.8903516530990601
f 2576/9635/2576 2644/9636/2644 2449/9470/2449
vt 0.7110970616340637 0.9443280696868896
vt 0.7297250628471375 0.9510597586631775
vt 0.7216808199882507 0.9546988606452942
f 2618/9637/2618 2686/9638/2686 2623/9639/2623
vt 0.2629321515560150 0.1892079561948776
vt 0.2616789937019348 0.1877810060977936
vt 0.2616643011569977 0.1863614916801453
f 2605/9640/2605 2606/9641/2606 2611/9642/2611
vt 0.6509829163551331 0.8974559307098389
vt 0.6657124161720276 0.9022509455680847
f 2621/9643/2621 2449/9470/2449 2644/9644/2644
vt 0.6940740942955017 0.9673558473587036
f 2424/9592/2424 2613/9591/2613 2566/9645/2566
vt 0.0972668081521988 0.7006214261054993
vt 0.1000297963619232 0.7099791169166565
vt 0.0902911946177483 0.7008147835731506
f 2505/9646/2505 2537/9647/2537 2671/9648/2671
vt 0.2286460399627686 0.9453636407852173
f 2434/9620/2434 2559/9622/2559 2503/9649/2503
vt 0.7748336791992188 0.8368750810623169
vt 0.7785471677780151 0.8482024073600769
f 2562/9440/2562 2593/9650/2593 2618/9651/2618
vt 0.8610357046127319 0.2179045379161835
vt 0.8627772331237793 0.2052582204341888
vt 0.8692572116851807 0.2114688903093338
f 2475/9652/2475 2628/9653/2628 2543/9654/2543
vt 0.6643002629280090 0.8359833359718323
vt 0.6696451902389526 0.8424903154373169
f 2731/9507/2731 2413/9655/2413 2625/9656/2625
vt 0.7807533144950867 0.1858475506305695
vt 0.7858380675315857 0.1867377161979675
f 2604/9657/2604 2610/9658/2610 2619/9539/2619
vt 0.8262732028961182 0.0978514179587364
vt 0.8175759315490723 0.0998597741127014
f 2607/9575/2607 2641/9659/2641 2573/9660/2573
vt 0.8146714568138123 0.1098407730460167
vt 0.8087680935859680 0.0999012291431427
vt 0.8221772313117981 0.1051449626684189
f 2627/9661/2627 2573/9662/2573 2641/9663/2641
vt 0.2607400119304657 0.1878840029239655
f 2606/9641/2606 2605/9640/2605 2608/9664/2608
vt 0.6259648799896240 0.4093208312988281
vt 0.6240905523300171 0.4011851251125336
f 2650/9665/2650 2687/9666/2687 2617/9392/2617
vt 0.2613689899444580 0.1873700022697449
vt 0.2603600025177002 0.1874700039625168
f 2611/9547/2611 2606/9667/2606 2608/9668/2608
vt 0.2596600055694580 0.1880110055208206
f 2606/9667/2606 2608/9664/2608 2609/9669/2609
vt 0.7699506878852844 0.1737806499004364
vt 0.7699850797653198 0.1781038641929626
f 2553/9426/2553 2612/9670/2612 2602/9671/2602
f 2608/9664/2608 2605/9640/2605 2609/9669/2609
f 2608/9668/2608 2609/9669/2609 2611/9547/2611
vt 0.2540750801563263 0.1878599822521210
f 2609/9669/2609 2605/9640/2605 2616/9672/2616
f 2609/9669/2609 2616/9672/2616 2611/9547/2611
vt 0.2585407495498657 0.1906399428844452
f 2605/9640/2605 2502/9673/2502 2616/9672/2616
vt 0.6259268522262573 0.4124634563922882
vt 0.6160062551498413 0.4163154661655426
vt 0.6232078075408936 0.4097911417484283
f 2527/9674/2527 2708/9675/2708 2650/9676/2650
vt 0.0953941121697426 0.6947692036628723
vt 0.0880294740200043 0.6908401250839233
f 2505/9677/2505 2671/9648/2671 2528/9678/2528
vt 0.7824700474739075 0.8512129783630371
vt 0.7937665581703186 0.8426307439804077
f 2618/9679/2618 2593/9650/2593 2639/9680/2639
vt 0.0784956142306328 0.6742844581604004
f 2567/9630/2567 2756/9632/2756 2635/9681/2635
vt 0.7650223970413208 0.1646047085523605
vt 0.7745462656021118 0.1665958464145660
vt 0.7669218778610229 0.1679883301258087
f 2474/9682/2474 2622/9683/2622 2612/9684/2612
vt 0.6459664106369019 0.9682170748710632
f 2538/9599/2538 2629/9685/2629 2636/9600/2636
vt 0.2454254776239395 0.1773834824562073
vt 0.2526226043701172 0.1678250283002853
f 2611/9547/2611 2643/9686/2643 2560/9687/2560
vt 0.9458921551704407 0.3198106586933136
vt 0.9449043273925781 0.3306239247322083
vt 0.9374658465385437 0.3274551928043365
f 2567/9688/2567 2616/9689/2616 2502/9690/2502
vt 0.2536200284957886 0.1802269667387009
vt 0.2345444709062576 0.1764568388462067
f 2611/9547/2611 2616/9691/2616 2643/9692/2643
vt 0.8338508009910583 0.0845468193292618
vt 0.8334836363792419 0.0920445695519447
f 2607/9575/2607 2621/9693/2621 2641/9694/2641
vt 0.5939075350761414 0.4467047452926636
vt 0.5942010879516602 0.4425373375415802
vt 0.5993968844413757 0.4372039437294006
f 2614/9695/2614 2646/9696/2646 2565/9697/2565
vt 0.7731829881668091 0.1730190068483353
f 2622/9683/2622 2602/9698/2602 2612/9670/2612
vt 0.2753395140171051 0.2703195512294769
vt 0.2839668095111847 0.2636096775531769
vt 0.2803864479064941 0.2792087197303772
f 2621/9699/2621 2644/9700/2644 2641/9701/2641
vt 0.6280410885810852 0.3951919972896576
vt 0.6227942705154419 0.3984292745590210
vt 0.6251888275146484 0.3909869790077209
f 2617/9702/2617 2687/9703/2687 2657/9704/2657
vt 0.6770275831222534 0.9747108221054077
vt 0.6717509627342224 0.9620294570922852
vt 0.6809468269348145 0.9652554392814636
f 2550/9705/2550 2636/9706/2636 2613/9707/2613
vt 0.7976901531219482 0.1654919236898422
vt 0.8114954829216003 0.1516198068857193
vt 0.8104948401451111 0.1642726510763168
f 2622/9708/2622 2568/9709/2568 2620/9710/2620
vt 0.0821344181895256 0.6868727207183838
vt 0.0757957845926285 0.6887632012367249
f 2756/9711/2756 2528/9678/2528 2654/9712/2654
vt 0.2402708381414413 0.1887742877006531
f 2643/9692/2643 2616/9672/2616 2688/9713/2688
vt 0.2415337264537811 0.1521565616130829
vt 0.2478846907615662 0.1630722135305405
vt 0.2343338280916214 0.1632724702358246
f 2537/9714/2537 2560/9715/2560 2674/9716/2674
f 2560/9715/2560 2643/9686/2643 2674/9716/2674
vt 0.2968034148216248 0.3204377293586731
vt 0.2920193970203400 0.3095221221446991
vt 0.3004935085773468 0.3114310801029205
f 2413/9717/2413 2627/9718/2627 2633/9719/2633
vt 0.4067841768264771 0.9218016266822815
vt 0.4070099294185638 0.9302562475204468
vt 0.3989436626434326 0.9215508103370667
f 2475/9720/2475 2624/9721/2624 2628/9722/2628
vt 0.0813634544610977 0.6943134665489197
vt 0.0777616798877716 0.6912640929222107
f 2671/9723/2671 2654/9724/2654 2528/9678/2528
vt 0.2105608433485031 0.9544717073440552
vt 0.2101638764142990 0.9490082263946533
f 2612/9725/2612 2631/9726/2631 2559/9622/2559
vt 0.8632375001907349 0.2044433951377869
vt 0.8751966953277588 0.2049915790557861
f 2543/9654/2543 2628/9727/2628 2661/9728/2661
vt 0.6376503705978394 0.3789176046848297
vt 0.6369190812110901 0.3910090923309326
vt 0.6330696344375610 0.3792880475521088
f 2615/9729/2615 2617/9730/2617 2697/9731/2697
vt 0.0933958739042282 0.7095339298248291
vt 0.0768137127161026 0.7087333202362061
vt 0.0840627253055573 0.7035686969757080
f 2537/9732/2537 2674/9733/2674 2671/9734/2671
vt 0.6319211721420288 0.3743134140968323
vt 0.6416070461273193 0.3708045780658722
f 2615/9729/2615 2697/9735/2697 2655/9736/2655
vt 0.3018410801887512 0.3251168429851532
vt 0.3059965372085571 0.3188916742801666
vt 0.3098053336143494 0.3261085450649261
f 2413/9737/2413 2633/9738/2633 2625/9739/2625
vt 0.6463672518730164 0.3684674203395844
vt 0.6416185498237610 0.3701580464839935
vt 0.6445745825767517 0.3647367954254150
f 2615/9740/2615 2655/9741/2655 2614/9742/2614
vt 0.6886383891105652 0.9650664329528809
vt 0.6903578042984009 0.9623172879219055
f 2613/9743/2613 2672/9744/2672 2566/9645/2566
vt 0.6297294497489929 0.3880437612533569
vt 0.6292122602462769 0.3777644932270050
f 2657/9745/2657 2697/9746/2697 2617/9730/2617
vt 0.9561600089073181 0.3206322789192200
vt 0.9508530497550964 0.3274592757225037
f 2567/9688/2567 2635/9747/2635 2616/9748/2616
vt 0.7441394329071045 0.9445393085479736
vt 0.7277469635009766 0.9335840344429016
vt 0.7421159744262695 0.9324467182159424
f 2686/9749/2686 2618/9750/2618 2630/9751/2630
vt 0.1922653615474701 0.9493808746337891
vt 0.1998768746852875 0.9537784457206726
vt 0.1937692761421204 0.9571678042411804
f 2626/9752/2626 2612/9753/2612 2623/9754/2623
vt 0.3987533450126648 0.1053606420755386
vt 0.4129064977169037 0.1093737557530403
vt 0.3985485434532166 0.1175313442945480
f 2644/9755/2644 2576/9756/2576 2714/9757/2714
vt 0.8017985224723816 0.1676485538482666
vt 0.8107583522796631 0.1675921380519867
vt 0.8094375729560852 0.1707835197448730
f 2622/9758/2622 2620/9759/2620 2602/9760/2602
vt 0.2001281827688217 0.9453012943267822
f 2626/9752/2626 2631/9761/2631 2612/9753/2612
vt 0.9871881008148193 0.9464595913887024
vt 0.9837386012077332 0.9300932288169861
vt 0.9858430027961731 0.9326050281524658
f 2568/9762/2568 2559/9763/2559 2620/9764/2620
vt 0.6441815495491028 0.3629298508167267
vt 0.6423530578613281 0.3627938032150269
vt 0.6417887210845947 0.3616974651813507
f 2614/9765/2614 2655/9766/2655 2632/9767/2632
vt 0.1827813833951950 0.9517375230789185
vt 0.1826569736003876 0.9415801167488098
f 2623/9768/2623 2686/9769/2686 2626/9752/2626
vt 0.5944145917892456 0.4315506517887115
vt 0.6012528538703918 0.4232476353645325
f 2565/9545/2565 2698/9770/2698 2708/9771/2708
vt 0.7940176129341125 0.8418679237365723
vt 0.7857427000999451 0.8351055383682251
vt 0.7919633984565735 0.8208653330802917
f 2639/9772/2639 2593/9773/2593 2660/9774/2660
vt 0.7426067590713501 0.9391162991523743
vt 0.7441543936729431 0.9351063966751099
f 2686/9775/2686 2630/9751/2630 2670/9776/2670
vt 0.2898797988891602 0.2979063391685486
vt 0.2873276472091675 0.2896580994129181
vt 0.2956469953060150 0.2929570078849792
f 2627/9777/2627 2641/9778/2641 2634/9779/2634
vt 0.3031385838985443 0.2929705381393433
f 2627/9777/2627 2634/9779/2634 2642/9780/2642
vt 0.2959429621696472 0.2873685359954834
f 2641/9778/2641 2640/9781/2640 2634/9779/2634
vt 0.8125399351119995 0.1871858239173889
vt 0.8053062558174133 0.1878749579191208
vt 0.8129400610923767 0.1815516352653503
f 2675/9782/2675 2604/9783/2604 2602/9784/2602
vt 0.5873610377311707 0.4452959597110748
vt 0.5909560322761536 0.4416634142398834
f 2614/9695/2614 2632/9785/2632 2646/9786/2646
vt 0.9601498246192932 0.3313093781471252
f 2616/9748/2616 2635/9747/2635 2688/9787/2688
vt 0.4079579114913940 0.9433224201202393
vt 0.3992513120174408 0.9492905735969543
vt 0.3932861089706421 0.9411951899528503
f 2597/9788/2597 2656/9789/2656 2624/9790/2624
vt 0.2970946729183197 0.3046395778656006
vt 0.3034740090370178 0.3041790127754211
vt 0.3076680600643158 0.3066391944885254
f 2627/9791/2627 2642/9792/2642 2633/9793/2633
vt 0.6931017041206360 0.9589946866035461
vt 0.7027831673622131 0.9605613350868225
f 2672/9794/2672 2673/9795/2673 2566/9645/2566
vt 0.4169516861438751 0.1203349828720093
vt 0.4215649962425232 0.1174779981374741
vt 0.4263091981410980 0.1160431355237961
f 2685/9796/2685 2576/9797/2576 2731/9798/2731
vt 0.2955780029296875 0.2920829951763153
f 2640/9781/2640 2638/9799/2638 2634/9779/2634
vt 0.7743014693260193 0.8318312168121338
vt 0.7820267081260681 0.8251278400421143
vt 0.7880533933639526 0.8263302445411682
f 2593/9800/2593 2619/9801/2619 2660/9802/2660
vt 0.2960749864578247 0.2923060059547424
f 2634/9779/2634 2638/9803/2638 2642/9780/2642
vt 0.2961969971656799 0.2914220094680786
f 2634/9779/2634 2637/9804/2637 2638/9803/2638
f 2640/9781/2640 2637/9804/2637 2638/9799/2638
vt 0.8986280560493469 0.4046595990657806
vt 0.9034245014190674 0.4068935513496399
vt 0.8926025032997131 0.4153564572334290
f 2618/9805/2618 2639/9806/2639 2712/9807/2712
vt 0.5920217037200928 0.4380778670310974
f 2565/9697/2565 2646/9808/2646 2698/9770/2698
f 2638/9803/2638 2637/9804/2637 2642/9780/2642
vt 0.4128966927528381 0.1179514899849892
f 2576/9756/2576 2685/9809/2685 2714/9757/2714
vt 0.8115521073341370 0.1908375322818756
vt 0.8175966739654541 0.1926404535770416
vt 0.8157263994216919 0.1919166594743729
f 2604/9810/2604 2675/9811/2675 2610/9812/2610
vt 0.7990292906761169 0.2135632932186127
vt 0.8082254528999329 0.2123974710702896
vt 0.8028123974800110 0.2149159312248230
f 2610/9813/2610 2668/9814/2668 2681/9815/2681
f 2637/9804/2637 2640/9781/2640 2642/9780/2642
vt 0.8902170062065125 0.6918550133705139
vt 0.8901169896125793 0.6921439766883850
vt 0.8893330693244934 0.6917271018028259
f 2632/9816/2632 2645/9817/2645 2646/9818/2646
vt 0.8906300067901611 0.6922600269317627
vt 0.8894994854927063 0.6936315298080444
f 2632/9819/2632 2655/9820/2655 2645/9817/2645
vt 0.8828994631767273 0.4049080610275269
vt 0.8864766955375671 0.4043258726596832
vt 0.8845710158348083 0.4048669934272766
f 2670/9821/2670 2630/9822/2630 2647/9823/2647
vt 0.8894420266151428 0.6924189925193787
f 2646/9818/2646 2645/9817/2645 2648/9824/2648
vt 0.8897359967231750 0.6926450133323669
f 2645/9817/2645 2655/9820/2655 2648/9825/2648
vt 0.8890569806098938 0.6931890249252319
f 2645/9817/2645 2648/9825/2648 2649/9826/2649
vt 0.2996787130832672 0.2708636820316315
f 2641/9778/2641 2644/9700/2644 2739/9827/2739
vt 0.6191428899765015 0.3751053810119629
f 2697/9746/2697 2657/9745/2657 2694/9828/2694
vt 0.8939505219459534 0.4036229252815247
vt 0.8866918087005615 0.4053989946842194
f 2618/9829/2618 2712/9807/2712 2630/9830/2630
vt 0.8849509954452515 0.4052860140800476
f 2630/9822/2630 2652/9831/2652 2647/9823/2647
f 2646/9818/2646 2648/9824/2648 2649/9826/2649
vt 0.8887559771537781 0.6933670043945312
vt 0.8876759409904480 0.6932550668716431
f 2646/9818/2646 2649/9832/2649 2698/9833/2698
vt 0.8850129842758179 0.4058769941329956
f 2647/9823/2647 2652/9831/2652 2653/9834/2653
vt 0.8845149874687195 0.4055559933185577
f 2647/9823/2647 2652/9835/2652 2670/9821/2670
vt 0.0644031241536140 0.6878310441970825
vt 0.0672686472535133 0.6780667304992676
f 2654/9712/2654 2669/9836/2669 2756/9837/2756
f 2648/9825/2648 2655/9820/2655 2649/9826/2649
vt 0.6812409162521362 0.9637075066566467
vt 0.6775709390640259 0.9528040289878845
f 2613/9838/2613 2636/9706/2636 2672/9839/2672
f 2652/9831/2652 2630/9822/2630 2653/9834/2653
vt 0.2959948778152466 0.2869464457035065
f 2641/9778/2641 2739/9827/2739 2640/9840/2640
vt 0.6986019015312195 0.9599730372428894
vt 0.6900945901870728 0.9583990573883057
vt 0.6984605193138123 0.9540248513221741
f 2673/9841/2673 2672/9842/2672 2719/9843/2719
f 2652/9835/2652 2653/9834/2653 2670/9821/2670
vt 0.8167102336883545 0.1686462610960007
vt 0.8186641335487366 0.1651075631380081
vt 0.8200942873954773 0.1744312644004822
f 2602/9844/2602 2620/9845/2620 2658/9846/2658
f 2653/9834/2653 2630/9822/2630 2712/9807/2712
f 2653/9834/2653 2712/9807/2712 2670/9821/2670
vt 0.7985275387763977 0.2204796820878983
vt 0.7981134653091431 0.2280059754848480
vt 0.7961365580558777 0.2285829335451126
f 2610/9847/2610 2681/9848/2681 2619/9849/2619
vt 0.8204250931739807 0.1850109249353409
f 2602/9784/2602 2658/9846/2658 2675/9850/2675
vt 0.0707763880491257 0.6975012421607971
vt 0.0705489963293076 0.6970930099487305
vt 0.0730153024196625 0.6922091245651245
f 2671/9851/2671 2659/9852/2659 2654/9853/2654
vt 0.6302040815353394 0.3670959770679474
vt 0.6355872750282288 0.3624613285064697
vt 0.6383436918258667 0.3632677495479584
f 2697/9854/2697 2698/9855/2698 2655/9856/2655
vt 0.8065028786659241 0.2007013112306595
vt 0.8198039531707764 0.1941183209419250
vt 0.8163505196571350 0.2033338993787766
f 2610/9857/2610 2675/9858/2675 2668/9859/2668
vt 0.8862847685813904 0.6938807368278503
f 2649/9832/2649 2655/9820/2655 2698/9860/2698
vt 0.6834208369255066 0.5262253284454346
vt 0.6670807600021362 0.5360080003738403
vt 0.6782613992691040 0.5228067040443420
f 2559/9861/2559 2691/9862/2691 2620/9863/2620
vt 0.0684590637683868 0.6961760520935059
f 2654/9853/2654 2659/9852/2659 2669/9864/2669
vt 0.8178884983062744 0.1645524352788925
vt 0.8266795277595520 0.1685735434293747
f 2658/9846/2658 2620/9865/2620 2725/9866/2725
vt 0.8206881880760193 0.1833613961935043
vt 0.8211690187454224 0.1842519938945770
f 2675/9850/2675 2658/9867/2658 2663/9868/2663
vt 0.0707298517227173 0.6980523467063904
vt 0.0701659992337227 0.6974509954452515
f 2671/9869/2671 2666/9870/2666 2659/9852/2659
vt 0.0700090005993843 0.6978669762611389
f 2671/9869/2671 2665/9871/2665 2666/9870/2666
vt 0.8218060135841370 0.1840839982032776
f 2663/9868/2663 2658/9846/2658 2664/9872/2664
vt 0.8214139938354492 0.1846150010824203
vt 0.8217009902000427 0.1850969940423965
f 2675/9850/2675 2663/9873/2663 2662/9874/2662
vt 0.3915995359420776 0.9400541186332703
vt 0.3857038021087646 0.9260621070861816
f 2628/9722/2628 2624/9875/2624 2651/9876/2651
vt 0.6210486292839050 0.5766416788101196
vt 0.6137385964393616 0.5734116435050964
vt 0.6146801710128784 0.5690959692001343
f 2686/9877/2686 2670/9878/2670 2751/9879/2751
f 2663/9873/2663 2664/9872/2664 2662/9874/2662
vt 0.0698010027408600 0.6971700191497803
f 2659/9852/2659 2666/9880/2666 2669/9864/2669
vt 0.0696310028433800 0.6977019906044006
f 2659/9852/2659 2665/9881/2665 2666/9880/2666
vt 0.8218330144882202 0.1847340017557144
vt 0.8246669173240662 0.1846205741167068
f 2662/9874/2662 2663/9882/2663 2667/9883/2667
vt 0.8213220834732056 0.1857137829065323
f 2662/9874/2662 2667/9883/2667 2675/9884/2675
f 2663/9882/2663 2664/9872/2664 2667/9883/2667
vt 0.8226106166839600 0.1837906092405319
f 2664/9872/2664 2658/9846/2658 2667/9885/2667
vt 0.6024123430252075 0.4116819202899933
vt 0.6011549830436707 0.4110549986362457
vt 0.6005679368972778 0.4062221944332123
f 2650/9886/2650 2708/9887/2708 2687/9888/2687
vt 0.7785727977752686 0.8186013698577881
vt 0.7782350182533264 0.8121762275695801
f 2619/9889/2619 2681/9890/2681 2660/9774/2660
f 2666/9880/2666 2665/9881/2665 2669/9864/2669
vt 0.3035711348056793 0.2930453419685364
f 2640/9840/2640 2739/9827/2739 2642/9891/2642
vt 0.0759018883109093 0.7017012238502502
vt 0.0696383565664291 0.7038604617118835
f 2671/9892/2671 2674/9733/2674 2702/9893/2702
vt 0.6373516321182251 0.8284334540367126
vt 0.6290886998176575 0.8316270112991333
vt 0.6310675144195557 0.8276270031929016
f 2731/9894/2731 2625/9895/2625 2754/9896/2754
vt 0.0704727694392204 0.6978559494018555
vt 0.0675225406885147 0.7008361816406250
f 2665/9881/2665 2671/9897/2671 2702/9898/2702
vt 0.0683500021696091 0.6975939869880676
f 2665/9881/2665 2702/9898/2702 2669/9899/2669
vt 0.3106147646903992 0.2951597273349762
f 2642/9891/2642 2762/9900/2762 2633/9793/2633
vt 0.6343947052955627 0.5706537365913391
vt 0.6308521628379822 0.5686661005020142
vt 0.6293579339981079 0.5660794973373413
f 2626/9901/2626 2686/9902/2686 2692/9903/2692
vt 0.9565522670745850 0.3153714537620544
vt 0.9697524309158325 0.3132343888282776
vt 0.9711766839027405 0.3211485743522644
f 2635/9904/2635 2756/9905/2756 2740/9906/2740
vt 0.6228102445602417 0.5645976066589355
vt 0.6231061220169067 0.5709355473518372
f 2751/9879/2751 2692/9907/2692 2686/9908/2686
vt 0.6790369749069214 0.5365464687347412
vt 0.6791263818740845 0.5463598370552063
f 2559/9909/2559 2631/9910/2631 2691/9862/2691
vt 0.9130525588989258 0.4340173304080963
vt 0.9034281969070435 0.4378057122230530
vt 0.9083184003829956 0.4213977456092834
f 2660/9911/2660 2773/9912/2773 2639/9913/2639
vt 0.6604656577110291 0.5520313382148743
vt 0.6555389165878296 0.5535213351249695
vt 0.6623333692550659 0.5402156710624695
f 2631/9914/2631 2626/9915/2626 2691/9916/2691
vt 0.7901544570922852 0.8007907271385193
f 2681/9890/2681 2765/9917/2765 2660/9774/2660
vt 0.3134221732616425 0.2725754380226135
f 2642/9891/2642 2739/9827/2739 2747/9918/2747
vt 0.9026426672935486 0.4299941658973694
f 2639/9913/2639 2773/9919/2773 2712/9807/2712
vt 0.3166323900222778 0.2934003472328186
vt 0.3241423964500427 0.2984913289546967
f 2633/9793/2633 2762/9920/2762 2677/9921/2677
vt 0.9601848125457764 0.3259607851505280
f 2635/9922/2635 2740/9906/2740 2688/9787/2688
vt 0.3151147961616516 0.3056000471115112
vt 0.3188739120960236 0.3143087327480316
f 2633/9923/2633 2677/9921/2677 2625/9924/2625
vt 0.6700524687767029 0.9557883739471436
vt 0.6643297076225281 0.9483196139335632
vt 0.6712781786918640 0.9487543106079102
f 2636/9925/2636 2701/9926/2701 2672/9927/2672
vt 0.8166429400444031 0.2061623185873032
vt 0.8197709918022156 0.2017080038785934
f 2668/9928/2668 2675/9858/2675 2676/9929/2676
vt 0.0654195994138718 0.6984992623329163
vt 0.0667050033807755 0.6976760029792786
f 2702/9898/2702 2752/9930/2752 2669/9931/2669
vt 0.8196480274200439 0.2022179961204529
vt 0.8190732002258301 0.2085562497377396
f 2668/9928/2668 2676/9932/2676 2681/9933/2681
vt 0.3082251846790314 0.2845227718353271
vt 0.3068088889122009 0.2883435785770416
f 2642/9891/2642 2747/9934/2747 2762/9935/2762
vt 0.6797738671302795 0.9484953284263611
vt 0.6926147937774658 0.9514995217323303
f 2672/9842/2672 2823/9936/2823 2719/9937/2719
vt 0.2532611489295959 0.3232064545154572
vt 0.2369977235794067 0.3133005499839783
vt 0.2457362860441208 0.3100233376026154
f 2673/9938/2673 2802/9939/2802 2629/9940/2629
vt 0.8212993144989014 0.1963828802108765
vt 0.8202530145645142 0.2016689926385880
f 2675/9941/2675 2678/9942/2678 2676/9929/2676
vt 0.2306008785963058 0.3458650410175323
vt 0.2168960869312286 0.3480280637741089
vt 0.2164431363344193 0.3379623293876648
f 2673/9943/2673 2719/9944/2719 2689/9945/2689
vt 0.8209360241889954 0.2015759944915771
f 2675/9941/2675 2679/9946/2679 2678/9942/2678
vt 0.8201270103454590 0.2020689994096756
f 2678/9942/2678 2679/9946/2679 2676/9947/2676
vt 0.8205680251121521 0.2020210027694702
f 2676/9947/2676 2678/9948/2678 2681/9933/2681
vt 0.6140130162239075 0.3951032459735870
vt 0.6017342209815979 0.3943444788455963
vt 0.6132093071937561 0.3859848380088806
f 2687/9949/2687 2856/9950/2856 2657/9951/2657
vt 0.8209729790687561 0.1734950691461563
vt 0.8288890123367310 0.1798630058765411
vt 0.8262046575546265 0.1807859987020493
f 2658/9952/2658 2680/9953/2680 2667/9954/2667
vt 0.2324220091104507 0.1615096926689148
vt 0.2127440124750137 0.1695092171430588
f 2674/9955/2674 2643/9692/2643 2702/9956/2702
f 2678/9948/2678 2679/9946/2679 2681/9933/2681
vt 0.8295980095863342 0.1787350028753281
vt 0.8293550014495850 0.1791750043630600
f 2658/9952/2658 2682/9957/2682 2683/9958/2683
f 2680/9953/2680 2658/9952/2658 2683/9958/2683
vt 0.8297420144081116 0.1791139990091324
f 2680/9953/2680 2683/9958/2683 2682/9959/2682
vt 0.8330364823341370 0.1805706322193146
f 2680/9953/2680 2684/9960/2684 2667/9954/2667
vt 0.8296710252761841 0.1795739978551865
f 2680/9953/2680 2683/9961/2683 2684/9960/2684
f 2679/9946/2679 2675/9941/2675 2681/9933/2681
vt 0.6816589832305908 0.5176304578781128
vt 0.6734858751296997 0.5113707184791565
vt 0.6815597414970398 0.5079835653305054
f 2620/9962/2620 2690/9963/2690 2725/9964/2725
vt 0.8821688294410706 0.4189085662364960
vt 0.8755433559417725 0.4211337864398956
vt 0.8775902390480042 0.4127758145332336
f 2712/9965/2712 2751/9966/2751 2670/9967/2670
vt 0.8306131362915039 0.1723262667655945
vt 0.8314973711967468 0.1771010607481003
f 2725/9968/2725 2684/9969/2684 2658/9952/2658
vt 0.8309020400047302 0.1795206964015961
f 2658/9952/2658 2684/9970/2684 2682/9957/2682
vt 0.8301550149917603 0.1798609942197800
f 2682/9959/2682 2684/9970/2684 2683/9971/2683
vt 0.4091768264770508 0.1318857222795486
vt 0.3968529105186462 0.1293666809797287
f 2714/9757/2714 2685/9972/2685 2717/9973/2717
vt 0.8289611935615540 0.1983813941478729
f 2675/9941/2675 2667/9974/2667 2681/9933/2681
f 2620/9863/2620 2691/9862/2691 2690/9963/2690
vt 0.2175798714160919 0.1836541742086411
vt 0.2192683517932892 0.1772513836622238
f 2643/9692/2643 2688/9975/2688 2702/9976/2702
vt 0.2298710346221924 0.3371928036212921
vt 0.2182858437299728 0.3275372982025146
vt 0.2383367270231247 0.3279247879981995
f 2673/9977/2673 2825/9978/2825 2802/9979/2802
vt 0.2298274636268616 0.3373014330863953
f 2673/9980/2673 2689/9945/2689 2825/9978/2825
vt 0.8266600370407104 0.2078560292720795
f 2681/9933/2681 2667/9974/2667 2722/9981/2722
vt 0.6558619737625122 0.5419313907623291
vt 0.6501373052597046 0.5417823791503906
f 2626/9982/2626 2734/9983/2734 2691/9916/2691
vt 0.6250778436660767 0.3650240600109100
f 2697/9854/2697 2694/9828/2694 2764/9984/2764
vt 0.3817408382892609 0.9658293128013611
vt 0.3794206976890564 0.9567091464996338
vt 0.3933150172233582 0.9586336612701416
f 2661/9985/2661 2656/9986/2656 2597/9987/2597
vt 0.6492627263069153 0.5487153530120850
vt 0.6402765512466431 0.5497161149978638
vt 0.6407095193862915 0.5362662672996521
f 2734/9988/2734 2626/9989/2626 2737/9990/2737
vt 0.3760392367839813 0.9360983967781067
f 2651/9876/2651 2624/9875/2624 2693/9991/2693
vt 0.2705190479755402 0.2757081985473633
vt 0.2633714377880096 0.2893961071968079
vt 0.2632243633270264 0.2762082815170288
f 2701/9992/2701 2636/9993/2636 2700/9994/2700
vt 0.7982039451599121 0.8061334490776062
f 2660/9774/2660 2765/9917/2765 2773/9995/2773
vt 0.6652876734733582 0.5244467258453369
f 2691/9862/2691 2734/9996/2734 2690/9963/2690
vt 0.8876760601997375 0.4488406181335449
vt 0.8893586993217468 0.4260853528976440
f 2773/9912/2773 2763/9997/2763 2712/9998/2712
vt 0.6198273897171021 0.8324764966964722
vt 0.6085403561592102 0.8251738548278809
vt 0.6198334693908691 0.8245285749435425
f 2625/9999/2625 2677/10000/2677 2754/10001/2754
vt 0.4184886813163757 0.1305042505264282
vt 0.4178486764431000 0.1398216784000397
vt 0.4035596251487732 0.1415034830570221
f 2685/10002/2685 2731/10003/2731 2746/10004/2746
vt 0.3931063413619995 0.9422925114631653
vt 0.3842790126800537 0.9471939802169800
f 2624/10005/2624 2656/10006/2656 2693/9991/2693
vt 0.5952581167221069 0.4007902443408966
f 2687/9888/2687 2761/10007/2761 2856/9950/2856
vt 0.3747677803039551 0.9620653390884399
f 2661/9985/2661 2777/10008/2777 2656/9986/2656
vt 0.7808340191841125 0.7959871888160706
vt 0.7863480448722839 0.7906197309494019
f 2681/10009/2681 2722/10010/2722 2765/9917/2765
vt 0.6708811521530151 0.9422525167465210
f 2672/9927/2672 2699/10011/2699 2823/9936/2823
vt 0.4038531482219696 0.1338674128055573
f 2717/9973/2717 2685/10012/2685 2746/10004/2746
vt 0.9668385982513428 0.3317791223526001
vt 0.9705739617347717 0.3301293253898621
f 2688/10013/2688 2740/9906/2740 2736/10014/2736
vt 0.2589450478553772 0.2715387344360352
f 2701/9992/2701 2700/9994/2700 2695/10015/2695
vt 0.6019272804260254 0.3811342418193817
vt 0.6075761318206787 0.3829601407051086
f 2856/9950/2856 2764/10016/2764 2657/10017/2657
vt 0.6339271068572998 0.5418005585670471
vt 0.6390992403030396 0.5423723459243774
f 2626/9989/2626 2751/10018/2751 2737/10019/2737
vt 0.2537214457988739 0.2937447726726532
vt 0.2496809810400009 0.2911996245384216
f 2629/10020/2629 2700/10021/2700 2636/9993/2636
vt 0.5908470153808594 0.4054892659187317
vt 0.5891696810722351 0.3972515761852264
f 2687/9888/2687 2708/10022/2708 2761/10023/2761
vt 0.2118834257125854 0.1713972389698029
vt 0.2075251638889313 0.1809415817260742
f 2702/10024/2702 2688/9975/2688 2696/10025/2696
vt 0.0643983110785484 0.6874212026596069
vt 0.0565099418163300 0.6897373199462891
vt 0.0572189986705780 0.6885759830474854
f 2669/10026/2669 2752/10027/2752 2756/10028/2756
vt 0.2945624291896820 0.2560212016105652
vt 0.2972294688224792 0.2450322806835175
vt 0.3076145052909851 0.2520473599433899
f 2644/10029/2644 2714/10030/2714 2704/10031/2704
vt 0.3111603558063507 0.2605570256710052
f 2644/10029/2644 2704/10031/2704 2739/10032/2739
vt 0.7891789078712463 0.7681946158409119
vt 0.7940316200256348 0.7673445343971252
vt 0.7850735783576965 0.7727555036544800
f 2684/10033/2684 2725/10034/2725 2667/10035/2667
vt 0.6168474555015564 0.8029715418815613
vt 0.6179003119468689 0.8092788457870483
vt 0.6161011457443237 0.8135573267936707
f 2703/10036/2703 2754/10037/2754 2677/10038/2677
vt 0.2697432935237885 0.2564908862113953
vt 0.2680304646492004 0.2519229054450989
vt 0.2691651582717896 0.2540027797222137
f 2701/10039/2701 2699/10040/2699 2672/10041/2672
vt 0.3338997066020966 0.5557295083999634
vt 0.3324030041694641 0.5540649890899658
vt 0.3333060145378113 0.5536479949951172
f 2715/10042/2715 2705/10043/2705 2709/10044/2709
vt 0.3337381780147552 0.5526705384254456
vt 0.3327890038490295 0.5530679821968079
vt 0.3329069912433624 0.5524569749832153
f 2709/10045/2709 2706/10046/2706 2707/10047/2707
vt 0.3325723707675934 0.5514891147613525
f 2709/10045/2709 2707/10047/2707 2710/10048/2710
vt 0.3327499926090240 0.5535979866981506
vt 0.3323889970779419 0.5537530183792114
f 2709/10049/2709 2705/10050/2705 2706/10046/2706
f 2706/10046/2706 2705/10050/2705 2707/10047/2707
vt 0.3322780132293701 0.5527909994125366
f 2707/10047/2707 2706/10051/2706 2710/10048/2710
f 2715/10042/2715 2710/10048/2710 2705/10050/2705
vt 0.2687030732631683 0.2109471857547760
vt 0.2759881913661957 0.2203622609376907
vt 0.2711687982082367 0.2151237428188324
f 2689/10052/2689 2719/10053/2719 2823/10054/2823
f 2705/10050/2705 2710/10048/2710 2706/10051/2706
vt 0.3339692354202271 0.5585569143295288
vt 0.3439961969852448 0.5569533705711365
vt 0.3355464935302734 0.5671130418777466
f 2715/10055/2715 2754/10056/2754 2703/10057/2703
vt 0.3381041288375854 0.5515353679656982
f 2715/10055/2715 2709/10058/2709 2754/10056/2754
vt 0.6653952598571777 0.5089667439460754
vt 0.6624277234077454 0.5048449039459229
f 2690/9963/2690 2734/10059/2734 2713/10060/2713
vt 0.3279677927494049 0.5681340694427490
vt 0.3222391903400421 0.5613716244697571
vt 0.3269962072372437 0.5621615648269653
f 2703/10061/2703 2855/10062/2855 2715/10063/2715
vt 0.2668205797672272 0.2615105509757996
vt 0.2667999863624573 0.2547680139541626
f 2699/10040/2699 2701/10064/2701 2711/10065/2711
vt 0.6053937673568726 0.8083311915397644
vt 0.5991486907005310 0.8184244632720947
vt 0.5971142053604126 0.8068631291389465
f 2703/10066/2703 2677/10067/2677 2770/10068/2770
vt 0.2659629881381989 0.2550790011882782
f 2701/10064/2701 2716/10069/2716 2711/10065/2711
vt 0.3376550078392029 0.5460129976272583
vt 0.3439040482044220 0.5413168668746948
f 2710/10070/2710 2732/10071/2732 2709/10058/2709
vt 0.0551165640354156 0.6843445301055908
vt 0.0439347438514233 0.6832843422889709
vt 0.0563323870301247 0.6810466051101685
f 2752/10072/2752 2730/10073/2730 2756/10074/2756
vt 0.6225122809410095 0.5562621355056763
vt 0.6174691319465637 0.5423403978347778
vt 0.6264508366584778 0.5481559634208679
f 2692/10075/2692 2751/10076/2751 2626/10077/2626
vt 0.2654060125350952 0.2548159956932068
f 2711/10065/2711 2716/10069/2716 2720/10078/2720
vt 0.2658439874649048 0.2545830011367798
f 2711/10065/2711 2716/10079/2716 2699/10040/2699
vt 0.3072668910026550 0.2461823821067810
vt 0.3072020113468170 0.2430949956178665
vt 0.3111453354358673 0.2447781115770340
f 2714/10080/2714 2718/10081/2718 2704/10082/2704
vt 0.2480884939432144 0.3078753650188446
vt 0.2348392903804779 0.3047448396682739
vt 0.2449700981378555 0.2947550714015961
f 2629/10083/2629 2802/10084/2802 2700/10085/2700
vt 0.8706474304199219 0.6993785500526428
vt 0.8555046319961548 0.6980358362197876
vt 0.8622025251388550 0.6896303892135620
f 2698/10086/2698 2761/10087/2761 2708/10088/2708
vt 0.2654089927673340 0.2554169893264771
f 2701/10064/2701 2720/10089/2720 2716/10069/2716
vt 0.2608896493911743 0.2587647438049316
f 2701/10064/2701 2695/10090/2695 2720/10089/2720
vt 0.3026419579982758 0.2349721342325211
f 2714/10080/2714 2717/10091/2717 2718/10081/2718
vt 0.2702712416648865 0.2344795167446136
vt 0.2691159844398499 0.2463877499103546
vt 0.2562261521816254 0.2371687442064285
f 2823/10092/2823 2699/10093/2699 2695/10094/2695
vt 0.3076309859752655 0.2427300065755844
vt 0.3079229891300201 0.2425680011510849
f 2704/10082/2704 2718/10095/2718 2721/10096/2721
vt 0.2123782038688660 0.2006648629903793
vt 0.2066938132047653 0.1998332589864731
vt 0.2018561065196991 0.1945297718048096
f 2688/10097/2688 2836/10098/2836 2727/10099/2727
vt 0.2123355716466904 0.1859239637851715
vt 0.1941265910863876 0.1856749951839447
vt 0.2055131196975708 0.1860239058732986
f 2688/10100/2688 2727/10101/2727 2696/10102/2696
vt 0.2619793415069580 0.2528029084205627
f 2716/10079/2716 2720/10078/2720 2723/10103/2723
f 2716/10079/2716 2723/10103/2723 2699/10040/2699
vt 0.3074350059032440 0.2421559989452362
f 2717/10091/2717 2721/10104/2721 2718/10081/2718
vt 0.3288559019565582 0.5577419996261597
vt 0.3236254453659058 0.5484535694122314
vt 0.3300291001796722 0.5542236566543579
f 2715/10105/2715 2855/10106/2855 2710/10107/2710
vt 0.2651335000991821 0.2471293956041336
f 2699/10093/2699 2723/10108/2723 2695/10094/2695
vt 0.7912348508834839 0.7731976509094238
f 2725/10034/2725 2722/10109/2722 2667/10035/2667
vt 0.7931630015373230 0.7710859775543213
vt 0.7920283675193787 0.7721047401428223
f 2725/10034/2725 2724/10110/2724 2722/10111/2722
vt 0.9657376408576965 0.8214542269706726
vt 0.9719597101211548 0.8127701282501221
vt 0.9785092473030090 0.8209247589111328
f 2736/10112/2736 2836/10113/2836 2688/10114/2688
vt 0.3325171768665314 0.5406600832939148
vt 0.3284600675106049 0.5385099649429321
f 2710/10115/2710 2855/10106/2855 2732/10116/2732
vt 0.2647730112075806 0.2555499970912933
f 2720/10078/2720 2695/10117/2695 2723/10103/2723
vt 0.3079890012741089 0.2415139973163605
f 2718/10095/2718 2721/10104/2721 2726/10118/2726
f 2721/10104/2721 2717/10091/2717 2726/10118/2726
vt 0.3087190091609955 0.2418320029973984
f 2721/10096/2721 2726/10118/2726 2704/10119/2704
vt 0.3419679999351501 0.5522890090942383
f 2709/10120/2709 2732/10071/2732 2754/10056/2754
vt 0.7936180233955383 0.7710459828376770
f 2725/10034/2725 2728/10121/2728 2724/10110/2724
vt 0.4387023746967316 0.9651498198509216
vt 0.4468169510364532 0.9704608917236328
vt 0.4315334856510162 0.9769165515899658
f 2661/10122/2661 2628/10123/2628 2693/10124/2693
vt 0.7939119935035706 0.7713919878005981
f 2724/10110/2724 2728/10121/2728 2729/10125/2729
vt 0.7934479713439941 0.7713389992713928
f 2724/10110/2724 2728/10126/2728 2722/10111/2722
vt 0.8777845501899719 0.4437208771705627
vt 0.8781809210777283 0.4332877695560455
f 2763/9997/2763 2751/10127/2751 2712/10128/2712
f 2728/10121/2728 2725/10034/2725 2729/10125/2729
vt 0.0430440008640289 0.6936925053596497
vt 0.0405184626579285 0.6905224919319153
f 2730/10073/2730 2752/10129/2752 2733/10130/2733
vt 0.3074219226837158 0.2408575415611267
vt 0.3113743662834167 0.2397988289594650
f 2726/10118/2726 2717/10131/2717 2748/10132/2748
f 2726/10118/2726 2748/10132/2748 2704/10119/2704
f 2728/10126/2728 2729/10125/2729 2722/10111/2722
vt 0.3191433548927307 0.2537298202514648
f 2739/10032/2739 2762/10133/2762 2747/9918/2747
vt 0.0439702719449997 0.6959971785545349
vt 0.0409708172082901 0.6945892572402954
f 2733/10130/2733 2752/10134/2752 2749/10135/2749
vt 0.7943494319915771 0.7698878049850464
vt 0.7976472377777100 0.7739938497543335
f 2729/10125/2729 2725/10136/2725 2690/10137/2690
f 2729/10125/2729 2690/10137/2690 2722/10111/2722
vt 0.9735005497932434 0.7951031327247620
vt 0.9541695117950439 0.7994979619979858
vt 0.9624956250190735 0.7899085283279419
f 2836/10138/2836 2822/10139/2822 2727/10140/2727
vt 0.8375170826911926 0.1333392709493637
vt 0.8282063603401184 0.1338030248880386
vt 0.8250964283943176 0.1260035037994385
f 2749/10141/2749 2735/10142/2735 2848/10143/2848
vt 0.6446154117584229 0.5282870531082153
vt 0.6396899819374084 0.5365687012672424
vt 0.6348965764045715 0.5295336246490479
f 2734/10144/2734 2737/10145/2737 2774/10146/2774
vt 0.3626248240470886 0.5417354702949524
vt 0.3594779968261719 0.5391370058059692
vt 0.3591712713241577 0.5364012718200684
f 2731/10147/2731 2738/10148/2738 2746/10149/2746
vt 0.0470795482397079 0.6793555617332458
vt 0.0375133529305458 0.6734253168106079
vt 0.0468127727508545 0.6673140525817871
f 2730/10150/2730 2743/10151/2743 2756/10152/2756
vt 0.3598873317241669 0.5433319211006165
vt 0.3595879971981049 0.5395519733428955
f 2754/10153/2754 2738/10148/2738 2731/10154/2731
vt 0.6097404956817627 0.3748365640640259
vt 0.6059973239898682 0.3692988157272339
f 2694/9828/2694 2657/10155/2657 2764/10156/2764
vt 0.0379231721162796 0.6903789639472961
vt 0.0351343154907227 0.6955348253250122
vt 0.0333650000393391 0.6920199990272522
f 2733/10157/2733 2749/10158/2749 2741/10159/2741
vt 0.0334109999239445 0.6912490129470825
f 2733/10157/2733 2741/10159/2741 2750/10160/2750
vt 0.0331950001418591 0.6898369789123535
f 2733/10157/2733 2743/10161/2743 2730/10073/2730
vt 0.0334720015525818 0.6909379959106445
f 2733/10157/2733 2750/10160/2750 2742/10162/2742
vt 0.0331780016422272 0.6907780170440674
f 2733/10157/2733 2742/10163/2742 2743/10161/2743
vt 0.3575580120086670 0.5402659177780151
vt 0.3590070009231567 0.5387030243873596
f 2738/10148/2738 2754/10164/2754 2745/10165/2745
vt 0.3591429889202118 0.5384789705276489
f 2738/10148/2738 2745/10166/2745 2746/10149/2746
vt 0.3585619926452637 0.5381489992141724
f 2738/10148/2738 2744/10167/2744 2745/10166/2745
vt 0.8494921326637268 0.1498403847217560
vt 0.8390102386474609 0.1581772416830063
vt 0.8355036377906799 0.1536732316017151
f 2696/10168/2696 2727/10169/2727 2735/10170/2735
vt 0.8521915078163147 0.1318632215261459
vt 0.8556063771247864 0.1414302140474319
vt 0.8472512364387512 0.1416668146848679
f 2749/10171/2749 2702/10172/2702 2735/10173/2735
f 2735/10173/2735 2702/10172/2702 2696/10168/2696
vt 0.0291788950562477 0.6936487555503845
f 2749/10158/2749 2766/10174/2766 2741/10159/2741
f 2745/10165/2745 2754/10164/2754 2744/10167/2744
vt 0.0329650007188320 0.6912720203399658
f 2742/10163/2742 2741/10159/2741 2750/10175/2750
vt 0.0299409646540880 0.6889389753341675
f 2742/10163/2742 2750/10175/2750 2743/10176/2743
vt 0.3142406642436981 0.2514754235744476
f 2739/10032/2739 2704/10177/2704 2762/10133/2762
f 2745/10166/2745 2744/10167/2744 2746/10149/2746
f 2741/10159/2741 2766/10174/2766 2750/10175/2750
vt 0.8582912683486938 0.1412313878536224
f 2702/10172/2702 2749/10171/2749 2752/10178/2752
vt 0.4395241737365723 0.9787413477897644
f 2651/10179/2651 2693/10124/2693 2628/10123/2628
f 2750/10175/2750 2766/10174/2766 2743/10176/2743
vt 0.3569847941398621 0.5383756756782532
vt 0.3581539988517761 0.5382969975471497
f 2754/10164/2754 2755/10180/2755 2744/10181/2744
vt 0.3550655543804169 0.5364487767219543
f 2744/10181/2744 2755/10182/2755 2746/10149/2746
vt 0.0363162159919739 0.6660584807395935
f 2756/10152/2756 2743/10151/2743 2753/10183/2753
vt 0.2528809905052185 0.2729209959506989
vt 0.2405566573143005 0.2730566561222076
f 2695/10015/2695 2700/10184/2700 2802/10185/2802
vt 0.3442516624927521 0.5415155291557312
vt 0.3487893342971802 0.5323583483695984
vt 0.3534019887447357 0.5394799709320068
f 2732/10186/2732 2755/10187/2755 2754/10188/2754
vt 0.6243717074394226 0.5353018641471863
vt 0.6279490590095520 0.5307161808013916
f 2737/10145/2737 2751/10189/2751 2774/10190/2774
vt 0.4312009811401367 0.9531063437461853
vt 0.4305169880390167 0.9688338041305542
vt 0.4187620282173157 0.9646446108818054
f 2661/10191/2661 2693/10192/2693 2777/10193/2777
vt 0.0428961850702763 0.9942684173583984
vt 0.0379344001412392 0.9938833117485046
vt 0.0359980054199696 0.9897162914276123
f 2740/10194/2740 2756/10195/2756 2814/10196/2814
vt 0.8612475395202637 0.7024120092391968
f 2698/10086/2698 2860/10197/2860 2761/10087/2761
vt 0.0286552421748638 0.9930654764175415
vt 0.0281290002167225 0.9925799965858459
vt 0.0283550005406141 0.9922800064086914
f 2756/10198/2756 2759/10199/2759 2757/10200/2757
vt 0.0279380008578300 0.9927240014076233
f 2756/10198/2756 2758/10201/2758 2759/10199/2759
vt 0.0270017497241497 0.9930898547172546
f 2756/10198/2756 2753/10202/2753 2758/10201/2758
vt 0.7917019724845886 0.7816659808158875
vt 0.7940960526466370 0.7772486209869385
f 2765/10203/2765 2722/10204/2722 2690/10137/2690
f 2758/10201/2758 2757/10200/2757 2759/10199/2759
vt 0.0284800007939339 0.9921000003814697
vt 0.0280740577727556 0.9914268851280212
f 2756/10198/2756 2757/10205/2757 2760/10206/2760
vt 0.3034181296825409 0.2332784682512283
vt 0.3014933466911316 0.2296563237905502
vt 0.3116106390953064 0.2199846953153610
f 2717/10207/2717 2746/10208/2746 2776/10209/2776
vt 0.0279450006783009 0.9921020269393921
f 2757/10200/2757 2759/10210/2759 2760/10206/2760
vt 0.0274301003664732 0.9925764799118042
vt 0.0276929996907711 0.9922839999198914
f 2753/10211/2753 2760/10206/2760 2758/10212/2758
f 2758/10212/2758 2760/10206/2760 2759/10210/2759
vt 0.3726721107959747 0.9477882385253906
vt 0.3637302815914154 0.9396916627883911
f 2693/9991/2693 2656/10213/2656 2777/10214/2777
vt 0.0296455211937428 0.9920240640640259
vt 0.0295589994639158 0.9909489750862122
vt 0.0317891724407673 0.9897966384887695
f 2756/10215/2756 2760/10216/2760 2814/10217/2814
vt 0.0830298513174057 0.0724679976701736
vt 0.0672185420989990 0.0681510716676712
vt 0.0766238719224930 0.0635226443409920
f 2755/10218/2755 2776/10219/2776 2746/10220/2746
vt 0.5836017131805420 0.8395150303840637
vt 0.5789751410484314 0.8380389213562012
vt 0.5855779051780701 0.8299973607063293
f 2762/10221/2762 2795/10222/2795 2677/10223/2677
vt 0.3319931924343109 0.5346336960792542
vt 0.3251141309738159 0.5259261727333069
vt 0.3326853215694427 0.5286889076232910
f 2732/10224/2732 2803/10225/2803 2755/10226/2755
vt 0.6065832972526550 0.7866017222404480
vt 0.5912103652954102 0.7995432615280151
vt 0.5872140526771545 0.7835979461669922
f 2703/10227/2703 2770/10228/2770 2871/10229/2871
vt 0.5767945647239685 0.8357870578765869
vt 0.5697138309478760 0.8361482024192810
f 2677/10223/2677 2795/10230/2795 2769/10231/2769
vt 0.5793696641921997 0.8283650875091553
vt 0.5739466547966003 0.8250654339790344
f 2677/10232/2677 2769/10231/2769 2838/10233/2838
vt 0.5804365873336792 0.8272566199302673
vt 0.5714580416679382 0.8215433955192566
vt 0.5807155370712280 0.8162735104560852
f 2677/10234/2677 2838/10235/2838 2770/10236/2770
vt 0.3115304410457611 0.2388974726200104
vt 0.3211395144462585 0.2434086203575134
vt 0.3156823813915253 0.2407017052173615
f 2748/10237/2748 2786/10238/2786 2704/10239/2704
vt 0.3121074438095093 0.2331101745367050
f 2748/10237/2748 2717/10240/2717 2786/10238/2786
vt 0.3165282309055328 0.5331549048423767
vt 0.3244101107120514 0.5302319526672363
f 2732/10224/2732 2862/10241/2862 2803/10242/2803
vt 0.3199979960918427 0.2479200065135956
f 2704/10243/2704 2786/10238/2786 2762/10133/2762
vt 0.3206259608268738 0.5348665714263916
f 2732/10224/2732 2855/10106/2855 2862/10244/2862
vt 0.8815990686416626 0.4624787867069244
vt 0.8773409724235535 0.4563480019569397
f 2763/9997/2763 2782/10245/2782 2751/10246/2751
vt 0.8883107900619507 0.4649446904659271
f 2773/10247/2773 2782/10245/2782 2763/9997/2763
vt 0.6480160951614380 0.5160068869590759
vt 0.6374467015266418 0.5133733749389648
vt 0.6418744325637817 0.5121715068817139
f 2734/10248/2734 2772/10249/2772 2713/10250/2713
vt 0.0269051380455494 0.6881647706031799
vt 0.0278858225792646 0.6916785240173340
vt 0.0219101291149855 0.6908787488937378
f 2743/10251/2743 2766/10252/2766 2781/10253/2781
vt 0.5880326032638550 0.7818332910537720
vt 0.6041342616081238 0.7755743265151978
f 2703/10227/2703 2871/10254/2871 2855/10255/2855
vt 0.0258489362895489 0.9897187948226929
vt 0.0240124147385359 0.9892508983612061
vt 0.0282349437475204 0.9892982840538025
f 2753/10256/2753 2826/10257/2826 2760/10258/2760
vt 0.8581351041793823 0.1740380078554153
vt 0.8506483435630798 0.1784715950489044
vt 0.8419805765151978 0.1813023835420609
f 2727/10259/2727 2767/10260/2767 2735/10261/2735
vt 0.6405506134033203 0.5235564708709717
vt 0.6350880265235901 0.5206909775733948
vt 0.6356389522552490 0.5199701786041260
f 2734/10262/2734 2768/10263/2768 2772/10264/2772
vt 0.0518671423196793 0.9876272678375244
vt 0.0502758026123047 0.9914227128028870
vt 0.0468359291553497 0.9852119684219360
f 2736/10265/2736 2740/10266/2740 2814/10267/2814
vt 0.6351822018623352 0.5258484482765198
f 2734/10262/2734 2774/10268/2774 2768/10263/2768
vt 0.2680369913578033 0.2219239622354507
vt 0.2576189339160919 0.2169974297285080
f 2823/10269/2823 2788/10270/2788 2689/10052/2689
vt 0.6343470215797424 0.5205619931221008
f 2768/10263/2768 2774/10268/2774 2771/10271/2771
vt 0.6340929865837097 0.5200809836387634
f 2768/10263/2768 2771/10271/2771 2775/10272/2775
vt 0.6347650289535522 0.5202429890632629
f 2768/10263/2768 2771/10273/2771 2772/10264/2772
vt 0.6167708635330200 0.5208787322044373
vt 0.6230604648590088 0.5163239836692810
vt 0.6278429627418518 0.5187399983406067
f 2751/10274/2751 2782/10275/2782 2779/10276/2779
vt 0.6327783465385437 0.5216516852378845
vt 0.6297077536582947 0.5185462236404419
f 2774/10277/2774 2779/10278/2779 2771/10271/2771
vt 0.0274840351194143 0.6978833079338074
vt 0.0320808291435242 0.7025554776191711
vt 0.0231082942336798 0.7030920982360840
f 2766/10279/2766 2749/10280/2749 2829/10281/2829
vt 0.6349152922630310 0.5257300138473511
vt 0.6258330941200256 0.5266088247299194
f 2774/10282/2774 2751/10283/2751 2779/10276/2779
f 2771/10271/2771 2779/10278/2779 2775/10272/2775
vt 0.6344379782676697 0.5197690129280090
vt 0.6373398303985596 0.5163091421127319
f 2771/10273/2771 2775/10284/2775 2772/10285/2772
vt 0.9007219076156616 0.0782494619488716
vt 0.8983619213104248 0.0783047303557396
vt 0.8962745666503906 0.0749551132321358
f 2826/10286/2826 2753/10287/2753 2778/10288/2778
vt 0.2464559823274612 0.2617565095424652
vt 0.2487895637750626 0.2527612149715424
vt 0.2539838552474976 0.2584317922592163
f 2802/10289/2802 2823/10290/2823 2695/10291/2695
vt 0.6355141401290894 0.5184334516525269
f 2775/10272/2775 2779/10278/2779 2772/10292/2772
vt 0.0476323366165161 0.2063548415899277
vt 0.0562528483569622 0.2081522643566132
vt 0.0479996949434280 0.2112431526184082
f 2762/10293/2762 2780/10294/2780 2795/10295/2795
vt 0.8748269081115723 0.0782375857234001
vt 0.8711392879486084 0.0768408551812172
vt 0.8748027086257935 0.0732446983456612
f 2753/10296/2753 2743/10297/2743 2781/10298/2781
vt 0.0247299801558256 0.7095600366592407
f 2749/10280/2749 2848/10299/2848 2829/10281/2829
vt 0.5937303304672241 0.3832101523876190
vt 0.5863330364227295 0.3874156773090363
f 2856/10300/2856 2761/10023/2761 2890/10301/2890
vt 0.0496725812554359 0.9844396114349365
vt 0.0530513301491737 0.9836236834526062
f 2736/10265/2736 2814/10302/2814 2787/10303/2787
vt 0.8754779100418091 0.0791213735938072
vt 0.8797559142112732 0.0737316533923149
f 2753/10304/2753 2781/10298/2781 2778/10305/2778
vt 0.3281526565551758 0.2564180791378021
vt 0.3319521248340607 0.2496426999568939
vt 0.3415725529193878 0.2656455934047699
f 2762/10306/2762 2786/10307/2786 2780/10308/2780
vt 0.6336757540702820 0.5005305409431458
vt 0.6390828490257263 0.4902473092079163
vt 0.6401458978652954 0.5038214921951294
f 2773/10309/2773 2765/10310/2765 2713/10311/2713
vt 0.0785203054547310 0.0861881673336029
vt 0.0677446797490120 0.0905808284878731
vt 0.0696352720260620 0.0831423774361610
f 2755/10312/2755 2803/10313/2803 2776/10314/2776
vt 0.6322715282440186 0.5085623860359192
vt 0.6358544826507568 0.5002435445785522
f 2782/10315/2782 2773/10316/2773 2713/10311/2713
vt 0.8807656168937683 0.7139880657196045
vt 0.8803442716598511 0.7192409038543701
vt 0.8747607469558716 0.7160058617591858
f 2697/10317/2697 2764/10318/2764 2698/10319/2698
vt 0.0440414473414421 0.2288331836462021
vt 0.0507903546094894 0.2258623689413071
vt 0.0523022897541523 0.2362924516201019
f 2769/10320/2769 2795/10321/2795 2789/10322/2789
vt 0.6313660144805908 0.5135284662246704
f 2772/10285/2772 2779/10276/2779 2782/10323/2782
vt 0.3191614747047424 0.2321938425302505
vt 0.3240328431129456 0.2276017665863037
vt 0.3299475014209747 0.2310909479856491
f 2717/10324/2717 2776/10325/2776 2786/10326/2786
vt 0.6554542779922485 0.4930454194545746
vt 0.6481687426567078 0.5004910230636597
vt 0.6496208310127258 0.4949933290481567
f 2690/10327/2690 2713/10328/2713 2765/10329/2765
vt 0.6347600221633911 0.5103110074996948
f 2782/10323/2782 2784/10330/2784 2772/10249/2772
vt 0.6350052356719971 0.5084452629089355
vt 0.6360089778900146 0.5097339749336243
f 2784/10330/2784 2782/10331/2782 2783/10332/2783
vt 0.6355180144309998 0.5102199912071228
f 2784/10330/2784 2783/10332/2783 2785/10333/2785
vt 0.6357229948043823 0.5106210112571716
vt 0.6364200115203857 0.5099400281906128
f 2772/10249/2772 2784/10334/2784 2783/10335/2783
f 2772/10249/2772 2783/10335/2783 2713/10311/2713
vt 0.2571123242378235 0.2000119686126709
vt 0.2686381340026855 0.2103642225265503
vt 0.2548560202121735 0.2081997841596603
f 2825/10336/2825 2689/10337/2689 2809/10338/2809
vt 0.6365870237350464 0.5091779828071594
vt 0.6377408504486084 0.5092326402664185
f 2783/10332/2783 2782/10339/2782 2713/10340/2713
vt 0.9519257545471191 0.7866334915161133
f 2727/10140/2727 2822/10139/2822 2840/10341/2840
vt 0.9914591908454895 0.1350692808628082
vt 0.9878282546997070 0.1315113306045532
vt 0.9912984967231750 0.1280096173286438
f 2761/10342/2761 2874/10343/2874 2890/10344/2890
vt 0.3498249351978302 0.2540503740310669
vt 0.3379103243350983 0.2602182924747467
f 2786/10307/2786 2804/10345/2804 2780/10346/2780
vt 0.5686920881271362 0.8341965675354004
vt 0.5612769126892090 0.8397986888885498
vt 0.5560060739517212 0.8381162285804749
f 2769/10347/2769 2789/10348/2789 2818/10349/2818
vt 0.0568340942263603 0.9840750098228455
vt 0.0573769994080067 0.9829990267753601
vt 0.0582591518759727 0.9809120893478394
f 2787/10350/2787 2796/10351/2796 2797/10352/2797
vt 0.0591445863246918 0.9875376224517822
f 2787/10350/2787 2797/10352/2797 2736/10353/2736
vt 0.0537979416549206 0.2258516848087311
vt 0.0611559227108955 0.2305268943309784
f 2789/10322/2789 2795/10354/2795 2878/10355/2878
vt 0.0537919998168945 0.2357790023088455
vt 0.0538240000605583 0.2370389997959137
f 2789/10322/2789 2791/10356/2791 2793/10357/2793
vt 0.0539689995348454 0.2349070012569427
f 2789/10322/2789 2792/10358/2792 2791/10356/2791
vt 0.2555739879608154 0.2133309990167618
f 2689/10337/2689 2788/10270/2788 2790/10359/2790
vt 0.0558071583509445 0.2318241000175476
f 2789/10322/2789 2878/10360/2878 2792/10358/2792
vt 0.0544250011444092 0.2350579947233200
f 2791/10356/2791 2792/10361/2792 2793/10357/2793
vt 0.0538939982652664 0.2377150058746338
vt 0.0573900677263737 0.2379759401082993
f 2789/10322/2789 2793/10362/2793 2807/10363/2807
vt 0.0541100017726421 0.2364020049571991
vt 0.0547979213297367 0.2360406219959259
f 2791/10364/2791 2792/10361/2792 2807/10365/2807
vt 0.0568675026297569 0.2382069826126099
vt 0.0542129985988140 0.2374110072851181
f 2791/10364/2791 2807/10366/2807 2793/10367/2793
f 2792/10361/2792 2878/10360/2878 2807/10366/2807
vt 0.0558978207409382 0.9840876460075378
vt 0.0549458265304565 0.9814228415489197
vt 0.0564649999141693 0.9827129840850830
f 2787/10368/2787 2819/10369/2819 2794/10370/2794
vt 0.0506695061922073 0.9822165966033936
f 2787/10303/2787 2814/10267/2814 2811/10371/2811
f 2689/10337/2689 2790/10359/2790 2809/10338/2809
vt 0.0571358725428581 0.9836205840110779
vt 0.0568009987473488 0.9827430248260498
vt 0.0572739988565445 0.9827029705047607
f 2787/10372/2787 2798/10373/2798 2796/10374/2796
f 2787/10372/2787 2794/10370/2794 2798/10373/2798
vt 0.0566099993884563 0.9824889898300171
f 2796/10374/2796 2798/10373/2798 2794/10375/2794
vt 0.0567910000681877 0.9824320077896118
f 2796/10374/2796 2798/10376/2798 2797/10352/2797
vt 0.8519939780235291 0.7049502134323120
vt 0.8504260182380676 0.7024679780006409
vt 0.8499282002449036 0.6996517181396484
f 2808/10377/2808 2799/10378/2799 2761/10379/2761
vt 0.5529426932334900 0.8286945223808289
f 2769/10347/2769 2818/10349/2818 2864/10380/2864
vt 0.2547940015792847 0.2134959995746613
f 2790/10359/2790 2788/10270/2788 2800/10381/2800
vt 0.2535159885883331 0.2132499963045120
f 2790/10359/2790 2800/10381/2800 2801/10382/2801
vt 0.2546089887619019 0.2129250019788742
f 2790/10359/2790 2800/10383/2800 2809/10338/2809
f 2794/10375/2794 2819/10369/2819 2798/10376/2798
vt 0.0569878704845905 0.9821727275848389
f 2798/10376/2798 2819/10369/2819 2797/10384/2797
vt 0.8484149575233459 0.7041761279106140
f 2761/10379/2761 2799/10378/2799 2874/10385/2874
vt 0.3584466576576233 0.2610240876674652
f 2824/10386/2824 2780/10308/2780 2804/10345/2804
vt 0.2507903873920441 0.2232226729393005
vt 0.2530701160430908 0.2157175391912460
f 2788/10270/2788 2823/10387/2823 2812/10388/2812
vt 0.8995299339294434 0.0712915956974030
vt 0.9008661508560181 0.0726259574294090
f 2778/10288/2778 2821/10389/2821 2826/10390/2826
f 2800/10381/2800 2788/10270/2788 2801/10382/2801
vt 0.8500499725341797 0.7028340101242065
f 2874/10385/2874 2799/10378/2799 2805/10391/2805
f 2800/10383/2800 2801/10382/2801 2809/10338/2809
vt 0.8503839969635010 0.7029370069503784
f 2799/10378/2799 2808/10377/2808 2805/10392/2805
vt 0.8500999808311462 0.7032409906387329
f 2799/10378/2799 2805/10392/2805 2806/10393/2806
vt 0.5559938549995422 0.8410943150520325
vt 0.5533049702644348 0.8402289748191833
vt 0.5529468059539795 0.8389019370079041
f 2789/10394/2789 2817/10395/2817 2818/10396/2818
vt 0.0574930012226105 0.2429240047931671
vt 0.0573199987411499 0.2436829954385757
f 2789/10322/2789 2816/10397/2816 2817/10398/2817
vt 0.8643094301223755 0.7068603634834290
vt 0.8681578040122986 0.7092452645301819
vt 0.8635745644569397 0.7151857018470764
f 2860/10399/2860 2698/10400/2698 2875/10401/2875
vt 0.0604275651276112 0.2151552289724350
vt 0.0673485323786736 0.2183289378881454
vt 0.0598202049732208 0.2242815047502518
f 2780/10402/2780 2824/10403/2824 2795/10404/2795
vt 0.2384736835956573 0.2238638997077942
f 2788/10270/2788 2812/10405/2812 2801/10382/2801
vt 0.9184362888336182 0.4010266959667206
vt 0.9245316386222839 0.4071167409420013
vt 0.9194905161857605 0.4166776537895203
f 2764/10406/2764 2856/10407/2856 2875/10408/2875
vt 0.5592727661132812 0.8301786780357361
vt 0.5600783824920654 0.8252285718917847
f 2769/10409/2769 2864/10380/2864 2838/10410/2838
f 2789/10322/2789 2807/10363/2807 2816/10397/2816
vt 0.0488195419311523 0.9820431470870972
vt 0.0457529835402966 0.9835543632507324
vt 0.0482770018279552 0.9819380044937134
f 2811/10411/2811 2814/10412/2814 2810/10413/2810
f 2805/10392/2805 2808/10377/2808 2806/10393/2806
f 2805/10391/2805 2806/10393/2806 2874/10385/2874
vt 0.9502113461494446 0.7787815332412720
vt 0.9422429800033569 0.7828967571258545
f 2727/10414/2727 2840/10341/2840 2767/10415/2767
f 2801/10382/2801 2812/10405/2812 2809/10338/2809
vt 0.0478480011224747 0.9819179773330688
f 2814/10412/2814 2813/10416/2813 2810/10413/2810
vt 0.0585360005497932 0.2426590025424957
f 2807/10363/2807 2815/10417/2815 2816/10397/2816
f 2817/10398/2817 2816/10397/2816 2815/10417/2815
vt 0.0580729991197586 0.2431659996509552
vt 0.0579570010304451 0.2442470043897629
f 2817/10398/2817 2816/10418/2816 2818/10419/2818
vt 0.2487923204898834 0.2533753514289856
vt 0.2418552339076996 0.2571917176246643
vt 0.2396586388349533 0.2454139590263367
f 2823/10420/2823 2802/10421/2802 2845/10422/2845
f 2806/10393/2806 2808/10377/2808 2874/10385/2874
vt 0.0503326840698719 0.9818984866142273
vt 0.0514685884118080 0.9792858958244324
f 2787/10303/2787 2811/10423/2811 2858/10424/2858
vt 0.9508813023567200 0.8150551319122314
vt 0.9422535300254822 0.8081320524215698
f 2836/10425/2836 2840/10426/2840 2822/10139/2822
vt 0.0471649989485741 0.9816380143165588
f 2810/10413/2810 2813/10416/2813 2820/10427/2820
vt 0.0478870011866093 0.9816499948501587
vt 0.0490372367203236 0.9806926250457764
f 2810/10413/2810 2813/10428/2813 2858/10429/2858
f 2810/10413/2810 2858/10429/2858 2811/10411/2811
vt 0.0641278848052025 0.2430473417043686
f 2816/10418/2816 2815/10417/2815 2864/10430/2864
f 2816/10418/2816 2864/10430/2864 2818/10419/2818
f 2814/10412/2814 2820/10427/2820 2813/10416/2813
vt 0.3416372239589691 0.2362463921308517
vt 0.3500050008296967 0.2349179983139038
vt 0.3487876057624817 0.2424510866403580
f 2786/10431/2786 2872/10432/2872 2804/10433/2804
vt 0.9481970071792603 0.8283011913299561
vt 0.9424465298652649 0.8300740122795105
vt 0.9436939954757690 0.8233173489570618
f 2736/10434/2736 2797/10435/2797 2836/10436/2836
f 2815/10417/2815 2807/10363/2807 2864/10430/2864
vt 0.0530046001076698 0.9811760187149048
f 2787/10303/2787 2858/10424/2858 2819/10437/2819
f 2813/10428/2813 2820/10427/2820 2858/10429/2858
f 2820/10427/2820 2814/10412/2814 2858/10429/2858
vt 0.8493323326110840 0.0525483563542366
vt 0.8520228266716003 0.0540481768548489
vt 0.8514472842216492 0.0566425509750843
f 2848/10438/2848 2827/10439/2827 2829/10440/2829
vt 0.0622754096984863 0.2383531332015991
f 2807/10363/2807 2878/10441/2878 2864/10430/2864
vt 0.8574445843696594 0.7057353854179382
vt 0.8558751344680786 0.7126894593238831
vt 0.8554819822311401 0.7067464590072632
f 2761/10442/2761 2860/10443/2860 2808/10444/2808
vt 0.9010373353958130 0.0700519606471062
vt 0.8997225761413574 0.0683458074927330
f 2826/10445/2826 2821/10389/2821 2842/10446/2842
vt 0.9357305765151978 0.8310950398445129
f 2797/10435/2797 2819/10447/2819 2836/10436/2836
vt 0.0375834926962852 0.9849278330802917
vt 0.0306146200746298 0.9827095866203308
vt 0.0368044488132000 0.9792191386222839
f 2814/10448/2814 2760/10449/2760 2826/10450/2826
vt 0.3529873192310333 0.2258135229349136
vt 0.3642928600311279 0.2249613106250763
f 2776/10451/2776 2872/10452/2872 2786/10431/2786
vt 0.9847289919853210 0.1322775632143021
vt 0.9797298908233643 0.1253297030925751
f 2890/10344/2890 2874/10453/2874 2828/10454/2828
vt 0.3609018325805664 0.2370207756757736
f 2804/10433/2804 2872/10452/2872 2824/10455/2824
vt 0.5539031028747559 0.8198845982551575
f 2838/10410/2838 2864/10380/2864 2847/10456/2847
vt 0.8557665944099426 0.0602664425969124
vt 0.8568500280380249 0.0588979981839657
vt 0.8654633164405823 0.0617290511727333
f 2766/10457/2766 2830/10458/2830 2781/10459/2781
vt 0.8558731079101562 0.0587522946298122
vt 0.8535043597221375 0.0584401153028011
vt 0.8561069965362549 0.0581989996135235
f 2766/10460/2766 2829/10461/2829 2833/10462/2833
vt 0.8566650152206421 0.0586920008063316
f 2766/10460/2766 2833/10462/2833 2830/10463/2830
vt 0.8948031663894653 0.0714635998010635
vt 0.8926675319671631 0.0696248337626457
vt 0.8948209881782532 0.0694919973611832
f 2821/10464/2821 2851/10465/2851 2839/10466/2839
vt 0.8955439925193787 0.0693840011954308
vt 0.8976119756698608 0.0684494897723198
f 2821/10464/2821 2831/10467/2831 2842/10468/2842
f 2821/10464/2821 2839/10466/2839 2831/10467/2831
vt 0.9336858987808228 0.8195932507514954
vt 0.9399411082267761 0.8127171993255615
f 2836/10436/2836 2819/10469/2819 2840/10470/2840
vt 0.8561549782752991 0.0579200014472008
f 2833/10462/2833 2829/10461/2829 2832/10471/2832
f 2833/10462/2833 2832/10471/2832 2830/10463/2830
vt 0.8564330339431763 0.0563052296638489
f 2829/10461/2829 2827/10472/2827 2832/10471/2832
vt 0.5637177228927612 0.8015026450157166
vt 0.5509000420570374 0.7901967167854309
vt 0.5761669278144836 0.7914767265319824
f 2838/10473/2838 2876/10474/2876 2770/10475/2770
vt 0.8565679788589478 0.0579259991645813
f 2832/10471/2832 2827/10472/2827 2833/10476/2833
vt 0.0469406545162201 0.9799298048019409
vt 0.0432149991393089 0.9773670434951782
vt 0.0489220917224884 0.9793549776077271
f 2814/10477/2814 2866/10478/2866 2858/10479/2858
vt 0.8568670153617859 0.0584880001842976
f 2781/10459/2781 2830/10480/2830 2827/10472/2827
f 2830/10480/2830 2833/10476/2833 2827/10472/2827
vt 0.5633044838905334 0.8144234418869019
vt 0.5589055418968201 0.8159222006797791
f 2853/10481/2853 2838/10410/2838 2847/10482/2847
vt 0.2296097129583359 0.2704142630100250
vt 0.2313680201768875 0.2588118016719818
f 2802/10185/2802 2891/10483/2891 2845/10484/2845
vt 0.8518210053443909 0.7070818543434143
vt 0.8493531942367554 0.7110073566436768
f 2808/10485/2808 2828/10486/2828 2874/10385/2874
vt 0.0406288839876652 0.9815659523010254
vt 0.0405531935393810 0.9802419543266296
vt 0.0410120002925396 0.9799659848213196
f 2814/10487/2814 2826/10488/2826 2835/10489/2835
vt 0.0413829982280731 0.9800300002098083
f 2814/10487/2814 2835/10489/2835 2834/10490/2834
vt 0.0434975624084473 0.9815314412117004
vt 0.0416239984333515 0.9800029993057251
vt 0.0420930013060570 0.9798160195350647
f 2814/10491/2814 2834/10492/2834 2837/10493/2837
vt 0.7353028059005737 0.6752452254295349
vt 0.7257177233695984 0.6714234948158264
vt 0.7370895147323608 0.6683187484741211
f 2767/10494/2767 2840/10495/2840 2735/10496/2735
vt 0.9014877080917358 0.0675747320055962
vt 0.9009370207786560 0.0666479989886284
f 2826/10497/2826 2842/10446/2842 2841/10498/2841
vt 0.8952209949493408 0.0691839978098869
vt 0.8949350118637085 0.0691339969635010
vt 0.8947520256042480 0.0686779990792274
f 2831/10499/2831 2839/10500/2839 2843/10501/2843
f 2834/10492/2834 2835/10489/2835 2837/10493/2837
vt 0.8955299854278564 0.0690009966492653
vt 0.8951449990272522 0.0689140036702156
f 2831/10502/2831 2839/10503/2839 2842/10468/2842
vt 0.9000480175018311 0.0668409988284111
f 2842/10446/2842 2844/10504/2844 2841/10498/2841
vt 0.0423250012099743 0.9797270298004150
f 2814/10491/2814 2837/10505/2837 2866/10478/2866
f 2839/10503/2839 2843/10501/2843 2842/10468/2842
vt 0.8945530056953430 0.0690940022468567
vt 0.8935028910636902 0.0684684440493584
f 2839/10506/2839 2851/10507/2851 2843/10501/2843
vt 0.0401879176497459 0.9795218706130981
f 2835/10489/2835 2826/10508/2826 2866/10478/2866
vt 0.0416480004787445 0.9797570109367371
f 2835/10489/2835 2866/10478/2866 2834/10509/2834
vt 0.8861910104751587 0.0700324624776840
vt 0.8813761472702026 0.0669561401009560
vt 0.8901358246803284 0.0681358277797699
f 2821/10510/2821 2778/10511/2778 2851/10512/2851
vt 0.0421059988439083 0.9795780181884766
f 2834/10509/2834 2866/10478/2866 2837/10513/2837
vt 0.7314734458923340 0.6557266116142273
vt 0.7337288856506348 0.6639593243598938
vt 0.7268855571746826 0.6634141206741333
f 2848/10514/2848 2735/10515/2735 2850/10516/2850
vt 0.9004889726638794 0.0665189996361732
f 2841/10498/2841 2844/10504/2844 2846/10517/2846
vt 0.8919497728347778 0.0667334049940109
vt 0.8950530290603638 0.0681390017271042
f 2843/10501/2843 2851/10518/2851 2842/10519/2842
vt 0.7290799617767334 0.6646045446395874
f 2735/10496/2735 2840/10495/2840 2850/10520/2850
vt 0.9012604355812073 0.0664092004299164
vt 0.9008370041847229 0.0662999972701073
vt 0.9007993936538696 0.0646555051207542
f 2826/10521/2826 2841/10522/2841 2849/10523/2849
vt 0.9002119898796082 0.0664649978280067
f 2841/10522/2841 2844/10524/2844 2849/10523/2849
vt 0.8986614346504211 0.0672114267945290
f 2844/10524/2844 2842/10525/2842 2849/10523/2849
vt 0.8784819841384888 0.7257852554321289
vt 0.8686672449111938 0.7313989996910095
vt 0.8728891015052795 0.7220077514648438
f 2764/10526/2764 2875/10527/2875 2698/10528/2698
vt 0.8512837886810303 0.7097435593605042
f 2860/10443/2860 2828/10529/2828 2808/10377/2808
vt 0.6716809272766113 0.6964470148086548
vt 0.6759083867073059 0.6951701641082764
vt 0.6761320829391479 0.6990410685539246
f 2858/10530/2858 2850/10531/2850 2819/10532/2819
vt 0.5593389868736267 0.8134139776229858
f 2847/10482/2847 2852/10533/2852 2853/10481/2853
vt 0.6874558925628662 0.6872403621673584
vt 0.6863712668418884 0.6924044489860535
vt 0.6794305443763733 0.6901826262474060
f 2840/10534/2840 2819/10535/2819 2850/10536/2850
vt 0.8968495130538940 0.0639926269650459
f 2842/10525/2842 2851/10537/2851 2849/10523/2849
vt 0.8931898474693298 0.0547812581062317
f 2851/10537/2851 2854/10538/2854 2849/10523/2849
vt 0.8726735115051270 0.0681146979331970
vt 0.8791676163673401 0.0593711920082569
f 2778/10511/2778 2781/10539/2781 2827/10540/2827
vt 0.9010494947433472 0.0636846199631691
vt 0.9026709794998169 0.0614606440067291
f 2849/10541/2849 2854/10538/2854 2826/10542/2826
vt 0.8830036520957947 0.0648533999919891
vt 0.8892920613288879 0.0624014772474766
f 2851/10518/2851 2778/10543/2778 2854/10544/2854
vt 0.5589290261268616 0.8130319714546204
vt 0.5570613145828247 0.8072491288185120
f 2853/10481/2853 2852/10545/2852 2859/10546/2859
vt 0.5586739778518677 0.8132069706916809
f 2847/10482/2847 2857/10547/2857 2852/10533/2852
vt 0.8608316183090210 0.0525454357266426
vt 0.8539745211601257 0.0478195175528526
vt 0.8602678775787354 0.0446946956217289
f 2827/10548/2827 2848/10549/2848 2850/10550/2850
vt 0.2848494946956635 0.5510557293891907
vt 0.2759177684783936 0.5469752550125122
vt 0.2920667231082916 0.5415233373641968
f 2855/10551/2855 2871/10552/2871 2862/10553/2862
vt 0.0401808805763721 0.0672638267278671
vt 0.0393994934856892 0.0719770640134811
vt 0.0319310948252678 0.0664363577961922
f 2776/10554/2776 2879/10555/2879 2881/10556/2881
vt 0.5579820275306702 0.8128759860992432
f 2852/10545/2852 2857/10547/2857 2861/10557/2861
vt 0.5586000084877014 0.8126360177993774
f 2852/10545/2852 2857/10558/2857 2859/10546/2859
vt 0.5660956501960754 0.7829022407531738
f 2770/10475/2770 2876/10559/2876 2871/10254/2871
f 2857/10547/2857 2847/10482/2847 2861/10557/2861
vt 0.8782942295074463 0.0457767024636269
vt 0.8957488536834717 0.0434235073626041
f 2850/10560/2850 2866/10561/2866 2854/10538/2854
vt 0.5609458088874817 0.8080821037292480
f 2853/10562/2853 2859/10546/2859 2838/10473/2838
vt 0.5575463771820068 0.8115921020507812
f 2857/10558/2857 2861/10557/2861 2859/10563/2859
vt 0.2740538120269775 0.5383278131484985
f 2871/10552/2871 2870/10564/2870 2862/10553/2862
vt 0.9030656218528748 0.0572603829205036
vt 0.9051011204719543 0.0531959421932697
f 2826/10565/2826 2854/10538/2854 2866/10566/2866
vt 0.6729804277420044 0.6869040727615356
vt 0.6777492165565491 0.6794412136077881
f 2850/10536/2850 2858/10567/2858 2866/10568/2866
vt 0.5573118329048157 0.8128372430801392
f 2861/10557/2861 2847/10569/2847 2859/10563/2859
vt 0.2259436845779419 0.2850258946418762
vt 0.2140988260507584 0.2793244719505310
vt 0.2256615757942200 0.2724264562129974
f 2802/10570/2802 2825/10571/2825 2891/10572/2891
vt 0.8823645710945129 0.0502664148807526
f 2827/10573/2827 2850/10560/2850 2854/10538/2854
vt 0.0553138703107834 0.0804045349359512
vt 0.0546898655593395 0.0893978551030159
vt 0.0535099990665913 0.0856480002403259
f 2776/10574/2776 2803/10575/2803 2879/10576/2879
vt 0.0599247738718987 0.0997611284255981
vt 0.0585220009088516 0.0991040021181107
vt 0.0620446987450123 0.0951141044497490
f 2865/10577/2865 2863/10578/2863 2803/10579/2803
f 2778/10543/2778 2827/10540/2827 2854/10538/2854
vt 0.3103823661804199 0.5274444222450256
vt 0.3021851480007172 0.5237739086151123
vt 0.3138736486434937 0.5214635729789734
f 2862/10580/2862 2873/10581/2873 2803/10582/2803
vt 0.5484668612480164 0.8198453187942505
f 2864/10380/2864 2882/10583/2882 2847/10456/2847
vt 0.0563816949725151 0.0977744013071060
f 2803/10579/2803 2863/10578/2863 2867/10584/2867
vt 0.2890587747097015 0.5271362066268921
vt 0.2967204153537750 0.5292257666587830
f 2862/10553/2862 2870/10585/2870 2873/10586/2873
vt 0.3091282844543457 0.5154255628585815
f 2803/10582/2803 2873/10581/2873 2865/10587/2865
vt 0.0581029988825321 0.0996380001306534
f 2863/10578/2863 2865/10577/2865 2868/10588/2868
vt 0.0572770014405251 0.0998390018939972
f 2863/10578/2863 2868/10588/2868 2869/10589/2869
vt 0.0578319989144802 0.0993210002779961
vt 0.0561144277453423 0.0978155136108398
f 2863/10578/2863 2868/10590/2868 2867/10591/2867
vt 0.5538184642791748 0.8143164515495300
vt 0.5522755980491638 0.8085989952087402
f 2859/10563/2859 2847/10592/2847 2882/10593/2882
vt 0.0587299987673759 0.0913524031639099
vt 0.0563005246222019 0.0948948860168457
vt 0.0479981414973736 0.0916033610701561
f 2803/10594/2803 2867/10595/2867 2879/10596/2879
vt 0.0576810017228127 0.1000609993934631
f 2865/10577/2865 2869/10597/2869 2868/10588/2868
vt 0.5565567016601562 0.7970373034477234
f 2838/10473/2838 2859/10598/2859 2876/10474/2876
f 2868/10590/2868 2869/10589/2869 2867/10591/2867
vt 0.0538368783891201 0.1012458130717278
f 2869/10597/2869 2865/10577/2865 2873/10599/2873
f 2867/10591/2867 2869/10589/2869 2873/10599/2873
vt 0.2684406042098999 0.5370054244995117
vt 0.2644283175468445 0.5318537950515747
vt 0.2688261270523071 0.5256000161170959
f 2870/10600/2870 2877/10601/2877 2881/10602/2881
vt 0.2648779451847076 0.5429007411003113
vt 0.2576046288013458 0.5409606099128723
vt 0.2586050629615784 0.5318508744239807
f 2870/10603/2870 2871/10604/2871 2877/10605/2877
vt 0.2414341419935226 0.2378584146499634
vt 0.2280378043651581 0.2304258197546005
f 2823/10606/2823 2845/10422/2845 2812/10607/2812
f 2867/10584/2867 2873/10599/2873 2879/10596/2879
vt 0.9673824310302734 0.1883472949266434
vt 0.9641531109809875 0.1939124017953873
vt 0.9582787156105042 0.1868964880704880
f 2825/10608/2825 2809/10609/2809 2902/10610/2902
vt 0.0763227120041847 0.2151881158351898
vt 0.0798659771680832 0.2266273200511932
vt 0.0722653716802597 0.2284337133169174
f 2824/10611/2824 2878/10612/2878 2795/10613/2795
vt 0.3537288606166840 0.2150189131498337
vt 0.3642630279064178 0.2106383740901947
f 2872/10452/2872 2776/10614/2776 2881/10615/2881
vt 0.5432524085044861 0.8317484855651855
vt 0.5430532693862915 0.8160027861595154
vt 0.5466835498809814 0.8275347352027893
f 2878/10616/2878 2882/10617/2882 2864/10618/2864
vt 0.8530939817428589 0.7141815423965454
vt 0.8469521999359131 0.7236117124557495
f 2828/10619/2828 2860/10443/2860 2880/10620/2880
vt 0.5470193624496460 0.7950564622879028
vt 0.5496156215667725 0.7982740998268127
vt 0.5410533547401428 0.8129646778106689
f 2876/10621/2876 2859/10622/2859 2882/10623/2882
vt 0.5371047854423523 0.7824677228927612
vt 0.5511357784271240 0.7897234559059143
vt 0.5314731597900391 0.7851635813713074
f 2871/10624/2871 2876/10625/2876 2877/10626/2877
vt 0.0447628274559975 0.0964186787605286
vt 0.0420919395983219 0.0983733087778091
f 2879/10596/2879 2873/10627/2873 2881/10628/2881
vt 0.0410556457936764 0.1049331724643707
vt 0.0338693782687187 0.0966597944498062
vt 0.0459850877523422 0.0988900512456894
f 2870/10629/2870 2881/10630/2881 2873/10631/2873
vt 0.5324112176895142 0.8016395568847656
vt 0.5318406224250793 0.7935724258422852
f 2876/10625/2876 2882/10632/2882 2877/10633/2877
vt 0.2204825431108475 0.2609128355979919
vt 0.2233475148677826 0.2489361017942429
f 2845/10484/2845 2891/10634/2891 2898/10635/2898
vt 0.3695742785930634 0.2157173007726669
vt 0.3765435218811035 0.2161200493574142
f 2872/10452/2872 2881/10636/2881 2884/10637/2884
vt 0.1154895126819611 0.2406783401966095
vt 0.1035547703504562 0.2340863049030304
vt 0.1199814602732658 0.2281073033809662
f 2877/10638/2877 2882/10639/2882 2883/10640/2883
vt 0.8590619564056396 0.7225812077522278
f 2860/10443/2860 2875/10641/2875 2880/10620/2880
vt 0.0841278657317162 0.2259312421083450
vt 0.0898161530494690 0.2205742448568344
vt 0.0881185978651047 0.2359329760074615
f 2878/10642/2878 2824/10643/2824 2882/10644/2882
vt 0.3775876760482788 0.2232960909605026
vt 0.3752548098564148 0.2305880934000015
f 2872/10452/2872 2884/10645/2884 2824/10646/2824
vt 0.1270621865987778 0.2394592314958572
vt 0.1415553689002991 0.2339106500148773
f 2877/10647/2877 2883/10640/2883 2881/10648/2881
vt 0.9281104207038879 0.4206385910511017
vt 0.9224200844764709 0.4273324310779572
f 2875/10408/2875 2856/10649/2856 2890/10650/2890
vt 0.9390494823455811 0.4255944788455963
vt 0.9441043734550476 0.4337023496627808
vt 0.9367430210113525 0.4339511096477509
f 2890/10651/2890 2828/10652/2828 2880/10653/2880
vt 0.9560598134994507 0.2054497301578522
vt 0.9556332826614380 0.1958796232938766
f 2809/10609/2809 2812/10654/2812 2902/10655/2902
vt 0.1341441571712494 0.2197421193122864
f 2881/10648/2881 2883/10640/2883 2884/10656/2884
vt 0.2273655533790588 0.2384843677282333
vt 0.2176517844200134 0.2342286854982376
f 2845/10657/2845 2898/10658/2898 2812/10607/2812
vt 0.0911865085363388 0.2266656756401062
vt 0.0930287614464760 0.2201431840658188
vt 0.1024558842182159 0.2205905318260193
f 2882/10659/2882 2824/10660/2824 2889/10661/2889
vt 0.1055868938565254 0.2295687347650528
vt 0.1098166927695274 0.2254082113504410
f 2883/10640/2883 2882/10662/2882 2889/10663/2889
vt 0.1096021458506584 0.2229759097099304
vt 0.1159628480672836 0.2234532535076141
f 2883/10640/2883 2889/10664/2889 2886/10665/2886
vt 0.2159669697284698 0.2610439062118530
vt 0.2110792398452759 0.2509795725345612
vt 0.2201229780912399 0.2539267838001251
f 2891/10666/2891 2892/10667/2892 2898/10668/2898
vt 0.1199290007352829 0.2212280035018921
vt 0.1193130016326904 0.2207230031490326
f 2884/10669/2884 2883/10640/2883 2885/10670/2885
vt 0.1206388399004936 0.2097660005092621
vt 0.1213058829307556 0.2130725979804993
vt 0.1177170276641846 0.2139286547899246
f 2824/10671/2824 2884/10672/2884 2889/10673/2889
vt 0.1208492293953896 0.2200821936130524
vt 0.1196869984269142 0.2203000038862228
vt 0.1164687722921371 0.2201433777809143
f 2884/10674/2884 2885/10675/2885 2886/10676/2886
vt 0.1178240031003952 0.2207639962434769
f 2885/10670/2885 2883/10640/2883 2887/10677/2887
vt 0.1187670007348061 0.2204679995775223
f 2885/10670/2885 2887/10677/2887 2888/10678/2888
f 2883/10640/2883 2886/10676/2886 2887/10677/2887
vt 0.1182319968938828 0.2203789949417114
f 2885/10675/2885 2887/10679/2887 2886/10676/2886
vt 0.1200764700770378 0.2164328247308731
f 2889/10673/2889 2884/10680/2884 2886/10676/2886
vt 0.2185382694005966 0.2409984320402145
vt 0.2107230871915817 0.2403848469257355
f 2898/10681/2898 2892/10667/2892 2914/10682/2914
vt 0.2079294770956039 0.2613640725612640
vt 0.2077720016241074 0.2601400017738342
f 2892/10667/2892 2891/10683/2891 2893/10684/2893
vt 0.2051325738430023 0.2623583674430847
f 2891/10683/2891 2896/10685/2896 2893/10684/2893
vt 0.2075809985399246 0.2594589889049530
f 2892/10667/2892 2893/10684/2893 2894/10686/2894
vt 0.2073789983987808 0.2599389851093292
f 2893/10684/2893 2896/10685/2896 2894/10687/2894
vt 0.2070599943399429 0.2591049969196320
f 2893/10684/2893 2895/10688/2895 2894/10686/2894
f 2892/10667/2892 2894/10686/2894 2895/10688/2895
vt 0.2028970718383789 0.2620969712734222
vt 0.2087180614471436 0.2660722732543945
vt 0.2020683288574219 0.2713536620140076
f 2896/10689/2896 2891/10690/2891 2825/10691/2825
f 2894/10687/2894 2896/10685/2896 2895/10688/2895
vt 0.2048634737730026 0.2584830820560455
f 2895/10688/2895 2896/10692/2896 2892/10667/2892
vt 0.9517187476158142 0.1974799484014511
vt 0.9469458460807800 0.2039889991283417
f 2902/10693/2902 2812/10654/2812 2898/10694/2898
vt 0.8638072013854980 0.7402544021606445
vt 0.8620578050613403 0.7431948781013489
vt 0.8545056581497192 0.7411126494407654
f 2875/10695/2875 2890/10696/2890 2904/10697/2904
vt 0.8524791598320007 0.7294068932533264
vt 0.8467441201210022 0.7338731884956360
f 2880/10620/2880 2875/10698/2875 2904/10699/2904
vt 0.9447634816169739 0.2066340595483780
vt 0.9480339884757996 0.2074689418077469
vt 0.9384257793426514 0.2076563686132431
f 2902/10700/2902 2898/10701/2898 2914/10702/2914
vt 0.2085846960544586 0.2374849170446396
vt 0.2032519578933716 0.2461808174848557
f 2914/10703/2914 2892/10667/2892 2903/10704/2903
vt 0.2008419930934906 0.2563309967517853
vt 0.2006160020828247 0.2557249963283539
f 2892/10667/2892 2896/10705/2896 2897/10706/2897
vt 0.1998656690120697 0.2531384825706482
f 2892/10667/2892 2899/10707/2899 2903/10704/2903
vt 0.2001470029354095 0.2560710012912750
vt 0.2002240270376205 0.2584030926227570
vt 0.1993390023708344 0.2558720111846924
f 2897/10708/2897 2896/10709/2896 2900/10710/2900
vt 0.2002400010824203 0.2553400099277496
vt 0.1989732235670090 0.2546914517879486
f 2892/10667/2892 2897/10711/2897 2899/10712/2899
vt 0.1987469941377640 0.2556250095367432
f 2897/10711/2897 2900/10710/2900 2901/10713/2901
vt 0.1993190050125122 0.2552669942378998
f 2897/10711/2897 2900/10714/2900 2899/10712/2899
f 2900/10710/2900 2896/10709/2896 2901/10713/2901
vt 0.9248954653739929 0.4350034594535828
vt 0.9256860017776489 0.4381301999092102
vt 0.9209337234497070 0.4340193569660187
f 2880/10715/2880 2904/10716/2904 2890/10717/2890
f 2900/10714/2900 2901/10713/2901 2899/10712/2899
vt 0.1978890001773834 0.2556219995021820
f 2896/10709/2896 2899/10718/2899 2901/10713/2901
vt 0.9369382262229919 0.1828093677759171
vt 0.9432789087295532 0.1847145110368729
vt 0.9321054220199585 0.1883583813905716
f 2896/10719/2896 2825/10720/2825 2909/10721/2909
vt 0.9369021058082581 0.1879773437976837
f 2825/10720/2825 2902/10722/2902 2909/10721/2909
vt 0.9336771368980408 0.1831005662679672
f 2896/10719/2896 2909/10721/2909 2899/10723/2899
vt 0.9822826981544495 0.5100425481796265
vt 0.9809868931770325 0.5128868222236633
vt 0.9744759798049927 0.5114521384239197
f 2899/10724/2899 2909/10725/2909 2903/10726/2903
vt 0.9382898211479187 0.1963751912117004
vt 0.9346910119056702 0.1919859945774078
f 2902/10727/2902 2905/10728/2905 2909/10721/2909
vt 0.9343410134315491 0.1926719993352890
f 2905/10728/2905 2902/10727/2902 2907/10729/2907
vt 0.9304946064949036 0.1976110190153122
f 2902/10727/2902 2908/10730/2908 2907/10729/2907
vt 0.9342870116233826 0.1918710023164749
vt 0.9343850016593933 0.1923100054264069
vt 0.9339560270309448 0.1925970017910004
f 2905/10731/2905 2906/10732/2906 2907/10733/2907
f 2905/10731/2905 2907/10733/2907 2909/10721/2909
vt 0.9328554272651672 0.2016850560903549
f 2902/10727/2902 2914/10702/2914 2908/10734/2908
f 2907/10733/2907 2908/10730/2908 2909/10721/2909
vt 0.9737731814384460 0.5114868879318237
vt 0.9774971008300781 0.5189362764358521
vt 0.9746718406677246 0.5188663005828857
f 2903/10735/2903 2909/10736/2909 2914/10737/2914
vt 0.9764930009841919 0.5198050141334534
f 2909/10736/2909 2910/10738/2910 2914/10737/2914
vt 0.9275263547897339 0.1893711835145950
vt 0.9255158305168152 0.1911709606647491
vt 0.9260839819908142 0.1889809966087341
f 2909/10739/2909 2913/10740/2913 2910/10741/2910
vt 0.9323738813400269 0.1891945451498032
vt 0.9265886545181274 0.1981655061244965
vt 0.9271892905235291 0.1906960010528564
f 2909/10742/2909 2908/10743/2908 2913/10744/2913
vt 0.9762282371520996 0.5206205248832703
vt 0.9759500026702881 0.5204579830169678
f 2910/10738/2910 2913/10745/2913 2912/10746/2912
vt 0.9753280282020569 0.5207419991493225
f 2910/10738/2910 2912/10746/2912 2911/10747/2911
vt 0.9756630063056946 0.5202829837799072
f 2910/10738/2910 2912/10748/2912 2914/10737/2914
f 2914/10737/2914 2912/10748/2912 2911/10747/2911
vt 0.9744530320167542 0.5222790837287903
f 2914/10737/2914 2911/10747/2911 2913/10749/2913
f 2912/10746/2912 2913/10749/2913 2911/10747/2911
vt 0.9709572196006775 0.5175983309745789
vt 0.9722709655761719 0.5236407518386841
vt 0.9687287807464600 0.5203708410263062
f 2914/10750/2914 2913/10751/2913 2908/10752/2908
# 5999 faces, 10752 coords texture

# End of File
