# Blender 4.2.23 LTS
# www.blender.org
o mine
v 0.000000 0.000000 0.000000
v 0.074000 0.000000 0.000000
v 0.073644 0.000000 -0.007253
v 0.072578 0.000000 -0.014437
v 0.070814 0.000000 -0.021481
v 0.068367 0.000000 -0.028319
v 0.065262 0.000000 -0.034883
v 0.061529 0.000000 -0.041112
v 0.057203 0.000000 -0.046945
v 0.052326 0.000000 -0.052326
v 0.046945 0.000000 -0.057203
v 0.041112 0.000000 -0.061529
v 0.034883 0.000000 -0.065262
v 0.028319 0.000000 -0.068367
v 0.021481 0.000000 -0.070814
v 0.014437 0.000000 -0.072578
v 0.007253 0.000000 -0.073644
v 0.000000 0.000000 -0.074000
v -0.007253 0.000000 -0.073644
v -0.014437 0.000000 -0.072578
v -0.021481 0.000000 -0.070814
v -0.028319 0.000000 -0.068367
v -0.034883 0.000000 -0.065262
v -0.041112 0.000000 -0.061529
v -0.046945 0.000000 -0.057203
v -0.052326 0.000000 -0.052326
v -0.057203 0.000000 -0.046945
v -0.061529 0.000000 -0.041112
v -0.065262 0.000000 -0.034883
v -0.068367 0.000000 -0.028319
v -0.070814 0.000000 -0.021481
v -0.072578 0.000000 -0.014437
v -0.073644 0.000000 -0.007253
v -0.074000 0.000000 -0.000000
v -0.073644 0.000000 0.007253
v -0.072578 0.000000 0.014437
v -0.070814 0.000000 0.021481
v -0.068367 0.000000 0.028319
v -0.065262 0.000000 0.034883
v -0.061529 0.000000 0.041112
v -0.057203 0.000000 0.046945
v -0.052326 0.000000 0.052326
v -0.046945 0.000000 0.057203
v -0.041112 0.000000 0.061529
v -0.034883 0.000000 0.065262
v -0.028319 0.000000 0.068367
v -0.021481 0.000000 0.070814
v -0.014437 0.000000 0.072578
v -0.007253 0.000000 0.073644
v -0.000000 0.000000 0.074000
v 0.007253 0.000000 0.073644
v 0.014437 0.000000 0.072578
v 0.021481 0.000000 0.070814
v 0.028319 0.000000 0.068367
v 0.034883 0.000000 0.065262
v 0.041112 0.000000 0.061529
v 0.046945 0.000000 0.057203
v 0.052326 0.000000 0.052326
v 0.057203 0.000000 0.046945
v 0.061529 0.000000 0.041112
v 0.065262 0.000000 0.034883
v 0.068367 0.000000 0.028319
v 0.070814 0.000000 0.021481
v 0.072578 0.000000 0.014437
v 0.073644 0.000000 0.007253
v 0.080000 0.006000 0.000000
v 0.079615 0.006000 -0.007841
v 0.078463 0.006000 -0.015607
v 0.076555 0.006000 -0.023223
v 0.073910 0.006000 -0.030615
v 0.070554 0.006000 -0.037712
v 0.066518 0.006000 -0.044446
v 0.061841 0.006000 -0.050751
v 0.056569 0.006000 -0.056569
v 0.050751 0.006000 -0.061841
v 0.044446 0.006000 -0.066518
v 0.037712 0.006000 -0.070554
v 0.030615 0.006000 -0.073910
v 0.023223 0.006000 -0.076555
v 0.015607 0.006000 -0.078463
v 0.007841 0.006000 -0.079615
v 0.000000 0.006000 -0.080000
v -0.007841 0.006000 -0.079615
v -0.015607 0.006000 -0.078463
v -0.023223 0.006000 -0.076555
v -0.030615 0.006000 -0.073910
v -0.037712 0.006000 -0.070554
v -0.044446 0.006000 -0.066518
v -0.050751 0.006000 -0.061841
v -0.056569 0.006000 -0.056569
v -0.061841 0.006000 -0.050751
v -0.066518 0.006000 -0.044446
v -0.070554 0.006000 -0.037712
v -0.073910 0.006000 -0.030615
v -0.076555 0.006000 -0.023223
v -0.078463 0.006000 -0.015607
v -0.079615 0.006000 -0.007841
v -0.080000 0.006000 -0.000000
v -0.079615 0.006000 0.007841
v -0.078463 0.006000 0.015607
v -0.076555 0.006000 0.023223
v -0.073910 0.006000 0.030615
v -0.070554 0.006000 0.037712
v -0.066518 0.006000 0.044446
v -0.061841 0.006000 0.050751
v -0.056569 0.006000 0.056569
v -0.050751 0.006000 0.061841
v -0.044446 0.006000 0.066518
v -0.037712 0.006000 0.070554
v -0.030615 0.006000 0.073910
v -0.023223 0.006000 0.076555
v -0.015607 0.006000 0.078463
v -0.007841 0.006000 0.079615
v -0.000000 0.006000 0.080000
v 0.007841 0.006000 0.079615
v 0.015607 0.006000 0.078463
v 0.023223 0.006000 0.076555
v 0.030615 0.006000 0.073910
v 0.037712 0.006000 0.070554
v 0.044446 0.006000 0.066518
v 0.050751 0.006000 0.061841
v 0.056569 0.006000 0.056569
v 0.061841 0.006000 0.050751
v 0.066518 0.006000 0.044446
v 0.070554 0.006000 0.037712
v 0.073910 0.006000 0.030615
v 0.076555 0.006000 0.023223
v 0.078463 0.006000 0.015607
v 0.079615 0.006000 0.007841
v 0.080000 0.036000 0.000000
v 0.079615 0.036000 -0.007841
v 0.078463 0.036000 -0.015607
v 0.076555 0.036000 -0.023223
v 0.073910 0.036000 -0.030615
v 0.070554 0.036000 -0.037712
v 0.066518 0.036000 -0.044446
v 0.061841 0.036000 -0.050751
v 0.056569 0.036000 -0.056569
v 0.050751 0.036000 -0.061841
v 0.044446 0.036000 -0.066518
v 0.037712 0.036000 -0.070554
v 0.030615 0.036000 -0.073910
v 0.023223 0.036000 -0.076555
v 0.015607 0.036000 -0.078463
v 0.007841 0.036000 -0.079615
v 0.000000 0.036000 -0.080000
v -0.007841 0.036000 -0.079615
v -0.015607 0.036000 -0.078463
v -0.023223 0.036000 -0.076555
v -0.030615 0.036000 -0.073910
v -0.037712 0.036000 -0.070554
v -0.044446 0.036000 -0.066518
v -0.050751 0.036000 -0.061841
v -0.056569 0.036000 -0.056569
v -0.061841 0.036000 -0.050751
v -0.066518 0.036000 -0.044446
v -0.070554 0.036000 -0.037712
v -0.073910 0.036000 -0.030615
v -0.076555 0.036000 -0.023223
v -0.078463 0.036000 -0.015607
v -0.079615 0.036000 -0.007841
v -0.080000 0.036000 -0.000000
v -0.079615 0.036000 0.007841
v -0.078463 0.036000 0.015607
v -0.076555 0.036000 0.023223
v -0.073910 0.036000 0.030615
v -0.070554 0.036000 0.037712
v -0.066518 0.036000 0.044446
v -0.061841 0.036000 0.050751
v -0.056569 0.036000 0.056569
v -0.050751 0.036000 0.061841
v -0.044446 0.036000 0.066518
v -0.037712 0.036000 0.070554
v -0.030615 0.036000 0.073910
v -0.023223 0.036000 0.076555
v -0.015607 0.036000 0.078463
v -0.007841 0.036000 0.079615
v -0.000000 0.036000 0.080000
v 0.007841 0.036000 0.079615
v 0.015607 0.036000 0.078463
v 0.023223 0.036000 0.076555
v 0.030615 0.036000 0.073910
v 0.037712 0.036000 0.070554
v 0.044446 0.036000 0.066518
v 0.050751 0.036000 0.061841
v 0.056569 0.036000 0.056569
v 0.061841 0.036000 0.050751
v 0.066518 0.036000 0.044446
v 0.070554 0.036000 0.037712
v 0.073910 0.036000 0.030615
v 0.076555 0.036000 0.023223
v 0.078463 0.036000 0.015607
v 0.079615 0.036000 0.007841
v 0.076000 0.042000 0.000000
v 0.075634 0.042000 -0.007449
v 0.074540 0.042000 -0.014827
v 0.072727 0.042000 -0.022062
v 0.070215 0.042000 -0.029084
v 0.067026 0.042000 -0.035826
v 0.063192 0.042000 -0.042223
v 0.058749 0.042000 -0.048214
v 0.053740 0.042000 -0.053740
v 0.048214 0.042000 -0.058749
v 0.042223 0.042000 -0.063192
v 0.035826 0.042000 -0.067026
v 0.029084 0.042000 -0.070215
v 0.022062 0.042000 -0.072727
v 0.014827 0.042000 -0.074540
v 0.007449 0.042000 -0.075634
v 0.000000 0.042000 -0.076000
v -0.007449 0.042000 -0.075634
v -0.014827 0.042000 -0.074540
v -0.022062 0.042000 -0.072727
v -0.029084 0.042000 -0.070215
v -0.035826 0.042000 -0.067026
v -0.042223 0.042000 -0.063192
v -0.048214 0.042000 -0.058749
v -0.053740 0.042000 -0.053740
v -0.058749 0.042000 -0.048214
v -0.063192 0.042000 -0.042223
v -0.067026 0.042000 -0.035826
v -0.070215 0.042000 -0.029084
v -0.072727 0.042000 -0.022062
v -0.074540 0.042000 -0.014827
v -0.075634 0.042000 -0.007449
v -0.076000 0.042000 -0.000000
v -0.075634 0.042000 0.007449
v -0.074540 0.042000 0.014827
v -0.072727 0.042000 0.022062
v -0.070215 0.042000 0.029084
v -0.067026 0.042000 0.035826
v -0.063192 0.042000 0.042223
v -0.058749 0.042000 0.048214
v -0.053740 0.042000 0.053740
v -0.048214 0.042000 0.058749
v -0.042223 0.042000 0.063192
v -0.035826 0.042000 0.067026
v -0.029084 0.042000 0.070215
v -0.022062 0.042000 0.072727
v -0.014827 0.042000 0.074540
v -0.007449 0.042000 0.075634
v -0.000000 0.042000 0.076000
v 0.007449 0.042000 0.075634
v 0.014827 0.042000 0.074540
v 0.022062 0.042000 0.072727
v 0.029084 0.042000 0.070215
v 0.035826 0.042000 0.067026
v 0.042223 0.042000 0.063192
v 0.048214 0.042000 0.058749
v 0.053740 0.042000 0.053740
v 0.058749 0.042000 0.048214
v 0.063192 0.042000 0.042223
v 0.067026 0.042000 0.035826
v 0.070215 0.042000 0.029084
v 0.072727 0.042000 0.022062
v 0.074540 0.042000 0.014827
v 0.075634 0.042000 0.007449
v 0.066000 0.045000 0.000000
v 0.065682 0.045000 -0.006469
v 0.064732 0.045000 -0.012876
v 0.063158 0.045000 -0.019159
v 0.060976 0.045000 -0.025257
v 0.058207 0.045000 -0.031112
v 0.054877 0.045000 -0.036668
v 0.051019 0.045000 -0.041870
v 0.046669 0.045000 -0.046669
v 0.041870 0.045000 -0.051019
v 0.036668 0.045000 -0.054877
v 0.031112 0.045000 -0.058207
v 0.025257 0.045000 -0.060976
v 0.019159 0.045000 -0.063158
v 0.012876 0.045000 -0.064732
v 0.006469 0.045000 -0.065682
v 0.000000 0.045000 -0.066000
v -0.006469 0.045000 -0.065682
v -0.012876 0.045000 -0.064732
v -0.019159 0.045000 -0.063158
v -0.025257 0.045000 -0.060976
v -0.031112 0.045000 -0.058207
v -0.036668 0.045000 -0.054877
v -0.041870 0.045000 -0.051019
v -0.046669 0.045000 -0.046669
v -0.051019 0.045000 -0.041870
v -0.054877 0.045000 -0.036668
v -0.058207 0.045000 -0.031112
v -0.060976 0.045000 -0.025257
v -0.063158 0.045000 -0.019159
v -0.064732 0.045000 -0.012876
v -0.065682 0.045000 -0.006469
v -0.066000 0.045000 -0.000000
v -0.065682 0.045000 0.006469
v -0.064732 0.045000 0.012876
v -0.063158 0.045000 0.019159
v -0.060976 0.045000 0.025257
v -0.058207 0.045000 0.031112
v -0.054877 0.045000 0.036668
v -0.051019 0.045000 0.041870
v -0.046669 0.045000 0.046669
v -0.041870 0.045000 0.051019
v -0.036668 0.045000 0.054877
v -0.031112 0.045000 0.058207
v -0.025257 0.045000 0.060976
v -0.019159 0.045000 0.063158
v -0.012876 0.045000 0.064732
v -0.006469 0.045000 0.065682
v -0.000000 0.045000 0.066000
v 0.006469 0.045000 0.065682
v 0.012876 0.045000 0.064732
v 0.019159 0.045000 0.063158
v 0.025257 0.045000 0.060976
v 0.031112 0.045000 0.058207
v 0.036668 0.045000 0.054877
v 0.041870 0.045000 0.051019
v 0.046669 0.045000 0.046669
v 0.051019 0.045000 0.041870
v 0.054877 0.045000 0.036668
v 0.058207 0.045000 0.031112
v 0.060976 0.045000 0.025257
v 0.063158 0.045000 0.019159
v 0.064732 0.045000 0.012876
v 0.065682 0.045000 0.006469
v 0.040000 0.045000 0.000000
v 0.039807 0.045000 -0.003921
v 0.039231 0.045000 -0.007804
v 0.038278 0.045000 -0.011611
v 0.036955 0.045000 -0.015307
v 0.035277 0.045000 -0.018856
v 0.033259 0.045000 -0.022223
v 0.030920 0.045000 -0.025376
v 0.028284 0.045000 -0.028284
v 0.025376 0.045000 -0.030920
v 0.022223 0.045000 -0.033259
v 0.018856 0.045000 -0.035277
v 0.015307 0.045000 -0.036955
v 0.011611 0.045000 -0.038278
v 0.007804 0.045000 -0.039231
v 0.003921 0.045000 -0.039807
v 0.000000 0.045000 -0.040000
v -0.003921 0.045000 -0.039807
v -0.007804 0.045000 -0.039231
v -0.011611 0.045000 -0.038278
v -0.015307 0.045000 -0.036955
v -0.018856 0.045000 -0.035277
v -0.022223 0.045000 -0.033259
v -0.025376 0.045000 -0.030920
v -0.028284 0.045000 -0.028284
v -0.030920 0.045000 -0.025376
v -0.033259 0.045000 -0.022223
v -0.035277 0.045000 -0.018856
v -0.036955 0.045000 -0.015307
v -0.038278 0.045000 -0.011611
v -0.039231 0.045000 -0.007804
v -0.039807 0.045000 -0.003921
v -0.040000 0.045000 -0.000000
v -0.039807 0.045000 0.003921
v -0.039231 0.045000 0.007804
v -0.038278 0.045000 0.011611
v -0.036955 0.045000 0.015307
v -0.035277 0.045000 0.018856
v -0.033259 0.045000 0.022223
v -0.030920 0.045000 0.025376
v -0.028284 0.045000 0.028284
v -0.025376 0.045000 0.030920
v -0.022223 0.045000 0.033259
v -0.018856 0.045000 0.035277
v -0.015307 0.045000 0.036955
v -0.011611 0.045000 0.038278
v -0.007804 0.045000 0.039231
v -0.003921 0.045000 0.039807
v -0.000000 0.045000 0.040000
v 0.003921 0.045000 0.039807
v 0.007804 0.045000 0.039231
v 0.011611 0.045000 0.038278
v 0.015307 0.045000 0.036955
v 0.018856 0.045000 0.035277
v 0.022223 0.045000 0.033259
v 0.025376 0.045000 0.030920
v 0.028284 0.045000 0.028284
v 0.030920 0.045000 0.025376
v 0.033259 0.045000 0.022223
v 0.035277 0.045000 0.018856
v 0.036955 0.045000 0.015307
v 0.038278 0.045000 0.011611
v 0.039231 0.045000 0.007804
v 0.039807 0.045000 0.003921
v 0.000000 0.045000 0.000000
v 0.000000 0.045000 0.000000
v 0.036000 0.045000 0.000000
v 0.035692 0.045000 -0.004699
v 0.034773 0.045000 -0.009317
v 0.033260 0.045000 -0.013777
v 0.031177 0.045000 -0.018000
v 0.028561 0.045000 -0.021915
v 0.025456 0.045000 -0.025456
v 0.021915 0.045000 -0.028561
v 0.018000 0.045000 -0.031177
v 0.013777 0.045000 -0.033260
v 0.009317 0.045000 -0.034773
v 0.004699 0.045000 -0.035692
v 0.000000 0.045000 -0.036000
v -0.004699 0.045000 -0.035692
v -0.009317 0.045000 -0.034773
v -0.013777 0.045000 -0.033260
v -0.018000 0.045000 -0.031177
v -0.021915 0.045000 -0.028561
v -0.025456 0.045000 -0.025456
v -0.028561 0.045000 -0.021915
v -0.031177 0.045000 -0.018000
v -0.033260 0.045000 -0.013777
v -0.034773 0.045000 -0.009317
v -0.035692 0.045000 -0.004699
v -0.036000 0.045000 -0.000000
v -0.035692 0.045000 0.004699
v -0.034773 0.045000 0.009317
v -0.033260 0.045000 0.013777
v -0.031177 0.045000 0.018000
v -0.028561 0.045000 0.021915
v -0.025456 0.045000 0.025456
v -0.021915 0.045000 0.028561
v -0.018000 0.045000 0.031177
v -0.013777 0.045000 0.033260
v -0.009317 0.045000 0.034773
v -0.004699 0.045000 0.035692
v -0.000000 0.045000 0.036000
v 0.004699 0.045000 0.035692
v 0.009317 0.045000 0.034773
v 0.013777 0.045000 0.033260
v 0.018000 0.045000 0.031177
v 0.021915 0.045000 0.028561
v 0.025456 0.045000 0.025456
v 0.028561 0.045000 0.021915
v 0.031177 0.045000 0.018000
v 0.033260 0.045000 0.013777
v 0.034773 0.045000 0.009317
v 0.035692 0.045000 0.004699
v 0.036000 0.050000 0.000000
v 0.035692 0.050000 -0.004699
v 0.034773 0.050000 -0.009317
v 0.033260 0.050000 -0.013777
v 0.031177 0.050000 -0.018000
v 0.028561 0.050000 -0.021915
v 0.025456 0.050000 -0.025456
v 0.021915 0.050000 -0.028561
v 0.018000 0.050000 -0.031177
v 0.013777 0.050000 -0.033260
v 0.009317 0.050000 -0.034773
v 0.004699 0.050000 -0.035692
v 0.000000 0.050000 -0.036000
v -0.004699 0.050000 -0.035692
v -0.009317 0.050000 -0.034773
v -0.013777 0.050000 -0.033260
v -0.018000 0.050000 -0.031177
v -0.021915 0.050000 -0.028561
v -0.025456 0.050000 -0.025456
v -0.028561 0.050000 -0.021915
v -0.031177 0.050000 -0.018000
v -0.033260 0.050000 -0.013777
v -0.034773 0.050000 -0.009317
v -0.035692 0.050000 -0.004699
v -0.036000 0.050000 -0.000000
v -0.035692 0.050000 0.004699
v -0.034773 0.050000 0.009317
v -0.033260 0.050000 0.013777
v -0.031177 0.050000 0.018000
v -0.028561 0.050000 0.021915
v -0.025456 0.050000 0.025456
v -0.021915 0.050000 0.028561
v -0.018000 0.050000 0.031177
v -0.013777 0.050000 0.033260
v -0.009317 0.050000 0.034773
v -0.004699 0.050000 0.035692
v -0.000000 0.050000 0.036000
v 0.004699 0.050000 0.035692
v 0.009317 0.050000 0.034773
v 0.013777 0.050000 0.033260
v 0.018000 0.050000 0.031177
v 0.021915 0.050000 0.028561
v 0.025456 0.050000 0.025456
v 0.028561 0.050000 0.021915
v 0.031177 0.050000 0.018000
v 0.033260 0.050000 0.013777
v 0.034773 0.050000 0.009317
v 0.035692 0.050000 0.004699
v 0.032000 0.053000 0.000000
v 0.031726 0.053000 -0.004177
v 0.030910 0.053000 -0.008282
v 0.029564 0.053000 -0.012246
v 0.027713 0.053000 -0.016000
v 0.025387 0.053000 -0.019480
v 0.022627 0.053000 -0.022627
v 0.019480 0.053000 -0.025387
v 0.016000 0.053000 -0.027713
v 0.012246 0.053000 -0.029564
v 0.008282 0.053000 -0.030910
v 0.004177 0.053000 -0.031726
v 0.000000 0.053000 -0.032000
v -0.004177 0.053000 -0.031726
v -0.008282 0.053000 -0.030910
v -0.012246 0.053000 -0.029564
v -0.016000 0.053000 -0.027713
v -0.019480 0.053000 -0.025387
v -0.022627 0.053000 -0.022627
v -0.025387 0.053000 -0.019480
v -0.027713 0.053000 -0.016000
v -0.029564 0.053000 -0.012246
v -0.030910 0.053000 -0.008282
v -0.031726 0.053000 -0.004177
v -0.032000 0.053000 -0.000000
v -0.031726 0.053000 0.004177
v -0.030910 0.053000 0.008282
v -0.029564 0.053000 0.012246
v -0.027713 0.053000 0.016000
v -0.025387 0.053000 0.019480
v -0.022627 0.053000 0.022627
v -0.019480 0.053000 0.025387
v -0.016000 0.053000 0.027713
v -0.012246 0.053000 0.029564
v -0.008282 0.053000 0.030910
v -0.004177 0.053000 0.031726
v -0.000000 0.053000 0.032000
v 0.004177 0.053000 0.031726
v 0.008282 0.053000 0.030910
v 0.012246 0.053000 0.029564
v 0.016000 0.053000 0.027713
v 0.019480 0.053000 0.025387
v 0.022627 0.053000 0.022627
v 0.025387 0.053000 0.019480
v 0.027713 0.053000 0.016000
v 0.029564 0.053000 0.012246
v 0.030910 0.053000 0.008282
v 0.031726 0.053000 0.004177
v 0.000000 0.053000 0.000000
v 0.014000 0.052750 0.001500
v 0.014000 0.055250 0.001500
v 0.014000 0.052750 -0.001500
v 0.014000 0.055250 -0.001500
v 0.030000 0.052750 0.001500
v 0.030000 0.055250 0.001500
v 0.030000 0.052750 -0.001500
v 0.030000 0.055250 -0.001500
v 0.012874 0.052750 -0.005701
v 0.012874 0.055250 -0.005701
v 0.011374 0.052750 -0.008299
v 0.011374 0.055250 -0.008299
v 0.026731 0.052750 -0.013701
v 0.026731 0.055250 -0.013701
v 0.025231 0.052750 -0.016299
v 0.025231 0.055250 -0.016299
v 0.008299 0.052750 -0.011374
v 0.008299 0.055250 -0.011374
v 0.005701 0.052750 -0.012874
v 0.005701 0.055250 -0.012874
v 0.016299 0.052750 -0.025231
v 0.016299 0.055250 -0.025231
v 0.013701 0.052750 -0.026731
v 0.013701 0.055250 -0.026731
v 0.001500 0.052750 -0.014000
v 0.001500 0.055250 -0.014000
v -0.001500 0.052750 -0.014000
v -0.001500 0.055250 -0.014000
v 0.001500 0.052750 -0.030000
v 0.001500 0.055250 -0.030000
v -0.001500 0.052750 -0.030000
v -0.001500 0.055250 -0.030000
v -0.005701 0.052750 -0.012874
v -0.005701 0.055250 -0.012874
v -0.008299 0.052750 -0.011374
v -0.008299 0.055250 -0.011374
v -0.013701 0.052750 -0.026731
v -0.013701 0.055250 -0.026731
v -0.016299 0.052750 -0.025231
v -0.016299 0.055250 -0.025231
v -0.011374 0.052750 -0.008299
v -0.011374 0.055250 -0.008299
v -0.012874 0.052750 -0.005701
v -0.012874 0.055250 -0.005701
v -0.025231 0.052750 -0.016299
v -0.025231 0.055250 -0.016299
v -0.026731 0.052750 -0.013701
v -0.026731 0.055250 -0.013701
v -0.014000 0.052750 -0.001500
v -0.014000 0.055250 -0.001500
v -0.014000 0.052750 0.001500
v -0.014000 0.055250 0.001500
v -0.030000 0.052750 -0.001500
v -0.030000 0.055250 -0.001500
v -0.030000 0.052750 0.001500
v -0.030000 0.055250 0.001500
v -0.012874 0.052750 0.005701
v -0.012874 0.055250 0.005701
v -0.011374 0.052750 0.008299
v -0.011374 0.055250 0.008299
v -0.026731 0.052750 0.013701
v -0.026731 0.055250 0.013701
v -0.025231 0.052750 0.016299
v -0.025231 0.055250 0.016299
v -0.008299 0.052750 0.011374
v -0.008299 0.055250 0.011374
v -0.005701 0.052750 0.012874
v -0.005701 0.055250 0.012874
v -0.016299 0.052750 0.025231
v -0.016299 0.055250 0.025231
v -0.013701 0.052750 0.026731
v -0.013701 0.055250 0.026731
v -0.001500 0.052750 0.014000
v -0.001500 0.055250 0.014000
v 0.001500 0.052750 0.014000
v 0.001500 0.055250 0.014000
v -0.001500 0.052750 0.030000
v -0.001500 0.055250 0.030000
v 0.001500 0.052750 0.030000
v 0.001500 0.055250 0.030000
v 0.005701 0.052750 0.012874
v 0.005701 0.055250 0.012874
v 0.008299 0.052750 0.011374
v 0.008299 0.055250 0.011374
v 0.013701 0.052750 0.026731
v 0.013701 0.055250 0.026731
v 0.016299 0.052750 0.025231
v 0.016299 0.055250 0.025231
v 0.011374 0.052750 0.008299
v 0.011374 0.055250 0.008299
v 0.012874 0.052750 0.005701
v 0.012874 0.055250 0.005701
v 0.025231 0.052750 0.016299
v 0.025231 0.055250 0.016299
v 0.026731 0.052750 0.013701
v 0.026731 0.055250 0.013701
v 0.079000 0.022000 -0.009000
v 0.093000 0.022000 -0.009000
v 0.079000 0.019219 -0.008560
v 0.093000 0.019219 -0.008560
v 0.079000 0.016710 -0.007281
v 0.093000 0.016710 -0.007281
v 0.079000 0.014719 -0.005290
v 0.093000 0.014719 -0.005290
v 0.079000 0.013440 -0.002781
v 0.093000 0.013440 -0.002781
v 0.079000 0.013000 0.000000
v 0.093000 0.013000 0.000000
v 0.079000 0.013440 0.002781
v 0.093000 0.013440 0.002781
v 0.079000 0.014719 0.005290
v 0.093000 0.014719 0.005290
v 0.079000 0.016710 0.007281
v 0.093000 0.016710 0.007281
v 0.079000 0.019219 0.008560
v 0.093000 0.019219 0.008560
v 0.079000 0.022000 0.009000
v 0.093000 0.022000 0.009000
v 0.079000 0.024781 0.008560
v 0.093000 0.024781 0.008560
v 0.079000 0.027290 0.007281
v 0.093000 0.027290 0.007281
v 0.079000 0.029281 0.005290
v 0.093000 0.029281 0.005290
v 0.079000 0.030560 0.002781
v 0.093000 0.030560 0.002781
v 0.079000 0.031000 0.000000
v 0.093000 0.031000 0.000000
v 0.079000 0.030560 -0.002781
v 0.093000 0.030560 -0.002781
v 0.079000 0.029281 -0.005290
v 0.093000 0.029281 -0.005290
v 0.079000 0.027290 -0.007281
v 0.093000 0.027290 -0.007281
v 0.079000 0.024781 -0.008560
v 0.093000 0.024781 -0.008560
v 0.092000 0.022000 -0.006000
v 0.098000 0.022000 -0.006000
v 0.092000 0.019704 -0.005543
v 0.098000 0.019704 -0.005543
v 0.092000 0.017757 -0.004243
v 0.098000 0.017757 -0.004243
v 0.092000 0.016457 -0.002296
v 0.098000 0.016457 -0.002296
v 0.092000 0.016000 0.000000
v 0.098000 0.016000 0.000000
v 0.092000 0.016457 0.002296
v 0.098000 0.016457 0.002296
v 0.092000 0.017757 0.004243
v 0.098000 0.017757 0.004243
v 0.092000 0.019704 0.005543
v 0.098000 0.019704 0.005543
v 0.092000 0.022000 0.006000
v 0.098000 0.022000 0.006000
v 0.092000 0.024296 0.005543
v 0.098000 0.024296 0.005543
v 0.092000 0.026243 0.004243
v 0.098000 0.026243 0.004243
v 0.092000 0.027543 0.002296
v 0.098000 0.027543 0.002296
v 0.092000 0.028000 0.000000
v 0.098000 0.028000 0.000000
v 0.092000 0.027543 -0.002296
v 0.098000 0.027543 -0.002296
v 0.092000 0.026243 -0.004243
v 0.098000 0.026243 -0.004243
v 0.092000 0.024296 -0.005543
v 0.098000 0.024296 -0.005543
vn -0.0000 -1.0000 -0.0000
vn 0.7037 -0.7071 -0.0693
vn 0.7071 -0.7071 -0.0000
vn 0.6935 -0.7071 -0.1379
vn 0.6767 -0.7071 -0.2053
vn 0.6533 -0.7071 -0.2706
vn 0.6236 -0.7071 -0.3333
vn 0.5879 -0.7071 -0.3928
vn 0.5466 -0.7071 -0.4486
vn 0.5000 -0.7071 -0.5000
vn 0.4486 -0.7071 -0.5466
vn 0.3928 -0.7071 -0.5879
vn 0.3333 -0.7071 -0.6236
vn 0.2706 -0.7071 -0.6533
vn 0.2053 -0.7071 -0.6767
vn 0.1379 -0.7071 -0.6935
vn 0.0693 -0.7071 -0.7037
vn -0.0000 -0.7071 -0.7071
vn -0.0693 -0.7071 -0.7037
vn -0.1379 -0.7071 -0.6935
vn -0.2053 -0.7071 -0.6767
vn -0.1380 -0.7071 -0.6935
vn -0.2706 -0.7071 -0.6533
vn -0.3333 -0.7071 -0.6236
vn -0.3928 -0.7071 -0.5879
vn -0.4486 -0.7071 -0.5466
vn -0.5000 -0.7071 -0.5000
vn -0.5466 -0.7071 -0.4486
vn -0.5879 -0.7071 -0.3928
vn -0.6236 -0.7071 -0.3333
vn -0.6533 -0.7071 -0.2706
vn -0.6767 -0.7071 -0.2053
vn -0.6935 -0.7071 -0.1379
vn -0.7037 -0.7071 -0.0693
vn -0.7071 -0.7071 -0.0000
vn -0.7037 -0.7071 0.0693
vn -0.6935 -0.7071 0.1379
vn -0.6767 -0.7071 0.2053
vn -0.6533 -0.7071 0.2706
vn -0.6236 -0.7071 0.3333
vn -0.5879 -0.7071 0.3928
vn -0.5466 -0.7071 0.4486
vn -0.5000 -0.7071 0.5000
vn -0.4486 -0.7071 0.5466
vn -0.3928 -0.7071 0.5879
vn -0.3333 -0.7071 0.6236
vn -0.2706 -0.7071 0.6533
vn -0.2053 -0.7071 0.6767
vn -0.1379 -0.7071 0.6935
vn -0.0693 -0.7071 0.7037
vn -0.0000 -0.7071 0.7071
vn 0.0693 -0.7071 0.7037
vn 0.1379 -0.7071 0.6935
vn 0.2053 -0.7071 0.6767
vn 0.1380 -0.7071 0.6935
vn 0.2706 -0.7071 0.6533
vn 0.3333 -0.7071 0.6236
vn 0.3928 -0.7071 0.5879
vn 0.4486 -0.7071 0.5466
vn 0.5000 -0.7071 0.5000
vn 0.5466 -0.7071 0.4486
vn 0.5879 -0.7071 0.3928
vn 0.6236 -0.7071 0.3333
vn 0.6533 -0.7071 0.2706
vn 0.6767 -0.7071 0.2053
vn 0.6935 -0.7071 0.1379
vn 0.7037 -0.7071 0.0693
vn 0.9952 -0.0000 -0.0980
vn 0.9578 0.2873 -0.0000
vn 1.0000 -0.0000 -0.0000
vn 0.9808 -0.0000 -0.1951
vn 0.9532 0.2873 -0.0939
vn 0.9569 -0.0000 -0.2903
vn 0.9394 0.2873 -0.1869
vn 0.9239 -0.0000 -0.3827
vn 0.9166 0.2873 -0.2780
vn 0.8819 -0.0000 -0.4714
vn 0.8849 0.2873 -0.3665
vn 0.8315 -0.0000 -0.5556
vn 0.8447 0.2873 -0.4515
vn 0.7730 -0.0000 -0.6344
vn 0.7964 0.2873 -0.5321
vn 0.7071 -0.0000 -0.7071
vn 0.7404 0.2873 -0.6076
vn 0.6344 -0.0000 -0.7730
vn 0.6773 0.2873 -0.6773
vn 0.5556 -0.0000 -0.8315
vn 0.6076 0.2873 -0.7404
vn 0.4714 -0.0000 -0.8819
vn 0.5321 0.2873 -0.7964
vn 0.3827 -0.0000 -0.9239
vn 0.4515 0.2873 -0.8447
vn 0.2903 -0.0000 -0.9569
vn 0.3665 0.2873 -0.8849
vn 0.1951 -0.0000 -0.9808
vn 0.2780 0.2873 -0.9166
vn 0.0980 -0.0000 -0.9952
vn 0.1869 0.2873 -0.9394
vn -0.0000 -0.0000 -1.0000
vn 0.0939 0.2873 -0.9532
vn -0.0980 -0.0000 -0.9952
vn -0.0000 0.2873 -0.9578
vn -0.1951 -0.0000 -0.9808
vn -0.0939 0.2873 -0.9532
vn -0.2903 -0.0000 -0.9569
vn -0.1869 0.2873 -0.9394
vn -0.3827 -0.0000 -0.9239
vn -0.2780 0.2873 -0.9166
vn -0.4714 -0.0000 -0.8819
vn -0.3665 0.2873 -0.8849
vn -0.5556 -0.0000 -0.8315
vn -0.4515 0.2873 -0.8447
vn -0.6344 -0.0000 -0.7730
vn -0.5321 0.2873 -0.7964
vn -0.7071 -0.0000 -0.7071
vn -0.6076 0.2873 -0.7404
vn -0.7730 -0.0000 -0.6344
vn -0.6773 0.2873 -0.6773
vn -0.8315 -0.0000 -0.5556
vn -0.7404 0.2873 -0.6076
vn -0.8819 -0.0000 -0.4714
vn -0.7964 0.2873 -0.5321
vn -0.9239 -0.0000 -0.3827
vn -0.8447 0.2873 -0.4515
vn -0.9569 -0.0000 -0.2903
vn -0.8849 0.2873 -0.3665
vn -0.9808 -0.0000 -0.1951
vn -0.9166 0.2873 -0.2780
vn -0.9952 -0.0000 -0.0980
vn -0.9394 0.2873 -0.1869
vn -1.0000 -0.0000 -0.0000
vn -0.9532 0.2873 -0.0939
vn -0.9952 -0.0000 0.0980
vn -0.9578 0.2873 -0.0000
vn -0.9808 -0.0000 0.1951
vn -0.9532 0.2873 0.0939
vn -0.9569 -0.0000 0.2903
vn -0.9394 0.2873 0.1869
vn -0.9239 -0.0000 0.3827
vn -0.9166 0.2873 0.2780
vn -0.8819 -0.0000 0.4714
vn -0.8849 0.2873 0.3665
vn -0.8315 -0.0000 0.5556
vn -0.8447 0.2873 0.4515
vn -0.7730 -0.0000 0.6344
vn -0.7964 0.2873 0.5321
vn -0.7071 -0.0000 0.7071
vn -0.7404 0.2873 0.6076
vn -0.6344 -0.0000 0.7730
vn -0.6773 0.2873 0.6773
vn -0.5556 -0.0000 0.8315
vn -0.6076 0.2873 0.7404
vn -0.4714 -0.0000 0.8819
vn -0.5321 0.2873 0.7964
vn -0.3827 -0.0000 0.9239
vn -0.4515 0.2873 0.8447
vn -0.2903 -0.0000 0.9569
vn -0.3665 0.2873 0.8849
vn -0.1951 -0.0000 0.9808
vn -0.2780 0.2873 0.9166
vn -0.0980 -0.0000 0.9952
vn -0.1869 0.2873 0.9394
vn -0.0000 -0.0000 1.0000
vn -0.0939 0.2873 0.9532
vn 0.0980 -0.0000 0.9952
vn -0.0000 0.2873 0.9578
vn 0.1951 -0.0000 0.9808
vn 0.0939 0.2873 0.9532
vn 0.2903 -0.0000 0.9569
vn 0.1869 0.2873 0.9394
vn 0.3827 -0.0000 0.9239
vn 0.2780 0.2873 0.9166
vn 0.4714 -0.0000 0.8819
vn 0.3665 0.2873 0.8849
vn 0.5556 -0.0000 0.8315
vn 0.4515 0.2873 0.8447
vn 0.6344 -0.0000 0.7730
vn 0.5321 0.2873 0.7964
vn 0.7071 -0.0000 0.7071
vn 0.6076 0.2873 0.7404
vn 0.7730 -0.0000 0.6344
vn 0.6773 0.2873 0.6773
vn 0.8315 -0.0000 0.5556
vn 0.7404 0.2873 0.6076
vn 0.8819 -0.0000 0.4714
vn 0.7964 0.2873 0.5321
vn 0.9239 -0.0000 0.3827
vn 0.8447 0.2873 0.4515
vn 0.9569 -0.0000 0.2903
vn 0.8849 0.2873 0.3665
vn 0.9808 -0.0000 0.1951
vn 0.9166 0.2873 0.2780
vn 0.9952 -0.0000 0.0980
vn 0.9394 0.2873 0.1869
vn 0.9532 0.2873 0.0939
vn 0.5987 0.7988 -0.0590
vn 0.6016 0.7988 -0.0000
vn 0.5901 0.7988 -0.1174
vn 0.5559 0.7988 -0.2302
vn 0.5757 0.7988 -0.1746
vn 0.5003 0.7988 -0.3343
vn 0.5306 0.7988 -0.2836
vn 0.4254 0.7988 -0.4254
vn 0.4651 0.7988 -0.3817
vn 0.3343 0.7988 -0.5003
vn 0.3817 0.7988 -0.4651
vn 0.2836 0.7988 -0.5306
vn 0.2302 0.7988 -0.5558
vn 0.1746 0.7988 -0.5757
vn 0.1174 0.7988 -0.5901
vn 0.0590 0.7988 -0.5987
vn -0.0590 0.7988 -0.5988
vn -0.0000 0.7988 -0.6016
vn -0.1174 0.7988 -0.5901
vn -0.2302 0.7988 -0.5559
vn -0.1746 0.7988 -0.5757
vn -0.3343 0.7988 -0.5003
vn -0.2836 0.7988 -0.5306
vn -0.4254 0.7988 -0.4254
vn -0.3817 0.7988 -0.4651
vn -0.5003 0.7988 -0.3343
vn -0.4651 0.7988 -0.3817
vn -0.5306 0.7988 -0.2836
vn -0.5558 0.7988 -0.2302
vn -0.5757 0.7988 -0.1746
vn -0.5901 0.7988 -0.1174
vn -0.5987 0.7988 -0.0590
vn -0.5987 0.7988 0.0590
vn -0.6016 0.7988 -0.0000
vn -0.5901 0.7988 0.1174
vn -0.5559 0.7988 0.2302
vn -0.5757 0.7988 0.1746
vn -0.5003 0.7988 0.3343
vn -0.5306 0.7988 0.2836
vn -0.4254 0.7988 0.4254
vn -0.4651 0.7988 0.3817
vn -0.3343 0.7988 0.5003
vn -0.3817 0.7988 0.4651
vn -0.2836 0.7988 0.5306
vn -0.2302 0.7988 0.5558
vn -0.1746 0.7988 0.5757
vn -0.1174 0.7988 0.5901
vn -0.0590 0.7988 0.5987
vn 0.0590 0.7988 0.5988
vn -0.0000 0.7988 0.6016
vn 0.1174 0.7988 0.5901
vn 0.2302 0.7988 0.5559
vn 0.1746 0.7988 0.5757
vn 0.3343 0.7988 0.5003
vn 0.2836 0.7988 0.5306
vn 0.4254 0.7988 0.4254
vn 0.3817 0.7988 0.4651
vn 0.5003 0.7988 0.3343
vn 0.4651 0.7988 0.3817
vn 0.5306 0.7988 0.2836
vn 0.5558 0.7988 0.2302
vn 0.5757 0.7988 0.1746
vn 0.5901 0.7988 0.1174
vn 0.5987 0.7988 0.0590
vn 0.1489 0.9887 -0.0147
vn 0.1496 0.9887 -0.0000
vn 0.1468 0.9887 -0.0292
vn 0.1432 0.9887 -0.0434
vn 0.1383 0.9887 -0.0573
vn 0.1320 0.9887 -0.0705
vn 0.1244 0.9887 -0.0831
vn 0.1058 0.9887 -0.1058
vn 0.1157 0.9887 -0.0949
vn 0.0949 0.9887 -0.1157
vn 0.0705 0.9887 -0.1320
vn 0.0831 0.9887 -0.1244
vn 0.0573 0.9887 -0.1383
vn 0.0434 0.9887 -0.1432
vn 0.0292 0.9887 -0.1468
vn 0.0147 0.9887 -0.1489
vn -0.0147 0.9887 -0.1489
vn -0.0000 0.9887 -0.1496
vn -0.0292 0.9887 -0.1468
vn -0.0434 0.9887 -0.1432
vn -0.0573 0.9887 -0.1383
vn -0.0705 0.9887 -0.1320
vn -0.0831 0.9887 -0.1244
vn -0.1058 0.9887 -0.1058
vn -0.0949 0.9887 -0.1157
vn -0.1157 0.9887 -0.0949
vn -0.1320 0.9887 -0.0705
vn -0.1244 0.9887 -0.0831
vn -0.1383 0.9887 -0.0573
vn -0.1432 0.9887 -0.0434
vn -0.1468 0.9887 -0.0292
vn -0.1489 0.9887 -0.0147
vn -0.1489 0.9887 0.0147
vn -0.1496 0.9887 -0.0000
vn -0.1468 0.9887 0.0292
vn -0.1432 0.9887 0.0434
vn -0.1383 0.9887 0.0573
vn -0.1320 0.9887 0.0705
vn -0.1244 0.9887 0.0831
vn -0.1058 0.9887 0.1058
vn -0.1157 0.9887 0.0949
vn -0.0949 0.9887 0.1157
vn -0.0705 0.9887 0.1320
vn -0.0831 0.9887 0.1244
vn -0.0573 0.9887 0.1383
vn -0.0434 0.9887 0.1432
vn -0.0292 0.9887 0.1468
vn -0.0147 0.9887 0.1489
vn 0.0147 0.9887 0.1489
vn -0.0000 0.9887 0.1496
vn 0.0292 0.9887 0.1468
vn 0.0434 0.9887 0.1432
vn 0.0573 0.9887 0.1383
vn 0.0705 0.9887 0.1320
vn 0.0831 0.9887 0.1244
vn 0.1058 0.9887 0.1058
vn 0.0949 0.9887 0.1157
vn 0.1157 0.9887 0.0949
vn 0.1320 0.9887 0.0705
vn 0.1244 0.9887 0.0831
vn 0.1383 0.9887 0.0573
vn 0.1432 0.9887 0.0434
vn 0.1468 0.9887 0.0292
vn 0.1489 0.9887 0.0147
vn -0.0000 1.0000 -0.0000
vn 0.9914 -0.0000 -0.1305
vn 0.9659 -0.0000 -0.2588
vn 0.8660 -0.0000 -0.5000
vn 0.7934 -0.0000 -0.6088
vn 0.6088 -0.0000 -0.7934
vn 0.5000 -0.0000 -0.8660
vn 0.2588 -0.0000 -0.9659
vn 0.1305 -0.0000 -0.9914
vn -0.1305 -0.0000 -0.9914
vn -0.2588 -0.0000 -0.9659
vn -0.5000 -0.0000 -0.8660
vn -0.6088 -0.0000 -0.7934
vn -0.7934 -0.0000 -0.6088
vn -0.8660 -0.0000 -0.5000
vn -0.9659 -0.0000 -0.2588
vn -0.9914 -0.0000 -0.1305
vn -0.9914 -0.0000 0.1305
vn -0.9659 -0.0000 0.2588
vn -0.8660 -0.0000 0.5000
vn -0.7934 -0.0000 0.6088
vn -0.6088 -0.0000 0.7934
vn -0.5000 -0.0000 0.8660
vn -0.2588 -0.0000 0.9659
vn -0.1305 -0.0000 0.9914
vn 0.1305 -0.0000 0.9914
vn 0.2588 -0.0000 0.9659
vn 0.5000 -0.0000 0.8660
vn 0.6088 -0.0000 0.7934
vn 0.7934 -0.0000 0.6088
vn 0.8660 -0.0000 0.5000
vn 0.9659 -0.0000 0.2588
vn 0.9914 -0.0000 0.1305
vn 0.6000 0.8000 -0.0000
vn 0.3252 0.9447 -0.0428
vn 0.3280 0.9447 -0.0000
vn 0.5796 0.8000 -0.1553
vn 0.5949 0.8000 -0.0783
vn 0.5543 0.8000 -0.2296
vn 0.3168 0.9447 -0.0849
vn 0.5196 0.8000 -0.3000
vn 0.3030 0.9447 -0.1255
vn 0.4760 0.8000 -0.3653
vn 0.2840 0.9447 -0.1640
vn 0.4243 0.8000 -0.4243
vn 0.2602 0.9447 -0.1997
vn 0.3653 0.8000 -0.4760
vn 0.2319 0.9447 -0.2319
vn 0.3000 0.8000 -0.5196
vn 0.1997 0.9447 -0.2602
vn 0.2296 0.8000 -0.5543
vn 0.1640 0.9447 -0.2840
vn 0.1553 0.8000 -0.5796
vn 0.1255 0.9447 -0.3030
vn 0.0783 0.8000 -0.5949
vn 0.0849 0.9447 -0.3168
vn -0.0000 0.8000 -0.6000
vn 0.0428 0.9447 -0.3252
vn -0.0428 0.9447 -0.3252
vn -0.0000 0.9447 -0.3280
vn -0.1553 0.8000 -0.5796
vn -0.0783 0.8000 -0.5949
vn -0.2296 0.8000 -0.5543
vn -0.0849 0.9447 -0.3168
vn -0.3000 0.8000 -0.5196
vn -0.1255 0.9447 -0.3030
vn -0.3653 0.8000 -0.4760
vn -0.1640 0.9447 -0.2840
vn -0.4243 0.8000 -0.4243
vn -0.1997 0.9447 -0.2602
vn -0.4760 0.8000 -0.3653
vn -0.2319 0.9447 -0.2319
vn -0.5196 0.8000 -0.3000
vn -0.2602 0.9447 -0.1997
vn -0.5543 0.8000 -0.2296
vn -0.2840 0.9447 -0.1640
vn -0.5796 0.8000 -0.1553
vn -0.3030 0.9447 -0.1255
vn -0.5949 0.8000 -0.0783
vn -0.3168 0.9447 -0.0849
vn -0.6000 0.8000 -0.0000
vn -0.3252 0.9447 -0.0428
vn -0.3252 0.9447 0.0428
vn -0.3280 0.9447 -0.0000
vn -0.5796 0.8000 0.1553
vn -0.5949 0.8000 0.0783
vn -0.5543 0.8000 0.2296
vn -0.3168 0.9447 0.0849
vn -0.5196 0.8000 0.3000
vn -0.3030 0.9447 0.1255
vn -0.4760 0.8000 0.3653
vn -0.2840 0.9447 0.1640
vn -0.4243 0.8000 0.4243
vn -0.2602 0.9447 0.1997
vn -0.3653 0.8000 0.4760
vn -0.2319 0.9447 0.2319
vn -0.3000 0.8000 0.5196
vn -0.1997 0.9447 0.2602
vn -0.2296 0.8000 0.5543
vn -0.1640 0.9447 0.2840
vn -0.1553 0.8000 0.5796
vn -0.1255 0.9447 0.3030
vn -0.0783 0.8000 0.5949
vn -0.0849 0.9447 0.3168
vn -0.0000 0.8000 0.6000
vn -0.0428 0.9447 0.3252
vn 0.0428 0.9447 0.3252
vn -0.0000 0.9447 0.3280
vn 0.1553 0.8000 0.5796
vn 0.0783 0.8000 0.5949
vn 0.2296 0.8000 0.5543
vn 0.0849 0.9447 0.3168
vn 0.3000 0.8000 0.5196
vn 0.1255 0.9447 0.3030
vn 0.3653 0.8000 0.4760
vn 0.1640 0.9447 0.2840
vn 0.4243 0.8000 0.4243
vn 0.1997 0.9447 0.2602
vn 0.4760 0.8000 0.3653
vn 0.2319 0.9447 0.2319
vn 0.5196 0.8000 0.3000
vn 0.2602 0.9447 0.1997
vn 0.5543 0.8000 0.2296
vn 0.2840 0.9447 0.1640
vn 0.5796 0.8000 0.1553
vn 0.3030 0.9447 0.1255
vn 0.5949 0.8000 0.0783
vn 0.3168 0.9447 0.0849
vn 0.3252 0.9447 0.0428
vn -0.0000 -0.3090 -0.9511
vn -0.0000 -0.5878 -0.8090
vn -0.0000 -0.8090 -0.5878
vn -0.0000 -0.9511 -0.3090
vn -0.0000 -0.9511 0.3090
vn -0.0000 -0.8090 0.5878
vn -0.0000 -0.5878 0.8090
vn -0.0000 -0.3090 0.9511
vn -0.0000 0.3090 0.9511
vn -0.0000 0.5878 0.8090
vn -0.0000 0.8090 0.5878
vn -0.0000 0.9511 0.3090
vn -0.0000 0.9511 -0.3090
vn -0.0000 0.8090 -0.5878
vn -0.0000 0.5878 -0.8090
vn -0.0000 0.3090 -0.9511
vn -0.0000 -0.3827 -0.9239
vn -0.0000 -0.9239 -0.3827
vn -0.0000 -0.9239 0.3827
vn -0.0000 -0.3827 0.9239
vn -0.0000 0.3827 0.9239
vn -0.0000 0.7071 0.7071
vn -0.0000 0.9239 0.3827
vn -0.0000 0.9239 -0.3827
vn -0.0000 0.7071 -0.7071
vn -0.0000 0.3827 -0.9239
vt 0.254512 0.254512
vt 0.156905 0.048139
vt 0.177603 0.039566
vt 0.137147 0.058700
vt 0.118519 0.071147
vt 0.101201 0.085359
vt 0.085359 0.101201
vt 0.071147 0.118519
vt 0.058700 0.137147
vt 0.048139 0.156905
vt 0.039566 0.177603
vt 0.033062 0.199042
vt 0.028691 0.221015
vt 0.026496 0.243310
vt 0.026496 0.265714
vt 0.028692 0.288009
vt 0.033062 0.309982
vt 0.039566 0.331421
vt 0.048139 0.352119
vt 0.058700 0.371877
vt 0.071147 0.390505
vt 0.085359 0.407823
vt 0.101201 0.423665
vt 0.118519 0.437878
vt 0.137147 0.450324
vt 0.156905 0.460885
vt 0.177603 0.469459
vt 0.199042 0.475962
vt 0.221015 0.480333
vt 0.243310 0.482529
vt 0.265714 0.482529
vt 0.288009 0.480333
vt 0.309982 0.475962
vt 0.331421 0.469459
vt 0.352119 0.460885
vt 0.371877 0.450324
vt 0.390505 0.437878
vt 0.407823 0.423665
vt 0.423665 0.407823
vt 0.437878 0.390505
vt 0.450324 0.371877
vt 0.460885 0.352119
vt 0.469459 0.331421
vt 0.475962 0.309982
vt 0.480333 0.288009
vt 0.482529 0.265714
vt 0.482529 0.243310
vt 0.480333 0.221015
vt 0.475962 0.199042
vt 0.469459 0.177603
vt 0.460885 0.156905
vt 0.450324 0.137147
vt 0.437877 0.118519
vt 0.423665 0.101201
vt 0.407823 0.085359
vt 0.390505 0.071147
vt 0.371877 0.058700
vt 0.352119 0.048139
vt 0.331421 0.039566
vt 0.309982 0.033062
vt 0.288009 0.028692
vt 0.265714 0.026496
vt 0.243310 0.026496
vt 0.221015 0.028692
vt 0.199042 0.033062
vt 0.171367 0.022138
vt 0.148991 0.031406
vt 0.127631 0.042823
vt 0.107492 0.056279
vt 0.088770 0.071644
vt 0.071644 0.088770
vt 0.056279 0.107493
vt 0.042823 0.127631
vt 0.031406 0.148991
vt 0.022137 0.171367
vt 0.010382 0.218299
vt 0.015107 0.194544
vt 0.008008 0.242402
vt 0.008008 0.266622
vt 0.015107 0.314480
vt 0.010382 0.290725
vt 0.022138 0.337657
vt 0.031406 0.360033
vt 0.042823 0.381394
vt 0.056279 0.401532
vt 0.071644 0.420254
vt 0.088770 0.437380
vt 0.107493 0.452745
vt 0.127631 0.466201
vt 0.148991 0.477618
vt 0.171367 0.486887
vt 0.218299 0.498642
vt 0.194544 0.493917
vt 0.242402 0.501016
vt 0.266622 0.501016
vt 0.792189 0.636819
vt 0.773679 0.659711
vt 0.773679 0.635497
vt 0.314480 0.493917
vt 0.337657 0.486887
vt 0.360033 0.477618
vt 0.381394 0.466201
vt 0.401532 0.452745
vt 0.420254 0.437380
vt 0.437380 0.420254
vt 0.452745 0.401532
vt 0.466201 0.381393
vt 0.477618 0.360033
vt 0.486887 0.337657
vt 0.498642 0.290725
vt 0.493917 0.314480
vt 0.501016 0.266622
vt 0.501016 0.242402
vt 0.646603 0.656826
vt 0.628093 0.680694
vt 0.628093 0.656485
vt 0.493917 0.194544
vt 0.486887 0.171367
vt 0.477618 0.148991
vt 0.466201 0.127631
vt 0.452745 0.107492
vt 0.437380 0.088770
vt 0.420254 0.071644
vt 0.401532 0.056279
vt 0.381393 0.042823
vt 0.360033 0.031406
vt 0.337657 0.022137
vt 0.290725 0.010382
vt 0.314480 0.015107
vt 0.266622 0.008008
vt 0.242402 0.008008
vt 0.194544 0.015107
vt 0.218299 0.010382
vt 0.865754 0.222979
vt 0.773203 0.198788
vt 0.865754 0.198788
vt 0.865754 0.246937
vt 0.773203 0.222979
vt 0.865754 0.270431
vt 0.773203 0.246937
vt 0.865754 0.293235
vt 0.773203 0.270431
vt 0.865754 0.315129
vt 0.773203 0.293235
vt 0.865754 0.335904
vt 0.773203 0.315129
vt 0.865754 0.355357
vt 0.773203 0.335904
vt 0.865754 0.373303
vt 0.773203 0.355357
vt 0.919266 0.501276
vt 0.826715 0.483331
vt 0.919266 0.483331
vt 0.919266 0.520730
vt 0.826715 0.501276
vt 0.919266 0.541504
vt 0.826715 0.520730
vt 0.919266 0.563399
vt 0.826715 0.541504
vt 0.919266 0.586203
vt 0.826715 0.563399
vt 0.919266 0.609697
vt 0.826715 0.586203
vt 0.919266 0.633655
vt 0.826715 0.609697
vt 0.919266 0.657846
vt 0.826715 0.633655
vt 0.919266 0.682037
vt 0.826715 0.657846
vt 0.919266 0.705994
vt 0.826715 0.682036
vt 0.919266 0.729488
vt 0.826715 0.705994
vt 0.919266 0.752293
vt 0.826715 0.729488
vt 0.919266 0.774187
vt 0.826715 0.752293
vt 0.919266 0.794961
vt 0.826715 0.774187
vt 0.919266 0.814415
vt 0.826715 0.794961
vt 0.773679 0.501704
vt 0.681129 0.483331
vt 0.773679 0.483331
vt 0.773679 0.521535
vt 0.681129 0.501704
vt 0.773679 0.542634
vt 0.681129 0.521535
vt 0.773679 0.564797
vt 0.681129 0.542634
vt 0.773679 0.587810
vt 0.681129 0.564797
vt 0.773679 0.611453
vt 0.681129 0.587810
vt 0.681129 0.611453
vt 0.681129 0.635497
vt 0.773679 0.683861
vt 0.681129 0.659711
vt 0.773679 0.707716
vt 0.681129 0.683861
vt 0.773679 0.731045
vt 0.681129 0.707716
vt 0.773679 0.753623
vt 0.681129 0.731045
vt 0.773679 0.775234
vt 0.681129 0.753623
vt 0.773679 0.795669
vt 0.681129 0.775234
vt 0.773679 0.814731
vt 0.681129 0.795669
vt 0.628093 0.500974
vt 0.535542 0.483331
vt 0.628093 0.483331
vt 0.628093 0.520159
vt 0.535542 0.500974
vt 0.628093 0.540700
vt 0.535542 0.520159
vt 0.628093 0.562400
vt 0.535542 0.540700
vt 0.628093 0.585050
vt 0.535542 0.562400
vt 0.628093 0.608432
vt 0.535542 0.585050
vt 0.628093 0.632320
vt 0.535542 0.608432
vt 0.535542 0.632320
vt 0.535542 0.656485
vt 0.628093 0.704713
vt 0.535542 0.680694
vt 0.628093 0.728311
vt 0.535542 0.704713
vt 0.628093 0.751262
vt 0.535542 0.728311
vt 0.628093 0.773343
vt 0.535542 0.751262
vt 0.628093 0.794343
vt 0.535542 0.773343
vt 0.628093 0.814059
vt 0.535542 0.794343
vt 0.628093 0.832302
vt 0.535542 0.814059
vt 0.628093 0.848894
vt 0.535542 0.832302
vt 0.865754 0.024273
vt 0.773204 0.008008
vt 0.865754 0.008008
vt 0.865754 0.042219
vt 0.773204 0.024273
vt 0.865754 0.061672
vt 0.773204 0.042219
vt 0.865754 0.082447
vt 0.773204 0.061672
vt 0.865754 0.104341
vt 0.773204 0.082447
vt 0.865754 0.127145
vt 0.773204 0.104341
vt 0.865754 0.150639
vt 0.773203 0.127145
vt 0.865754 0.174597
vt 0.773203 0.150639
vt 0.773203 0.174597
vt 0.754693 0.221769
vt 0.754693 0.198788
vt 0.754693 0.244529
vt 0.754693 0.288513
vt 0.754693 0.266849
vt 0.754693 0.329048
vt 0.754693 0.309312
vt 0.754693 0.364577
vt 0.754693 0.347529
vt 0.808205 0.492056
vt 0.808205 0.527586
vt 0.808205 0.509105
vt 0.808205 0.547321
vt 0.808205 0.568121
vt 0.808205 0.589785
vt 0.808205 0.612105
vt 0.808205 0.634864
vt 0.808205 0.680827
vt 0.808205 0.657846
vt 0.808205 0.703587
vt 0.808205 0.747570
vt 0.808205 0.725906
vt 0.808205 0.788106
vt 0.808205 0.768370
vt 0.826715 0.814415
vt 0.662618 0.509275
vt 0.662618 0.491821
vt 0.662618 0.548159
vt 0.662618 0.528115
vt 0.662618 0.569213
vt 0.662618 0.591076
vt 0.662618 0.613537
vt 0.662618 0.636379
vt 0.662618 0.659382
vt 0.662618 0.704987
vt 0.662618 0.682325
vt 0.662618 0.727149
vt 0.662618 0.769129
vt 0.662618 0.748599
vt 0.662618 0.806651
vt 0.662618 0.788542
vt 0.517032 0.492216
vt 0.517032 0.527202
vt 0.517032 0.508977
vt 0.517032 0.567331
vt 0.517032 0.546716
vt 0.517032 0.588849
vt 0.517032 0.611062
vt 0.517032 0.633756
vt 0.517032 0.656712
vt 0.517032 0.679710
vt 0.517032 0.724947
vt 0.517032 0.702529
vt 0.517032 0.746750
vt 0.517032 0.787678
vt 0.517032 0.767728
vt 0.517032 0.823738
vt 0.517032 0.806408
vt 0.535542 0.848894
vt 0.754693 0.032999
vt 0.754693 0.017547
vt 0.754693 0.068528
vt 0.754693 0.050047
vt 0.754693 0.088264
vt 0.754693 0.109063
vt 0.754693 0.130727
vt 0.754693 0.153047
vt 0.754693 0.175807
vt 0.342432 0.963162
vt 0.310781 0.942920
vt 0.329242 0.935274
vt 0.299156 0.978646
vt 0.321175 0.971967
vt 0.276589 0.983135
vt 0.291660 0.948721
vt 0.253691 0.985390
vt 0.272063 0.952619
vt 0.230682 0.985390
vt 0.252178 0.954577
vt 0.207784 0.983135
vt 0.232196 0.954577
vt 0.185217 0.978646
vt 0.212311 0.952619
vt 0.173592 0.942920
vt 0.192713 0.948721
vt 0.141942 0.963162
vt 0.163199 0.971967
vt 0.121650 0.952316
vt 0.155132 0.935274
vt 0.120896 0.914753
vt 0.137510 0.925854
vt 0.102518 0.939532
vt 0.105450 0.902077
vt 0.084732 0.924936
vt 0.091321 0.887948
vt 0.053866 0.890880
vt 0.068462 0.908666
vt 0.041082 0.871748
vt 0.078645 0.872502
vt 0.030236 0.851456
vt 0.067544 0.855888
vt 0.050478 0.819806
vt 0.058124 0.838266
vt 0.014752 0.808181
vt 0.021431 0.830199
vt 0.010263 0.785614
vt 0.044677 0.800685
vt 0.008008 0.762716
vt 0.040779 0.781087
vt 0.008008 0.739707
vt 0.038821 0.761202
vt 0.010263 0.716808
vt 0.038821 0.741220
vt 0.014752 0.694242
vt 0.040779 0.721335
vt 0.050478 0.682617
vt 0.044678 0.701738
vt 0.030236 0.650966
vt 0.021431 0.672223
vt 0.041083 0.630674
vt 0.058124 0.664156
vt 0.078645 0.629920
vt 0.067544 0.646534
vt 0.053866 0.611543
vt 0.091321 0.614474
vt 0.068462 0.593756
vt 0.105450 0.600345
vt 0.102518 0.562890
vt 0.084732 0.577487
vt 0.121650 0.550107
vt 0.120896 0.587669
vt 0.141942 0.539260
vt 0.137510 0.576568
vt 0.173592 0.559502
vt 0.155132 0.567149
vt 0.185217 0.523776
vt 0.163199 0.530455
vt 0.207784 0.519287
vt 0.192713 0.553702
vt 0.230682 0.517032
vt 0.212311 0.549804
vt 0.253691 0.517032
vt 0.232196 0.547845
vt 0.276590 0.519287
vt 0.252178 0.547845
vt 0.299156 0.523776
vt 0.272063 0.549804
vt 0.310781 0.559502
vt 0.291660 0.553702
vt 0.342432 0.539260
vt 0.321175 0.530455
vt 0.362724 0.550107
vt 0.329242 0.567149
vt 0.363478 0.587669
vt 0.346864 0.576568
vt 0.381855 0.562890
vt 0.378924 0.600345
vt 0.399642 0.577487
vt 0.393053 0.614474
vt 0.430508 0.611543
vt 0.415911 0.593756
vt 0.443291 0.630674
vt 0.405729 0.629920
vt 0.454138 0.650966
vt 0.416830 0.646534
vt 0.433896 0.682617
vt 0.426249 0.664156
vt 0.469622 0.694242
vt 0.462943 0.672223
vt 0.474111 0.716808
vt 0.439696 0.701738
vt 0.476366 0.739707
vt 0.443594 0.721335
vt 0.476366 0.762716
vt 0.445553 0.741220
vt 0.474111 0.785614
vt 0.445553 0.761202
vt 0.469622 0.808181
vt 0.443594 0.781087
vt 0.433896 0.819806
vt 0.439696 0.800685
vt 0.454138 0.851456
vt 0.462943 0.830199
vt 0.443291 0.871748
vt 0.426249 0.838266
vt 0.405729 0.872502
vt 0.416830 0.855888
vt 0.430508 0.890880
vt 0.393053 0.887948
vt 0.415911 0.908666
vt 0.378924 0.902077
vt 0.381855 0.939532
vt 0.399642 0.924936
vt 0.362724 0.952316
vt 0.363478 0.914753
vt 0.346864 0.925854
vt 0.283759 0.867398
vt 0.294948 0.862764
vt 0.272171 0.870914
vt 0.260294 0.873276
vt 0.248242 0.874463
vt 0.236132 0.874463
vt 0.224080 0.873276
vt 0.212203 0.870914
vt 0.200614 0.867398
vt 0.178746 0.857056
vt 0.189426 0.862764
vt 0.168677 0.850328
vt 0.159316 0.842645
vt 0.150753 0.834082
vt 0.143070 0.824721
vt 0.136342 0.814652
vt 0.126000 0.792784
vt 0.130634 0.803972
vt 0.122484 0.781195
vt 0.120122 0.769318
vt 0.118935 0.757266
vt 0.118935 0.745156
vt 0.120122 0.733104
vt 0.122484 0.721227
vt 0.126000 0.709639
vt 0.136342 0.687770
vt 0.130634 0.698450
vt 0.143070 0.677701
vt 0.150753 0.668340
vt 0.159316 0.659777
vt 0.168677 0.652095
vt 0.178746 0.645367
vt 0.200614 0.635024
vt 0.189426 0.639658
vt 0.212203 0.631508
vt 0.224080 0.629146
vt 0.236132 0.627959
vt 0.248242 0.627959
vt 0.260294 0.629146
vt 0.272171 0.631508
vt 0.283759 0.635024
vt 0.305628 0.645367
vt 0.294948 0.639658
vt 0.315697 0.652095
vt 0.325058 0.659777
vt 0.333621 0.668340
vt 0.341303 0.677701
vt 0.348031 0.687770
vt 0.358374 0.709639
vt 0.353740 0.698451
vt 0.361890 0.721227
vt 0.364252 0.733104
vt 0.365439 0.745156
vt 0.365439 0.757266
vt 0.364252 0.769318
vt 0.361890 0.781195
vt 0.358374 0.792784
vt 0.348031 0.814652
vt 0.353740 0.803972
vt 0.341303 0.824721
vt 0.333621 0.834082
vt 0.325058 0.842645
vt 0.315697 0.850328
vt 0.305628 0.857056
vt 0.242187 0.751211
vt 0.627855 0.118831
vt 0.606188 0.009904
vt 0.620591 0.008008
vt 0.592156 0.013664
vt 0.578734 0.019223
vt 0.566153 0.026487
vt 0.554628 0.035331
vt 0.544355 0.045603
vt 0.535511 0.057129
vt 0.528248 0.069710
vt 0.522688 0.083131
vt 0.518928 0.097164
vt 0.517032 0.111567
vt 0.517032 0.126094
vt 0.518928 0.140498
vt 0.522688 0.154530
vt 0.528248 0.167952
vt 0.535511 0.180533
vt 0.544355 0.192058
vt 0.554628 0.202331
vt 0.566153 0.211174
vt 0.578734 0.218438
vt 0.592156 0.223997
vt 0.606188 0.227757
vt 0.620591 0.229654
vt 0.635119 0.229654
vt 0.649522 0.227757
vt 0.663554 0.223997
vt 0.676976 0.218438
vt 0.689557 0.211174
vt 0.701082 0.202331
vt 0.711355 0.192058
vt 0.720199 0.180533
vt 0.727462 0.167952
vt 0.733022 0.154530
vt 0.736782 0.140498
vt 0.738678 0.126094
vt 0.738678 0.111567
vt 0.736782 0.097164
vt 0.733022 0.083131
vt 0.727462 0.069710
vt 0.720199 0.057129
vt 0.711355 0.045603
vt 0.701082 0.035331
vt 0.689557 0.026487
vt 0.676976 0.019223
vt 0.663554 0.013664
vt 0.649522 0.009904
vt 0.635119 0.008008
vt 0.897195 0.110615
vt 0.881770 0.096118
vt 0.897195 0.096118
vt 0.897195 0.124863
vt 0.881770 0.110615
vt 0.897195 0.138619
vt 0.881770 0.124863
vt 0.897195 0.151649
vt 0.881770 0.138619
vt 0.897195 0.163728
vt 0.881770 0.151649
vt 0.897195 0.174650
vt 0.881770 0.163728
vt 0.897195 0.227162
vt 0.881770 0.216240
vt 0.897195 0.216240
vt 0.897195 0.239241
vt 0.881770 0.227162
vt 0.897195 0.252270
vt 0.881770 0.239241
vt 0.897195 0.266027
vt 0.881770 0.252270
vt 0.897195 0.280275
vt 0.881770 0.266027
vt 0.897195 0.294771
vt 0.881770 0.280275
vt 0.897195 0.309268
vt 0.881770 0.294771
vt 0.897195 0.323516
vt 0.881770 0.309268
vt 0.897195 0.337272
vt 0.881770 0.323516
vt 0.897195 0.350302
vt 0.881770 0.337272
vt 0.897195 0.362381
vt 0.881770 0.350302
vt 0.897195 0.373303
vt 0.881770 0.362381
vt 0.928635 0.239136
vt 0.913210 0.227106
vt 0.928635 0.227106
vt 0.928635 0.252126
vt 0.913210 0.239136
vt 0.928635 0.265854
vt 0.913210 0.252126
vt 0.928635 0.280085
vt 0.913210 0.265854
vt 0.928635 0.294576
vt 0.913210 0.280085
vt 0.928635 0.309077
vt 0.913210 0.294576
vt 0.928635 0.323343
vt 0.913210 0.309077
vt 0.928635 0.337127
vt 0.913210 0.323343
vt 0.928635 0.350195
vt 0.913210 0.337127
vt 0.928635 0.362323
vt 0.913210 0.350195
vt 0.928635 0.373303
vt 0.913210 0.362323
vt 0.928635 0.019368
vt 0.913210 0.008008
vt 0.928635 0.008008
vt 0.928635 0.031814
vt 0.913210 0.019368
vt 0.928635 0.045131
vt 0.913210 0.031814
vt 0.928635 0.059091
vt 0.913210 0.045131
vt 0.928635 0.073457
vt 0.913210 0.059091
vt 0.928635 0.087982
vt 0.913210 0.073457
vt 0.928635 0.102418
vt 0.913210 0.087982
vt 0.928635 0.116517
vt 0.913210 0.102418
vt 0.928635 0.130039
vt 0.913210 0.116517
vt 0.928635 0.142752
vt 0.913210 0.130039
vt 0.928635 0.154438
vt 0.913210 0.142752
vt 0.928635 0.164898
vt 0.913210 0.154438
vt 0.897195 0.017586
vt 0.881770 0.008008
vt 0.897195 0.008008
vt 0.897195 0.028509
vt 0.881770 0.017586
vt 0.897195 0.040588
vt 0.881770 0.028509
vt 0.897195 0.053617
vt 0.881770 0.040588
vt 0.897195 0.067374
vt 0.881770 0.053617
vt 0.897195 0.081622
vt 0.881770 0.067374
vt 0.881770 0.081622
vt 0.635119 0.467315
vt 0.621398 0.455001
vt 0.634312 0.455001
vt 0.606188 0.465419
vt 0.620591 0.467315
vt 0.592156 0.461659
vt 0.608596 0.453316
vt 0.578734 0.456099
vt 0.596122 0.449974
vt 0.566153 0.448836
vt 0.584192 0.445032
vt 0.554628 0.439992
vt 0.573009 0.438575
vt 0.544355 0.429720
vt 0.562764 0.430714
vt 0.535511 0.418194
vt 0.553633 0.421583
vt 0.528248 0.405613
vt 0.545772 0.411338
vt 0.522688 0.392191
vt 0.539315 0.400155
vt 0.518928 0.378159
vt 0.534373 0.388225
vt 0.517032 0.363756
vt 0.531031 0.375752
vt 0.529346 0.350035
vt 0.529346 0.362949
vt 0.518928 0.334825
vt 0.517032 0.349228
vt 0.522688 0.320793
vt 0.531031 0.337233
vt 0.528248 0.307371
vt 0.534373 0.324759
vt 0.535511 0.294790
vt 0.539315 0.312829
vt 0.544355 0.283265
vt 0.545772 0.301646
vt 0.554628 0.272992
vt 0.553633 0.291401
vt 0.566153 0.264149
vt 0.562764 0.282270
vt 0.578734 0.256885
vt 0.573009 0.274409
vt 0.592156 0.251325
vt 0.584192 0.267952
vt 0.606188 0.247565
vt 0.596122 0.263011
vt 0.620591 0.245669
vt 0.608596 0.259668
vt 0.634312 0.257983
vt 0.621398 0.257983
vt 0.649522 0.247565
vt 0.635119 0.245669
vt 0.663554 0.251325
vt 0.647114 0.259668
vt 0.676976 0.256885
vt 0.659588 0.263011
vt 0.689557 0.264149
vt 0.671518 0.267952
vt 0.701082 0.272992
vt 0.682701 0.274409
vt 0.711355 0.283265
vt 0.692946 0.282270
vt 0.720199 0.294790
vt 0.702077 0.291401
vt 0.727462 0.307371
vt 0.709938 0.301646
vt 0.733022 0.320793
vt 0.716395 0.312829
vt 0.736782 0.334825
vt 0.721337 0.324759
vt 0.738678 0.349228
vt 0.724679 0.337233
vt 0.726364 0.362949
vt 0.726364 0.350036
vt 0.736782 0.378159
vt 0.738678 0.363756
vt 0.733022 0.392191
vt 0.724679 0.375752
vt 0.727462 0.405613
vt 0.721337 0.388225
vt 0.720199 0.418194
vt 0.716395 0.400155
vt 0.711355 0.429720
vt 0.709938 0.411338
vt 0.701082 0.439992
vt 0.702077 0.421583
vt 0.689557 0.448836
vt 0.692946 0.430714
vt 0.676976 0.456100
vt 0.682701 0.438575
vt 0.663554 0.461659
vt 0.671518 0.445032
vt 0.649522 0.465419
vt 0.659588 0.449974
vt 0.647114 0.453316
vt 0.627855 0.356492
vt 0.723367 0.964768
vt 0.731079 0.955585
vt 0.731079 0.964768
vt 0.493304 0.566392
vt 0.501016 0.517032
vt 0.501016 0.566392
vt 0.881770 0.199921
vt 0.889482 0.190665
vt 0.889482 0.199921
vt 0.944651 0.275687
vt 0.952363 0.227106
vt 0.952363 0.275687
vt 0.779735 0.880107
vt 0.770480 0.830746
vt 0.779735 0.830746
vt 0.905256 0.444176
vt 0.896001 0.394815
vt 0.905256 0.394815
vt 0.970271 0.449314
vt 0.977647 0.457027
vt 0.970271 0.457027
vt 0.960552 0.526078
vt 0.968264 0.483331
vt 0.968264 0.526078
vt 0.772022 0.969513
vt 0.779735 0.961498
vt 0.779735 0.969513
vt 0.970271 0.433299
vt 0.977983 0.395595
vt 0.977983 0.433299
vt 0.944536 0.483331
vt 0.935281 0.532691
vt 0.935281 0.483331
vt 0.517032 0.864910
vt 0.526287 0.914270
vt 0.517032 0.914270
vt 0.698096 0.965770
vt 0.705809 0.957063
vt 0.705809 0.965770
vt 0.586566 0.962722
vt 0.594278 0.917234
vt 0.594278 0.962722
vt 0.748294 0.969513
vt 0.756007 0.961498
vt 0.756007 0.969513
vt 0.960552 0.663443
vt 0.968264 0.620695
vt 0.968264 0.663443
vt 0.925321 0.830431
vt 0.916066 0.879791
vt 0.916066 0.830431
vt 0.935281 0.548707
vt 0.944536 0.598067
vt 0.935281 0.598067
vt 0.831933 0.965856
vt 0.839645 0.956747
vt 0.839645 0.965856
vt 0.493304 0.827512
vt 0.501016 0.778535
vt 0.501016 0.827512
vt 0.905498 0.199921
vt 0.913210 0.190665
vt 0.913210 0.199921
vt 0.493304 0.631768
vt 0.501016 0.582408
vt 0.501016 0.631768
vt 0.944536 0.663443
vt 0.935281 0.614082
vt 0.944536 0.614082
vt 0.935281 0.679458
vt 0.944536 0.728819
vt 0.935281 0.728819
vt 0.867411 0.889636
vt 0.874480 0.897349
vt 0.867411 0.897349
vt 0.969922 0.363284
vt 0.977634 0.323943
vt 0.977634 0.363284
vt 0.965065 0.969197
vt 0.972777 0.961182
vt 0.972777 0.969197
vt 0.960552 0.598067
vt 0.968264 0.555319
vt 0.968264 0.598067
vt 0.944536 0.744834
vt 0.935281 0.794194
vt 0.935281 0.744834
vt 0.916066 0.895806
vt 0.925321 0.945167
vt 0.916066 0.945167
vt 0.941337 0.969197
vt 0.949049 0.961182
vt 0.949049 0.969197
vt 0.493304 0.954960
vt 0.501016 0.908519
vt 0.501016 0.954960
vt 0.621759 0.967956
vt 0.629471 0.959427
vt 0.629471 0.967956
vt 0.966607 0.938554
vt 0.974320 0.895806
vt 0.974320 0.938554
vt 0.779735 0.945483
vt 0.770480 0.896122
vt 0.779735 0.896122
vt 0.941337 0.945167
vt 0.950592 0.895806
vt 0.950592 0.945167
vt 0.944651 0.300958
vt 0.952363 0.291703
vt 0.952363 0.300958
vt 0.946542 0.444176
vt 0.954255 0.395595
vt 0.954255 0.444176
vt 0.808205 0.965930
vt 0.815917 0.956747
vt 0.815917 0.965930
vt 0.493304 0.697144
vt 0.501016 0.647784
vt 0.501016 0.697144
vt 0.705809 0.941047
vt 0.696554 0.891687
vt 0.705809 0.891687
vt 0.680538 0.941047
vt 0.671283 0.891687
vt 0.680538 0.891687
vt 0.969921 0.202132
vt 0.977634 0.194117
vt 0.977634 0.202132
vt 0.984280 0.663443
vt 0.991992 0.625739
vt 0.991992 0.663443
vt 0.493640 0.970975
vt 0.501016 0.978688
vt 0.493640 0.978688
vt 0.966607 0.879791
vt 0.974320 0.837044
vt 0.974320 0.879791
vt 0.944651 0.138760
vt 0.953906 0.188120
vt 0.944651 0.188120
vt 0.953906 0.373303
vt 0.944651 0.323943
vt 0.953906 0.323943
vt 0.917608 0.969197
vt 0.925321 0.961182
vt 0.925321 0.969197
vt 0.968379 0.269854
vt 0.976092 0.227106
vt 0.976092 0.269854
vt 0.672826 0.965770
vt 0.680538 0.957063
vt 0.680538 0.965770
vt 0.562838 0.962722
vt 0.570550 0.917234
vt 0.570550 0.962722
vt 0.921272 0.444176
vt 0.930527 0.394815
vt 0.930527 0.444176
vt 0.900051 0.938997
vt 0.890795 0.889636
vt 0.900051 0.889636
vt 0.890795 0.964267
vt 0.898508 0.955012
vt 0.898508 0.964267
vt 0.493304 0.762520
vt 0.501016 0.713160
vt 0.501016 0.762520
vt 0.855661 0.965856
vt 0.863374 0.956747
vt 0.863374 0.965856
vt 0.493304 0.892503
vt 0.501016 0.843527
vt 0.501016 0.892503
vt 0.941337 0.830431
vt 0.950592 0.879791
vt 0.941337 0.879791
vt 0.953906 0.057368
vt 0.944651 0.008008
vt 0.953906 0.008008
vt 0.968379 0.293884
vt 0.976092 0.285869
vt 0.976092 0.293884
vt 0.969921 0.116131
vt 0.977634 0.073384
vt 0.977634 0.116131
vt 0.747395 0.890209
vt 0.754464 0.897921
vt 0.747395 0.897921
vt 0.969922 0.178101
vt 0.977634 0.138759
vt 0.977634 0.178101
vt 0.721824 0.890209
vt 0.731079 0.939569
vt 0.721824 0.939569
vt 0.817460 0.891371
vt 0.808205 0.940732
vt 0.808205 0.891371
vt 0.960552 0.795556
vt 0.968264 0.787027
vt 0.968264 0.795556
vt 0.969921 0.057368
vt 0.977634 0.014621
vt 0.977634 0.057368
vt 0.966607 0.821028
vt 0.974320 0.813013
vt 0.974320 0.821028
vt 0.645487 0.963675
vt 0.653199 0.917234
vt 0.653199 0.963675
vt 0.944651 0.122744
vt 0.953906 0.073384
vt 0.953906 0.122744
vt 0.851395 0.940732
vt 0.842140 0.891371
vt 0.851395 0.891371
vt 0.883731 0.830431
vt 0.892310 0.873621
vt 0.883731 0.873621
vt 0.892310 0.830431
vt 0.900050 0.873621
vt 0.808205 0.875356
vt 0.851395 0.869213
vt 0.851395 0.875356
vt 0.808205 0.869213
vt 0.851395 0.861473
vt 0.808205 0.861473
vt 0.851395 0.852893
vt 0.808205 0.852893
vt 0.851395 0.844313
vt 0.808205 0.844313
vt 0.851395 0.836573
vt 0.808205 0.836573
vt 0.851395 0.830431
vt 0.754464 0.873255
vt 0.746724 0.831445
vt 0.754464 0.830746
vt 0.746724 0.873953
vt 0.738144 0.831685
vt 0.738144 0.874193
vt 0.729564 0.831445
vt 0.729564 0.873953
vt 0.721824 0.830746
vt 0.705809 0.830746
vt 0.662618 0.836889
vt 0.662618 0.830746
vt 0.705809 0.836889
vt 0.662618 0.844629
vt 0.705809 0.844629
vt 0.662618 0.853209
vt 0.705809 0.853209
vt 0.662618 0.861789
vt 0.705809 0.861789
vt 0.662618 0.869529
vt 0.705809 0.869529
vt 0.662618 0.875671
vt 0.777773 0.389319
vt 0.801750 0.436375
vt 0.769512 0.441481
vt 0.867411 0.830431
vt 0.875151 0.873621
vt 0.867411 0.873621
vt 0.875151 0.830431
vt 0.833287 0.436423
vt 0.857081 0.389319
vt 0.879986 0.412339
vt 0.979062 0.692547
vt 0.960552 0.699630
vt 0.960552 0.692547
vt 0.979062 0.699630
vt 0.960552 0.705635
vt 0.517032 0.956463
vt 0.535542 0.950458
vt 0.535542 0.956463
vt 0.517032 0.950458
vt 0.535542 0.943375
vt 0.517032 0.943375
vt 0.535542 0.936291
vt 0.517032 0.936291
vt 0.535542 0.930286
vt 0.611254 0.943412
vt 0.628761 0.937407
vt 0.629471 0.943412
vt 0.610543 0.937407
vt 0.628512 0.930323
vt 0.610294 0.930323
vt 0.628761 0.923240
vt 0.610543 0.923240
vt 0.629471 0.917234
vt 0.979062 0.744834
vt 0.960552 0.750839
vt 0.960552 0.744834
vt 0.979062 0.750839
vt 0.960552 0.757923
vt 0.979062 0.757923
vt 0.960552 0.765006
vt 0.979062 0.765006
vt 0.960552 0.771011
vt 0.646603 0.886676
vt 0.624837 0.901219
vt 0.610294 0.879453
vt 0.979062 0.679458
vt 0.960552 0.685463
vt 0.960552 0.679458
vt 0.979062 0.685463
vt 0.560985 0.893305
vt 0.566053 0.867653
vt 0.591535 0.872835
vt 0.290725 0.498642
vt 0.792189 0.659217
vt 0.498642 0.218299
vt 0.646603 0.679219
vt 0.773203 0.373303
vt 0.681129 0.814731
vt 0.808205 0.806587
vt 0.517032 0.839501
vt 0.881770 0.174650
vt 0.881770 0.373303
vt 0.913210 0.373303
vt 0.913210 0.164898
vt 0.723367 0.955585
vt 0.493304 0.517032
vt 0.881770 0.190665
vt 0.944651 0.227106
vt 0.770480 0.880107
vt 0.896001 0.444176
vt 0.977647 0.449314
vt 0.960552 0.483331
vt 0.772022 0.961498
vt 0.970271 0.395595
vt 0.944536 0.532691
vt 0.526287 0.864910
vt 0.698096 0.957063
vt 0.586566 0.917234
vt 0.748294 0.961498
vt 0.960552 0.620695
vt 0.925321 0.879791
vt 0.944536 0.548707
vt 0.831933 0.956747
vt 0.493304 0.778535
vt 0.905498 0.190665
vt 0.493304 0.582408
vt 0.935281 0.663443
vt 0.944536 0.679458
vt 0.874480 0.889636
vt 0.969922 0.323943
vt 0.965065 0.961182
vt 0.960552 0.555319
vt 0.944536 0.794194
vt 0.925321 0.895806
vt 0.941337 0.961182
vt 0.493304 0.908519
vt 0.621759 0.959427
vt 0.966607 0.895806
vt 0.770480 0.945483
vt 0.941337 0.895806
vt 0.944651 0.291703
vt 0.946542 0.395595
vt 0.808205 0.956747
vt 0.493304 0.647784
vt 0.696554 0.941047
vt 0.671283 0.941047
vt 0.969921 0.194117
vt 0.984280 0.625739
vt 0.501016 0.970975
vt 0.966607 0.837044
vt 0.953906 0.138760
vt 0.944651 0.373303
vt 0.917608 0.961182
vt 0.968379 0.227106
vt 0.672826 0.957063
vt 0.562838 0.917234
vt 0.921272 0.394815
vt 0.890795 0.938997
vt 0.890795 0.955012
vt 0.493304 0.713160
vt 0.855661 0.956747
vt 0.493304 0.843527
vt 0.950592 0.830431
vt 0.944651 0.057368
vt 0.968379 0.285869
vt 0.969921 0.073384
vt 0.754464 0.890209
vt 0.969922 0.138759
vt 0.731079 0.890209
vt 0.817460 0.940732
vt 0.960552 0.787027
vt 0.969921 0.014621
vt 0.966607 0.813013
vt 0.645487 0.917234
vt 0.944651 0.073384
vt 0.842140 0.940732
vt 0.900050 0.830431
vt 0.808205 0.830431
vt 0.721824 0.873255
vt 0.705809 0.875671
vt 0.762484 0.436375
vt 0.757378 0.429347
vt 0.754693 0.421085
vt 0.754693 0.412399
vt 0.757378 0.404137
vt 0.762484 0.397109
vt 0.769512 0.392003
vt 0.786460 0.389319
vt 0.794722 0.392003
vt 0.801750 0.397109
vt 0.806856 0.404137
vt 0.809540 0.412399
vt 0.809540 0.421085
vt 0.806856 0.429347
vt 0.794722 0.441481
vt 0.786460 0.444165
vt 0.777773 0.444165
vt 0.879986 0.421024
vt 0.877322 0.429291
vt 0.872255 0.436329
vt 0.865280 0.441451
vt 0.857081 0.444155
vt 0.848460 0.444176
vt 0.840261 0.441512
vt 0.828220 0.429409
vt 0.825556 0.421156
vt 0.825556 0.412470
vt 0.828220 0.404204
vt 0.833287 0.397165
vt 0.840261 0.392043
vt 0.848460 0.389339
vt 0.865280 0.391983
vt 0.872255 0.397071
vt 0.877322 0.404085
vt 0.979062 0.705635
vt 0.517032 0.930286
vt 0.611254 0.917234
vt 0.979062 0.771011
vt 0.613058 0.872781
vt 0.618165 0.867674
vt 0.624837 0.864910
vt 0.632060 0.864910
vt 0.638732 0.867674
vt 0.643839 0.872781
vt 0.646603 0.879453
vt 0.643839 0.893348
vt 0.638732 0.898455
vt 0.632060 0.901219
vt 0.618165 0.898455
vt 0.613058 0.893348
vt 0.610294 0.886676
vt 0.594278 0.879514
vt 0.594278 0.886734
vt 0.591535 0.893396
vt 0.586467 0.898487
vt 0.579844 0.901230
vt 0.572676 0.901208
vt 0.566053 0.898426
vt 0.558241 0.886626
vt 0.558241 0.879406
vt 0.560985 0.872744
vt 0.572676 0.864910
vt 0.579844 0.864932
vt 0.586467 0.867714
s 1
f 1/1/1 3/2/1 2/3/1
f 1/1/1 4/4/1 3/2/1
f 1/1/1 5/5/1 4/4/1
f 1/1/1 6/6/1 5/5/1
f 1/1/1 7/7/1 6/6/1
f 1/1/1 8/8/1 7/7/1
f 1/1/1 9/9/1 8/8/1
f 1/1/1 10/10/1 9/9/1
f 1/1/1 11/11/1 10/10/1
f 1/1/1 12/12/1 11/11/1
f 1/1/1 13/13/1 12/12/1
f 1/1/1 14/14/1 13/13/1
f 1/1/1 15/15/1 14/14/1
f 1/1/1 16/16/1 15/15/1
f 1/1/1 17/17/1 16/16/1
f 1/1/1 18/18/1 17/17/1
f 1/1/1 19/19/1 18/18/1
f 1/1/1 20/20/1 19/19/1
f 1/1/1 21/21/1 20/20/1
f 1/1/1 22/22/1 21/21/1
f 1/1/1 23/23/1 22/22/1
f 1/1/1 24/24/1 23/23/1
f 1/1/1 25/25/1 24/24/1
f 1/1/1 26/26/1 25/25/1
f 1/1/1 27/27/1 26/26/1
f 1/1/1 28/28/1 27/27/1
f 1/1/1 29/29/1 28/28/1
f 1/1/1 30/30/1 29/29/1
f 1/1/1 31/31/1 30/30/1
f 1/1/1 32/32/1 31/31/1
f 1/1/1 33/33/1 32/32/1
f 1/1/1 34/34/1 33/33/1
f 1/1/1 35/35/1 34/34/1
f 1/1/1 36/36/1 35/35/1
f 1/1/1 37/37/1 36/36/1
f 1/1/1 38/38/1 37/37/1
f 1/1/1 39/39/1 38/38/1
f 1/1/1 40/40/1 39/39/1
f 1/1/1 41/41/1 40/40/1
f 1/1/1 42/42/1 41/41/1
f 1/1/1 43/43/1 42/42/1
f 1/1/1 44/44/1 43/43/1
f 1/1/1 45/45/1 44/44/1
f 1/1/1 46/46/1 45/45/1
f 1/1/1 47/47/1 46/46/1
f 1/1/1 48/48/1 47/47/1
f 1/1/1 49/49/1 48/48/1
f 1/1/1 50/50/1 49/49/1
f 1/1/1 51/51/1 50/50/1
f 1/1/1 52/52/1 51/51/1
f 1/1/1 53/53/1 52/52/1
f 1/1/1 54/54/1 53/53/1
f 1/1/1 55/55/1 54/54/1
f 1/1/1 56/56/1 55/55/1
f 1/1/1 57/57/1 56/56/1
f 1/1/1 58/58/1 57/57/1
f 1/1/1 59/59/1 58/58/1
f 1/1/1 60/60/1 59/59/1
f 1/1/1 61/61/1 60/60/1
f 1/1/1 62/62/1 61/61/1
f 1/1/1 63/63/1 62/62/1
f 1/1/1 64/64/1 63/63/1
f 1/1/1 65/65/1 64/64/1
f 1/1/1 2/3/1 65/65/1
f 3/2/2 66/66/3 2/3/3
f 4/4/4 67/67/2 3/2/2
f 5/5/5 68/68/4 4/4/4
f 6/6/6 69/69/5 5/5/5
f 7/7/7 70/70/6 6/6/6
f 8/8/8 71/71/7 7/7/7
f 9/9/9 72/72/8 8/8/8
f 10/10/10 73/73/9 9/9/9
f 11/11/11 74/74/10 10/10/10
f 12/12/12 75/75/11 11/11/11
f 12/12/12 77/76/13 76/77/12
f 13/13/13 78/78/14 77/76/13
f 14/14/14 79/79/15 78/78/14
f 16/16/16 79/79/15 15/15/15
f 16/16/16 81/80/17 80/81/16
f 18/18/18 81/80/17 17/17/17
f 19/19/19 82/82/18 18/18/18
f 20/20/20 83/83/19 19/19/19
f 21/21/21 84/84/22 20/20/20
f 22/22/23 85/85/21 21/21/21
f 23/23/24 86/86/23 22/22/23
f 24/24/25 87/87/24 23/23/24
f 25/25/26 88/88/25 24/24/25
f 26/26/27 89/89/26 25/25/26
f 27/27/28 90/90/27 26/26/27
f 28/28/29 91/91/28 27/27/28
f 28/28/29 93/92/30 92/93/29
f 29/29/30 94/94/31 93/92/30
f 30/30/31 95/95/32 94/94/31
f 32/32/33 95/95/32 31/31/32
f 32/96/33 97/97/34 96/98/33
f 34/34/35 97/99/34 33/33/34
f 35/35/36 98/100/35 34/34/35
f 36/36/37 99/101/36 35/35/36
f 37/37/38 100/102/37 36/36/37
f 38/38/39 101/103/38 37/37/38
f 39/39/40 102/104/39 38/38/39
f 40/40/41 103/105/40 39/39/40
f 41/41/42 104/106/41 40/40/41
f 42/42/43 105/107/42 41/41/42
f 43/43/44 106/108/43 42/42/43
f 44/44/45 107/109/44 43/43/44
f 44/44/45 109/110/46 108/111/45
f 45/45/46 110/112/47 109/110/46
f 46/46/47 111/113/48 110/112/47
f 48/48/49 111/113/48 47/47/48
f 48/114/49 113/115/50 112/116/49
f 50/50/51 113/117/50 49/49/50
f 51/51/52 114/118/51 50/50/51
f 52/52/53 115/119/52 51/51/52
f 53/53/54 116/120/55 52/52/53
f 54/54/56 117/121/54 53/53/54
f 55/55/57 118/122/56 54/54/56
f 56/56/58 119/123/57 55/55/57
f 57/57/59 120/124/58 56/56/58
f 58/58/60 121/125/59 57/57/59
f 59/59/61 122/126/60 58/58/60
f 60/60/62 123/127/61 59/59/61
f 60/60/62 125/128/63 124/129/62
f 61/61/63 126/130/64 125/128/63
f 62/62/64 127/131/65 126/130/64
f 64/64/66 127/131/65 63/63/65
f 64/64/66 129/132/67 128/133/66
f 2/3/3 129/132/67 65/65/67
f 67/134/68 130/135/69 66/136/70
f 68/137/71 131/138/72 67/134/68
f 69/139/73 132/140/74 68/137/71
f 70/141/75 133/142/76 69/139/73
f 71/143/77 134/144/78 70/141/75
f 72/145/79 135/146/80 71/143/77
f 73/147/81 136/148/82 72/145/79
f 74/149/83 137/150/84 73/147/81
f 75/151/85 138/152/86 74/153/83
f 76/154/87 139/155/88 75/151/85
f 77/156/89 140/157/90 76/154/87
f 78/158/91 141/159/92 77/156/89
f 79/160/93 142/161/94 78/158/91
f 80/162/95 143/163/96 79/160/93
f 81/164/97 144/165/98 80/162/95
f 82/166/99 145/167/100 81/164/97
f 83/168/101 146/169/102 82/166/99
f 84/170/103 147/171/104 83/168/101
f 85/172/105 148/173/106 84/170/103
f 86/174/107 149/175/108 85/172/105
f 87/176/109 150/177/110 86/174/107
f 88/178/111 151/179/112 87/176/109
f 89/180/113 152/181/114 88/178/111
f 90/182/115 153/183/116 89/184/113
f 91/185/117 154/186/118 90/182/115
f 92/187/119 155/188/120 91/185/117
f 93/189/121 156/190/122 92/187/119
f 94/191/123 157/192/124 93/189/121
f 95/193/125 158/194/126 94/191/123
f 96/98/127 159/195/128 95/193/125
f 97/97/129 160/196/130 96/98/127
f 98/197/131 161/198/132 97/97/129
f 99/199/133 162/200/134 98/197/131
f 100/201/135 163/202/136 99/199/133
f 101/203/137 164/204/138 100/201/135
f 102/205/139 165/206/140 101/203/137
f 103/207/141 166/208/142 102/205/139
f 104/209/143 167/210/144 103/207/141
f 105/211/145 168/212/146 104/213/143
f 106/214/147 169/215/148 105/211/145
f 107/216/149 170/217/150 106/214/147
f 108/218/151 171/219/152 107/216/149
f 109/220/153 172/221/154 108/218/151
f 110/222/155 173/223/156 109/220/153
f 111/224/157 174/225/158 110/222/155
f 112/116/159 175/226/160 111/224/157
f 113/115/161 176/227/162 112/116/159
f 114/228/163 177/229/164 113/115/161
f 115/230/165 178/231/166 114/228/163
f 116/232/167 179/233/168 115/230/165
f 117/234/169 180/235/170 116/232/167
f 118/236/171 181/237/172 117/234/169
f 119/238/173 182/239/174 118/236/171
f 120/240/175 183/241/176 119/238/173
f 121/242/177 184/243/178 120/240/175
f 122/244/179 185/245/180 121/246/177
f 123/247/181 186/248/182 122/244/179
f 124/249/183 187/250/184 123/247/181
f 125/251/185 188/252/186 124/249/183
f 126/253/187 189/254/188 125/251/185
f 127/255/189 190/256/190 126/253/187
f 128/257/191 191/258/192 127/255/189
f 129/259/193 192/260/194 128/257/191
f 66/136/70 193/261/195 129/259/193
f 130/135/69 195/262/196 194/263/197
f 132/140/74 195/262/196 131/138/72
f 133/142/76 196/264/198 132/140/74
f 133/142/76 198/265/199 197/266/200
f 135/146/80 198/265/199 134/144/78
f 135/146/80 200/267/201 199/268/202
f 137/150/84 200/267/201 136/148/82
f 137/150/84 202/269/203 201/270/204
f 139/155/88 202/271/203 138/152/86
f 139/155/88 204/272/205 203/273/206
f 141/159/92 204/272/205 140/157/90
f 142/161/94 205/274/207 141/159/92
f 143/163/96 206/275/208 142/161/94
f 144/165/98 207/276/209 143/163/96
f 145/167/100 208/277/210 144/165/98
f 146/169/102 209/278/211 145/167/100
f 146/169/102 211/279/212 210/280/213
f 148/173/106 211/279/212 147/171/104
f 149/175/108 212/281/214 148/173/106
f 149/175/108 214/282/215 213/283/216
f 151/179/112 214/282/215 150/177/110
f 151/179/112 216/284/217 215/285/218
f 153/286/116 216/284/217 152/181/114
f 153/183/116 218/287/219 217/288/220
f 155/188/120 218/287/219 154/186/118
f 155/188/120 220/289/221 219/290/222
f 157/192/124 220/289/221 156/190/122
f 158/194/126 221/291/223 157/192/124
f 159/195/128 222/292/224 158/194/126
f 160/196/130 223/293/225 159/195/128
f 161/198/132 224/294/226 160/196/130
f 162/200/134 225/295/227 161/198/132
f 162/200/134 227/296/228 226/297/229
f 164/204/138 227/296/228 163/202/136
f 165/206/140 228/298/230 164/204/138
f 165/206/140 230/299/231 229/300/232
f 167/210/144 230/299/231 166/208/142
f 167/210/144 232/301/233 231/302/234
f 169/215/148 232/303/233 168/212/146
f 169/215/148 234/304/235 233/305/236
f 171/219/152 234/304/235 170/217/150
f 171/219/152 236/306/237 235/307/238
f 173/223/156 236/306/237 172/221/154
f 174/225/158 237/308/239 173/223/156
f 175/226/160 238/309/240 174/225/158
f 176/227/162 239/310/241 175/226/160
f 177/229/164 240/311/242 176/227/162
f 178/231/166 241/312/243 177/229/164
f 178/231/166 243/313/244 242/314/245
f 180/235/170 243/313/244 179/233/168
f 181/237/172 244/315/246 180/235/170
f 181/237/172 246/316/247 245/317/248
f 183/241/176 246/316/247 182/239/174
f 183/241/176 248/318/249 247/319/250
f 185/320/180 248/318/249 184/243/178
f 185/245/180 250/321/251 249/322/252
f 187/250/184 250/321/251 186/248/182
f 187/250/184 252/323/253 251/324/254
f 189/254/188 252/323/253 188/252/186
f 190/256/190 253/325/255 189/254/188
f 191/258/192 254/326/256 190/256/190
f 192/260/194 255/327/257 191/258/192
f 193/261/195 256/328/258 192/260/194
f 130/135/69 257/329/259 193/261/195
f 194/330/197 259/331/260 258/332/261
f 196/333/198 259/331/260 195/334/196
f 197/335/200 260/336/262 196/333/198
f 198/337/199 261/338/263 197/335/200
f 199/339/202 262/340/264 198/337/199
f 200/341/201 263/342/265 199/339/202
f 201/343/204 264/344/266 200/341/201
f 201/343/204 266/345/267 265/346/268
f 203/347/206 266/345/267 202/348/203
f 204/349/205 267/350/269 203/347/206
f 204/349/205 269/351/270 268/352/271
f 205/353/207 270/354/272 269/351/270
f 206/355/208 271/356/273 270/354/272
f 208/357/210 271/356/273 207/358/209
f 209/359/211 272/360/274 208/357/210
f 210/361/213 273/362/275 209/359/211
f 210/361/213 275/363/276 274/364/277
f 212/365/214 275/363/276 211/366/212
f 213/367/216 276/368/278 212/365/214
f 214/369/215 277/370/279 213/367/216
f 215/371/218 278/372/280 214/369/215
f 216/373/217 279/374/281 215/371/218
f 217/375/220 280/376/282 216/373/217
f 217/375/220 282/377/283 281/378/284
f 219/379/222 282/377/283 218/380/219
f 220/381/221 283/382/285 219/379/222
f 220/381/221 285/383/286 284/384/287
f 221/385/223 286/386/288 285/383/286
f 222/387/224 287/388/289 286/386/288
f 224/389/226 287/388/289 223/390/225
f 225/391/227 288/392/290 224/389/226
f 226/393/229 289/394/291 225/391/227
f 226/393/229 291/395/292 290/396/293
f 228/397/230 291/395/292 227/398/228
f 229/399/232 292/400/294 228/397/230
f 230/401/231 293/402/295 229/399/232
f 231/403/234 294/404/296 230/401/231
f 232/405/233 295/406/297 231/403/234
f 233/407/236 296/408/298 232/405/233
f 233/407/236 298/409/299 297/410/300
f 235/411/238 298/409/299 234/412/235
f 236/413/237 299/414/301 235/411/238
f 236/413/237 301/415/302 300/416/303
f 237/417/239 302/418/304 301/415/302
f 238/419/240 303/420/305 302/418/304
f 240/421/242 303/420/305 239/422/241
f 241/423/243 304/424/306 240/421/242
f 242/425/245 305/426/307 241/423/243
f 242/425/245 307/427/308 306/428/309
f 244/429/246 307/427/308 243/430/244
f 245/431/248 308/432/310 244/429/246
f 246/433/247 309/434/311 245/431/248
f 247/435/250 310/436/312 246/433/247
f 248/437/249 311/438/313 247/435/250
f 249/439/252 312/440/314 248/437/249
f 249/439/252 314/441/315 313/442/316
f 251/443/254 314/441/315 250/444/251
f 252/445/253 315/446/317 251/443/254
f 252/445/253 317/447/318 316/448/319
f 253/449/255 318/450/320 317/447/318
f 254/451/256 319/452/321 318/450/320
f 256/453/258 319/452/321 255/454/257
f 257/455/259 320/456/322 256/453/258
f 194/330/197 321/457/323 257/455/259
f 258/332/261 323/458/324 322/459/324
f 260/336/262 323/458/324 259/331/260
f 261/338/263 324/460/324 260/336/262
f 262/340/264 325/461/324 261/338/263
f 263/342/265 326/462/324 262/340/264
f 264/344/266 327/463/324 263/342/265
f 265/346/268 328/464/324 264/344/266
f 266/345/267 329/465/324 265/346/268
f 267/350/269 330/466/324 266/345/267
f 267/350/269 332/467/324 331/468/324
f 269/351/270 332/467/324 268/352/271
f 270/354/272 333/469/324 269/351/270
f 271/356/273 334/470/324 270/354/272
f 272/360/274 335/471/324 271/356/273
f 273/362/275 336/472/324 272/360/274
f 274/364/277 337/473/324 273/362/275
f 274/364/277 339/474/324 338/475/324
f 276/368/278 339/474/324 275/363/276
f 277/370/279 340/476/324 276/368/278
f 278/372/280 341/477/324 277/370/279
f 279/374/281 342/478/324 278/372/280
f 280/376/282 343/479/324 279/374/281
f 281/378/284 344/480/324 280/376/282
f 282/377/283 345/481/324 281/378/284
f 283/382/285 346/482/324 282/377/283
f 283/382/285 348/483/324 347/484/324
f 285/383/286 348/483/324 284/384/287
f 286/386/288 349/485/324 285/383/286
f 287/388/289 350/486/324 286/386/288
f 288/392/290 351/487/324 287/388/289
f 289/394/291 352/488/324 288/392/290
f 290/396/293 353/489/324 289/394/291
f 290/396/293 355/490/324 354/491/324
f 292/400/294 355/490/324 291/395/292
f 293/402/295 356/492/324 292/400/294
f 294/404/296 357/493/324 293/402/295
f 295/406/297 358/494/324 294/404/296
f 296/408/298 359/495/324 295/406/297
f 297/410/300 360/496/324 296/408/298
f 298/409/299 361/497/324 297/410/300
f 299/414/301 362/498/324 298/409/299
f 299/414/301 364/499/324 363/500/324
f 301/415/302 364/499/324 300/416/303
f 302/418/304 365/501/324 301/415/302
f 303/420/305 366/502/324 302/418/304
f 304/424/306 367/503/324 303/420/305
f 305/426/307 368/504/324 304/424/306
f 306/428/309 369/505/324 305/426/307
f 306/428/309 371/506/324 370/507/324
f 308/432/310 371/506/324 307/427/308
f 309/434/311 372/508/324 308/432/310
f 310/436/312 373/509/324 309/434/311
f 311/438/313 374/510/324 310/436/312
f 312/440/314 375/511/324 311/438/313
f 313/442/316 376/512/324 312/440/314
f 314/441/315 377/513/324 313/442/316
f 315/446/317 378/514/324 314/441/315
f 315/446/317 380/515/324 379/516/324
f 317/447/318 380/515/324 316/448/319
f 318/450/320 381/517/324 317/447/318
f 319/452/321 382/518/324 318/450/320
f 320/456/322 383/519/324 319/452/321
f 321/457/323 384/520/324 320/456/322
f 258/332/261 385/521/324 321/457/323
f 322/459/324 323/458/324 386/522/324
f 323/458/324 324/460/324 386/522/324
f 324/460/324 325/461/324 386/522/324
f 325/461/324 326/462/324 386/522/324
f 326/462/324 327/463/324 386/522/324
f 327/463/324 328/464/324 386/522/324
f 328/464/324 329/465/324 386/522/324
f 329/465/324 330/466/324 386/522/324
f 330/466/324 331/468/324 386/522/324
f 331/468/324 332/467/324 386/522/324
f 332/467/324 333/469/324 386/522/324
f 333/469/324 334/470/324 386/522/324
f 334/470/324 335/471/324 386/522/324
f 335/471/324 336/472/324 386/522/324
f 336/472/324 337/473/324 386/522/324
f 337/473/324 338/475/324 386/522/324
f 338/475/324 339/474/324 386/522/324
f 339/474/324 340/476/324 386/522/324
f 340/476/324 341/477/324 386/522/324
f 341/477/324 342/478/324 386/522/324
f 342/478/324 343/479/324 386/522/324
f 343/479/324 344/480/324 386/522/324
f 344/480/324 345/481/324 386/522/324
f 345/481/324 346/482/324 386/522/324
f 346/482/324 347/484/324 386/522/324
f 347/484/324 348/483/324 386/522/324
f 348/483/324 349/485/324 386/522/324
f 349/485/324 350/486/324 386/522/324
f 350/486/324 351/487/324 386/522/324
f 351/487/324 352/488/324 386/522/324
f 352/488/324 353/489/324 386/522/324
f 353/489/324 354/491/324 386/522/324
f 354/491/324 355/490/324 386/522/324
f 355/490/324 356/492/324 386/522/324
f 356/492/324 357/493/324 386/522/324
f 357/493/324 358/494/324 386/522/324
f 358/494/324 359/495/324 386/522/324
f 359/495/324 360/496/324 386/522/324
f 360/496/324 361/497/324 386/522/324
f 361/497/324 362/498/324 386/522/324
f 362/498/324 363/500/324 386/522/324
f 363/500/324 364/499/324 386/522/324
f 364/499/324 365/501/324 386/522/324
f 365/501/324 366/502/324 386/522/324
f 366/502/324 367/503/324 386/522/324
f 367/503/324 368/504/324 386/522/324
f 368/504/324 369/505/324 386/522/324
f 369/505/324 370/507/324 386/522/324
f 370/507/324 371/506/324 386/522/324
f 371/506/324 372/508/324 386/522/324
f 372/508/324 373/509/324 386/522/324
f 373/509/324 374/510/324 386/522/324
f 374/510/324 375/511/324 386/522/324
f 375/511/324 376/512/324 386/522/324
f 376/512/324 377/513/324 386/522/324
f 377/513/324 378/514/324 386/522/324
f 378/514/324 379/516/324 386/522/324
f 379/516/324 380/515/324 386/522/324
f 380/515/324 381/517/324 386/522/324
f 381/517/324 382/518/324 386/522/324
f 382/518/324 383/519/324 386/522/324
f 383/519/324 384/520/324 386/522/324
f 384/520/324 385/521/324 386/522/324
f 385/521/324 322/459/324 386/522/324
f 387/523/1 389/524/1 388/525/1
f 387/523/1 390/526/1 389/524/1
f 387/523/1 391/527/1 390/526/1
f 387/523/1 392/528/1 391/527/1
f 387/523/1 393/529/1 392/528/1
f 387/523/1 394/530/1 393/529/1
f 387/523/1 395/531/1 394/530/1
f 387/523/1 396/532/1 395/531/1
f 387/523/1 397/533/1 396/532/1
f 387/523/1 398/534/1 397/533/1
f 387/523/1 399/535/1 398/534/1
f 387/523/1 400/536/1 399/535/1
f 387/523/1 401/537/1 400/536/1
f 387/523/1 402/538/1 401/537/1
f 387/523/1 403/539/1 402/538/1
f 387/523/1 404/540/1 403/539/1
f 387/523/1 405/541/1 404/540/1
f 387/523/1 406/542/1 405/541/1
f 387/523/1 407/543/1 406/542/1
f 387/523/1 408/544/1 407/543/1
f 387/523/1 409/545/1 408/544/1
f 387/523/1 410/546/1 409/545/1
f 387/523/1 411/547/1 410/546/1
f 387/523/1 412/548/1 411/547/1
f 387/523/1 413/549/1 412/548/1
f 387/523/1 414/550/1 413/549/1
f 387/523/1 415/551/1 414/550/1
f 387/523/1 416/552/1 415/551/1
f 387/523/1 417/553/1 416/552/1
f 387/523/1 418/554/1 417/553/1
f 387/523/1 419/555/1 418/554/1
f 387/523/1 420/556/1 419/555/1
f 387/523/1 421/557/1 420/556/1
f 387/523/1 422/558/1 421/557/1
f 387/523/1 423/559/1 422/558/1
f 387/523/1 424/560/1 423/559/1
f 387/523/1 425/561/1 424/560/1
f 387/523/1 426/562/1 425/561/1
f 387/523/1 427/563/1 426/562/1
f 387/523/1 428/564/1 427/563/1
f 387/523/1 429/565/1 428/564/1
f 387/523/1 430/566/1 429/565/1
f 387/523/1 431/567/1 430/566/1
f 387/523/1 432/568/1 431/567/1
f 387/523/1 433/569/1 432/568/1
f 387/523/1 434/570/1 433/569/1
f 387/523/1 435/571/1 434/570/1
f 387/523/1 388/525/1 435/571/1
f 389/572/325 436/573/70 388/574/70
f 390/575/326 437/576/325 389/572/325
f 391/577/75 438/578/326 390/575/326
f 392/579/327 439/580/75 391/577/75
f 393/581/328 440/582/327 392/579/327
f 394/583/83 441/584/328 393/581/328
f 395/585/329 442/586/83 394/587/83
f 396/588/330 443/589/329 395/585/329
f 397/590/91 444/591/330 396/588/330
f 398/592/331 445/593/91 397/590/91
f 399/594/332 446/595/331 398/592/331
f 400/596/99 447/597/332 399/594/332
f 401/598/333 448/599/99 400/596/99
f 402/600/334 449/601/333 401/598/333
f 403/602/107 450/603/334 402/600/334
f 404/604/335 451/605/107 403/602/107
f 405/606/336 452/607/335 404/604/335
f 406/608/115 453/609/336 405/606/336
f 407/610/337 454/611/115 406/612/115
f 408/613/338 455/614/337 407/610/337
f 409/615/123 456/616/338 408/613/338
f 410/617/339 457/618/123 409/615/123
f 411/619/340 458/620/339 410/617/339
f 412/621/131 459/622/340 411/619/340
f 413/623/341 460/624/131 412/621/131
f 414/625/342 461/626/341 413/623/341
f 415/627/139 462/628/342 414/625/342
f 416/629/343 463/630/139 415/627/139
f 417/631/344 464/632/343 416/629/343
f 418/633/147 465/634/344 417/635/344
f 419/636/345 466/637/147 418/633/147
f 420/638/346 467/639/345 419/636/345
f 421/640/155 468/641/346 420/638/346
f 422/642/347 469/643/155 421/640/155
f 423/644/348 470/645/347 422/642/347
f 424/646/163 471/647/348 423/644/348
f 425/648/349 472/649/163 424/646/163
f 426/650/350 473/651/349 425/648/349
f 427/652/171 474/653/350 426/650/350
f 428/654/351 475/655/171 427/652/171
f 429/656/352 476/657/351 428/654/351
f 430/658/179 477/659/352 429/660/352
f 431/661/353 478/662/179 430/658/179
f 432/663/354 479/664/353 431/661/353
f 433/665/187 480/666/354 432/663/354
f 434/667/355 481/668/187 433/665/187
f 435/669/356 482/670/355 434/667/355
f 388/574/70 483/671/356 435/669/356
f 436/672/357 485/673/358 484/674/359
f 438/675/360 485/673/358 437/676/361
f 439/677/362 486/678/363 438/675/360
f 440/679/364 487/680/365 439/677/362
f 441/681/366 488/682/367 440/679/364
f 442/683/368 489/684/369 441/681/366
f 443/685/370 490/686/371 442/683/368
f 444/687/372 491/688/373 443/685/370
f 445/689/374 492/690/375 444/687/372
f 446/691/376 493/692/377 445/689/374
f 447/693/378 494/694/379 446/691/376
f 448/695/380 495/696/381 447/693/378
f 448/695/380 497/697/382 496/698/383
f 450/699/384 497/697/382 449/700/385
f 451/701/386 498/702/387 450/699/384
f 452/703/388 499/704/389 451/701/386
f 453/705/390 500/706/391 452/703/388
f 454/707/392 501/708/393 453/705/390
f 455/709/394 502/710/395 454/707/392
f 456/711/396 503/712/397 455/709/394
f 457/713/398 504/714/399 456/711/396
f 458/715/400 505/716/401 457/713/398
f 459/717/402 506/718/403 458/715/400
f 460/719/404 507/720/405 459/717/402
f 460/719/404 509/721/406 508/722/407
f 462/723/408 509/721/406 461/724/409
f 463/725/410 510/726/411 462/723/408
f 464/727/412 511/728/413 463/725/410
f 465/729/414 512/730/415 464/727/412
f 466/731/416 513/732/417 465/729/414
f 467/733/418 514/734/419 466/731/416
f 468/735/420 515/736/421 467/733/418
f 469/737/422 516/738/423 468/735/420
f 470/739/424 517/740/425 469/737/422
f 471/741/426 518/742/427 470/739/424
f 472/743/428 519/744/429 471/741/426
f 472/743/428 521/745/430 520/746/431
f 474/747/432 521/745/430 473/748/433
f 475/749/434 522/750/435 474/747/432
f 476/751/436 523/752/437 475/749/434
f 477/753/438 524/754/439 476/751/436
f 478/755/440 525/756/441 477/753/438
f 479/757/442 526/758/443 478/755/440
f 480/759/444 527/760/445 479/757/442
f 481/761/446 528/762/447 480/759/444
f 482/763/448 529/764/449 481/761/446
f 483/765/450 530/766/451 482/763/448
f 436/672/357 531/767/452 483/765/450
f 484/674/359 485/673/358 532/768/324
f 485/673/358 486/678/363 532/768/324
f 486/678/363 487/680/365 532/768/324
f 487/680/365 488/682/367 532/768/324
f 488/682/367 489/684/369 532/768/324
f 489/684/369 490/686/371 532/768/324
f 490/686/371 491/688/373 532/768/324
f 491/688/373 492/690/375 532/768/324
f 492/690/375 493/692/377 532/768/324
f 493/692/377 494/694/379 532/768/324
f 494/694/379 495/696/381 532/768/324
f 495/696/381 496/698/383 532/768/324
f 496/698/383 497/697/382 532/768/324
f 497/697/382 498/702/387 532/768/324
f 498/702/387 499/704/389 532/768/324
f 499/704/389 500/706/391 532/768/324
f 500/706/391 501/708/393 532/768/324
f 501/708/393 502/710/395 532/768/324
f 502/710/395 503/712/397 532/768/324
f 503/712/397 504/714/399 532/768/324
f 504/714/399 505/716/401 532/768/324
f 505/716/401 506/718/403 532/768/324
f 506/718/403 507/720/405 532/768/324
f 507/720/405 508/722/407 532/768/324
f 508/722/407 509/721/406 532/768/324
f 509/721/406 510/726/411 532/768/324
f 510/726/411 511/728/413 532/768/324
f 511/728/413 512/730/415 532/768/324
f 512/730/415 513/732/417 532/768/324
f 513/732/417 514/734/419 532/768/324
f 514/734/419 515/736/421 532/768/324
f 515/736/421 516/738/423 532/768/324
f 516/738/423 517/740/425 532/768/324
f 517/740/425 518/742/427 532/768/324
f 518/742/427 519/744/429 532/768/324
f 519/744/429 520/746/431 532/768/324
f 520/746/431 521/745/430 532/768/324
f 521/745/430 522/750/435 532/768/324
f 522/750/435 523/752/437 532/768/324
f 523/752/437 524/754/439 532/768/324
f 524/754/439 525/756/441 532/768/324
f 525/756/441 526/758/443 532/768/324
f 526/758/443 527/760/445 532/768/324
f 527/760/445 528/762/447 532/768/324
f 528/762/447 529/764/449 532/768/324
f 529/764/449 530/766/451 532/768/324
f 530/766/451 531/767/452 532/768/324
f 531/767/452 484/674/359 532/768/324
f 534/769/131 535/770/131 533/771/131
f 536/772/99 539/773/99 535/774/99
f 540/775/70 537/776/70 539/777/70
f 538/778/163 533/779/163 537/780/163
f 539/781/1 533/782/1 535/783/1
f 536/784/324 538/785/324 540/786/324
f 542/787/343 543/788/343 541/789/343
f 544/790/335 547/791/335 543/792/335
f 548/793/327 545/794/327 547/795/327
f 546/796/351 541/797/351 545/798/351
f 543/799/1 545/800/1 541/801/1
f 544/802/324 546/803/324 548/804/324
f 550/805/346 551/806/346 549/807/346
f 552/808/338 555/809/338 551/810/338
f 556/811/330 553/812/330 555/813/330
f 554/814/354 549/815/354 553/816/354
f 551/817/1 553/818/1 549/819/1
f 552/820/324 554/821/324 556/822/324
f 558/823/163 559/824/163 557/825/163
f 560/826/131 563/827/131 559/828/131
f 564/829/99 561/830/99 563/831/99
f 562/832/70 557/833/70 561/834/70
f 563/835/1 557/836/1 559/837/1
f 560/838/324 562/839/324 564/840/324
f 566/841/351 567/842/351 565/843/351
f 568/844/343 571/845/343 567/846/343
f 572/847/335 569/848/335 571/849/335
f 570/850/327 565/851/327 569/852/327
f 567/853/1 569/854/1 565/855/1
f 568/856/324 570/857/324 572/858/324
f 574/859/354 575/860/354 573/861/354
f 576/862/346 579/863/346 575/864/346
f 580/865/338 577/866/338 579/867/338
f 578/868/330 573/869/330 577/870/330
f 579/871/1 573/872/1 575/873/1
f 580/874/324 574/875/324 578/876/324
f 582/877/70 583/878/70 581/879/70
f 584/880/163 587/881/163 583/882/163
f 588/883/131 585/884/131 587/885/131
f 586/886/99 581/887/99 585/888/99
f 587/889/1 581/890/1 583/891/1
f 584/892/324 586/893/324 588/894/324
f 590/895/327 591/896/327 589/897/327
f 592/898/351 595/899/351 591/900/351
f 596/901/343 593/902/343 595/903/343
f 594/904/335 589/905/335 593/906/335
f 595/907/1 589/908/1 591/909/1
f 592/910/324 594/911/324 596/912/324
f 598/913/330 599/914/330 597/915/330
f 600/916/354 603/917/354 599/918/354
f 604/919/346 601/920/346 603/921/346
f 602/922/338 597/923/338 601/924/338
f 599/925/1 601/926/1 597/927/1
f 600/928/324 602/929/324 604/930/324
f 606/931/99 607/932/99 605/933/99
f 608/934/70 611/935/70 607/936/70
f 612/937/163 609/938/163 611/939/163
f 610/940/131 605/941/131 609/942/131
f 611/943/1 605/944/1 607/945/1
f 608/946/324 610/947/324 612/948/324
f 614/949/335 615/950/335 613/951/335
f 616/952/327 619/953/327 615/954/327
f 620/955/351 617/956/351 619/957/351
f 618/958/343 613/959/343 617/960/343
f 619/961/1 613/962/1 615/963/1
f 620/964/324 614/965/324 618/966/324
f 622/967/338 623/968/338 621/969/338
f 624/970/330 627/971/330 623/972/330
f 628/973/354 625/974/354 627/975/354
f 626/976/346 621/977/346 625/978/346
f 623/979/1 625/980/1 621/981/1
f 624/982/324 626/983/324 628/984/324
f 630/985/99 631/986/453 629/987/99
f 632/988/453 633/989/454 631/986/453
f 634/990/454 635/991/455 633/992/454
f 636/993/455 637/994/456 635/991/455
f 638/995/456 639/996/1 637/994/456
f 640/997/1 641/998/457 639/996/1
f 642/999/457 643/1000/458 641/998/457
f 644/1001/458 645/1002/459 643/1000/458
f 646/1003/459 647/1004/460 645/1005/459
f 648/1006/460 649/1007/163 647/1004/460
f 650/1008/163 651/1009/461 649/1007/163
f 652/1010/461 653/1011/462 651/1009/461
f 654/1012/462 655/1013/463 653/1014/462
f 656/1015/463 657/1016/464 655/1013/463
f 658/1017/464 659/1018/324 657/1016/464
f 660/1019/324 661/1020/465 659/1018/324
f 662/1021/465 663/1022/466 661/1020/465
f 664/1023/466 665/1024/467 663/1022/466
f 658/1025/70 642/1026/70 634/1027/70
f 666/1028/467 667/1029/468 665/1030/467
f 668/1031/468 629/987/99 667/1029/468
f 643/1032/131 659/1033/131 667/1034/131
f 670/1035/99 671/1036/469 669/1037/99
f 672/1038/469 673/1039/18 671/1036/469
f 674/1040/18 675/1041/470 673/1042/18
f 676/1043/470 677/1044/1 675/1041/470
f 678/1045/1 679/1046/471 677/1044/1
f 680/1047/471 681/1048/51 679/1046/471
f 682/1049/51 683/1050/472 681/1051/51
f 684/1052/472 685/1053/163 683/1050/472
f 686/1054/163 687/1055/473 685/1053/163
f 688/1056/473 689/1057/474 687/1055/473
f 690/1058/474 691/1059/475 689/1060/474
f 692/1061/475 693/1062/324 691/1059/475
f 694/1063/324 695/1064/476 693/1062/324
f 696/1065/476 697/1066/477 695/1064/476
f 690/1067/70 682/1068/70 674/1069/70
f 698/1070/477 699/1071/478 697/1072/477
f 700/1073/478 669/1037/99 699/1071/478
f 683/1074/131 691/1075/131 699/1076/131
f 3/2/2 67/67/2 66/66/3
f 4/4/4 68/68/4 67/67/2
f 5/5/5 69/69/5 68/68/4
f 6/6/6 70/70/6 69/69/5
f 7/7/7 71/71/7 70/70/6
f 8/8/8 72/72/8 71/71/7
f 9/9/9 73/73/9 72/72/8
f 10/10/10 74/74/10 73/73/9
f 11/11/11 75/75/11 74/74/10
f 12/12/12 76/77/12 75/75/11
f 12/12/12 13/13/13 77/76/13
f 13/13/13 14/14/14 78/78/14
f 14/14/14 15/15/15 79/79/15
f 16/16/16 80/81/16 79/79/15
f 16/16/16 17/17/17 81/80/17
f 18/18/18 82/82/18 81/80/17
f 19/19/19 83/83/19 82/82/18
f 20/20/20 84/84/22 83/83/19
f 21/21/21 85/85/21 84/84/22
f 22/22/23 86/86/23 85/85/21
f 23/23/24 87/87/24 86/86/23
f 24/24/25 88/88/25 87/87/24
f 25/25/26 89/89/26 88/88/25
f 26/26/27 90/90/27 89/89/26
f 27/27/28 91/91/28 90/90/27
f 28/28/29 92/93/29 91/91/28
f 28/28/29 29/29/30 93/92/30
f 29/29/30 30/30/31 94/94/31
f 30/30/31 31/31/32 95/95/32
f 32/32/33 96/1077/33 95/95/32
f 32/96/33 33/1078/34 97/97/34
f 34/34/35 98/100/35 97/99/34
f 35/35/36 99/101/36 98/100/35
f 36/36/37 100/102/37 99/101/36
f 37/37/38 101/103/38 100/102/37
f 38/38/39 102/104/39 101/103/38
f 39/39/40 103/105/40 102/104/39
f 40/40/41 104/106/41 103/105/40
f 41/41/42 105/107/42 104/106/41
f 42/42/43 106/108/43 105/107/42
f 43/43/44 107/109/44 106/108/43
f 44/44/45 108/111/45 107/109/44
f 44/44/45 45/45/46 109/110/46
f 45/45/46 46/46/47 110/112/47
f 46/46/47 47/47/48 111/113/48
f 48/48/49 112/1079/49 111/113/48
f 48/114/49 49/1080/50 113/115/50
f 50/50/51 114/118/51 113/117/50
f 51/51/52 115/119/52 114/118/51
f 52/52/53 116/120/55 115/119/52
f 53/53/54 117/121/54 116/120/55
f 54/54/56 118/122/56 117/121/54
f 55/55/57 119/123/57 118/122/56
f 56/56/58 120/124/58 119/123/57
f 57/57/59 121/125/59 120/124/58
f 58/58/60 122/126/60 121/125/59
f 59/59/61 123/127/61 122/126/60
f 60/60/62 124/129/62 123/127/61
f 60/60/62 61/61/63 125/128/63
f 61/61/63 62/62/64 126/130/64
f 62/62/64 63/63/65 127/131/65
f 64/64/66 128/133/66 127/131/65
f 64/64/66 65/65/67 129/132/67
f 2/3/3 66/66/3 129/132/67
f 67/134/68 131/138/72 130/135/69
f 68/137/71 132/140/74 131/138/72
f 69/139/73 133/142/76 132/140/74
f 70/141/75 134/144/78 133/142/76
f 71/143/77 135/146/80 134/144/78
f 72/145/79 136/148/82 135/146/80
f 73/147/81 137/150/84 136/148/82
f 74/149/83 138/1081/86 137/150/84
f 75/151/85 139/155/88 138/152/86
f 76/154/87 140/157/90 139/155/88
f 77/156/89 141/159/92 140/157/90
f 78/158/91 142/161/94 141/159/92
f 79/160/93 143/163/96 142/161/94
f 80/162/95 144/165/98 143/163/96
f 81/164/97 145/167/100 144/165/98
f 82/166/99 146/169/102 145/167/100
f 83/168/101 147/171/104 146/169/102
f 84/170/103 148/173/106 147/171/104
f 85/172/105 149/175/108 148/173/106
f 86/174/107 150/177/110 149/175/108
f 87/176/109 151/179/112 150/177/110
f 88/178/111 152/181/114 151/179/112
f 89/180/113 153/286/116 152/181/114
f 90/182/115 154/186/118 153/183/116
f 91/185/117 155/188/120 154/186/118
f 92/187/119 156/190/122 155/188/120
f 93/189/121 157/192/124 156/190/122
f 94/191/123 158/194/126 157/192/124
f 95/193/125 159/195/128 158/194/126
f 96/98/127 160/196/130 159/195/128
f 97/97/129 161/198/132 160/196/130
f 98/197/131 162/200/134 161/198/132
f 99/199/133 163/202/136 162/200/134
f 100/201/135 164/204/138 163/202/136
f 101/203/137 165/206/140 164/204/138
f 102/205/139 166/208/142 165/206/140
f 103/207/141 167/210/144 166/208/142
f 104/209/143 168/1082/146 167/210/144
f 105/211/145 169/215/148 168/212/146
f 106/214/147 170/217/150 169/215/148
f 107/216/149 171/219/152 170/217/150
f 108/218/151 172/221/154 171/219/152
f 109/220/153 173/223/156 172/221/154
f 110/222/155 174/225/158 173/223/156
f 111/224/157 175/226/160 174/225/158
f 112/116/159 176/227/162 175/226/160
f 113/115/161 177/229/164 176/227/162
f 114/228/163 178/231/166 177/229/164
f 115/230/165 179/233/168 178/231/166
f 116/232/167 180/235/170 179/233/168
f 117/234/169 181/237/172 180/235/170
f 118/236/171 182/239/174 181/237/172
f 119/238/173 183/241/176 182/239/174
f 120/240/175 184/243/178 183/241/176
f 121/242/177 185/320/180 184/243/178
f 122/244/179 186/248/182 185/245/180
f 123/247/181 187/250/184 186/248/182
f 124/249/183 188/252/186 187/250/184
f 125/251/185 189/254/188 188/252/186
f 126/253/187 190/256/190 189/254/188
f 127/255/189 191/258/192 190/256/190
f 128/257/191 192/260/194 191/258/192
f 129/259/193 193/261/195 192/260/194
f 66/136/70 130/135/69 193/261/195
f 130/135/69 131/138/72 195/262/196
f 132/140/74 196/264/198 195/262/196
f 133/142/76 197/266/200 196/264/198
f 133/142/76 134/144/78 198/265/199
f 135/146/80 199/268/202 198/265/199
f 135/146/80 136/148/82 200/267/201
f 137/150/84 201/270/204 200/267/201
f 137/150/84 138/1081/86 202/269/203
f 139/155/88 203/273/206 202/271/203
f 139/155/88 140/157/90 204/272/205
f 141/159/92 205/274/207 204/272/205
f 142/161/94 206/275/208 205/274/207
f 143/163/96 207/276/209 206/275/208
f 144/165/98 208/277/210 207/276/209
f 145/167/100 209/278/211 208/277/210
f 146/169/102 210/280/213 209/278/211
f 146/169/102 147/171/104 211/279/212
f 148/173/106 212/281/214 211/279/212
f 149/175/108 213/283/216 212/281/214
f 149/175/108 150/177/110 214/282/215
f 151/179/112 215/285/218 214/282/215
f 151/179/112 152/181/114 216/284/217
f 153/286/116 217/1083/220 216/284/217
f 153/183/116 154/186/118 218/287/219
f 155/188/120 219/290/222 218/287/219
f 155/188/120 156/190/122 220/289/221
f 157/192/124 221/291/223 220/289/221
f 158/194/126 222/292/224 221/291/223
f 159/195/128 223/293/225 222/292/224
f 160/196/130 224/294/226 223/293/225
f 161/198/132 225/295/227 224/294/226
f 162/200/134 226/297/229 225/295/227
f 162/200/134 163/202/136 227/296/228
f 164/204/138 228/298/230 227/296/228
f 165/206/140 229/300/232 228/298/230
f 165/206/140 166/208/142 230/299/231
f 167/210/144 231/302/234 230/299/231
f 167/210/144 168/1082/146 232/301/233
f 169/215/148 233/305/236 232/303/233
f 169/215/148 170/217/150 234/304/235
f 171/219/152 235/307/238 234/304/235
f 171/219/152 172/221/154 236/306/237
f 173/223/156 237/308/239 236/306/237
f 174/225/158 238/309/240 237/308/239
f 175/226/160 239/310/241 238/309/240
f 176/227/162 240/311/242 239/310/241
f 177/229/164 241/312/243 240/311/242
f 178/231/166 242/314/245 241/312/243
f 178/231/166 179/233/168 243/313/244
f 180/235/170 244/315/246 243/313/244
f 181/237/172 245/317/248 244/315/246
f 181/237/172 182/239/174 246/316/247
f 183/241/176 247/319/250 246/316/247
f 183/241/176 184/243/178 248/318/249
f 185/320/180 249/1084/252 248/318/249
f 185/245/180 186/248/182 250/321/251
f 187/250/184 251/324/254 250/321/251
f 187/250/184 188/252/186 252/323/253
f 189/254/188 253/325/255 252/323/253
f 190/256/190 254/326/256 253/325/255
f 191/258/192 255/327/257 254/326/256
f 192/260/194 256/328/258 255/327/257
f 193/261/195 257/329/259 256/328/258
f 130/135/69 194/263/197 257/329/259
f 194/330/197 195/334/196 259/331/260
f 196/333/198 260/336/262 259/331/260
f 197/335/200 261/338/263 260/336/262
f 198/337/199 262/340/264 261/338/263
f 199/339/202 263/342/265 262/340/264
f 200/341/201 264/344/266 263/342/265
f 201/343/204 265/346/268 264/344/266
f 201/343/204 202/348/203 266/345/267
f 203/347/206 267/350/269 266/345/267
f 204/349/205 268/352/271 267/350/269
f 204/349/205 205/353/207 269/351/270
f 205/353/207 206/355/208 270/354/272
f 206/355/208 207/358/209 271/356/273
f 208/357/210 272/360/274 271/356/273
f 209/359/211 273/362/275 272/360/274
f 210/361/213 274/364/277 273/362/275
f 210/361/213 211/366/212 275/363/276
f 212/365/214 276/368/278 275/363/276
f 213/367/216 277/370/279 276/368/278
f 214/369/215 278/372/280 277/370/279
f 215/371/218 279/374/281 278/372/280
f 216/373/217 280/376/282 279/374/281
f 217/375/220 281/378/284 280/376/282
f 217/375/220 218/380/219 282/377/283
f 219/379/222 283/382/285 282/377/283
f 220/381/221 284/384/287 283/382/285
f 220/381/221 221/385/223 285/383/286
f 221/385/223 222/387/224 286/386/288
f 222/387/224 223/390/225 287/388/289
f 224/389/226 288/392/290 287/388/289
f 225/391/227 289/394/291 288/392/290
f 226/393/229 290/396/293 289/394/291
f 226/393/229 227/398/228 291/395/292
f 228/397/230 292/400/294 291/395/292
f 229/399/232 293/402/295 292/400/294
f 230/401/231 294/404/296 293/402/295
f 231/403/234 295/406/297 294/404/296
f 232/405/233 296/408/298 295/406/297
f 233/407/236 297/410/300 296/408/298
f 233/407/236 234/412/235 298/409/299
f 235/411/238 299/414/301 298/409/299
f 236/413/237 300/416/303 299/414/301
f 236/413/237 237/417/239 301/415/302
f 237/417/239 238/419/240 302/418/304
f 238/419/240 239/422/241 303/420/305
f 240/421/242 304/424/306 303/420/305
f 241/423/243 305/426/307 304/424/306
f 242/425/245 306/428/309 305/426/307
f 242/425/245 243/430/244 307/427/308
f 244/429/246 308/432/310 307/427/308
f 245/431/248 309/434/311 308/432/310
f 246/433/247 310/436/312 309/434/311
f 247/435/250 311/438/313 310/436/312
f 248/437/249 312/440/314 311/438/313
f 249/439/252 313/442/316 312/440/314
f 249/439/252 250/444/251 314/441/315
f 251/443/254 315/446/317 314/441/315
f 252/445/253 316/448/319 315/446/317
f 252/445/253 253/449/255 317/447/318
f 253/449/255 254/451/256 318/450/320
f 254/451/256 255/454/257 319/452/321
f 256/453/258 320/456/322 319/452/321
f 257/455/259 321/457/323 320/456/322
f 194/330/197 258/332/261 321/457/323
f 258/332/261 259/331/260 323/458/324
f 260/336/262 324/460/324 323/458/324
f 261/338/263 325/461/324 324/460/324
f 262/340/264 326/462/324 325/461/324
f 263/342/265 327/463/324 326/462/324
f 264/344/266 328/464/324 327/463/324
f 265/346/268 329/465/324 328/464/324
f 266/345/267 330/466/324 329/465/324
f 267/350/269 331/468/324 330/466/324
f 267/350/269 268/352/271 332/467/324
f 269/351/270 333/469/324 332/467/324
f 270/354/272 334/470/324 333/469/324
f 271/356/273 335/471/324 334/470/324
f 272/360/274 336/472/324 335/471/324
f 273/362/275 337/473/324 336/472/324
f 274/364/277 338/475/324 337/473/324
f 274/364/277 275/363/276 339/474/324
f 276/368/278 340/476/324 339/474/324
f 277/370/279 341/477/324 340/476/324
f 278/372/280 342/478/324 341/477/324
f 279/374/281 343/479/324 342/478/324
f 280/376/282 344/480/324 343/479/324
f 281/378/284 345/481/324 344/480/324
f 282/377/283 346/482/324 345/481/324
f 283/382/285 347/484/324 346/482/324
f 283/382/285 284/384/287 348/483/324
f 285/383/286 349/485/324 348/483/324
f 286/386/288 350/486/324 349/485/324
f 287/388/289 351/487/324 350/486/324
f 288/392/290 352/488/324 351/487/324
f 289/394/291 353/489/324 352/488/324
f 290/396/293 354/491/324 353/489/324
f 290/396/293 291/395/292 355/490/324
f 292/400/294 356/492/324 355/490/324
f 293/402/295 357/493/324 356/492/324
f 294/404/296 358/494/324 357/493/324
f 295/406/297 359/495/324 358/494/324
f 296/408/298 360/496/324 359/495/324
f 297/410/300 361/497/324 360/496/324
f 298/409/299 362/498/324 361/497/324
f 299/414/301 363/500/324 362/498/324
f 299/414/301 300/416/303 364/499/324
f 301/415/302 365/501/324 364/499/324
f 302/418/304 366/502/324 365/501/324
f 303/420/305 367/503/324 366/502/324
f 304/424/306 368/504/324 367/503/324
f 305/426/307 369/505/324 368/504/324
f 306/428/309 370/507/324 369/505/324
f 306/428/309 307/427/308 371/506/324
f 308/432/310 372/508/324 371/506/324
f 309/434/311 373/509/324 372/508/324
f 310/436/312 374/510/324 373/509/324
f 311/438/313 375/511/324 374/510/324
f 312/440/314 376/512/324 375/511/324
f 313/442/316 377/513/324 376/512/324
f 314/441/315 378/514/324 377/513/324
f 315/446/317 379/516/324 378/514/324
f 315/446/317 316/448/319 380/515/324
f 317/447/318 381/517/324 380/515/324
f 318/450/320 382/518/324 381/517/324
f 319/452/321 383/519/324 382/518/324
f 320/456/322 384/520/324 383/519/324
f 321/457/323 385/521/324 384/520/324
f 258/332/261 322/459/324 385/521/324
f 389/572/325 437/576/325 436/573/70
f 390/575/326 438/578/326 437/576/325
f 391/577/75 439/580/75 438/578/326
f 392/579/327 440/582/327 439/580/75
f 393/581/328 441/584/328 440/582/327
f 394/583/83 442/1085/83 441/584/328
f 395/585/329 443/589/329 442/586/83
f 396/588/330 444/591/330 443/589/329
f 397/590/91 445/593/91 444/591/330
f 398/592/331 446/595/331 445/593/91
f 399/594/332 447/597/332 446/595/331
f 400/596/99 448/599/99 447/597/332
f 401/598/333 449/601/333 448/599/99
f 402/600/334 450/603/334 449/601/333
f 403/602/107 451/605/107 450/603/334
f 404/604/335 452/607/335 451/605/107
f 405/606/336 453/609/336 452/607/335
f 406/608/115 454/1086/115 453/609/336
f 407/610/337 455/614/337 454/611/115
f 408/613/338 456/616/338 455/614/337
f 409/615/123 457/618/123 456/616/338
f 410/617/339 458/620/339 457/618/123
f 411/619/340 459/622/340 458/620/339
f 412/621/131 460/624/131 459/622/340
f 413/623/341 461/626/341 460/624/131
f 414/625/342 462/628/342 461/626/341
f 415/627/139 463/630/139 462/628/342
f 416/629/343 464/632/343 463/630/139
f 417/631/344 465/1087/344 464/632/343
f 418/633/147 466/637/147 465/634/344
f 419/636/345 467/639/345 466/637/147
f 420/638/346 468/641/346 467/639/345
f 421/640/155 469/643/155 468/641/346
f 422/642/347 470/645/347 469/643/155
f 423/644/348 471/647/348 470/645/347
f 424/646/163 472/649/163 471/647/348
f 425/648/349 473/651/349 472/649/163
f 426/650/350 474/653/350 473/651/349
f 427/652/171 475/655/171 474/653/350
f 428/654/351 476/657/351 475/655/171
f 429/656/352 477/1088/352 476/657/351
f 430/658/179 478/662/179 477/659/352
f 431/661/353 479/664/353 478/662/179
f 432/663/354 480/666/354 479/664/353
f 433/665/187 481/668/187 480/666/354
f 434/667/355 482/670/355 481/668/187
f 435/669/356 483/671/356 482/670/355
f 388/574/70 436/573/70 483/671/356
f 436/672/357 437/676/361 485/673/358
f 438/675/360 486/678/363 485/673/358
f 439/677/362 487/680/365 486/678/363
f 440/679/364 488/682/367 487/680/365
f 441/681/366 489/684/369 488/682/367
f 442/683/368 490/686/371 489/684/369
f 443/685/370 491/688/373 490/686/371
f 444/687/372 492/690/375 491/688/373
f 445/689/374 493/692/377 492/690/375
f 446/691/376 494/694/379 493/692/377
f 447/693/378 495/696/381 494/694/379
f 448/695/380 496/698/383 495/696/381
f 448/695/380 449/700/385 497/697/382
f 450/699/384 498/702/387 497/697/382
f 451/701/386 499/704/389 498/702/387
f 452/703/388 500/706/391 499/704/389
f 453/705/390 501/708/393 500/706/391
f 454/707/392 502/710/395 501/708/393
f 455/709/394 503/712/397 502/710/395
f 456/711/396 504/714/399 503/712/397
f 457/713/398 505/716/401 504/714/399
f 458/715/400 506/718/403 505/716/401
f 459/717/402 507/720/405 506/718/403
f 460/719/404 508/722/407 507/720/405
f 460/719/404 461/724/409 509/721/406
f 462/723/408 510/726/411 509/721/406
f 463/725/410 511/728/413 510/726/411
f 464/727/412 512/730/415 511/728/413
f 465/729/414 513/732/417 512/730/415
f 466/731/416 514/734/419 513/732/417
f 467/733/418 515/736/421 514/734/419
f 468/735/420 516/738/423 515/736/421
f 469/737/422 517/740/425 516/738/423
f 470/739/424 518/742/427 517/740/425
f 471/741/426 519/744/429 518/742/427
f 472/743/428 520/746/431 519/744/429
f 472/743/428 473/748/433 521/745/430
f 474/747/432 522/750/435 521/745/430
f 475/749/434 523/752/437 522/750/435
f 476/751/436 524/754/439 523/752/437
f 477/753/438 525/756/441 524/754/439
f 478/755/440 526/758/443 525/756/441
f 479/757/442 527/760/445 526/758/443
f 480/759/444 528/762/447 527/760/445
f 481/761/446 529/764/449 528/762/447
f 482/763/448 530/766/451 529/764/449
f 483/765/450 531/767/452 530/766/451
f 436/672/357 484/674/359 531/767/452
f 534/769/131 536/1089/131 535/770/131
f 536/772/99 540/1090/99 539/773/99
f 540/775/70 538/1091/70 537/776/70
f 538/778/163 534/1092/163 533/779/163
f 539/781/1 537/1093/1 533/782/1
f 536/784/324 534/1094/324 538/785/324
f 542/787/343 544/1095/343 543/788/343
f 544/790/335 548/1096/335 547/791/335
f 548/793/327 546/1097/327 545/794/327
f 546/796/351 542/1098/351 541/797/351
f 543/799/1 547/1099/1 545/800/1
f 544/802/324 542/1100/324 546/803/324
f 550/805/346 552/1101/346 551/806/346
f 552/808/338 556/1102/338 555/809/338
f 556/811/330 554/1103/330 553/812/330
f 554/814/354 550/1104/354 549/815/354
f 551/817/1 555/1105/1 553/818/1
f 552/820/324 550/1106/324 554/821/324
f 558/823/163 560/1107/163 559/824/163
f 560/826/131 564/1108/131 563/827/131
f 564/829/99 562/1109/99 561/830/99
f 562/832/70 558/1110/70 557/833/70
f 563/835/1 561/1111/1 557/836/1
f 560/838/324 558/1112/324 562/839/324
f 566/841/351 568/1113/351 567/842/351
f 568/844/343 572/1114/343 571/845/343
f 572/847/335 570/1115/335 569/848/335
f 570/850/327 566/1116/327 565/851/327
f 567/853/1 571/1117/1 569/854/1
f 568/856/324 566/1118/324 570/857/324
f 574/859/354 576/1119/354 575/860/354
f 576/862/346 580/1120/346 579/863/346
f 580/865/338 578/1121/338 577/866/338
f 578/868/330 574/1122/330 573/869/330
f 579/871/1 577/1123/1 573/872/1
f 580/874/324 576/1124/324 574/875/324
f 582/877/70 584/1125/70 583/878/70
f 584/880/163 588/1126/163 587/881/163
f 588/883/131 586/1127/131 585/884/131
f 586/886/99 582/1128/99 581/887/99
f 587/889/1 585/1129/1 581/890/1
f 584/892/324 582/1130/324 586/893/324
f 590/895/327 592/1131/327 591/896/327
f 592/898/351 596/1132/351 595/899/351
f 596/901/343 594/1133/343 593/902/343
f 594/904/335 590/1134/335 589/905/335
f 595/907/1 593/1135/1 589/908/1
f 592/910/324 590/1136/324 594/911/324
f 598/913/330 600/1137/330 599/914/330
f 600/916/354 604/1138/354 603/917/354
f 604/919/346 602/1139/346 601/920/346
f 602/922/338 598/1140/338 597/923/338
f 599/925/1 603/1141/1 601/926/1
f 600/928/324 598/1142/324 602/929/324
f 606/931/99 608/1143/99 607/932/99
f 608/934/70 612/1144/70 611/935/70
f 612/937/163 610/1145/163 609/938/163
f 610/940/131 606/1146/131 605/941/131
f 611/943/1 609/1147/1 605/944/1
f 608/946/324 606/1148/324 610/947/324
f 614/949/335 616/1149/335 615/950/335
f 616/952/327 620/1150/327 619/953/327
f 620/955/351 618/1151/351 617/956/351
f 618/958/343 614/1152/343 613/959/343
f 619/961/1 617/1153/1 613/962/1
f 620/964/324 616/1154/324 614/965/324
f 622/967/338 624/1155/338 623/968/338
f 624/970/330 628/1156/330 627/971/330
f 628/973/354 626/1157/354 625/974/354
f 626/976/346 622/1158/346 621/977/346
f 623/979/1 627/1159/1 625/980/1
f 624/982/324 622/1160/324 626/983/324
f 630/985/99 632/988/453 631/986/453
f 632/988/453 634/1161/454 633/989/454
f 634/990/454 636/993/455 635/991/455
f 636/993/455 638/995/456 637/994/456
f 638/995/456 640/997/1 639/996/1
f 640/997/1 642/999/457 641/998/457
f 642/999/457 644/1001/458 643/1000/458
f 644/1001/458 646/1162/459 645/1002/459
f 646/1003/459 648/1006/460 647/1004/460
f 648/1006/460 650/1008/163 649/1007/163
f 650/1008/163 652/1010/461 651/1009/461
f 652/1010/461 654/1163/462 653/1011/462
f 654/1012/462 656/1015/463 655/1013/463
f 656/1015/463 658/1017/464 657/1016/464
f 658/1017/464 660/1019/324 659/1018/324
f 660/1019/324 662/1021/465 661/1020/465
f 662/1021/465 664/1023/466 663/1022/466
f 664/1023/466 666/1164/467 665/1024/467
f 634/1027/70 632/1165/70 630/1166/70
f 630/1166/70 668/1167/70 666/1168/70
f 666/1168/70 664/1169/70 662/1170/70
f 662/1170/70 660/1171/70 658/1025/70
f 658/1025/70 656/1172/70 654/1173/70
f 654/1173/70 652/1174/70 650/1175/70
f 650/1175/70 648/1176/70 646/1177/70
f 646/1177/70 644/1178/70 642/1026/70
f 642/1026/70 640/1179/70 638/1180/70
f 638/1180/70 636/1181/70 634/1027/70
f 634/1027/70 630/1166/70 666/1168/70
f 666/1168/70 662/1170/70 658/1025/70
f 658/1025/70 654/1173/70 650/1175/70
f 650/1175/70 646/1177/70 642/1026/70
f 642/1026/70 638/1180/70 634/1027/70
f 634/1027/70 666/1168/70 658/1025/70
f 658/1025/70 650/1175/70 642/1026/70
f 666/1028/467 668/1031/468 667/1029/468
f 668/1031/468 630/985/99 629/987/99
f 667/1034/131 629/1182/131 631/1183/131
f 631/1183/131 633/1184/131 635/1185/131
f 635/1185/131 637/1186/131 639/1187/131
f 639/1187/131 641/1188/131 643/1032/131
f 643/1032/131 645/1189/131 647/1190/131
f 647/1190/131 649/1191/131 651/1192/131
f 651/1192/131 653/1193/131 655/1194/131
f 655/1194/131 657/1195/131 659/1033/131
f 659/1033/131 661/1196/131 663/1197/131
f 663/1197/131 665/1198/131 667/1034/131
f 667/1034/131 631/1183/131 635/1185/131
f 635/1185/131 639/1187/131 643/1032/131
f 643/1032/131 647/1190/131 651/1192/131
f 651/1192/131 655/1194/131 659/1033/131
f 659/1033/131 663/1197/131 667/1034/131
f 667/1034/131 635/1185/131 643/1032/131
f 643/1032/131 651/1192/131 659/1033/131
f 670/1035/99 672/1038/469 671/1036/469
f 672/1038/469 674/1199/18 673/1039/18
f 674/1040/18 676/1043/470 675/1041/470
f 676/1043/470 678/1045/1 677/1044/1
f 678/1045/1 680/1047/471 679/1046/471
f 680/1047/471 682/1200/51 681/1048/51
f 682/1049/51 684/1052/472 683/1050/472
f 684/1052/472 686/1054/163 685/1053/163
f 686/1054/163 688/1056/473 687/1055/473
f 688/1056/473 690/1201/474 689/1057/474
f 690/1058/474 692/1061/475 691/1059/475
f 692/1061/475 694/1063/324 693/1062/324
f 694/1063/324 696/1065/476 695/1064/476
f 696/1065/476 698/1202/477 697/1066/477
f 674/1069/70 672/1203/70 670/1204/70
f 670/1204/70 700/1205/70 698/1206/70
f 698/1206/70 696/1207/70 694/1208/70
f 694/1208/70 692/1209/70 690/1067/70
f 690/1067/70 688/1210/70 686/1211/70
f 686/1211/70 684/1212/70 682/1068/70
f 682/1068/70 680/1213/70 678/1214/70
f 678/1214/70 676/1215/70 674/1069/70
f 674/1069/70 670/1204/70 698/1206/70
f 698/1206/70 694/1208/70 690/1067/70
f 690/1067/70 686/1211/70 682/1068/70
f 682/1068/70 678/1214/70 674/1069/70
f 674/1069/70 698/1206/70 690/1067/70
f 698/1070/477 700/1073/478 699/1071/478
f 700/1073/478 670/1035/99 669/1037/99
f 699/1076/131 669/1216/131 671/1217/131
f 671/1217/131 673/1218/131 675/1219/131
f 675/1219/131 677/1220/131 679/1221/131
f 679/1221/131 681/1222/131 683/1074/131
f 683/1074/131 685/1223/131 687/1224/131
f 687/1224/131 689/1225/131 691/1075/131
f 691/1075/131 693/1226/131 695/1227/131
f 695/1227/131 697/1228/131 699/1076/131
f 699/1076/131 671/1217/131 675/1219/131
f 675/1219/131 679/1221/131 683/1074/131
f 683/1074/131 687/1224/131 691/1075/131
f 691/1075/131 695/1227/131 699/1076/131
f 699/1076/131 675/1219/131 683/1074/131
