# Blender 4.2.23 LTS
# www.blender.org
o improvised_mine
v 0.000000 0.000000 0.000000
v 0.038000 0.000000 0.000000
v 0.037675 0.000000 -0.004960
v 0.036705 0.000000 -0.009835
v 0.035107 0.000000 -0.014542
v 0.032909 0.000000 -0.019000
v 0.030147 0.000000 -0.023133
v 0.026870 0.000000 -0.026870
v 0.023133 0.000000 -0.030147
v 0.019000 0.000000 -0.032909
v 0.014542 0.000000 -0.035107
v 0.009835 0.000000 -0.036705
v 0.004960 0.000000 -0.037675
v 0.000000 0.000000 -0.038000
v -0.004960 0.000000 -0.037675
v -0.009835 0.000000 -0.036705
v -0.014542 0.000000 -0.035107
v -0.019000 0.000000 -0.032909
v -0.023133 0.000000 -0.030147
v -0.026870 0.000000 -0.026870
v -0.030147 0.000000 -0.023133
v -0.032909 0.000000 -0.019000
v -0.035107 0.000000 -0.014542
v -0.036705 0.000000 -0.009835
v -0.037675 0.000000 -0.004960
v -0.038000 0.000000 -0.000000
v -0.037675 0.000000 0.004960
v -0.036705 0.000000 0.009835
v -0.035107 0.000000 0.014542
v -0.032909 0.000000 0.019000
v -0.030147 0.000000 0.023133
v -0.026870 0.000000 0.026870
v -0.023133 0.000000 0.030147
v -0.019000 0.000000 0.032909
v -0.014542 0.000000 0.035107
v -0.009835 0.000000 0.036705
v -0.004960 0.000000 0.037675
v -0.000000 0.000000 0.038000
v 0.004960 0.000000 0.037675
v 0.009835 0.000000 0.036705
v 0.014542 0.000000 0.035107
v 0.019000 0.000000 0.032909
v 0.023133 0.000000 0.030147
v 0.026870 0.000000 0.026870
v 0.030147 0.000000 0.023133
v 0.032909 0.000000 0.019000
v 0.035107 0.000000 0.014542
v 0.036705 0.000000 0.009835
v 0.037675 0.000000 0.004960
v 0.040000 0.003000 0.000000
v 0.039658 0.003000 -0.005221
v 0.038637 0.003000 -0.010353
v 0.036955 0.003000 -0.015307
v 0.034641 0.003000 -0.020000
v 0.031734 0.003000 -0.024350
v 0.028284 0.003000 -0.028284
v 0.024350 0.003000 -0.031734
v 0.020000 0.003000 -0.034641
v 0.015307 0.003000 -0.036955
v 0.010353 0.003000 -0.038637
v 0.005221 0.003000 -0.039658
v 0.000000 0.003000 -0.040000
v -0.005221 0.003000 -0.039658
v -0.010353 0.003000 -0.038637
v -0.015307 0.003000 -0.036955
v -0.020000 0.003000 -0.034641
v -0.024350 0.003000 -0.031734
v -0.028284 0.003000 -0.028284
v -0.031734 0.003000 -0.024350
v -0.034641 0.003000 -0.020000
v -0.036955 0.003000 -0.015307
v -0.038637 0.003000 -0.010353
v -0.039658 0.003000 -0.005221
v -0.040000 0.003000 -0.000000
v -0.039658 0.003000 0.005221
v -0.038637 0.003000 0.010353
v -0.036955 0.003000 0.015307
v -0.034641 0.003000 0.020000
v -0.031734 0.003000 0.024350
v -0.028284 0.003000 0.028284
v -0.024350 0.003000 0.031734
v -0.020000 0.003000 0.034641
v -0.015307 0.003000 0.036955
v -0.010353 0.003000 0.038637
v -0.005221 0.003000 0.039658
v -0.000000 0.003000 0.040000
v 0.005221 0.003000 0.039658
v 0.010353 0.003000 0.038637
v 0.015307 0.003000 0.036955
v 0.020000 0.003000 0.034641
v 0.024350 0.003000 0.031734
v 0.028284 0.003000 0.028284
v 0.031734 0.003000 0.024350
v 0.034641 0.003000 0.020000
v 0.036955 0.003000 0.015307
v 0.038637 0.003000 0.010353
v 0.039658 0.003000 0.005221
v 0.040000 0.097000 0.000000
v 0.039658 0.097000 -0.005221
v 0.038637 0.097000 -0.010353
v 0.036955 0.097000 -0.015307
v 0.034641 0.097000 -0.020000
v 0.031734 0.097000 -0.024350
v 0.028284 0.097000 -0.028284
v 0.024350 0.097000 -0.031734
v 0.020000 0.097000 -0.034641
v 0.015307 0.097000 -0.036955
v 0.010353 0.097000 -0.038637
v 0.005221 0.097000 -0.039658
v 0.000000 0.097000 -0.040000
v -0.005221 0.097000 -0.039658
v -0.010353 0.097000 -0.038637
v -0.015307 0.097000 -0.036955
v -0.020000 0.097000 -0.034641
v -0.024350 0.097000 -0.031734
v -0.028284 0.097000 -0.028284
v -0.031734 0.097000 -0.024350
v -0.034641 0.097000 -0.020000
v -0.036955 0.097000 -0.015307
v -0.038637 0.097000 -0.010353
v -0.039658 0.097000 -0.005221
v -0.040000 0.097000 -0.000000
v -0.039658 0.097000 0.005221
v -0.038637 0.097000 0.010353
v -0.036955 0.097000 0.015307
v -0.034641 0.097000 0.020000
v -0.031734 0.097000 0.024350
v -0.028284 0.097000 0.028284
v -0.024350 0.097000 0.031734
v -0.020000 0.097000 0.034641
v -0.015307 0.097000 0.036955
v -0.010353 0.097000 0.038637
v -0.005221 0.097000 0.039658
v -0.000000 0.097000 0.040000
v 0.005221 0.097000 0.039658
v 0.010353 0.097000 0.038637
v 0.015307 0.097000 0.036955
v 0.020000 0.097000 0.034641
v 0.024350 0.097000 0.031734
v 0.028284 0.097000 0.028284
v 0.031734 0.097000 0.024350
v 0.034641 0.097000 0.020000
v 0.036955 0.097000 0.015307
v 0.038637 0.097000 0.010353
v 0.039658 0.097000 0.005221
v 0.041000 0.100000 0.000000
v 0.040649 0.100000 -0.005352
v 0.039603 0.100000 -0.010612
v 0.037879 0.100000 -0.015690
v 0.035507 0.100000 -0.020500
v 0.032527 0.100000 -0.024959
v 0.028991 0.100000 -0.028991
v 0.024959 0.100000 -0.032527
v 0.020500 0.100000 -0.035507
v 0.015690 0.100000 -0.037879
v 0.010612 0.100000 -0.039603
v 0.005352 0.100000 -0.040649
v 0.000000 0.100000 -0.041000
v -0.005352 0.100000 -0.040649
v -0.010612 0.100000 -0.039603
v -0.015690 0.100000 -0.037879
v -0.020500 0.100000 -0.035507
v -0.024959 0.100000 -0.032527
v -0.028991 0.100000 -0.028991
v -0.032527 0.100000 -0.024959
v -0.035507 0.100000 -0.020500
v -0.037879 0.100000 -0.015690
v -0.039603 0.100000 -0.010612
v -0.040649 0.100000 -0.005352
v -0.041000 0.100000 -0.000000
v -0.040649 0.100000 0.005352
v -0.039603 0.100000 0.010612
v -0.037879 0.100000 0.015690
v -0.035507 0.100000 0.020500
v -0.032527 0.100000 0.024959
v -0.028991 0.100000 0.028991
v -0.024959 0.100000 0.032527
v -0.020500 0.100000 0.035507
v -0.015690 0.100000 0.037879
v -0.010612 0.100000 0.039603
v -0.005352 0.100000 0.040649
v -0.000000 0.100000 0.041000
v 0.005352 0.100000 0.040649
v 0.010612 0.100000 0.039603
v 0.015690 0.100000 0.037879
v 0.020500 0.100000 0.035507
v 0.024959 0.100000 0.032527
v 0.028991 0.100000 0.028991
v 0.032527 0.100000 0.024959
v 0.035507 0.100000 0.020500
v 0.037879 0.100000 0.015690
v 0.039603 0.100000 0.010612
v 0.040649 0.100000 0.005352
v 0.038500 0.100000 0.000000
v 0.038171 0.100000 -0.005025
v 0.037188 0.100000 -0.009965
v 0.035569 0.100000 -0.014733
v 0.033342 0.100000 -0.019250
v 0.030544 0.100000 -0.023437
v 0.027224 0.100000 -0.027224
v 0.023437 0.100000 -0.030544
v 0.019250 0.100000 -0.033342
v 0.014733 0.100000 -0.035569
v 0.009965 0.100000 -0.037188
v 0.005025 0.100000 -0.038171
v 0.000000 0.100000 -0.038500
v -0.005025 0.100000 -0.038171
v -0.009965 0.100000 -0.037188
v -0.014733 0.100000 -0.035569
v -0.019250 0.100000 -0.033342
v -0.023437 0.100000 -0.030544
v -0.027224 0.100000 -0.027224
v -0.030544 0.100000 -0.023437
v -0.033342 0.100000 -0.019250
v -0.035569 0.100000 -0.014733
v -0.037188 0.100000 -0.009965
v -0.038171 0.100000 -0.005025
v -0.038500 0.100000 -0.000000
v -0.038171 0.100000 0.005025
v -0.037188 0.100000 0.009965
v -0.035569 0.100000 0.014733
v -0.033342 0.100000 0.019250
v -0.030544 0.100000 0.023437
v -0.027224 0.100000 0.027224
v -0.023437 0.100000 0.030544
v -0.019250 0.100000 0.033342
v -0.014733 0.100000 0.035569
v -0.009965 0.100000 0.037188
v -0.005025 0.100000 0.038171
v -0.000000 0.100000 0.038500
v 0.005025 0.100000 0.038171
v 0.009965 0.100000 0.037188
v 0.014733 0.100000 0.035569
v 0.019250 0.100000 0.033342
v 0.023437 0.100000 0.030544
v 0.027224 0.100000 0.027224
v 0.030544 0.100000 0.023437
v 0.033342 0.100000 0.019250
v 0.035569 0.100000 0.014733
v 0.037188 0.100000 0.009965
v 0.038171 0.100000 0.005025
v 0.038500 0.096000 0.000000
v 0.038171 0.096000 -0.005025
v 0.037188 0.096000 -0.009965
v 0.035569 0.096000 -0.014733
v 0.033342 0.096000 -0.019250
v 0.030544 0.096000 -0.023437
v 0.027224 0.096000 -0.027224
v 0.023437 0.096000 -0.030544
v 0.019250 0.096000 -0.033342
v 0.014733 0.096000 -0.035569
v 0.009965 0.096000 -0.037188
v 0.005025 0.096000 -0.038171
v 0.000000 0.096000 -0.038500
v -0.005025 0.096000 -0.038171
v -0.009965 0.096000 -0.037188
v -0.014733 0.096000 -0.035569
v -0.019250 0.096000 -0.033342
v -0.023437 0.096000 -0.030544
v -0.027224 0.096000 -0.027224
v -0.030544 0.096000 -0.023437
v -0.033342 0.096000 -0.019250
v -0.035569 0.096000 -0.014733
v -0.037188 0.096000 -0.009965
v -0.038171 0.096000 -0.005025
v -0.038500 0.096000 -0.000000
v -0.038171 0.096000 0.005025
v -0.037188 0.096000 0.009965
v -0.035569 0.096000 0.014733
v -0.033342 0.096000 0.019250
v -0.030544 0.096000 0.023437
v -0.027224 0.096000 0.027224
v -0.023437 0.096000 0.030544
v -0.019250 0.096000 0.033342
v -0.014733 0.096000 0.035569
v -0.009965 0.096000 0.037188
v -0.005025 0.096000 0.038171
v -0.000000 0.096000 0.038500
v 0.005025 0.096000 0.038171
v 0.009965 0.096000 0.037188
v 0.014733 0.096000 0.035569
v 0.019250 0.096000 0.033342
v 0.023437 0.096000 0.030544
v 0.027224 0.096000 0.027224
v 0.030544 0.096000 0.023437
v 0.033342 0.096000 0.019250
v 0.035569 0.096000 0.014733
v 0.037188 0.096000 0.009965
v 0.038171 0.096000 0.005025
v 0.000000 0.096000 0.000000
v 0.041800 0.012000 0.000000
v 0.041000 0.013386 0.000000
v 0.039400 0.013386 0.000000
v 0.038600 0.012000 0.000000
v 0.039400 0.010614 0.000000
v 0.041000 0.010614 0.000000
v 0.041442 0.012000 -0.005456
v 0.040649 0.013386 -0.005352
v 0.039063 0.013386 -0.005143
v 0.038270 0.012000 -0.005038
v 0.039063 0.010614 -0.005143
v 0.040649 0.010614 -0.005352
v 0.040376 0.012000 -0.010819
v 0.039603 0.013386 -0.010612
v 0.038057 0.013386 -0.010197
v 0.037285 0.012000 -0.009990
v 0.038057 0.010614 -0.010197
v 0.039603 0.010614 -0.010612
v 0.038618 0.012000 -0.015996
v 0.037879 0.013386 -0.015690
v 0.036401 0.013386 -0.015078
v 0.035662 0.012000 -0.014772
v 0.036401 0.010614 -0.015078
v 0.037879 0.010614 -0.015690
v 0.036200 0.012000 -0.020900
v 0.035507 0.013386 -0.020500
v 0.034121 0.013386 -0.019700
v 0.033429 0.012000 -0.019300
v 0.034121 0.010614 -0.019700
v 0.035507 0.010614 -0.020500
v 0.033162 0.012000 -0.025446
v 0.032527 0.013386 -0.024959
v 0.031258 0.013386 -0.023985
v 0.030623 0.012000 -0.023498
v 0.031258 0.010614 -0.023985
v 0.032527 0.010614 -0.024959
v 0.029557 0.012000 -0.029557
v 0.028991 0.013386 -0.028991
v 0.027860 0.013386 -0.027860
v 0.027294 0.012000 -0.027294
v 0.027860 0.010614 -0.027860
v 0.028991 0.010614 -0.028991
v 0.025446 0.012000 -0.033162
v 0.024959 0.013386 -0.032527
v 0.023985 0.013386 -0.031258
v 0.023498 0.012000 -0.030623
v 0.023985 0.010614 -0.031258
v 0.024959 0.010614 -0.032527
v 0.020900 0.012000 -0.036200
v 0.020500 0.013386 -0.035507
v 0.019700 0.013386 -0.034121
v 0.019300 0.012000 -0.033429
v 0.019700 0.010614 -0.034121
v 0.020500 0.010614 -0.035507
v 0.015996 0.012000 -0.038618
v 0.015690 0.013386 -0.037879
v 0.015078 0.013386 -0.036401
v 0.014772 0.012000 -0.035662
v 0.015078 0.010614 -0.036401
v 0.015690 0.010614 -0.037879
v 0.010819 0.012000 -0.040376
v 0.010612 0.013386 -0.039603
v 0.010197 0.013386 -0.038057
v 0.009990 0.012000 -0.037285
v 0.010197 0.010614 -0.038057
v 0.010612 0.010614 -0.039603
v 0.005456 0.012000 -0.041442
v 0.005352 0.013386 -0.040649
v 0.005143 0.013386 -0.039063
v 0.005038 0.012000 -0.038270
v 0.005143 0.010614 -0.039063
v 0.005352 0.010614 -0.040649
v 0.000000 0.012000 -0.041800
v 0.000000 0.013386 -0.041000
v 0.000000 0.013386 -0.039400
v 0.000000 0.012000 -0.038600
v 0.000000 0.010614 -0.039400
v 0.000000 0.010614 -0.041000
v -0.005456 0.012000 -0.041442
v -0.005352 0.013386 -0.040649
v -0.005143 0.013386 -0.039063
v -0.005038 0.012000 -0.038270
v -0.005143 0.010614 -0.039063
v -0.005352 0.010614 -0.040649
v -0.010819 0.012000 -0.040376
v -0.010612 0.013386 -0.039603
v -0.010197 0.013386 -0.038057
v -0.009990 0.012000 -0.037285
v -0.010197 0.010614 -0.038057
v -0.010612 0.010614 -0.039603
v -0.015996 0.012000 -0.038618
v -0.015690 0.013386 -0.037879
v -0.015078 0.013386 -0.036401
v -0.014772 0.012000 -0.035662
v -0.015078 0.010614 -0.036401
v -0.015690 0.010614 -0.037879
v -0.020900 0.012000 -0.036200
v -0.020500 0.013386 -0.035507
v -0.019700 0.013386 -0.034121
v -0.019300 0.012000 -0.033429
v -0.019700 0.010614 -0.034121
v -0.020500 0.010614 -0.035507
v -0.025446 0.012000 -0.033162
v -0.024959 0.013386 -0.032527
v -0.023985 0.013386 -0.031258
v -0.023498 0.012000 -0.030623
v -0.023985 0.010614 -0.031258
v -0.024959 0.010614 -0.032527
v -0.029557 0.012000 -0.029557
v -0.028991 0.013386 -0.028991
v -0.027860 0.013386 -0.027860
v -0.027294 0.012000 -0.027294
v -0.027860 0.010614 -0.027860
v -0.028991 0.010614 -0.028991
v -0.033162 0.012000 -0.025446
v -0.032527 0.013386 -0.024959
v -0.031258 0.013386 -0.023985
v -0.030623 0.012000 -0.023498
v -0.031258 0.010614 -0.023985
v -0.032527 0.010614 -0.024959
v -0.036200 0.012000 -0.020900
v -0.035507 0.013386 -0.020500
v -0.034121 0.013386 -0.019700
v -0.033429 0.012000 -0.019300
v -0.034121 0.010614 -0.019700
v -0.035507 0.010614 -0.020500
v -0.038618 0.012000 -0.015996
v -0.037879 0.013386 -0.015690
v -0.036401 0.013386 -0.015078
v -0.035662 0.012000 -0.014772
v -0.036401 0.010614 -0.015078
v -0.037879 0.010614 -0.015690
v -0.040376 0.012000 -0.010819
v -0.039603 0.013386 -0.010612
v -0.038057 0.013386 -0.010197
v -0.037285 0.012000 -0.009990
v -0.038057 0.010614 -0.010197
v -0.039603 0.010614 -0.010612
v -0.041442 0.012000 -0.005456
v -0.040649 0.013386 -0.005352
v -0.039063 0.013386 -0.005143
v -0.038270 0.012000 -0.005038
v -0.039063 0.010614 -0.005143
v -0.040649 0.010614 -0.005352
v -0.041800 0.012000 -0.000000
v -0.041000 0.013386 -0.000000
v -0.039400 0.013386 -0.000000
v -0.038600 0.012000 -0.000000
v -0.039400 0.010614 -0.000000
v -0.041000 0.010614 -0.000000
v -0.041442 0.012000 0.005456
v -0.040649 0.013386 0.005352
v -0.039063 0.013386 0.005143
v -0.038270 0.012000 0.005038
v -0.039063 0.010614 0.005143
v -0.040649 0.010614 0.005352
v -0.040376 0.012000 0.010819
v -0.039603 0.013386 0.010612
v -0.038057 0.013386 0.010197
v -0.037285 0.012000 0.009990
v -0.038057 0.010614 0.010197
v -0.039603 0.010614 0.010612
v -0.038618 0.012000 0.015996
v -0.037879 0.013386 0.015690
v -0.036401 0.013386 0.015078
v -0.035662 0.012000 0.014772
v -0.036401 0.010614 0.015078
v -0.037879 0.010614 0.015690
v -0.036200 0.012000 0.020900
v -0.035507 0.013386 0.020500
v -0.034121 0.013386 0.019700
v -0.033429 0.012000 0.019300
v -0.034121 0.010614 0.019700
v -0.035507 0.010614 0.020500
v -0.033162 0.012000 0.025446
v -0.032527 0.013386 0.024959
v -0.031258 0.013386 0.023985
v -0.030623 0.012000 0.023498
v -0.031258 0.010614 0.023985
v -0.032527 0.010614 0.024959
v -0.029557 0.012000 0.029557
v -0.028991 0.013386 0.028991
v -0.027860 0.013386 0.027860
v -0.027294 0.012000 0.027294
v -0.027860 0.010614 0.027860
v -0.028991 0.010614 0.028991
v -0.025446 0.012000 0.033162
v -0.024959 0.013386 0.032527
v -0.023985 0.013386 0.031258
v -0.023498 0.012000 0.030623
v -0.023985 0.010614 0.031258
v -0.024959 0.010614 0.032527
v -0.020900 0.012000 0.036200
v -0.020500 0.013386 0.035507
v -0.019700 0.013386 0.034121
v -0.019300 0.012000 0.033429
v -0.019700 0.010614 0.034121
v -0.020500 0.010614 0.035507
v -0.015996 0.012000 0.038618
v -0.015690 0.013386 0.037879
v -0.015078 0.013386 0.036401
v -0.014772 0.012000 0.035662
v -0.015078 0.010614 0.036401
v -0.015690 0.010614 0.037879
v -0.010819 0.012000 0.040376
v -0.010612 0.013386 0.039603
v -0.010197 0.013386 0.038057
v -0.009990 0.012000 0.037285
v -0.010197 0.010614 0.038057
v -0.010612 0.010614 0.039603
v -0.005456 0.012000 0.041442
v -0.005352 0.013386 0.040649
v -0.005143 0.013386 0.039063
v -0.005038 0.012000 0.038270
v -0.005143 0.010614 0.039063
v -0.005352 0.010614 0.040649
v 0.000000 0.012000 0.041800
v 0.000000 0.013386 0.041000
v 0.000000 0.013386 0.039400
v 0.000000 0.012000 0.038600
v 0.000000 0.010614 0.039400
v 0.000000 0.010614 0.041000
v 0.005456 0.012000 0.041442
v 0.005352 0.013386 0.040649
v 0.005143 0.013386 0.039063
v 0.005038 0.012000 0.038270
v 0.005143 0.010614 0.039063
v 0.005352 0.010614 0.040649
v 0.010819 0.012000 0.040376
v 0.010612 0.013386 0.039603
v 0.010197 0.013386 0.038057
v 0.009990 0.012000 0.037285
v 0.010197 0.010614 0.038057
v 0.010612 0.010614 0.039603
v 0.015996 0.012000 0.038618
v 0.015690 0.013386 0.037879
v 0.015078 0.013386 0.036401
v 0.014772 0.012000 0.035662
v 0.015078 0.010614 0.036401
v 0.015690 0.010614 0.037879
v 0.020900 0.012000 0.036200
v 0.020500 0.013386 0.035507
v 0.019700 0.013386 0.034121
v 0.019300 0.012000 0.033429
v 0.019700 0.010614 0.034121
v 0.020500 0.010614 0.035507
v 0.025446 0.012000 0.033162
v 0.024959 0.013386 0.032527
v 0.023985 0.013386 0.031258
v 0.023498 0.012000 0.030623
v 0.023985 0.010614 0.031258
v 0.024959 0.010614 0.032527
v 0.029557 0.012000 0.029557
v 0.028991 0.013386 0.028991
v 0.027860 0.013386 0.027860
v 0.027294 0.012000 0.027294
v 0.027860 0.010614 0.027860
v 0.028991 0.010614 0.028991
v 0.033162 0.012000 0.025446
v 0.032527 0.013386 0.024959
v 0.031258 0.013386 0.023985
v 0.030623 0.012000 0.023498
v 0.031258 0.010614 0.023985
v 0.032527 0.010614 0.024959
v 0.036200 0.012000 0.020900
v 0.035507 0.013386 0.020500
v 0.034121 0.013386 0.019700
v 0.033429 0.012000 0.019300
v 0.034121 0.010614 0.019700
v 0.035507 0.010614 0.020500
v 0.038618 0.012000 0.015996
v 0.037879 0.013386 0.015690
v 0.036401 0.013386 0.015078
v 0.035662 0.012000 0.014772
v 0.036401 0.010614 0.015078
v 0.037879 0.010614 0.015690
v 0.040376 0.012000 0.010819
v 0.039603 0.013386 0.010612
v 0.038057 0.013386 0.010197
v 0.037285 0.012000 0.009990
v 0.038057 0.010614 0.010197
v 0.039603 0.010614 0.010612
v 0.041442 0.012000 0.005456
v 0.040649 0.013386 0.005352
v 0.039063 0.013386 0.005143
v 0.038270 0.012000 0.005038
v 0.039063 0.010614 0.005143
v 0.040649 0.010614 0.005352
v 0.041800 0.086000 0.000000
v 0.041000 0.087386 0.000000
v 0.039400 0.087386 0.000000
v 0.038600 0.086000 0.000000
v 0.039400 0.084614 0.000000
v 0.041000 0.084614 0.000000
v 0.041442 0.086000 -0.005456
v 0.040649 0.087386 -0.005352
v 0.039063 0.087386 -0.005143
v 0.038270 0.086000 -0.005038
v 0.039063 0.084614 -0.005143
v 0.040649 0.084614 -0.005352
v 0.040376 0.086000 -0.010819
v 0.039603 0.087386 -0.010612
v 0.038057 0.087386 -0.010197
v 0.037285 0.086000 -0.009990
v 0.038057 0.084614 -0.010197
v 0.039603 0.084614 -0.010612
v 0.038618 0.086000 -0.015996
v 0.037879 0.087386 -0.015690
v 0.036401 0.087386 -0.015078
v 0.035662 0.086000 -0.014772
v 0.036401 0.084614 -0.015078
v 0.037879 0.084614 -0.015690
v 0.036200 0.086000 -0.020900
v 0.035507 0.087386 -0.020500
v 0.034121 0.087386 -0.019700
v 0.033429 0.086000 -0.019300
v 0.034121 0.084614 -0.019700
v 0.035507 0.084614 -0.020500
v 0.033162 0.086000 -0.025446
v 0.032527 0.087386 -0.024959
v 0.031258 0.087386 -0.023985
v 0.030623 0.086000 -0.023498
v 0.031258 0.084614 -0.023985
v 0.032527 0.084614 -0.024959
v 0.029557 0.086000 -0.029557
v 0.028991 0.087386 -0.028991
v 0.027860 0.087386 -0.027860
v 0.027294 0.086000 -0.027294
v 0.027860 0.084614 -0.027860
v 0.028991 0.084614 -0.028991
v 0.025446 0.086000 -0.033162
v 0.024959 0.087386 -0.032527
v 0.023985 0.087386 -0.031258
v 0.023498 0.086000 -0.030623
v 0.023985 0.084614 -0.031258
v 0.024959 0.084614 -0.032527
v 0.020900 0.086000 -0.036200
v 0.020500 0.087386 -0.035507
v 0.019700 0.087386 -0.034121
v 0.019300 0.086000 -0.033429
v 0.019700 0.084614 -0.034121
v 0.020500 0.084614 -0.035507
v 0.015996 0.086000 -0.038618
v 0.015690 0.087386 -0.037879
v 0.015078 0.087386 -0.036401
v 0.014772 0.086000 -0.035662
v 0.015078 0.084614 -0.036401
v 0.015690 0.084614 -0.037879
v 0.010819 0.086000 -0.040376
v 0.010612 0.087386 -0.039603
v 0.010197 0.087386 -0.038057
v 0.009990 0.086000 -0.037285
v 0.010197 0.084614 -0.038057
v 0.010612 0.084614 -0.039603
v 0.005456 0.086000 -0.041442
v 0.005352 0.087386 -0.040649
v 0.005143 0.087386 -0.039063
v 0.005038 0.086000 -0.038270
v 0.005143 0.084614 -0.039063
v 0.005352 0.084614 -0.040649
v 0.000000 0.086000 -0.041800
v 0.000000 0.087386 -0.041000
v 0.000000 0.087386 -0.039400
v 0.000000 0.086000 -0.038600
v 0.000000 0.084614 -0.039400
v 0.000000 0.084614 -0.041000
v -0.005456 0.086000 -0.041442
v -0.005352 0.087386 -0.040649
v -0.005143 0.087386 -0.039063
v -0.005038 0.086000 -0.038270
v -0.005143 0.084614 -0.039063
v -0.005352 0.084614 -0.040649
v -0.010819 0.086000 -0.040376
v -0.010612 0.087386 -0.039603
v -0.010197 0.087386 -0.038057
v -0.009990 0.086000 -0.037285
v -0.010197 0.084614 -0.038057
v -0.010612 0.084614 -0.039603
v -0.015996 0.086000 -0.038618
v -0.015690 0.087386 -0.037879
v -0.015078 0.087386 -0.036401
v -0.014772 0.086000 -0.035662
v -0.015078 0.084614 -0.036401
v -0.015690 0.084614 -0.037879
v -0.020900 0.086000 -0.036200
v -0.020500 0.087386 -0.035507
v -0.019700 0.087386 -0.034121
v -0.019300 0.086000 -0.033429
v -0.019700 0.084614 -0.034121
v -0.020500 0.084614 -0.035507
v -0.025446 0.086000 -0.033162
v -0.024959 0.087386 -0.032527
v -0.023985 0.087386 -0.031258
v -0.023498 0.086000 -0.030623
v -0.023985 0.084614 -0.031258
v -0.024959 0.084614 -0.032527
v -0.029557 0.086000 -0.029557
v -0.028991 0.087386 -0.028991
v -0.027860 0.087386 -0.027860
v -0.027294 0.086000 -0.027294
v -0.027860 0.084614 -0.027860
v -0.028991 0.084614 -0.028991
v -0.033162 0.086000 -0.025446
v -0.032527 0.087386 -0.024959
v -0.031258 0.087386 -0.023985
v -0.030623 0.086000 -0.023498
v -0.031258 0.084614 -0.023985
v -0.032527 0.084614 -0.024959
v -0.036200 0.086000 -0.020900
v -0.035507 0.087386 -0.020500
v -0.034121 0.087386 -0.019700
v -0.033429 0.086000 -0.019300
v -0.034121 0.084614 -0.019700
v -0.035507 0.084614 -0.020500
v -0.038618 0.086000 -0.015996
v -0.037879 0.087386 -0.015690
v -0.036401 0.087386 -0.015078
v -0.035662 0.086000 -0.014772
v -0.036401 0.084614 -0.015078
v -0.037879 0.084614 -0.015690
v -0.040376 0.086000 -0.010819
v -0.039603 0.087386 -0.010612
v -0.038057 0.087386 -0.010197
v -0.037285 0.086000 -0.009990
v -0.038057 0.084614 -0.010197
v -0.039603 0.084614 -0.010612
v -0.041442 0.086000 -0.005456
v -0.040649 0.087386 -0.005352
v -0.039063 0.087386 -0.005143
v -0.038270 0.086000 -0.005038
v -0.039063 0.084614 -0.005143
v -0.040649 0.084614 -0.005352
v -0.041800 0.086000 -0.000000
v -0.041000 0.087386 -0.000000
v -0.039400 0.087386 -0.000000
v -0.038600 0.086000 -0.000000
v -0.039400 0.084614 -0.000000
v -0.041000 0.084614 -0.000000
v -0.041442 0.086000 0.005456
v -0.040649 0.087386 0.005352
v -0.039063 0.087386 0.005143
v -0.038270 0.086000 0.005038
v -0.039063 0.084614 0.005143
v -0.040649 0.084614 0.005352
v -0.040376 0.086000 0.010819
v -0.039603 0.087386 0.010612
v -0.038057 0.087386 0.010197
v -0.037285 0.086000 0.009990
v -0.038057 0.084614 0.010197
v -0.039603 0.084614 0.010612
v -0.038618 0.086000 0.015996
v -0.037879 0.087386 0.015690
v -0.036401 0.087386 0.015078
v -0.035662 0.086000 0.014772
v -0.036401 0.084614 0.015078
v -0.037879 0.084614 0.015690
v -0.036200 0.086000 0.020900
v -0.035507 0.087386 0.020500
v -0.034121 0.087386 0.019700
v -0.033429 0.086000 0.019300
v -0.034121 0.084614 0.019700
v -0.035507 0.084614 0.020500
v -0.033162 0.086000 0.025446
v -0.032527 0.087386 0.024959
v -0.031258 0.087386 0.023985
v -0.030623 0.086000 0.023498
v -0.031258 0.084614 0.023985
v -0.032527 0.084614 0.024959
v -0.029557 0.086000 0.029557
v -0.028991 0.087386 0.028991
v -0.027860 0.087386 0.027860
v -0.027294 0.086000 0.027294
v -0.027860 0.084614 0.027860
v -0.028991 0.084614 0.028991
v -0.025446 0.086000 0.033162
v -0.024959 0.087386 0.032527
v -0.023985 0.087386 0.031258
v -0.023498 0.086000 0.030623
v -0.023985 0.084614 0.031258
v -0.024959 0.084614 0.032527
v -0.020900 0.086000 0.036200
v -0.020500 0.087386 0.035507
v -0.019700 0.087386 0.034121
v -0.019300 0.086000 0.033429
v -0.019700 0.084614 0.034121
v -0.020500 0.084614 0.035507
v -0.015996 0.086000 0.038618
v -0.015690 0.087386 0.037879
v -0.015078 0.087386 0.036401
v -0.014772 0.086000 0.035662
v -0.015078 0.084614 0.036401
v -0.015690 0.084614 0.037879
v -0.010819 0.086000 0.040376
v -0.010612 0.087386 0.039603
v -0.010197 0.087386 0.038057
v -0.009990 0.086000 0.037285
v -0.010197 0.084614 0.038057
v -0.010612 0.084614 0.039603
v -0.005456 0.086000 0.041442
v -0.005352 0.087386 0.040649
v -0.005143 0.087386 0.039063
v -0.005038 0.086000 0.038270
v -0.005143 0.084614 0.039063
v -0.005352 0.084614 0.040649
v 0.000000 0.086000 0.041800
v 0.000000 0.087386 0.041000
v 0.000000 0.087386 0.039400
v 0.000000 0.086000 0.038600
v 0.000000 0.084614 0.039400
v 0.000000 0.084614 0.041000
v 0.005456 0.086000 0.041442
v 0.005352 0.087386 0.040649
v 0.005143 0.087386 0.039063
v 0.005038 0.086000 0.038270
v 0.005143 0.084614 0.039063
v 0.005352 0.084614 0.040649
v 0.010819 0.086000 0.040376
v 0.010612 0.087386 0.039603
v 0.010197 0.087386 0.038057
v 0.009990 0.086000 0.037285
v 0.010197 0.084614 0.038057
v 0.010612 0.084614 0.039603
v 0.015996 0.086000 0.038618
v 0.015690 0.087386 0.037879
v 0.015078 0.087386 0.036401
v 0.014772 0.086000 0.035662
v 0.015078 0.084614 0.036401
v 0.015690 0.084614 0.037879
v 0.020900 0.086000 0.036200
v 0.020500 0.087386 0.035507
v 0.019700 0.087386 0.034121
v 0.019300 0.086000 0.033429
v 0.019700 0.084614 0.034121
v 0.020500 0.084614 0.035507
v 0.025446 0.086000 0.033162
v 0.024959 0.087386 0.032527
v 0.023985 0.087386 0.031258
v 0.023498 0.086000 0.030623
v 0.023985 0.084614 0.031258
v 0.024959 0.084614 0.032527
v 0.029557 0.086000 0.029557
v 0.028991 0.087386 0.028991
v 0.027860 0.087386 0.027860
v 0.027294 0.086000 0.027294
v 0.027860 0.084614 0.027860
v 0.028991 0.084614 0.028991
v 0.033162 0.086000 0.025446
v 0.032527 0.087386 0.024959
v 0.031258 0.087386 0.023985
v 0.030623 0.086000 0.023498
v 0.031258 0.084614 0.023985
v 0.032527 0.084614 0.024959
v 0.036200 0.086000 0.020900
v 0.035507 0.087386 0.020500
v 0.034121 0.087386 0.019700
v 0.033429 0.086000 0.019300
v 0.034121 0.084614 0.019700
v 0.035507 0.084614 0.020500
v 0.038618 0.086000 0.015996
v 0.037879 0.087386 0.015690
v 0.036401 0.087386 0.015078
v 0.035662 0.086000 0.014772
v 0.036401 0.084614 0.015078
v 0.037879 0.084614 0.015690
v 0.040376 0.086000 0.010819
v 0.039603 0.087386 0.010612
v 0.038057 0.087386 0.010197
v 0.037285 0.086000 0.009990
v 0.038057 0.084614 0.010197
v 0.039603 0.084614 0.010612
v 0.041442 0.086000 0.005456
v 0.040649 0.087386 0.005352
v 0.039063 0.087386 0.005143
v 0.038270 0.086000 0.005038
v 0.039063 0.084614 0.005143
v 0.040649 0.084614 0.005352
v 0.041200 0.034000 0.000000
v 0.040848 0.034000 -0.005378
v 0.039796 0.034000 -0.010663
v 0.038064 0.034000 -0.015767
v 0.035680 0.034000 -0.020600
v 0.032686 0.034000 -0.025081
v 0.029133 0.034000 -0.029133
v 0.025081 0.034000 -0.032686
v 0.020600 0.034000 -0.035680
v 0.015767 0.034000 -0.038064
v 0.010663 0.034000 -0.039796
v 0.005378 0.034000 -0.040848
v 0.000000 0.034000 -0.041200
v -0.005378 0.034000 -0.040848
v -0.010663 0.034000 -0.039796
v -0.015767 0.034000 -0.038064
v -0.020600 0.034000 -0.035680
v -0.025081 0.034000 -0.032686
v -0.029133 0.034000 -0.029133
v -0.032686 0.034000 -0.025081
v -0.035680 0.034000 -0.020600
v -0.038064 0.034000 -0.015767
v -0.039796 0.034000 -0.010663
v -0.040848 0.034000 -0.005378
v -0.041200 0.034000 -0.000000
v -0.040848 0.034000 0.005378
v -0.039796 0.034000 0.010663
v -0.038064 0.034000 0.015767
v -0.035680 0.034000 0.020600
v -0.032686 0.034000 0.025081
v -0.029133 0.034000 0.029133
v -0.025081 0.034000 0.032686
v -0.020600 0.034000 0.035680
v -0.015767 0.034000 0.038064
v -0.010663 0.034000 0.039796
v -0.005378 0.034000 0.040848
v -0.000000 0.034000 0.041200
v 0.005378 0.034000 0.040848
v 0.010663 0.034000 0.039796
v 0.015767 0.034000 0.038064
v 0.020600 0.034000 0.035680
v 0.025081 0.034000 0.032686
v 0.029133 0.034000 0.029133
v 0.032686 0.034000 0.025081
v 0.035680 0.034000 0.020600
v 0.038064 0.034000 0.015767
v 0.039796 0.034000 0.010663
v 0.040848 0.034000 0.005378
v 0.041600 0.036000 0.000000
v 0.041244 0.036000 -0.005430
v 0.040183 0.036000 -0.010767
v 0.038433 0.036000 -0.015920
v 0.036027 0.036000 -0.020800
v 0.033003 0.036000 -0.025324
v 0.029416 0.036000 -0.029416
v 0.025324 0.036000 -0.033003
v 0.020800 0.036000 -0.036027
v 0.015920 0.036000 -0.038433
v 0.010767 0.036000 -0.040183
v 0.005430 0.036000 -0.041244
v 0.000000 0.036000 -0.041600
v -0.005430 0.036000 -0.041244
v -0.010767 0.036000 -0.040183
v -0.015920 0.036000 -0.038433
v -0.020800 0.036000 -0.036027
v -0.025324 0.036000 -0.033003
v -0.029416 0.036000 -0.029416
v -0.033003 0.036000 -0.025324
v -0.036027 0.036000 -0.020800
v -0.038433 0.036000 -0.015920
v -0.040183 0.036000 -0.010767
v -0.041244 0.036000 -0.005430
v -0.041600 0.036000 -0.000000
v -0.041244 0.036000 0.005430
v -0.040183 0.036000 0.010767
v -0.038433 0.036000 0.015920
v -0.036027 0.036000 0.020800
v -0.033003 0.036000 0.025324
v -0.029416 0.036000 0.029416
v -0.025324 0.036000 0.033003
v -0.020800 0.036000 0.036027
v -0.015920 0.036000 0.038433
v -0.010767 0.036000 0.040183
v -0.005430 0.036000 0.041244
v -0.000000 0.036000 0.041600
v 0.005430 0.036000 0.041244
v 0.010767 0.036000 0.040183
v 0.015920 0.036000 0.038433
v 0.020800 0.036000 0.036027
v 0.025324 0.036000 0.033003
v 0.029416 0.036000 0.029416
v 0.033003 0.036000 0.025324
v 0.036027 0.036000 0.020800
v 0.038433 0.036000 0.015920
v 0.040183 0.036000 0.010767
v 0.041244 0.036000 0.005430
v 0.041800 0.050000 0.000000
v 0.041442 0.050000 -0.005456
v 0.040376 0.050000 -0.010819
v 0.038618 0.050000 -0.015996
v 0.036200 0.050000 -0.020900
v 0.033162 0.050000 -0.025446
v 0.029557 0.050000 -0.029557
v 0.025446 0.050000 -0.033162
v 0.020900 0.050000 -0.036200
v 0.015996 0.050000 -0.038618
v 0.010819 0.050000 -0.040376
v 0.005456 0.050000 -0.041442
v 0.000000 0.050000 -0.041800
v -0.005456 0.050000 -0.041442
v -0.010819 0.050000 -0.040376
v -0.015996 0.050000 -0.038618
v -0.020900 0.050000 -0.036200
v -0.025446 0.050000 -0.033162
v -0.029557 0.050000 -0.029557
v -0.033162 0.050000 -0.025446
v -0.036200 0.050000 -0.020900
v -0.038618 0.050000 -0.015996
v -0.040376 0.050000 -0.010819
v -0.041442 0.050000 -0.005456
v -0.041800 0.050000 -0.000000
v -0.041442 0.050000 0.005456
v -0.040376 0.050000 0.010819
v -0.038618 0.050000 0.015996
v -0.036200 0.050000 0.020900
v -0.033162 0.050000 0.025446
v -0.029557 0.050000 0.029557
v -0.025446 0.050000 0.033162
v -0.020900 0.050000 0.036200
v -0.015996 0.050000 0.038618
v -0.010819 0.050000 0.040376
v -0.005456 0.050000 0.041442
v -0.000000 0.050000 0.041800
v 0.005456 0.050000 0.041442
v 0.010819 0.050000 0.040376
v 0.015996 0.050000 0.038618
v 0.020900 0.050000 0.036200
v 0.025446 0.050000 0.033162
v 0.029557 0.050000 0.029557
v 0.033162 0.050000 0.025446
v 0.036200 0.050000 0.020900
v 0.038618 0.050000 0.015996
v 0.040376 0.050000 0.010819
v 0.041442 0.050000 0.005456
v 0.041600 0.064000 0.000000
v 0.041244 0.064000 -0.005430
v 0.040183 0.064000 -0.010767
v 0.038433 0.064000 -0.015920
v 0.036027 0.064000 -0.020800
v 0.033003 0.064000 -0.025324
v 0.029416 0.064000 -0.029416
v 0.025324 0.064000 -0.033003
v 0.020800 0.064000 -0.036027
v 0.015920 0.064000 -0.038433
v 0.010767 0.064000 -0.040183
v 0.005430 0.064000 -0.041244
v 0.000000 0.064000 -0.041600
v -0.005430 0.064000 -0.041244
v -0.010767 0.064000 -0.040183
v -0.015920 0.064000 -0.038433
v -0.020800 0.064000 -0.036027
v -0.025324 0.064000 -0.033003
v -0.029416 0.064000 -0.029416
v -0.033003 0.064000 -0.025324
v -0.036027 0.064000 -0.020800
v -0.038433 0.064000 -0.015920
v -0.040183 0.064000 -0.010767
v -0.041244 0.064000 -0.005430
v -0.041600 0.064000 -0.000000
v -0.041244 0.064000 0.005430
v -0.040183 0.064000 0.010767
v -0.038433 0.064000 0.015920
v -0.036027 0.064000 0.020800
v -0.033003 0.064000 0.025324
v -0.029416 0.064000 0.029416
v -0.025324 0.064000 0.033003
v -0.020800 0.064000 0.036027
v -0.015920 0.064000 0.038433
v -0.010767 0.064000 0.040183
v -0.005430 0.064000 0.041244
v -0.000000 0.064000 0.041600
v 0.005430 0.064000 0.041244
v 0.010767 0.064000 0.040183
v 0.015920 0.064000 0.038433
v 0.020800 0.064000 0.036027
v 0.025324 0.064000 0.033003
v 0.029416 0.064000 0.029416
v 0.033003 0.064000 0.025324
v 0.036027 0.064000 0.020800
v 0.038433 0.064000 0.015920
v 0.040183 0.064000 0.010767
v 0.041244 0.064000 0.005430
v 0.041200 0.066000 0.000000
v 0.040848 0.066000 -0.005378
v 0.039796 0.066000 -0.010663
v 0.038064 0.066000 -0.015767
v 0.035680 0.066000 -0.020600
v 0.032686 0.066000 -0.025081
v 0.029133 0.066000 -0.029133
v 0.025081 0.066000 -0.032686
v 0.020600 0.066000 -0.035680
v 0.015767 0.066000 -0.038064
v 0.010663 0.066000 -0.039796
v 0.005378 0.066000 -0.040848
v 0.000000 0.066000 -0.041200
v -0.005378 0.066000 -0.040848
v -0.010663 0.066000 -0.039796
v -0.015767 0.066000 -0.038064
v -0.020600 0.066000 -0.035680
v -0.025081 0.066000 -0.032686
v -0.029133 0.066000 -0.029133
v -0.032686 0.066000 -0.025081
v -0.035680 0.066000 -0.020600
v -0.038064 0.066000 -0.015767
v -0.039796 0.066000 -0.010663
v -0.040848 0.066000 -0.005378
v -0.041200 0.066000 -0.000000
v -0.040848 0.066000 0.005378
v -0.039796 0.066000 0.010663
v -0.038064 0.066000 0.015767
v -0.035680 0.066000 0.020600
v -0.032686 0.066000 0.025081
v -0.029133 0.066000 0.029133
v -0.025081 0.066000 0.032686
v -0.020600 0.066000 0.035680
v -0.015767 0.066000 0.038064
v -0.010663 0.066000 0.039796
v -0.005378 0.066000 0.040848
v -0.000000 0.066000 0.041200
v 0.005378 0.066000 0.040848
v 0.010663 0.066000 0.039796
v 0.015767 0.066000 0.038064
v 0.020600 0.066000 0.035680
v 0.025081 0.066000 0.032686
v 0.029133 0.066000 0.029133
v 0.032686 0.066000 0.025081
v 0.035680 0.066000 0.020600
v 0.038064 0.066000 0.015767
v 0.039796 0.066000 0.010663
v 0.040848 0.066000 0.005378
v -0.007366 0.092431 -0.015373
v -0.005646 0.115211 -0.010503
v -0.006223 0.092334 -0.015323
v -0.004504 0.115114 -0.010452
v -0.005464 0.092099 -0.014493
v -0.003745 0.114880 -0.009623
v -0.005534 0.091864 -0.013372
v -0.003815 0.114645 -0.008502
v -0.006392 0.091767 -0.012615
v -0.004673 0.114548 -0.007744
v -0.007534 0.091864 -0.012666
v -0.005815 0.114645 -0.007795
v -0.008293 0.092099 -0.013495
v -0.006574 0.114880 -0.008625
v -0.008223 0.092334 -0.014616
v -0.006504 0.115114 -0.009746
v -0.006437 0.115135 -0.012744
v -0.006349 0.116305 -0.012493
v -0.004480 0.115022 -0.012908
v -0.004392 0.116192 -0.012658
v -0.002717 0.114715 -0.012092
v -0.002629 0.115885 -0.011842
v -0.001620 0.114295 -0.010514
v -0.001532 0.115465 -0.010264
v -0.001484 0.113874 -0.008597
v -0.001395 0.115045 -0.008347
v -0.002344 0.113567 -0.006855
v -0.002255 0.114737 -0.006605
v -0.003970 0.113454 -0.005754
v -0.003882 0.114625 -0.005504
v -0.005927 0.113567 -0.005590
v -0.005839 0.114737 -0.005340
v -0.007690 0.113874 -0.006406
v -0.007602 0.115045 -0.006156
v -0.008787 0.114295 -0.007984
v -0.008699 0.115465 -0.007734
v -0.008924 0.114715 -0.009901
v -0.008835 0.115885 -0.009651
v -0.008064 0.115022 -0.011643
v -0.007975 0.116192 -0.011393
v -0.008706 0.092441 -0.012109
v -0.008625 0.114203 -0.007077
v -0.007639 0.092342 -0.011699
v -0.007558 0.114104 -0.006666
v -0.007183 0.092103 -0.010672
v -0.007102 0.113865 -0.005640
v -0.007606 0.091864 -0.009632
v -0.007525 0.113626 -0.004600
v -0.008659 0.091765 -0.009187
v -0.008578 0.113527 -0.004154
v -0.009727 0.091864 -0.009598
v -0.009646 0.113626 -0.004565
v -0.010183 0.092103 -0.010624
v -0.010102 0.113865 -0.005592
v -0.009760 0.092342 -0.011664
v -0.009679 0.114104 -0.006632
v -0.008664 0.114137 -0.009453
v -0.008659 0.115306 -0.009182
v -0.006756 0.114022 -0.008987
v -0.006752 0.115191 -0.008717
v -0.005343 0.113708 -0.007655
v -0.005339 0.114878 -0.007384
v -0.004805 0.113280 -0.005812
v -0.004800 0.114449 -0.005542
v -0.005284 0.112852 -0.003953
v -0.005280 0.114021 -0.003683
v -0.006653 0.112539 -0.002576
v -0.006649 0.113708 -0.002305
v -0.008545 0.112424 -0.002049
v -0.008540 0.113593 -0.001779
v -0.010452 0.112539 -0.002515
v -0.010448 0.113708 -0.002244
v -0.011865 0.112852 -0.003847
v -0.011861 0.114021 -0.003577
v -0.012404 0.113280 -0.005690
v -0.012399 0.114449 -0.005419
v -0.011924 0.113708 -0.007549
v -0.011920 0.114878 -0.007279
v -0.010555 0.114022 -0.008926
v -0.010551 0.115191 -0.008656
v 0.012822 0.092303 -0.003707
v 0.012106 0.111276 -0.006808
v 0.011691 0.092231 -0.003891
v 0.010975 0.111204 -0.006991
v 0.011028 0.092055 -0.004811
v 0.010312 0.111028 -0.007912
v 0.011221 0.091880 -0.005929
v 0.010505 0.110853 -0.009030
v 0.012157 0.091807 -0.006590
v 0.011441 0.110780 -0.009691
v 0.013288 0.091880 -0.006407
v 0.012572 0.110853 -0.009507
v 0.013951 0.092055 -0.005486
v 0.013235 0.111028 -0.008587
v 0.013758 0.092231 -0.004368
v 0.013042 0.111204 -0.007469
v 0.012639 0.111065 -0.004501
v 0.012594 0.112248 -0.004695
v 0.010675 0.110981 -0.004563
v 0.010630 0.112164 -0.004756
v 0.009011 0.110751 -0.005586
v 0.008966 0.111934 -0.005780
v 0.008093 0.110436 -0.007298
v 0.008049 0.111620 -0.007491
v 0.008168 0.110122 -0.009238
v 0.008123 0.111306 -0.009431
v 0.009214 0.109892 -0.010887
v 0.009170 0.111075 -0.011081
v 0.010953 0.109808 -0.011804
v 0.010908 0.110991 -0.011998
v 0.012917 0.109892 -0.011743
v 0.012872 0.111075 -0.011936
v 0.014581 0.110122 -0.010719
v 0.014536 0.111306 -0.010912
v 0.015498 0.110436 -0.009008
v 0.015454 0.111620 -0.009201
v 0.015424 0.110751 -0.007067
v 0.015379 0.111934 -0.007261
v 0.014377 0.110981 -0.005418
v 0.014333 0.112164 -0.005611
v 0.001584 0.092432 -0.022567
v 0.006379 0.113853 -0.023392
v 0.001826 0.092334 -0.023685
v 0.006621 0.113755 -0.024510
v 0.002771 0.092099 -0.024293
v 0.007566 0.113520 -0.025119
v 0.003864 0.091864 -0.024036
v 0.008660 0.113286 -0.024862
v 0.004467 0.091767 -0.023063
v 0.009262 0.113188 -0.023889
v 0.004224 0.091864 -0.021945
v 0.009020 0.113286 -0.022771
v 0.003280 0.092099 -0.021337
v 0.008075 0.113520 -0.022162
v 0.002186 0.092334 -0.021594
v 0.006981 0.113755 -0.022420
v 0.004038 0.113777 -0.022989
v 0.004299 0.114947 -0.023034
v 0.004204 0.113664 -0.024946
v 0.004466 0.114835 -0.024991
v 0.005305 0.113356 -0.026547
v 0.005567 0.114526 -0.026592
v 0.007044 0.112935 -0.027363
v 0.007306 0.114106 -0.027408
v 0.008957 0.112515 -0.027176
v 0.009219 0.113685 -0.027221
v 0.010529 0.112206 -0.026035
v 0.010791 0.113377 -0.026080
v 0.011341 0.112094 -0.024247
v 0.011603 0.113264 -0.024292
v 0.011174 0.112206 -0.022290
v 0.011436 0.113377 -0.022335
v 0.010074 0.112515 -0.020689
v 0.010336 0.113685 -0.020735
v 0.008334 0.112935 -0.019873
v 0.008596 0.114106 -0.019918
v 0.006422 0.113356 -0.020061
v 0.006684 0.114526 -0.020106
v 0.004849 0.113664 -0.021201
v 0.005111 0.114835 -0.021246
v 0.010727 0.092389 0.000753
v 0.014139 0.111425 0.002755
v 0.011635 0.092299 0.000056
v 0.015047 0.111335 0.002058
v 0.012753 0.092084 0.000203
v 0.016165 0.111119 0.002205
v 0.013426 0.091868 0.001107
v 0.016838 0.110904 0.003110
v 0.013261 0.091778 0.002240
v 0.016672 0.110814 0.004242
v 0.012353 0.091868 0.002937
v 0.015765 0.110904 0.004939
v 0.011235 0.092084 0.002790
v 0.014647 0.111119 0.004792
v 0.010561 0.092299 0.001885
v 0.013973 0.111335 0.003888
v 0.012092 0.111305 0.001554
v 0.012302 0.112480 0.001677
v 0.013483 0.111202 0.000167
v 0.013694 0.112377 0.000291
v 0.015362 0.110919 -0.000343
v 0.015573 0.112094 -0.000219
v 0.017224 0.110532 0.000160
v 0.017435 0.111707 0.000283
v 0.018571 0.110145 0.001540
v 0.018781 0.111320 0.001664
v 0.019041 0.109862 0.003429
v 0.019252 0.111037 0.003553
v 0.018509 0.109759 0.005320
v 0.018720 0.110934 0.005444
v 0.017118 0.109862 0.006707
v 0.017328 0.111037 0.006830
v 0.015239 0.110145 0.007217
v 0.015450 0.111320 0.007340
v 0.013377 0.110532 0.006714
v 0.013588 0.111707 0.006838
v 0.012030 0.110919 0.005334
v 0.012241 0.112094 0.005457
v 0.011560 0.111202 0.003445
v 0.011771 0.112377 0.003568
v 0.033435 0.075288 0.005152
v 0.052060 0.077945 0.008022
v 0.033657 0.074853 0.004113
v 0.052282 0.077510 0.006983
v 0.033871 0.073803 0.003701
v 0.052495 0.076460 0.006571
v 0.033950 0.072753 0.004158
v 0.052574 0.075410 0.007028
v 0.033849 0.072318 0.005216
v 0.052473 0.074975 0.008085
v 0.033627 0.072753 0.006255
v 0.052251 0.075410 0.009124
v 0.033414 0.073803 0.006666
v 0.052038 0.076460 0.009536
v 0.033334 0.074853 0.006210
v 0.051959 0.077510 0.009079
v 0.051155 0.080139 0.007882
v 0.052329 0.080307 0.008063
v 0.051515 0.079635 0.006015
v 0.052689 0.079803 0.006196
v 0.051918 0.078258 0.004670
v 0.053093 0.078425 0.004851
v 0.052258 0.076376 0.004207
v 0.053432 0.076544 0.004388
v 0.052443 0.074495 0.004751
v 0.053617 0.074662 0.004932
v 0.052423 0.073118 0.006155
v 0.053597 0.073285 0.006336
v 0.052204 0.072614 0.008044
v 0.053378 0.072781 0.008225
v 0.051844 0.073118 0.009911
v 0.053018 0.073285 0.010092
v 0.051440 0.074495 0.011256
v 0.052615 0.074662 0.011437
v 0.051101 0.076376 0.011719
v 0.052275 0.076544 0.011900
v 0.050916 0.078258 0.011175
v 0.052090 0.078425 0.011356
v 0.050936 0.079635 0.009771
v 0.052110 0.079803 0.009952
v 0.025338 0.028436 -0.022521
v 0.039223 0.029808 -0.034863
v 0.024658 0.027997 -0.023336
v 0.038543 0.029370 -0.035677
v 0.024424 0.026940 -0.023716
v 0.038309 0.028312 -0.036058
v 0.024774 0.025882 -0.023440
v 0.038660 0.027254 -0.035781
v 0.025503 0.025444 -0.022668
v 0.039388 0.026816 -0.035010
v 0.026184 0.025882 -0.021854
v 0.040069 0.027254 -0.034196
v 0.026417 0.026940 -0.021474
v 0.040302 0.028312 -0.033815
v 0.026067 0.027997 -0.021750
v 0.039952 0.029370 -0.034092
v 0.038649 0.032058 -0.034353
v 0.039544 0.032146 -0.035148
v 0.037415 0.031550 -0.035798
v 0.038310 0.031638 -0.036593
v 0.036568 0.030163 -0.036906
v 0.037462 0.030251 -0.037701
v 0.036334 0.028268 -0.037379
v 0.037229 0.028356 -0.038174
v 0.036777 0.026373 -0.037092
v 0.037671 0.026461 -0.037887
v 0.037778 0.024986 -0.036120
v 0.038672 0.025074 -0.036915
v 0.039068 0.024478 -0.034725
v 0.039962 0.024567 -0.035520
v 0.040302 0.024986 -0.033280
v 0.041197 0.025074 -0.034075
v 0.041150 0.026373 -0.032172
v 0.042044 0.026461 -0.032967
v 0.041383 0.028268 -0.031699
v 0.042278 0.028356 -0.032494
v 0.040940 0.030163 -0.031986
v 0.041835 0.030251 -0.032781
v 0.039940 0.031550 -0.032958
v 0.040834 0.031638 -0.033753
v 0.011650 0.029212 -0.031846
v 0.020485 0.030906 -0.055997
v 0.010664 0.028774 -0.032238
v 0.019498 0.030468 -0.056389
v 0.010275 0.027716 -0.032454
v 0.019110 0.029409 -0.056605
v 0.010711 0.026657 -0.032369
v 0.019546 0.028351 -0.056520
v 0.011717 0.026219 -0.032031
v 0.020552 0.027913 -0.056183
v 0.012704 0.026657 -0.031640
v 0.021539 0.028351 -0.055791
v 0.013092 0.027716 -0.031423
v 0.021927 0.029409 -0.055575
v 0.012656 0.028774 -0.031509
v 0.021491 0.030468 -0.055660
v 0.020227 0.033162 -0.055293
v 0.020638 0.033241 -0.056418
v 0.018454 0.032654 -0.055977
v 0.018866 0.032733 -0.057102
v 0.017179 0.031266 -0.056541
v 0.017591 0.031345 -0.057666
v 0.016744 0.029370 -0.056833
v 0.017155 0.029449 -0.057958
v 0.017265 0.027474 -0.056776
v 0.017676 0.027553 -0.057900
v 0.018603 0.026086 -0.056384
v 0.019014 0.026165 -0.057508
v 0.020399 0.025578 -0.055762
v 0.020810 0.025657 -0.056887
v 0.022171 0.026086 -0.055078
v 0.022583 0.026165 -0.056203
v 0.023446 0.027474 -0.054514
v 0.023858 0.027553 -0.055639
v 0.023882 0.029370 -0.054222
v 0.024293 0.029449 -0.055347
v 0.023361 0.031266 -0.054280
v 0.023772 0.031345 -0.055404
v 0.022023 0.032654 -0.054672
v 0.022434 0.032733 -0.055796
v -0.016654 0.080967 -0.029785
v -0.026289 0.079471 -0.047015
v -0.017564 0.080529 -0.029238
v -0.027198 0.079033 -0.046469
v -0.017908 0.079472 -0.028954
v -0.027542 0.077976 -0.046184
v -0.017485 0.078414 -0.029098
v -0.027120 0.076918 -0.046329
v -0.016544 0.077976 -0.029587
v -0.026178 0.076480 -0.046817
v -0.015634 0.078414 -0.030134
v -0.025268 0.076918 -0.047364
v -0.015290 0.079472 -0.030418
v -0.024924 0.077976 -0.047648
v -0.015712 0.080529 -0.030274
v -0.025347 0.079033 -0.047504
v -0.026081 0.081810 -0.046645
v -0.026665 0.081719 -0.047689
v -0.027721 0.081302 -0.045684
v -0.028305 0.081212 -0.046728
v -0.028884 0.079916 -0.044913
v -0.029468 0.079825 -0.045958
v -0.029258 0.078021 -0.044540
v -0.029842 0.077930 -0.045584
v -0.028744 0.076126 -0.044663
v -0.029327 0.076036 -0.045707
v -0.027478 0.074740 -0.045250
v -0.028062 0.074649 -0.046294
v -0.025801 0.074232 -0.046144
v -0.026385 0.074141 -0.047188
v -0.024161 0.074740 -0.047104
v -0.024745 0.074649 -0.048149
v -0.022999 0.076126 -0.047875
v -0.023583 0.076036 -0.048919
v -0.022625 0.078021 -0.048249
v -0.023208 0.077930 -0.049293
v -0.023139 0.079916 -0.048126
v -0.023723 0.079825 -0.049170
v -0.024404 0.081302 -0.047539
v -0.024988 0.081212 -0.048583
v -0.032965 0.023694 -0.007967
v -0.058917 0.025365 -0.014239
v -0.033241 0.023255 -0.006942
v -0.059193 0.024927 -0.013215
v -0.033408 0.022197 -0.006531
v -0.059360 0.023868 -0.012803
v -0.033370 0.021138 -0.006974
v -0.059322 0.022809 -0.013246
v -0.033147 0.020700 -0.008011
v -0.059099 0.022371 -0.014283
v -0.032871 0.021138 -0.009036
v -0.058823 0.022809 -0.015308
v -0.032704 0.022197 -0.009447
v -0.058656 0.023868 -0.015719
v -0.032743 0.023255 -0.009004
v -0.058694 0.024927 -0.015277
v -0.058195 0.027623 -0.014065
v -0.059359 0.027698 -0.014346
v -0.058672 0.027115 -0.012225
v -0.059837 0.027190 -0.012507
v -0.059084 0.025727 -0.010894
v -0.060248 0.025802 -0.011175
v -0.059319 0.023830 -0.010427
v -0.060483 0.023905 -0.010708
v -0.059314 0.021934 -0.010950
v -0.060479 0.022009 -0.011231
v -0.059072 0.020546 -0.012322
v -0.060236 0.020621 -0.012603
v -0.058657 0.020038 -0.014176
v -0.059821 0.020113 -0.014458
v -0.058179 0.020546 -0.016016
v -0.059344 0.020621 -0.016297
v -0.057768 0.021934 -0.017347
v -0.058932 0.022009 -0.017629
v -0.057533 0.023830 -0.017814
v -0.058697 0.023905 -0.018095
v -0.057538 0.025727 -0.017291
v -0.058702 0.025802 -0.017573
v -0.057780 0.027115 -0.015919
v -0.058944 0.027190 -0.016200
v -0.031015 0.076779 0.014633
v -0.051651 0.073051 0.024369
v -0.030499 0.076346 0.015562
v -0.051134 0.072617 0.025298
v -0.030157 0.075299 0.015887
v -0.050792 0.071571 0.025623
v -0.030189 0.074252 0.015417
v -0.050825 0.070524 0.025152
v -0.030578 0.073818 0.014427
v -0.051213 0.070090 0.024163
v -0.031095 0.074252 0.013498
v -0.051730 0.070524 0.023234
v -0.031437 0.075299 0.013174
v -0.052072 0.071571 0.022910
v -0.031404 0.076346 0.013644
v -0.052039 0.072617 0.023380
v -0.051451 0.075418 0.024275
v -0.052522 0.075224 0.024780
v -0.050566 0.074915 0.025958
v -0.051637 0.074722 0.026464
v -0.049769 0.073542 0.027121
v -0.050840 0.073349 0.027626
v -0.049275 0.071667 0.027450
v -0.050346 0.071474 0.027956
v -0.049215 0.069792 0.026859
v -0.050286 0.069599 0.027364
v -0.049606 0.068419 0.025505
v -0.050677 0.068226 0.026011
v -0.050342 0.067917 0.023752
v -0.051413 0.067724 0.024257
v -0.051227 0.068419 0.022069
v -0.052298 0.068226 0.022574
v -0.052024 0.069792 0.020907
v -0.053095 0.069599 0.021412
v -0.052518 0.071667 0.020577
v -0.053589 0.071474 0.021082
v -0.052578 0.073542 0.021168
v -0.053649 0.073349 0.021673
v -0.052187 0.074915 0.022522
v -0.053258 0.074722 0.023027
v -0.020743 0.073233 0.026860
v -0.031974 0.074050 0.041402
v -0.019916 0.072794 0.027524
v -0.031147 0.073611 0.042066
v -0.019597 0.071734 0.027829
v -0.030828 0.072551 0.042371
v -0.019974 0.070675 0.027598
v -0.031204 0.071492 0.042140
v -0.020825 0.070236 0.026965
v -0.032056 0.071053 0.041507
v -0.021653 0.070675 0.026302
v -0.032883 0.071492 0.040844
v -0.021971 0.071734 0.025996
v -0.033202 0.072551 0.040538
v -0.021595 0.072794 0.026227
v -0.032826 0.073611 0.040769
v -0.031545 0.076321 0.040847
v -0.032278 0.076374 0.041795
v -0.030055 0.075812 0.042026
v -0.030788 0.075866 0.042975
v -0.028992 0.074423 0.042925
v -0.029725 0.074476 0.043874
v -0.028641 0.072525 0.043303
v -0.029374 0.072578 0.044252
v -0.029096 0.070627 0.043059
v -0.029828 0.070680 0.044007
v -0.030234 0.069237 0.042257
v -0.030967 0.069290 0.043206
v -0.031752 0.068729 0.041114
v -0.032485 0.068782 0.042063
v -0.033242 0.069237 0.039935
v -0.033974 0.069290 0.040883
v -0.034305 0.070627 0.039036
v -0.035037 0.070680 0.039984
v -0.034656 0.072525 0.038658
v -0.035389 0.072578 0.039606
v -0.034202 0.074423 0.038902
v -0.034934 0.074476 0.039851
v -0.033063 0.075812 0.039703
v -0.033796 0.075866 0.040652
v 0.008151 0.074640 0.033048
v 0.013649 0.074068 0.055340
v 0.009178 0.074201 0.032784
v 0.014677 0.073629 0.055075
v 0.009599 0.073140 0.032653
v 0.015097 0.072568 0.054944
v 0.009166 0.072080 0.032732
v 0.014664 0.071508 0.055024
v 0.008133 0.071641 0.032976
v 0.013631 0.071069 0.055267
v 0.007106 0.072080 0.033240
v 0.012604 0.071508 0.055532
v 0.006686 0.073140 0.033371
v 0.012184 0.072568 0.055663
v 0.007119 0.074201 0.033292
v 0.012617 0.073629 0.055583
v 0.013519 0.076382 0.054813
v 0.013807 0.076352 0.055978
v 0.015361 0.075873 0.054346
v 0.015648 0.075843 0.055510
v 0.016703 0.074483 0.053979
v 0.016990 0.074453 0.055144
v 0.017186 0.072583 0.053811
v 0.017473 0.072553 0.054976
v 0.016681 0.070684 0.053887
v 0.016968 0.070654 0.055052
v 0.015322 0.069293 0.054187
v 0.015609 0.069264 0.055351
v 0.013474 0.068785 0.054629
v 0.013761 0.068755 0.055794
v 0.011632 0.069293 0.055097
v 0.011920 0.069264 0.056261
v 0.010290 0.070684 0.055463
v 0.010578 0.070654 0.056628
v 0.009807 0.072583 0.055631
v 0.010095 0.072553 0.056796
v 0.010313 0.074483 0.055555
v 0.010600 0.074453 0.056720
v 0.011672 0.075873 0.055256
v 0.011959 0.075843 0.056420
v 0.028239 0.024436 0.018476
v 0.046600 0.030412 0.030489
v 0.028916 0.024012 0.017652
v 0.047278 0.029988 0.029665
v 0.029390 0.022989 0.017437
v 0.047751 0.028964 0.029450
v 0.029383 0.021965 0.017957
v 0.047744 0.027941 0.029970
v 0.028899 0.021541 0.018908
v 0.047260 0.027517 0.030921
v 0.028222 0.021965 0.019732
v 0.046583 0.027941 0.031745
v 0.027748 0.022989 0.019947
v 0.046109 0.028964 0.031960
v 0.027755 0.024012 0.019427
v 0.046116 0.029988 0.031440
v 0.045610 0.032473 0.029842
v 0.046579 0.032789 0.030475
v 0.046762 0.031982 0.028325
v 0.047731 0.032297 0.028959
v 0.047830 0.030640 0.027361
v 0.048798 0.030955 0.027995
v 0.048526 0.028807 0.027208
v 0.049495 0.029122 0.027842
v 0.048665 0.026973 0.027908
v 0.049634 0.027289 0.028542
v 0.048209 0.025631 0.029272
v 0.049178 0.025947 0.029906
v 0.047281 0.025140 0.030935
v 0.048250 0.025456 0.031569
v 0.046129 0.025631 0.032452
v 0.047098 0.025947 0.033086
v 0.045062 0.026973 0.033415
v 0.046030 0.027289 0.034049
v 0.044365 0.028807 0.033568
v 0.045334 0.029122 0.034202
v 0.044226 0.030640 0.032869
v 0.045195 0.030955 0.033503
v 0.044682 0.031982 0.031505
v 0.045651 0.032297 0.032139
v 0.010400 0.099000 0.000000
v 0.009700 0.100212 0.000000
v 0.008300 0.100212 0.000000
v 0.007600 0.099000 0.000000
v 0.008300 0.097788 0.000000
v 0.009700 0.097788 0.000000
v 0.010046 0.099000 -0.002692
v 0.009369 0.100212 -0.002511
v 0.008017 0.100212 -0.002148
v 0.007341 0.099000 -0.001967
v 0.008017 0.097788 -0.002148
v 0.009369 0.097788 -0.002511
v 0.009007 0.099000 -0.005200
v 0.008400 0.100212 -0.004850
v 0.007188 0.100212 -0.004150
v 0.006582 0.099000 -0.003800
v 0.007188 0.097788 -0.004150
v 0.008400 0.097788 -0.004850
v 0.007354 0.099000 -0.007354
v 0.006859 0.100212 -0.006859
v 0.005869 0.100212 -0.005869
v 0.005374 0.099000 -0.005374
v 0.005869 0.097788 -0.005869
v 0.006859 0.097788 -0.006859
v 0.005200 0.099000 -0.009007
v 0.004850 0.100212 -0.008400
v 0.004150 0.100212 -0.007188
v 0.003800 0.099000 -0.006582
v 0.004150 0.097788 -0.007188
v 0.004850 0.097788 -0.008400
v 0.002692 0.099000 -0.010046
v 0.002511 0.100212 -0.009369
v 0.002148 0.100212 -0.008017
v 0.001967 0.099000 -0.007341
v 0.002148 0.097788 -0.008017
v 0.002511 0.097788 -0.009369
v 0.000000 0.099000 -0.010400
v 0.000000 0.100212 -0.009700
v 0.000000 0.100212 -0.008300
v 0.000000 0.099000 -0.007600
v 0.000000 0.097788 -0.008300
v 0.000000 0.097788 -0.009700
v -0.002692 0.099000 -0.010046
v -0.002511 0.100212 -0.009369
v -0.002148 0.100212 -0.008017
v -0.001967 0.099000 -0.007341
v -0.002148 0.097788 -0.008017
v -0.002511 0.097788 -0.009369
v -0.005200 0.099000 -0.009007
v -0.004850 0.100212 -0.008400
v -0.004150 0.100212 -0.007188
v -0.003800 0.099000 -0.006582
v -0.004150 0.097788 -0.007188
v -0.004850 0.097788 -0.008400
v -0.007354 0.099000 -0.007354
v -0.006859 0.100212 -0.006859
v -0.005869 0.100212 -0.005869
v -0.005374 0.099000 -0.005374
v -0.005869 0.097788 -0.005869
v -0.006859 0.097788 -0.006859
v -0.009007 0.099000 -0.005200
v -0.008400 0.100212 -0.004850
v -0.007188 0.100212 -0.004150
v -0.006582 0.099000 -0.003800
v -0.007188 0.097788 -0.004150
v -0.008400 0.097788 -0.004850
v -0.010046 0.099000 -0.002692
v -0.009369 0.100212 -0.002511
v -0.008017 0.100212 -0.002148
v -0.007341 0.099000 -0.001967
v -0.008017 0.097788 -0.002148
v -0.009369 0.097788 -0.002511
v -0.010400 0.099000 -0.000000
v -0.009700 0.100212 -0.000000
v -0.008300 0.100212 -0.000000
v -0.007600 0.099000 -0.000000
v -0.008300 0.097788 -0.000000
v -0.009700 0.097788 -0.000000
v -0.010046 0.099000 0.002692
v -0.009369 0.100212 0.002511
v -0.008017 0.100212 0.002148
v -0.007341 0.099000 0.001967
v -0.008017 0.097788 0.002148
v -0.009369 0.097788 0.002511
v -0.009007 0.099000 0.005200
v -0.008400 0.100212 0.004850
v -0.007188 0.100212 0.004150
v -0.006582 0.099000 0.003800
v -0.007188 0.097788 0.004150
v -0.008400 0.097788 0.004850
v -0.007354 0.099000 0.007354
v -0.006859 0.100212 0.006859
v -0.005869 0.100212 0.005869
v -0.005374 0.099000 0.005374
v -0.005869 0.097788 0.005869
v -0.006859 0.097788 0.006859
v -0.005200 0.099000 0.009007
v -0.004850 0.100212 0.008400
v -0.004150 0.100212 0.007188
v -0.003800 0.099000 0.006582
v -0.004150 0.097788 0.007188
v -0.004850 0.097788 0.008400
v -0.002692 0.099000 0.010046
v -0.002511 0.100212 0.009369
v -0.002148 0.100212 0.008017
v -0.001967 0.099000 0.007341
v -0.002148 0.097788 0.008017
v -0.002511 0.097788 0.009369
v 0.000000 0.099000 0.010400
v 0.000000 0.100212 0.009700
v 0.000000 0.100212 0.008300
v 0.000000 0.099000 0.007600
v 0.000000 0.097788 0.008300
v 0.000000 0.097788 0.009700
v 0.002692 0.099000 0.010046
v 0.002511 0.100212 0.009369
v 0.002148 0.100212 0.008017
v 0.001967 0.099000 0.007341
v 0.002148 0.097788 0.008017
v 0.002511 0.097788 0.009369
v 0.005200 0.099000 0.009007
v 0.004850 0.100212 0.008400
v 0.004150 0.100212 0.007188
v 0.003800 0.099000 0.006582
v 0.004150 0.097788 0.007188
v 0.004850 0.097788 0.008400
v 0.007354 0.099000 0.007354
v 0.006859 0.100212 0.006859
v 0.005869 0.100212 0.005869
v 0.005374 0.099000 0.005374
v 0.005869 0.097788 0.005869
v 0.006859 0.097788 0.006859
v 0.009007 0.099000 0.005200
v 0.008400 0.100212 0.004850
v 0.007188 0.100212 0.004150
v 0.006582 0.099000 0.003800
v 0.007188 0.097788 0.004150
v 0.008400 0.097788 0.004850
v 0.010046 0.099000 0.002692
v 0.009369 0.100212 0.002511
v 0.008017 0.100212 0.002148
v 0.007341 0.099000 0.001967
v 0.008017 0.097788 0.002148
v 0.009369 0.097788 0.002511
v 0.010400 0.102500 0.000000
v 0.009700 0.103712 0.000000
v 0.008300 0.103712 0.000000
v 0.007600 0.102500 0.000000
v 0.008300 0.101288 0.000000
v 0.009700 0.101288 0.000000
v 0.010046 0.102500 -0.002692
v 0.009369 0.103712 -0.002511
v 0.008017 0.103712 -0.002148
v 0.007341 0.102500 -0.001967
v 0.008017 0.101288 -0.002148
v 0.009369 0.101288 -0.002511
v 0.009007 0.102500 -0.005200
v 0.008400 0.103712 -0.004850
v 0.007188 0.103712 -0.004150
v 0.006582 0.102500 -0.003800
v 0.007188 0.101288 -0.004150
v 0.008400 0.101288 -0.004850
v 0.007354 0.102500 -0.007354
v 0.006859 0.103712 -0.006859
v 0.005869 0.103712 -0.005869
v 0.005374 0.102500 -0.005374
v 0.005869 0.101288 -0.005869
v 0.006859 0.101288 -0.006859
v 0.005200 0.102500 -0.009007
v 0.004850 0.103712 -0.008400
v 0.004150 0.103712 -0.007188
v 0.003800 0.102500 -0.006582
v 0.004150 0.101288 -0.007188
v 0.004850 0.101288 -0.008400
v 0.002692 0.102500 -0.010046
v 0.002511 0.103712 -0.009369
v 0.002148 0.103712 -0.008017
v 0.001967 0.102500 -0.007341
v 0.002148 0.101288 -0.008017
v 0.002511 0.101288 -0.009369
v 0.000000 0.102500 -0.010400
v 0.000000 0.103712 -0.009700
v 0.000000 0.103712 -0.008300
v 0.000000 0.102500 -0.007600
v 0.000000 0.101288 -0.008300
v 0.000000 0.101288 -0.009700
v -0.002692 0.102500 -0.010046
v -0.002511 0.103712 -0.009369
v -0.002148 0.103712 -0.008017
v -0.001967 0.102500 -0.007341
v -0.002148 0.101288 -0.008017
v -0.002511 0.101288 -0.009369
v -0.005200 0.102500 -0.009007
v -0.004850 0.103712 -0.008400
v -0.004150 0.103712 -0.007188
v -0.003800 0.102500 -0.006582
v -0.004150 0.101288 -0.007188
v -0.004850 0.101288 -0.008400
v -0.007354 0.102500 -0.007354
v -0.006859 0.103712 -0.006859
v -0.005869 0.103712 -0.005869
v -0.005374 0.102500 -0.005374
v -0.005869 0.101288 -0.005869
v -0.006859 0.101288 -0.006859
v -0.009007 0.102500 -0.005200
v -0.008400 0.103712 -0.004850
v -0.007188 0.103712 -0.004150
v -0.006582 0.102500 -0.003800
v -0.007188 0.101288 -0.004150
v -0.008400 0.101288 -0.004850
v -0.010046 0.102500 -0.002692
v -0.009369 0.103712 -0.002511
v -0.008017 0.103712 -0.002148
v -0.007341 0.102500 -0.001967
v -0.008017 0.101288 -0.002148
v -0.009369 0.101288 -0.002511
v -0.010400 0.102500 -0.000000
v -0.009700 0.103712 -0.000000
v -0.008300 0.103712 -0.000000
v -0.007600 0.102500 -0.000000
v -0.008300 0.101288 -0.000000
v -0.009700 0.101288 -0.000000
v -0.010046 0.102500 0.002692
v -0.009369 0.103712 0.002511
v -0.008017 0.103712 0.002148
v -0.007341 0.102500 0.001967
v -0.008017 0.101288 0.002148
v -0.009369 0.101288 0.002511
v -0.009007 0.102500 0.005200
v -0.008400 0.103712 0.004850
v -0.007188 0.103712 0.004150
v -0.006582 0.102500 0.003800
v -0.007188 0.101288 0.004150
v -0.008400 0.101288 0.004850
v -0.007354 0.102500 0.007354
v -0.006859 0.103712 0.006859
v -0.005869 0.103712 0.005869
v -0.005374 0.102500 0.005374
v -0.005869 0.101288 0.005869
v -0.006859 0.101288 0.006859
v -0.005200 0.102500 0.009007
v -0.004850 0.103712 0.008400
v -0.004150 0.103712 0.007188
v -0.003800 0.102500 0.006582
v -0.004150 0.101288 0.007188
v -0.004850 0.101288 0.008400
v -0.002692 0.102500 0.010046
v -0.002511 0.103712 0.009369
v -0.002148 0.103712 0.008017
v -0.001967 0.102500 0.007341
v -0.002148 0.101288 0.008017
v -0.002511 0.101288 0.009369
v 0.000000 0.102500 0.010400
v 0.000000 0.103712 0.009700
v 0.000000 0.103712 0.008300
v 0.000000 0.102500 0.007600
v 0.000000 0.101288 0.008300
v 0.000000 0.101288 0.009700
v 0.002692 0.102500 0.010046
v 0.002511 0.103712 0.009369
v 0.002148 0.103712 0.008017
v 0.001967 0.102500 0.007341
v 0.002148 0.101288 0.008017
v 0.002511 0.101288 0.009369
v 0.005200 0.102500 0.009007
v 0.004850 0.103712 0.008400
v 0.004150 0.103712 0.007188
v 0.003800 0.102500 0.006582
v 0.004150 0.101288 0.007188
v 0.004850 0.101288 0.008400
v 0.007354 0.102500 0.007354
v 0.006859 0.103712 0.006859
v 0.005869 0.103712 0.005869
v 0.005374 0.102500 0.005374
v 0.005869 0.101288 0.005869
v 0.006859 0.101288 0.006859
v 0.009007 0.102500 0.005200
v 0.008400 0.103712 0.004850
v 0.007188 0.103712 0.004150
v 0.006582 0.102500 0.003800
v 0.007188 0.101288 0.004150
v 0.008400 0.101288 0.004850
v 0.010046 0.102500 0.002692
v 0.009369 0.103712 0.002511
v 0.008017 0.103712 0.002148
v 0.007341 0.102500 0.001967
v 0.008017 0.101288 0.002148
v 0.009369 0.101288 0.002511
v 0.010400 0.106000 0.000000
v 0.009700 0.107212 0.000000
v 0.008300 0.107212 0.000000
v 0.007600 0.106000 0.000000
v 0.008300 0.104788 0.000000
v 0.009700 0.104788 0.000000
v 0.010046 0.106000 -0.002692
v 0.009369 0.107212 -0.002511
v 0.008017 0.107212 -0.002148
v 0.007341 0.106000 -0.001967
v 0.008017 0.104788 -0.002148
v 0.009369 0.104788 -0.002511
v 0.009007 0.106000 -0.005200
v 0.008400 0.107212 -0.004850
v 0.007188 0.107212 -0.004150
v 0.006582 0.106000 -0.003800
v 0.007188 0.104788 -0.004150
v 0.008400 0.104788 -0.004850
v 0.007354 0.106000 -0.007354
v 0.006859 0.107212 -0.006859
v 0.005869 0.107212 -0.005869
v 0.005374 0.106000 -0.005374
v 0.005869 0.104788 -0.005869
v 0.006859 0.104788 -0.006859
v 0.005200 0.106000 -0.009007
v 0.004850 0.107212 -0.008400
v 0.004150 0.107212 -0.007188
v 0.003800 0.106000 -0.006582
v 0.004150 0.104788 -0.007188
v 0.004850 0.104788 -0.008400
v 0.002692 0.106000 -0.010046
v 0.002511 0.107212 -0.009369
v 0.002148 0.107212 -0.008017
v 0.001967 0.106000 -0.007341
v 0.002148 0.104788 -0.008017
v 0.002511 0.104788 -0.009369
v 0.000000 0.106000 -0.010400
v 0.000000 0.107212 -0.009700
v 0.000000 0.107212 -0.008300
v 0.000000 0.106000 -0.007600
v 0.000000 0.104788 -0.008300
v 0.000000 0.104788 -0.009700
v -0.002692 0.106000 -0.010046
v -0.002511 0.107212 -0.009369
v -0.002148 0.107212 -0.008017
v -0.001967 0.106000 -0.007341
v -0.002148 0.104788 -0.008017
v -0.002511 0.104788 -0.009369
v -0.005200 0.106000 -0.009007
v -0.004850 0.107212 -0.008400
v -0.004150 0.107212 -0.007188
v -0.003800 0.106000 -0.006582
v -0.004150 0.104788 -0.007188
v -0.004850 0.104788 -0.008400
v -0.007354 0.106000 -0.007354
v -0.006859 0.107212 -0.006859
v -0.005869 0.107212 -0.005869
v -0.005374 0.106000 -0.005374
v -0.005869 0.104788 -0.005869
v -0.006859 0.104788 -0.006859
v -0.009007 0.106000 -0.005200
v -0.008400 0.107212 -0.004850
v -0.007188 0.107212 -0.004150
v -0.006582 0.106000 -0.003800
v -0.007188 0.104788 -0.004150
v -0.008400 0.104788 -0.004850
v -0.010046 0.106000 -0.002692
v -0.009369 0.107212 -0.002511
v -0.008017 0.107212 -0.002148
v -0.007341 0.106000 -0.001967
v -0.008017 0.104788 -0.002148
v -0.009369 0.104788 -0.002511
v -0.010400 0.106000 -0.000000
v -0.009700 0.107212 -0.000000
v -0.008300 0.107212 -0.000000
v -0.007600 0.106000 -0.000000
v -0.008300 0.104788 -0.000000
v -0.009700 0.104788 -0.000000
v -0.010046 0.106000 0.002692
v -0.009369 0.107212 0.002511
v -0.008017 0.107212 0.002148
v -0.007341 0.106000 0.001967
v -0.008017 0.104788 0.002148
v -0.009369 0.104788 0.002511
v -0.009007 0.106000 0.005200
v -0.008400 0.107212 0.004850
v -0.007188 0.107212 0.004150
v -0.006582 0.106000 0.003800
v -0.007188 0.104788 0.004150
v -0.008400 0.104788 0.004850
v -0.007354 0.106000 0.007354
v -0.006859 0.107212 0.006859
v -0.005869 0.107212 0.005869
v -0.005374 0.106000 0.005374
v -0.005869 0.104788 0.005869
v -0.006859 0.104788 0.006859
v -0.005200 0.106000 0.009007
v -0.004850 0.107212 0.008400
v -0.004150 0.107212 0.007188
v -0.003800 0.106000 0.006582
v -0.004150 0.104788 0.007188
v -0.004850 0.104788 0.008400
v -0.002692 0.106000 0.010046
v -0.002511 0.107212 0.009369
v -0.002148 0.107212 0.008017
v -0.001967 0.106000 0.007341
v -0.002148 0.104788 0.008017
v -0.002511 0.104788 0.009369
v 0.000000 0.106000 0.010400
v 0.000000 0.107212 0.009700
v 0.000000 0.107212 0.008300
v 0.000000 0.106000 0.007600
v 0.000000 0.104788 0.008300
v 0.000000 0.104788 0.009700
v 0.002692 0.106000 0.010046
v 0.002511 0.107212 0.009369
v 0.002148 0.107212 0.008017
v 0.001967 0.106000 0.007341
v 0.002148 0.104788 0.008017
v 0.002511 0.104788 0.009369
v 0.005200 0.106000 0.009007
v 0.004850 0.107212 0.008400
v 0.004150 0.107212 0.007188
v 0.003800 0.106000 0.006582
v 0.004150 0.104788 0.007188
v 0.004850 0.104788 0.008400
v 0.007354 0.106000 0.007354
v 0.006859 0.107212 0.006859
v 0.005869 0.107212 0.005869
v 0.005374 0.106000 0.005374
v 0.005869 0.104788 0.005869
v 0.006859 0.104788 0.006859
v 0.009007 0.106000 0.005200
v 0.008400 0.107212 0.004850
v 0.007188 0.107212 0.004150
v 0.006582 0.106000 0.003800
v 0.007188 0.104788 0.004150
v 0.008400 0.104788 0.004850
v 0.010046 0.106000 0.002692
v 0.009369 0.107212 0.002511
v 0.008017 0.107212 0.002148
v 0.007341 0.106000 0.001967
v 0.008017 0.104788 0.002148
v 0.009369 0.104788 0.002511
v 0.010400 0.109500 0.000000
v 0.009700 0.110712 0.000000
v 0.008300 0.110712 0.000000
v 0.007600 0.109500 0.000000
v 0.008300 0.108288 0.000000
v 0.009700 0.108288 0.000000
v 0.010046 0.109500 -0.002692
v 0.009369 0.110712 -0.002511
v 0.008017 0.110712 -0.002148
v 0.007341 0.109500 -0.001967
v 0.008017 0.108288 -0.002148
v 0.009369 0.108288 -0.002511
v 0.009007 0.109500 -0.005200
v 0.008400 0.110712 -0.004850
v 0.007188 0.110712 -0.004150
v 0.006582 0.109500 -0.003800
v 0.007188 0.108288 -0.004150
v 0.008400 0.108288 -0.004850
v 0.007354 0.109500 -0.007354
v 0.006859 0.110712 -0.006859
v 0.005869 0.110712 -0.005869
v 0.005374 0.109500 -0.005374
v 0.005869 0.108288 -0.005869
v 0.006859 0.108288 -0.006859
v 0.005200 0.109500 -0.009007
v 0.004850 0.110712 -0.008400
v 0.004150 0.110712 -0.007188
v 0.003800 0.109500 -0.006582
v 0.004150 0.108288 -0.007188
v 0.004850 0.108288 -0.008400
v 0.002692 0.109500 -0.010046
v 0.002511 0.110712 -0.009369
v 0.002148 0.110712 -0.008017
v 0.001967 0.109500 -0.007341
v 0.002148 0.108288 -0.008017
v 0.002511 0.108288 -0.009369
v 0.000000 0.109500 -0.010400
v 0.000000 0.110712 -0.009700
v 0.000000 0.110712 -0.008300
v 0.000000 0.109500 -0.007600
v 0.000000 0.108288 -0.008300
v 0.000000 0.108288 -0.009700
v -0.002692 0.109500 -0.010046
v -0.002511 0.110712 -0.009369
v -0.002148 0.110712 -0.008017
v -0.001967 0.109500 -0.007341
v -0.002148 0.108288 -0.008017
v -0.002511 0.108288 -0.009369
v -0.005200 0.109500 -0.009007
v -0.004850 0.110712 -0.008400
v -0.004150 0.110712 -0.007188
v -0.003800 0.109500 -0.006582
v -0.004150 0.108288 -0.007188
v -0.004850 0.108288 -0.008400
v -0.007354 0.109500 -0.007354
v -0.006859 0.110712 -0.006859
v -0.005869 0.110712 -0.005869
v -0.005374 0.109500 -0.005374
v -0.005869 0.108288 -0.005869
v -0.006859 0.108288 -0.006859
v -0.009007 0.109500 -0.005200
v -0.008400 0.110712 -0.004850
v -0.007188 0.110712 -0.004150
v -0.006582 0.109500 -0.003800
v -0.007188 0.108288 -0.004150
v -0.008400 0.108288 -0.004850
v -0.010046 0.109500 -0.002692
v -0.009369 0.110712 -0.002511
v -0.008017 0.110712 -0.002148
v -0.007341 0.109500 -0.001967
v -0.008017 0.108288 -0.002148
v -0.009369 0.108288 -0.002511
v -0.010400 0.109500 -0.000000
v -0.009700 0.110712 -0.000000
v -0.008300 0.110712 -0.000000
v -0.007600 0.109500 -0.000000
v -0.008300 0.108288 -0.000000
v -0.009700 0.108288 -0.000000
v -0.010046 0.109500 0.002692
v -0.009369 0.110712 0.002511
v -0.008017 0.110712 0.002148
v -0.007341 0.109500 0.001967
v -0.008017 0.108288 0.002148
v -0.009369 0.108288 0.002511
v -0.009007 0.109500 0.005200
v -0.008400 0.110712 0.004850
v -0.007188 0.110712 0.004150
v -0.006582 0.109500 0.003800
v -0.007188 0.108288 0.004150
v -0.008400 0.108288 0.004850
v -0.007354 0.109500 0.007354
v -0.006859 0.110712 0.006859
v -0.005869 0.110712 0.005869
v -0.005374 0.109500 0.005374
v -0.005869 0.108288 0.005869
v -0.006859 0.108288 0.006859
v -0.005200 0.109500 0.009007
v -0.004850 0.110712 0.008400
v -0.004150 0.110712 0.007188
v -0.003800 0.109500 0.006582
v -0.004150 0.108288 0.007188
v -0.004850 0.108288 0.008400
v -0.002692 0.109500 0.010046
v -0.002511 0.110712 0.009369
v -0.002148 0.110712 0.008017
v -0.001967 0.109500 0.007341
v -0.002148 0.108288 0.008017
v -0.002511 0.108288 0.009369
v 0.000000 0.109500 0.010400
v 0.000000 0.110712 0.009700
v 0.000000 0.110712 0.008300
v 0.000000 0.109500 0.007600
v 0.000000 0.108288 0.008300
v 0.000000 0.108288 0.009700
v 0.002692 0.109500 0.010046
v 0.002511 0.110712 0.009369
v 0.002148 0.110712 0.008017
v 0.001967 0.109500 0.007341
v 0.002148 0.108288 0.008017
v 0.002511 0.108288 0.009369
v 0.005200 0.109500 0.009007
v 0.004850 0.110712 0.008400
v 0.004150 0.110712 0.007188
v 0.003800 0.109500 0.006582
v 0.004150 0.108288 0.007188
v 0.004850 0.108288 0.008400
v 0.007354 0.109500 0.007354
v 0.006859 0.110712 0.006859
v 0.005869 0.110712 0.005869
v 0.005374 0.109500 0.005374
v 0.005869 0.108288 0.005869
v 0.006859 0.108288 0.006859
v 0.009007 0.109500 0.005200
v 0.008400 0.110712 0.004850
v 0.007188 0.110712 0.004150
v 0.006582 0.109500 0.003800
v 0.007188 0.108288 0.004150
v 0.008400 0.108288 0.004850
v 0.010046 0.109500 0.002692
v 0.009369 0.110712 0.002511
v 0.008017 0.110712 0.002148
v 0.007341 0.109500 0.001967
v 0.008017 0.108288 0.002148
v 0.009369 0.108288 0.002511
v 0.000000 0.113000 -0.014000
v 0.000000 0.116000 -0.014000
v 0.003623 0.113000 -0.013523
v 0.003623 0.116000 -0.013523
v 0.007000 0.113000 -0.012124
v 0.007000 0.116000 -0.012124
v 0.009899 0.113000 -0.009899
v 0.009899 0.116000 -0.009899
v 0.012124 0.113000 -0.007000
v 0.012124 0.116000 -0.007000
v 0.013523 0.113000 -0.003623
v 0.013523 0.116000 -0.003623
v 0.014000 0.113000 0.000000
v 0.014000 0.116000 0.000000
v 0.013523 0.113000 0.003623
v 0.013523 0.116000 0.003623
v 0.012124 0.113000 0.007000
v 0.012124 0.116000 0.007000
v 0.009899 0.113000 0.009899
v 0.009899 0.116000 0.009899
v 0.007000 0.113000 0.012124
v 0.007000 0.116000 0.012124
v 0.003623 0.113000 0.013523
v 0.003623 0.116000 0.013523
v 0.000000 0.113000 0.014000
v 0.000000 0.116000 0.014000
v -0.003623 0.113000 0.013523
v -0.003623 0.116000 0.013523
v -0.007000 0.113000 0.012124
v -0.007000 0.116000 0.012124
v -0.009899 0.113000 0.009899
v -0.009899 0.116000 0.009899
v -0.012124 0.113000 0.007000
v -0.012124 0.116000 0.007000
v -0.013523 0.113000 0.003623
v -0.013523 0.116000 0.003623
v -0.014000 0.113000 0.000000
v -0.014000 0.116000 0.000000
v -0.013523 0.113000 -0.003623
v -0.013523 0.116000 -0.003623
v -0.012124 0.113000 -0.007000
v -0.012124 0.116000 -0.007000
v -0.009899 0.113000 -0.009899
v -0.009899 0.116000 -0.009899
v -0.007000 0.113000 -0.012124
v -0.007000 0.116000 -0.012124
v -0.003623 0.113000 -0.013523
v -0.003623 0.116000 -0.013523
v 0.043634 0.063434 -0.005416
v 0.044379 0.063852 -0.004239
v 0.044024 0.064357 -0.002922
v 0.042776 0.064653 -0.002237
v 0.041366 0.064566 -0.002584
v 0.040621 0.064148 -0.003761
v 0.040976 0.063643 -0.005078
v 0.042224 0.063347 -0.005763
v 0.005488 0.107340 -0.001246
v 0.006126 0.107895 -0.000063
v 0.006690 0.107340 0.001157
v 0.006850 0.106000 0.001699
v 0.006512 0.104660 0.001246
v 0.005874 0.104105 0.000063
v 0.005310 0.104660 -0.001157
v 0.005150 0.106000 -0.001699
v 0.005488 0.107340 -0.001246
v 0.006126 0.107895 -0.000063
v 0.006690 0.107340 0.001157
v 0.006850 0.106000 0.001699
v 0.006512 0.104660 0.001246
v 0.005874 0.104105 0.000063
v 0.005310 0.104660 -0.001157
v 0.005150 0.106000 -0.001699
v 0.009745 0.107330 -0.003502
v 0.010370 0.107885 -0.002313
v 0.011041 0.107329 -0.001149
v 0.011363 0.105986 -0.000692
v 0.011149 0.104645 -0.001210
v 0.010524 0.104089 -0.002400
v 0.009853 0.104646 -0.003564
v 0.009530 0.105988 -0.004021
v 0.013731 0.107771 -0.005783
v 0.014351 0.108326 -0.004590
v 0.015068 0.107773 -0.003452
v 0.015462 0.106437 -0.003035
v 0.015302 0.105100 -0.003584
v 0.014682 0.104545 -0.004777
v 0.013965 0.105098 -0.005915
v 0.013571 0.106434 -0.006331
v 0.017638 0.108245 -0.008033
v 0.018263 0.108800 -0.006842
v 0.018943 0.108244 -0.005684
v 0.019281 0.106902 -0.005235
v 0.019078 0.105561 -0.005760
v 0.018454 0.105006 -0.006950
v 0.017774 0.105562 -0.008109
v 0.017436 0.106904 -0.008557
v 0.021636 0.108285 -0.010169
v 0.022275 0.108840 -0.008987
v 0.022824 0.108286 -0.007760
v 0.022961 0.106948 -0.007206
v 0.022605 0.105610 -0.007650
v 0.021965 0.105055 -0.008833
v 0.021417 0.105609 -0.010060
v 0.021280 0.106947 -0.010614
v 0.025844 0.107376 -0.012067
v 0.026508 0.107926 -0.010895
v 0.026846 0.107421 -0.009574
v 0.026660 0.106159 -0.008877
v 0.026059 0.104878 -0.009212
v 0.025395 0.104328 -0.010384
v 0.025057 0.104833 -0.011705
v 0.025243 0.106095 -0.012402
v 0.030271 0.105056 -0.013556
v 0.030959 0.105592 -0.012393
v 0.031085 0.105197 -0.010999
v 0.030575 0.104100 -0.010192
v 0.029729 0.102944 -0.010444
v 0.029041 0.102408 -0.011607
v 0.028915 0.102803 -0.013001
v 0.029425 0.103900 -0.013808
v 0.034329 0.101667 -0.014449
v 0.035035 0.102189 -0.013290
v 0.034995 0.101931 -0.011859
v 0.034233 0.101043 -0.010996
v 0.033194 0.100047 -0.011205
v 0.032489 0.099525 -0.012364
v 0.032529 0.099783 -0.013794
v 0.033291 0.100671 -0.014658
v 0.037419 0.097911 -0.014685
v 0.038139 0.098415 -0.013527
v 0.037970 0.098313 -0.012087
v 0.037011 0.097664 -0.011207
v 0.035823 0.096848 -0.011405
v 0.035103 0.096343 -0.012563
v 0.035272 0.096445 -0.014004
v 0.036232 0.097095 -0.014883
v 0.039730 0.093823 -0.014386
v 0.040460 0.094310 -0.013226
v 0.040204 0.094358 -0.011795
v 0.039112 0.093939 -0.010932
v 0.037823 0.093299 -0.011140
v 0.037093 0.092812 -0.012300
v 0.037349 0.092764 -0.013731
v 0.038441 0.093183 -0.014594
v 0.041462 0.089456 -0.013681
v 0.042198 0.089928 -0.012519
v 0.041896 0.090088 -0.011106
v 0.040733 0.089843 -0.010268
v 0.039390 0.089335 -0.010498
v 0.038653 0.088863 -0.011659
v 0.038955 0.088703 -0.013073
v 0.040118 0.088949 -0.013910
v 0.042839 0.084824 -0.012700
v 0.043579 0.085285 -0.011536
v 0.043257 0.085508 -0.010136
v 0.042063 0.085361 -0.009319
v 0.040696 0.084931 -0.009564
v 0.039956 0.084469 -0.010728
v 0.040278 0.084247 -0.012128
v 0.041472 0.084394 -0.012945
v 0.044096 0.079847 -0.011545
v 0.044838 0.080298 -0.010378
v 0.044503 0.080575 -0.008990
v 0.043288 0.080515 -0.008194
v 0.041904 0.080153 -0.008455
v 0.041162 0.079702 -0.009622
v 0.041497 0.079425 -0.011010
v 0.042712 0.079485 -0.011806
v 0.044641 0.076715 -0.010698
v 0.045386 0.077151 -0.009527
v 0.045035 0.077530 -0.008168
v 0.043795 0.077630 -0.007416
v 0.042391 0.077393 -0.007712
v 0.041646 0.076957 -0.008883
v 0.041997 0.076578 -0.010242
v 0.043238 0.076478 -0.010994
v 0.044739 0.073878 -0.009729
v 0.045484 0.074297 -0.008552
v 0.045128 0.074795 -0.007233
v 0.043880 0.075079 -0.006543
v 0.042470 0.074984 -0.006887
v 0.041725 0.074565 -0.008064
v 0.042081 0.074067 -0.009383
v 0.043329 0.073783 -0.010073
v 0.044531 0.071281 -0.008690
v 0.045276 0.071689 -0.007510
v 0.044925 0.072263 -0.006220
v 0.043685 0.072667 -0.005578
v 0.042281 0.072664 -0.005958
v 0.041536 0.072256 -0.007138
v 0.041887 0.071682 -0.008428
v 0.043127 0.071278 -0.009070
v 0.044182 0.068788 -0.007617
v 0.044926 0.069193 -0.006435
v 0.044578 0.069789 -0.005155
v 0.043342 0.070228 -0.004527
v 0.041942 0.070252 -0.004919
v 0.041198 0.069847 -0.006101
v 0.041545 0.069251 -0.007381
v 0.042781 0.068812 -0.008009
v 0.043839 0.066235 -0.006526
v 0.044584 0.066644 -0.005346
v 0.044232 0.067212 -0.004054
v 0.042991 0.067606 -0.003407
v 0.041587 0.067596 -0.003785
v 0.040842 0.067187 -0.004965
v 0.041193 0.066619 -0.006257
v 0.042435 0.066224 -0.006903
v 0.043634 0.063434 -0.005416
v 0.044379 0.063852 -0.004239
v 0.044024 0.064357 -0.002922
v 0.042776 0.064653 -0.002237
v 0.041366 0.064566 -0.002584
v 0.040621 0.064148 -0.003761
v 0.040976 0.063643 -0.005078
v 0.042224 0.063347 -0.005763
v 0.031712 0.063774 -0.029747
v 0.032734 0.063701 -0.028716
v 0.032741 0.063804 -0.027265
v 0.031728 0.064021 -0.026245
v 0.030288 0.064226 -0.026253
v 0.029266 0.064299 -0.027284
v 0.029259 0.064196 -0.028735
v 0.030272 0.063979 -0.029755
v -0.004810 0.107324 -0.006096
v -0.003776 0.107872 -0.005234
v -0.002872 0.107324 -0.004235
v -0.002629 0.106000 -0.003684
v -0.003190 0.104676 -0.003904
v -0.004224 0.104128 -0.004766
v -0.005128 0.104676 -0.005765
v -0.005371 0.106000 -0.006316
v -0.004810 0.107324 -0.006096
v -0.003776 0.107872 -0.005234
v -0.002872 0.107324 -0.004235
v -0.002629 0.106000 -0.003684
v -0.003190 0.104676 -0.003904
v -0.004224 0.104128 -0.004766
v -0.005128 0.104676 -0.005765
v -0.005371 0.106000 -0.006316
v -0.000594 0.106666 -0.010795
v 0.000449 0.107213 -0.009943
v 0.001445 0.106649 -0.009046
v 0.001810 0.105304 -0.008629
v 0.001330 0.103966 -0.008938
v 0.000287 0.103420 -0.009791
v -0.000709 0.103984 -0.010688
v -0.001074 0.105329 -0.011104
v 0.003238 0.106594 -0.015473
v 0.004285 0.107140 -0.014625
v 0.005320 0.106574 -0.013775
v 0.005737 0.105227 -0.013421
v 0.005291 0.103887 -0.013771
v 0.004245 0.103341 -0.014620
v 0.003209 0.103907 -0.015470
v 0.002792 0.105254 -0.015823
v 0.006957 0.106573 -0.020053
v 0.008001 0.107120 -0.019201
v 0.009005 0.106555 -0.018313
v 0.009381 0.105209 -0.017910
v 0.008909 0.103871 -0.018228
v 0.007865 0.103324 -0.019079
v 0.006860 0.103889 -0.019967
v 0.006485 0.105234 -0.020370
v 0.010827 0.106027 -0.024411
v 0.011861 0.106576 -0.023548
v 0.012751 0.106031 -0.022536
v 0.012976 0.104712 -0.021967
v 0.012405 0.103391 -0.022175
v 0.011371 0.102842 -0.023038
v 0.010481 0.103387 -0.024051
v 0.010255 0.104707 -0.024620
v 0.015082 0.104340 -0.028360
v 0.016098 0.104896 -0.027481
v 0.016798 0.104430 -0.026294
v 0.016771 0.103216 -0.025495
v 0.016033 0.101964 -0.025551
v 0.015016 0.101408 -0.026430
v 0.014317 0.101874 -0.027617
v 0.014344 0.103089 -0.028416
v 0.019877 0.100946 -0.031643
v 0.020853 0.101529 -0.030737
v 0.021330 0.101216 -0.029399
v 0.021028 0.100191 -0.028413
v 0.020123 0.099054 -0.028357
v 0.019147 0.098471 -0.029263
v 0.018670 0.098784 -0.030601
v 0.018972 0.099809 -0.031587
v 0.023442 0.097606 -0.033102
v 0.024352 0.098251 -0.032169
v 0.024610 0.098141 -0.030742
v 0.024065 0.097341 -0.029657
v 0.023036 0.096319 -0.029550
v 0.022126 0.095674 -0.030483
v 0.021868 0.095783 -0.031910
v 0.022413 0.096584 -0.032995
v 0.026499 0.094128 -0.033420
v 0.027363 0.094826 -0.032481
v 0.027443 0.094921 -0.031032
v 0.026692 0.094358 -0.029922
v 0.025550 0.093466 -0.029801
v 0.024686 0.092768 -0.030740
v 0.024606 0.092673 -0.032188
v 0.025357 0.093237 -0.033299
v 0.029021 0.090496 -0.032971
v 0.029891 0.091185 -0.032032
v 0.029873 0.091421 -0.030597
v 0.028978 0.091066 -0.029507
v 0.027729 0.090328 -0.029401
v 0.026859 0.089639 -0.030341
v 0.026877 0.089403 -0.031776
v 0.027772 0.089758 -0.032865
v 0.031025 0.086663 -0.032147
v 0.031938 0.087271 -0.031192
v 0.031896 0.087552 -0.029765
v 0.030925 0.087342 -0.028704
v 0.029593 0.086763 -0.028628
v 0.028680 0.086155 -0.029583
v 0.028722 0.085874 -0.031010
v 0.029693 0.086084 -0.032071
v 0.032564 0.082548 -0.031305
v 0.033532 0.083007 -0.030322
v 0.033512 0.083232 -0.028886
v 0.032515 0.083090 -0.027837
v 0.031125 0.082665 -0.027790
v 0.030157 0.082206 -0.028773
v 0.030177 0.081982 -0.030209
v 0.031174 0.082123 -0.031258
v 0.033713 0.077969 -0.030761
v 0.034727 0.078242 -0.029755
v 0.034729 0.078373 -0.028307
v 0.033719 0.078286 -0.027265
v 0.032287 0.078031 -0.027239
v 0.031273 0.077758 -0.028245
v 0.031271 0.077627 -0.029693
v 0.032281 0.077714 -0.030735
v 0.033999 0.075362 -0.030597
v 0.035032 0.075453 -0.029577
v 0.035038 0.075548 -0.028126
v 0.034015 0.075592 -0.027094
v 0.032561 0.075559 -0.027086
v 0.031528 0.075469 -0.028106
v 0.031522 0.075373 -0.029557
v 0.032546 0.075329 -0.030589
v 0.033847 0.072958 -0.030432
v 0.034871 0.072895 -0.029402
v 0.034877 0.072997 -0.027951
v 0.033863 0.073204 -0.026930
v 0.032421 0.073395 -0.026937
v 0.031397 0.073458 -0.027968
v 0.031390 0.073355 -0.029418
v 0.032405 0.073148 -0.030439
v 0.033395 0.070721 -0.030268
v 0.034401 0.070559 -0.029230
v 0.034409 0.070666 -0.027780
v 0.033413 0.070979 -0.026767
v 0.031998 0.071314 -0.026784
v 0.030993 0.071475 -0.027822
v 0.030985 0.071368 -0.029272
v 0.031980 0.071056 -0.030285
v 0.032798 0.068535 -0.030102
v 0.033796 0.068345 -0.029062
v 0.033804 0.068453 -0.027611
v 0.032816 0.068796 -0.026601
v 0.031412 0.069174 -0.026621
v 0.030414 0.069364 -0.027661
v 0.030406 0.069256 -0.029111
v 0.031393 0.068913 -0.030122
v 0.032194 0.066268 -0.029930
v 0.033202 0.066114 -0.028893
v 0.033209 0.066221 -0.027442
v 0.032212 0.066525 -0.026428
v 0.030794 0.066849 -0.026445
v 0.029787 0.067003 -0.027482
v 0.029779 0.066896 -0.028932
v 0.030776 0.066592 -0.029946
v 0.031712 0.063774 -0.029747
v 0.032734 0.063701 -0.028716
v 0.032741 0.063804 -0.027265
v 0.031728 0.064021 -0.026245
v 0.030288 0.064226 -0.026253
v 0.029266 0.064299 -0.027284
v 0.029259 0.064196 -0.028735
v 0.030272 0.063979 -0.029755
vn -0.0000 -1.0000 -0.0000
vn 0.8321 -0.5547 -0.0000
vn 0.9499 -0.2865 -0.1251
vn 0.9581 -0.2865 -0.0000
vn 0.8037 -0.5547 -0.2154
vn 0.8249 -0.5547 -0.1086
vn 0.8852 -0.2865 -0.3666
vn 0.9254 -0.2865 -0.2480
vn 0.7687 -0.5547 -0.3184
vn 0.8297 -0.2865 -0.4790
vn 0.7206 -0.5547 -0.4160
vn 0.7601 -0.2865 -0.5832
vn 0.6601 -0.5547 -0.5065
vn 0.6775 -0.2865 -0.6775
vn 0.5065 -0.5547 -0.6601
vn 0.5883 -0.5547 -0.5883
vn 0.4160 -0.5547 -0.7206
vn 0.5832 -0.2865 -0.7601
vn 0.3184 -0.5547 -0.7687
vn 0.4790 -0.2865 -0.8297
vn 0.2154 -0.5547 -0.8037
vn 0.3666 -0.2865 -0.8852
vn 0.1086 -0.5547 -0.8249
vn 0.2480 -0.2865 -0.9254
vn -0.0000 -0.5547 -0.8321
vn 0.1251 -0.2865 -0.9499
vn -0.1251 -0.2865 -0.9499
vn -0.0000 -0.2865 -0.9581
vn -0.2154 -0.5547 -0.8037
vn -0.1086 -0.5547 -0.8249
vn -0.3666 -0.2865 -0.8852
vn -0.2480 -0.2865 -0.9254
vn -0.3184 -0.5547 -0.7687
vn -0.4790 -0.2865 -0.8297
vn -0.4160 -0.5547 -0.7206
vn -0.5832 -0.2865 -0.7601
vn -0.5065 -0.5547 -0.6601
vn -0.6775 -0.2865 -0.6775
vn -0.6601 -0.5547 -0.5065
vn -0.5883 -0.5547 -0.5883
vn -0.7206 -0.5547 -0.4160
vn -0.7601 -0.2865 -0.5832
vn -0.7687 -0.5547 -0.3184
vn -0.8297 -0.2865 -0.4790
vn -0.8037 -0.5547 -0.2154
vn -0.8852 -0.2865 -0.3666
vn -0.8249 -0.5547 -0.1086
vn -0.9254 -0.2865 -0.2480
vn -0.8321 -0.5547 -0.0000
vn -0.9499 -0.2865 -0.1251
vn -0.9499 -0.2865 0.1251
vn -0.9581 -0.2865 -0.0000
vn -0.8037 -0.5547 0.2154
vn -0.8249 -0.5547 0.1086
vn -0.8852 -0.2865 0.3666
vn -0.9254 -0.2865 0.2480
vn -0.7687 -0.5547 0.3184
vn -0.8297 -0.2865 0.4790
vn -0.7206 -0.5547 0.4160
vn -0.7601 -0.2865 0.5832
vn -0.6601 -0.5547 0.5065
vn -0.6775 -0.2865 0.6775
vn -0.5065 -0.5547 0.6601
vn -0.5883 -0.5547 0.5883
vn -0.4160 -0.5547 0.7206
vn -0.5832 -0.2865 0.7601
vn -0.3184 -0.5547 0.7687
vn -0.4790 -0.2865 0.8297
vn -0.2154 -0.5547 0.8037
vn -0.3666 -0.2865 0.8852
vn -0.1086 -0.5547 0.8249
vn -0.2480 -0.2865 0.9254
vn -0.0000 -0.5547 0.8321
vn -0.1251 -0.2865 0.9499
vn 0.1251 -0.2865 0.9499
vn -0.0000 -0.2865 0.9581
vn 0.2154 -0.5547 0.8037
vn 0.1086 -0.5547 0.8249
vn 0.3666 -0.2865 0.8852
vn 0.2480 -0.2865 0.9254
vn 0.3184 -0.5547 0.7687
vn 0.4790 -0.2865 0.8297
vn 0.4160 -0.5547 0.7206
vn 0.5832 -0.2865 0.7601
vn 0.5065 -0.5547 0.6601
vn 0.6775 -0.2865 0.6775
vn 0.6601 -0.5547 0.5065
vn 0.5883 -0.5547 0.5883
vn 0.7206 -0.5547 0.4160
vn 0.7601 -0.2865 0.5832
vn 0.7687 -0.5547 0.3184
vn 0.8297 -0.2865 0.4790
vn 0.8037 -0.5547 0.2154
vn 0.8852 -0.2865 0.3666
vn 0.8249 -0.5547 0.1086
vn 0.9254 -0.2865 0.2480
vn 0.9499 -0.2865 0.1251
vn 0.9869 -0.1612 -0.0000
vn 0.9785 -0.1612 -0.1288
vn 0.9533 -0.1612 -0.2554
vn 0.9118 -0.1612 -0.3777
vn 0.8547 -0.1612 -0.4935
vn 0.7830 -0.1612 -0.6008
vn 0.6979 -0.1612 -0.6979
vn 0.6008 -0.1612 -0.7830
vn 0.4935 -0.1612 -0.8547
vn 0.3777 -0.1612 -0.9118
vn 0.2554 -0.1612 -0.9533
vn 0.1288 -0.1612 -0.9785
vn -0.0000 -0.1612 -0.9869
vn -0.1288 -0.1612 -0.9785
vn -0.2554 -0.1612 -0.9533
vn -0.3777 -0.1612 -0.9118
vn -0.4935 -0.1612 -0.8547
vn -0.6008 -0.1612 -0.7830
vn -0.6979 -0.1612 -0.6979
vn -0.7830 -0.1612 -0.6008
vn -0.8547 -0.1612 -0.4935
vn -0.9118 -0.1612 -0.3777
vn -0.9533 -0.1612 -0.2554
vn -0.9785 -0.1612 -0.1288
vn -0.9869 -0.1612 -0.0000
vn -0.9785 -0.1612 0.1288
vn -0.9533 -0.1612 0.2554
vn -0.9118 -0.1612 0.3777
vn -0.8547 -0.1612 0.4935
vn -0.7830 -0.1612 0.6008
vn -0.6979 -0.1612 0.6979
vn -0.6008 -0.1612 0.7830
vn -0.4935 -0.1612 0.8547
vn -0.3777 -0.1612 0.9118
vn -0.2554 -0.1612 0.9533
vn -0.1288 -0.1612 0.9785
vn -0.0000 -0.1612 0.9869
vn 0.1288 -0.1612 0.9785
vn 0.2554 -0.1612 0.9533
vn 0.3777 -0.1612 0.9118
vn 0.4935 -0.1612 0.8547
vn 0.6008 -0.1612 0.7830
vn 0.6979 -0.1612 0.6979
vn 0.7830 -0.1612 0.6008
vn 0.8547 -0.1612 0.4935
vn 0.9118 -0.1612 0.3777
vn 0.9533 -0.1612 0.2554
vn 0.9785 -0.1612 0.1288
vn 0.9487 -0.3162 -0.0000
vn 0.9406 -0.3162 -0.1238
vn 0.9164 -0.3162 -0.2455
vn 0.8765 -0.3162 -0.3630
vn 0.8216 -0.3162 -0.4743
vn 0.7526 -0.3162 -0.5775
vn 0.6708 -0.3162 -0.6708
vn 0.5775 -0.3162 -0.7526
vn 0.3630 -0.3162 -0.8765
vn 0.4743 -0.3162 -0.8216
vn 0.2455 -0.3162 -0.9164
vn 0.1238 -0.3162 -0.9406
vn -0.0000 -0.3162 -0.9487
vn -0.1238 -0.3162 -0.9406
vn -0.2455 -0.3162 -0.9164
vn -0.3630 -0.3162 -0.8765
vn -0.4743 -0.3162 -0.8216
vn -0.5775 -0.3162 -0.7526
vn -0.6708 -0.3162 -0.6708
vn -0.7526 -0.3162 -0.5775
vn -0.8765 -0.3162 -0.3630
vn -0.8216 -0.3162 -0.4743
vn -0.9164 -0.3162 -0.2455
vn -0.9406 -0.3162 -0.1238
vn -0.9487 -0.3162 -0.0000
vn -0.9406 -0.3162 0.1238
vn -0.9164 -0.3162 0.2455
vn -0.8765 -0.3162 0.3630
vn -0.8216 -0.3162 0.4743
vn -0.7526 -0.3162 0.5775
vn -0.6708 -0.3162 0.6708
vn -0.5775 -0.3162 0.7526
vn -0.3630 -0.3162 0.8765
vn -0.4743 -0.3162 0.8216
vn -0.2455 -0.3162 0.9164
vn -0.1238 -0.3162 0.9406
vn -0.0000 -0.3162 0.9487
vn 0.1238 -0.3162 0.9406
vn 0.2455 -0.3162 0.9164
vn 0.3630 -0.3162 0.8765
vn 0.4743 -0.3162 0.8216
vn 0.5775 -0.3162 0.7526
vn 0.6708 -0.3162 0.6708
vn 0.7526 -0.3162 0.5775
vn 0.8765 -0.3162 0.3630
vn 0.8216 -0.3162 0.4743
vn 0.9164 -0.3162 0.2455
vn 0.9406 -0.3162 0.1238
vn -0.0000 1.0000 -0.0000
vn -0.9914 -0.0000 0.1305
vn -1.0000 -0.0000 -0.0000
vn -0.9659 -0.0000 0.2588
vn -0.9239 -0.0000 0.3827
vn -0.8660 -0.0000 0.5000
vn -0.7934 -0.0000 0.6088
vn -0.7071 -0.0000 0.7071
vn -0.6088 -0.0000 0.7934
vn -0.5000 -0.0000 0.8660
vn -0.3827 -0.0000 0.9239
vn -0.2588 -0.0000 0.9659
vn -0.1305 -0.0000 0.9914
vn -0.0000 -0.0000 1.0000
vn 0.1305 -0.0000 0.9914
vn 0.2588 -0.0000 0.9659
vn 0.3827 -0.0000 0.9239
vn 0.5000 -0.0000 0.8660
vn 0.6088 -0.0000 0.7934
vn 0.7071 -0.0000 0.7071
vn 0.7934 -0.0000 0.6088
vn 0.8660 -0.0000 0.5000
vn 0.9239 -0.0000 0.3827
vn 0.9659 -0.0000 0.2588
vn 0.9914 -0.0000 0.1305
vn 1.0000 -0.0000 -0.0000
vn 0.9914 -0.0000 -0.1305
vn 0.9659 -0.0000 -0.2588
vn 0.9239 -0.0000 -0.3827
vn 0.8660 -0.0000 -0.5000
vn 0.7934 -0.0000 -0.6088
vn 0.7071 -0.0000 -0.7071
vn 0.6088 -0.0000 -0.7934
vn 0.5000 -0.0000 -0.8660
vn 0.3827 -0.0000 -0.9239
vn 0.2588 -0.0000 -0.9659
vn 0.1305 -0.0000 -0.9914
vn -0.0000 -0.0000 -1.0000
vn -0.1305 -0.0000 -0.9914
vn -0.2588 -0.0000 -0.9659
vn -0.3827 -0.0000 -0.9239
vn -0.5000 -0.0000 -0.8660
vn -0.6088 -0.0000 -0.7934
vn -0.7071 -0.0000 -0.7071
vn -0.7934 -0.0000 -0.6088
vn -0.8660 -0.0000 -0.5000
vn -0.9239 -0.0000 -0.3827
vn -0.9659 -0.0000 -0.2588
vn -0.9914 -0.0000 -0.1305
vn 0.8586 0.5000 -0.1130
vn 0.8660 0.5000 -0.0000
vn -0.8586 0.5000 0.1130
vn -0.8660 0.5000 -0.0000
vn -0.8586 -0.5000 0.1130
vn -0.8660 -0.5000 -0.0000
vn 0.8586 -0.5000 -0.1130
vn 0.8660 -0.5000 -0.0000
vn 0.8365 0.5000 -0.2241
vn -0.8365 0.5000 0.2241
vn -0.8365 -0.5000 0.2241
vn 0.8365 -0.5000 -0.2241
vn 0.8001 0.5000 -0.3314
vn -0.8001 0.5000 0.3314
vn -0.8001 -0.5000 0.3314
vn 0.8001 -0.5000 -0.3314
vn 0.7500 0.5000 -0.4330
vn -0.7500 0.5000 0.4330
vn -0.7500 -0.5000 0.4330
vn 0.7500 -0.5000 -0.4330
vn 0.6871 0.5000 -0.5272
vn -0.6871 0.5000 0.5272
vn -0.6871 -0.5000 0.5272
vn 0.6871 -0.5000 -0.5272
vn 0.6124 0.5000 -0.6124
vn -0.6124 0.5000 0.6124
vn -0.6124 -0.5000 0.6124
vn 0.6124 -0.5000 -0.6124
vn 0.5272 0.5000 -0.6871
vn -0.5272 0.5000 0.6871
vn -0.5272 -0.5000 0.6871
vn 0.5272 -0.5000 -0.6871
vn 0.4330 0.5000 -0.7500
vn -0.4330 0.5000 0.7500
vn -0.4330 -0.5000 0.7500
vn 0.4330 -0.5000 -0.7500
vn 0.3314 0.5000 -0.8001
vn -0.3314 0.5000 0.8001
vn -0.3314 -0.5000 0.8001
vn 0.3314 -0.5000 -0.8001
vn 0.2241 0.5000 -0.8365
vn -0.2241 0.5000 0.8365
vn -0.2241 -0.5000 0.8365
vn 0.2241 -0.5000 -0.8365
vn 0.1130 0.5000 -0.8586
vn -0.1130 0.5000 0.8586
vn -0.1130 -0.5000 0.8586
vn 0.1130 -0.5000 -0.8586
vn -0.0000 0.5000 -0.8660
vn -0.0000 0.5000 0.8660
vn -0.0000 -0.5000 0.8660
vn -0.0000 -0.5000 -0.8660
vn -0.1130 0.5000 -0.8586
vn 0.1130 0.5000 0.8586
vn 0.1130 -0.5000 0.8586
vn -0.1130 -0.5000 -0.8586
vn -0.2241 0.5000 -0.8365
vn 0.2241 0.5000 0.8365
vn 0.2241 -0.5000 0.8365
vn -0.2241 -0.5000 -0.8365
vn -0.3314 0.5000 -0.8001
vn 0.3314 0.5000 0.8001
vn 0.3314 -0.5000 0.8001
vn -0.3314 -0.5000 -0.8001
vn -0.4330 0.5000 -0.7500
vn 0.4330 0.5000 0.7500
vn 0.4330 -0.5000 0.7500
vn -0.4330 -0.5000 -0.7500
vn -0.5272 0.5000 -0.6871
vn 0.5272 0.5000 0.6871
vn 0.5272 -0.5000 0.6871
vn -0.5272 -0.5000 -0.6871
vn -0.6124 0.5000 -0.6124
vn 0.6124 0.5000 0.6124
vn 0.6124 -0.5000 0.6124
vn -0.6124 -0.5000 -0.6124
vn -0.6871 0.5000 -0.5272
vn 0.6871 0.5000 0.5272
vn 0.6871 -0.5000 0.5272
vn -0.6871 -0.5000 -0.5272
vn -0.7500 0.5000 -0.4330
vn 0.7500 0.5000 0.4330
vn 0.7500 -0.5000 0.4330
vn -0.7500 -0.5000 -0.4330
vn -0.8001 0.5000 -0.3314
vn 0.8001 0.5000 0.3314
vn 0.8001 -0.5000 0.3314
vn -0.8001 -0.5000 -0.3314
vn -0.8365 0.5000 -0.2241
vn 0.8365 0.5000 0.2241
vn 0.8365 -0.5000 0.2241
vn -0.8365 -0.5000 -0.2241
vn -0.8586 0.5000 -0.1130
vn 0.8586 0.5000 0.1130
vn 0.8586 -0.5000 0.1130
vn -0.8586 -0.5000 -0.1130
vn 0.9806 -0.1961 -0.0000
vn 0.9859 -0.1052 -0.1298
vn 0.9944 -0.1052 -0.0000
vn 0.9472 -0.1961 -0.2538
vn 0.9722 -0.1961 -0.1280
vn 0.9059 -0.1961 -0.3753
vn 0.9606 -0.1052 -0.2574
vn 0.8492 -0.1961 -0.4903
vn 0.9187 -0.1052 -0.3806
vn 0.7889 -0.1052 -0.6054
vn 0.8612 -0.1052 -0.4972
vn 0.6934 -0.1961 -0.6934
vn 0.7779 -0.1961 -0.5969
vn 0.6054 -0.1052 -0.7889
vn 0.7032 -0.1052 -0.7032
vn 0.4903 -0.1961 -0.8492
vn 0.5969 -0.1961 -0.7779
vn 0.3753 -0.1961 -0.9059
vn 0.4972 -0.1052 -0.8612
vn 0.2538 -0.1961 -0.9472
vn 0.3806 -0.1052 -0.9187
vn 0.1280 -0.1961 -0.9722
vn 0.2574 -0.1052 -0.9606
vn -0.0000 -0.1052 -0.9944
vn 0.1298 -0.1052 -0.9859
vn -0.0000 -0.1961 -0.9806
vn -0.1298 -0.1052 -0.9859
vn -0.2538 -0.1961 -0.9472
vn -0.1280 -0.1961 -0.9722
vn -0.3753 -0.1961 -0.9059
vn -0.2574 -0.1052 -0.9606
vn -0.4903 -0.1961 -0.8492
vn -0.3806 -0.1052 -0.9187
vn -0.6054 -0.1052 -0.7889
vn -0.4972 -0.1052 -0.8612
vn -0.6934 -0.1961 -0.6934
vn -0.5969 -0.1961 -0.7779
vn -0.7889 -0.1052 -0.6054
vn -0.7032 -0.1052 -0.7032
vn -0.8492 -0.1961 -0.4903
vn -0.7779 -0.1961 -0.5969
vn -0.9059 -0.1961 -0.3753
vn -0.8612 -0.1052 -0.4972
vn -0.9472 -0.1961 -0.2538
vn -0.9187 -0.1052 -0.3806
vn -0.9722 -0.1961 -0.1280
vn -0.9606 -0.1052 -0.2574
vn -0.9944 -0.1052 -0.0000
vn -0.9859 -0.1052 -0.1298
vn -0.9806 -0.1961 -0.0000
vn -0.9859 -0.1052 0.1298
vn -0.9472 -0.1961 0.2538
vn -0.9722 -0.1961 0.1280
vn -0.9059 -0.1961 0.3753
vn -0.9606 -0.1052 0.2574
vn -0.8492 -0.1961 0.4903
vn -0.9187 -0.1052 0.3806
vn -0.7889 -0.1052 0.6054
vn -0.8612 -0.1052 0.4972
vn -0.6934 -0.1961 0.6934
vn -0.7779 -0.1961 0.5969
vn -0.6054 -0.1052 0.7889
vn -0.7032 -0.1052 0.7032
vn -0.4903 -0.1961 0.8492
vn -0.5969 -0.1961 0.7779
vn -0.3753 -0.1961 0.9059
vn -0.4972 -0.1052 0.8612
vn -0.2538 -0.1961 0.9472
vn -0.3806 -0.1052 0.9187
vn -0.1280 -0.1961 0.9722
vn -0.2574 -0.1052 0.9606
vn -0.0000 -0.1052 0.9944
vn -0.1298 -0.1052 0.9859
vn -0.0000 -0.1961 0.9806
vn 0.1298 -0.1052 0.9859
vn 0.2538 -0.1961 0.9472
vn 0.1280 -0.1961 0.9722
vn 0.3753 -0.1961 0.9059
vn 0.2574 -0.1052 0.9606
vn 0.4903 -0.1961 0.8492
vn 0.3806 -0.1052 0.9187
vn 0.6054 -0.1052 0.7889
vn 0.4972 -0.1052 0.8612
vn 0.6934 -0.1961 0.6934
vn 0.5969 -0.1961 0.7779
vn 0.7889 -0.1052 0.6054
vn 0.7032 -0.1052 0.7032
vn 0.8492 -0.1961 0.4903
vn 0.7779 -0.1961 0.5969
vn 0.9059 -0.1961 0.3753
vn 0.8612 -0.1052 0.4972
vn 0.9472 -0.1961 0.2538
vn 0.9187 -0.1052 0.3806
vn 0.9722 -0.1961 0.1280
vn 0.9606 -0.1052 0.2574
vn 0.9859 -0.1052 0.1298
vn 0.9944 0.1052 -0.0000
vn 0.9859 0.1052 -0.1298
vn 0.9606 0.1052 -0.2574
vn 0.9187 0.1052 -0.3806
vn 0.8612 0.1052 -0.4972
vn 0.7889 0.1052 -0.6054
vn 0.7032 0.1052 -0.7032
vn 0.6054 0.1052 -0.7889
vn 0.4972 0.1052 -0.8612
vn 0.3806 0.1052 -0.9187
vn 0.2574 0.1052 -0.9606
vn -0.0000 0.1052 -0.9944
vn 0.1298 0.1052 -0.9859
vn -0.1298 0.1052 -0.9859
vn -0.2574 0.1052 -0.9606
vn -0.3806 0.1052 -0.9187
vn -0.4972 0.1052 -0.8612
vn -0.6054 0.1052 -0.7889
vn -0.7032 0.1052 -0.7032
vn -0.7889 0.1052 -0.6054
vn -0.8612 0.1052 -0.4972
vn -0.9187 0.1052 -0.3806
vn -0.9606 0.1052 -0.2574
vn -0.9944 0.1052 -0.0000
vn -0.9859 0.1052 -0.1298
vn -0.9859 0.1052 0.1298
vn -0.9606 0.1052 0.2574
vn -0.9187 0.1052 0.3806
vn -0.8612 0.1052 0.4972
vn -0.7889 0.1052 0.6054
vn -0.7032 0.1052 0.7032
vn -0.6054 0.1052 0.7889
vn -0.4972 0.1052 0.8612
vn -0.3806 0.1052 0.9187
vn -0.2574 0.1052 0.9606
vn -0.0000 0.1052 0.9944
vn -0.1298 0.1052 0.9859
vn 0.1298 0.1052 0.9859
vn 0.2574 0.1052 0.9606
vn 0.3806 0.1052 0.9187
vn 0.4972 0.1052 0.8612
vn 0.6054 0.1052 0.7889
vn 0.7032 0.1052 0.7032
vn 0.7889 0.1052 0.6054
vn 0.8612 0.1052 0.4972
vn 0.9187 0.1052 0.3806
vn 0.9606 0.1052 0.2574
vn 0.9859 0.1052 0.1298
vn 0.9806 0.1961 -0.0000
vn 0.9722 0.1961 -0.1280
vn 0.9472 0.1961 -0.2538
vn 0.9059 0.1961 -0.3753
vn 0.8492 0.1961 -0.4903
vn 0.6934 0.1961 -0.6934
vn 0.7779 0.1961 -0.5969
vn 0.4903 0.1961 -0.8492
vn 0.5969 0.1961 -0.7779
vn 0.3753 0.1961 -0.9059
vn 0.2538 0.1961 -0.9472
vn 0.1280 0.1961 -0.9722
vn -0.0000 0.1961 -0.9806
vn -0.1280 0.1961 -0.9722
vn -0.2538 0.1961 -0.9472
vn -0.3753 0.1961 -0.9059
vn -0.4903 0.1961 -0.8492
vn -0.6934 0.1961 -0.6934
vn -0.5969 0.1961 -0.7779
vn -0.8492 0.1961 -0.4903
vn -0.7779 0.1961 -0.5969
vn -0.9059 0.1961 -0.3753
vn -0.9472 0.1961 -0.2538
vn -0.9722 0.1961 -0.1280
vn -0.9806 0.1961 -0.0000
vn -0.9722 0.1961 0.1280
vn -0.9472 0.1961 0.2538
vn -0.9059 0.1961 0.3753
vn -0.8492 0.1961 0.4903
vn -0.6934 0.1961 0.6934
vn -0.7779 0.1961 0.5969
vn -0.4903 0.1961 0.8492
vn -0.5969 0.1961 0.7779
vn -0.3753 0.1961 0.9059
vn -0.2538 0.1961 0.9472
vn -0.1280 0.1961 0.9722
vn -0.0000 0.1961 0.9806
vn 0.1280 0.1961 0.9722
vn 0.2538 0.1961 0.9472
vn 0.3753 0.1961 0.9059
vn 0.4903 0.1961 0.8492
vn 0.6934 0.1961 0.6934
vn 0.5969 0.1961 0.7779
vn 0.8492 0.1961 0.4903
vn 0.7779 0.1961 0.5969
vn 0.9059 0.1961 0.3753
vn 0.9472 0.1961 0.2538
vn 0.9722 0.1961 0.1280
vn 0.0609 0.2043 -0.9770
vn 0.7470 0.0846 -0.6595
vn 0.9954 -0.0846 0.0444
vn 0.6608 -0.2043 0.7222
vn -0.0609 -0.2043 0.9770
vn -0.7470 -0.0846 0.6595
vn 0.0736 0.9753 0.2085
vn -0.9954 0.0846 -0.0444
vn -0.6608 0.2043 -0.7222
vn -0.0736 -0.9753 -0.2085
vn -0.3246 0.2211 -0.9196
vn 0.1903 0.1915 -0.9629
vn 0.6543 0.1105 -0.7481
vn 0.6543 0.1106 -0.7481
vn 0.9430 -0.0000 -0.3329
vn 0.9790 -0.1105 0.1715
vn 0.7526 -0.1915 0.6300
vn 0.3246 -0.2211 0.9196
vn -0.1903 -0.1915 0.9629
vn -0.6543 -0.1106 0.7481
vn -0.9430 -0.0000 0.3329
vn -0.9790 0.1105 -0.1715
vn -0.7526 0.1915 -0.6300
vn 0.3682 0.2082 -0.9062
vn 0.9178 0.0862 -0.3876
vn 0.9298 -0.0862 0.3579
vn 0.3971 -0.2082 0.8939
vn 0.3971 -0.2082 0.8938
vn -0.3682 -0.2082 0.9062
vn -0.9178 -0.0862 0.3876
vn 0.0036 0.9743 0.2253
vn -0.9298 0.0862 -0.3579
vn -0.3971 0.2082 -0.8938
vn -0.3971 0.2082 -0.8939
vn -0.0036 -0.9743 -0.2253
vn -0.0157 0.2253 -0.9742
vn 0.4864 0.1951 -0.8517
vn 0.8581 0.1127 -0.5010
vn 0.9999 -0.0000 -0.0161
vn 0.8737 -0.1127 0.4732
vn 0.5135 -0.1951 0.8356
vn 0.0157 -0.2253 0.9742
vn -0.4864 -0.1951 0.8517
vn -0.8581 -0.1127 0.5010
vn -0.9999 -0.0000 0.0161
vn -0.8737 0.1127 -0.4732
vn -0.5135 0.1951 -0.8356
vn -0.1678 0.1528 0.9739
vn -0.1679 0.1528 0.9739
vn -0.8153 0.0633 0.5756
vn -0.9851 -0.0633 -0.1599
vn -0.9851 -0.0633 -0.1598
vn -0.5779 -0.1528 -0.8017
vn 0.1679 -0.1528 -0.9739
vn 0.8153 -0.0633 -0.5756
vn -0.0372 0.9862 -0.1612
vn 0.9851 0.0633 0.1598
vn 0.9851 0.0633 0.1599
vn 0.5779 0.1528 0.8017
vn 0.0372 -0.9862 0.1612
vn 0.2219 0.1654 0.9609
vn -0.2950 0.1433 0.9447
vn -0.7329 0.0827 0.6753
vn -0.9744 -0.0000 0.2250
vn -0.9548 -0.0827 -0.2856
vn -0.6794 -0.1433 -0.7197
vn -0.2219 -0.1654 -0.9609
vn 0.2950 -0.1433 -0.9447
vn 0.7329 -0.0827 -0.6753
vn 0.9744 -0.0000 -0.2250
vn 0.9548 0.0827 0.2856
vn 0.6794 0.1433 0.7197
vn -0.9528 0.2046 -0.2242
vn -0.5246 0.0848 -0.8471
vn 0.2110 -0.0848 -0.9738
vn 0.8229 -0.2046 -0.5300
vn 0.9528 -0.2046 0.2242
vn 0.5246 -0.0848 0.8471
vn 0.2183 0.9752 -0.0376
vn -0.2110 0.0848 0.9738
vn -0.8229 0.2046 0.5300
vn -0.2183 -0.9752 0.0376
vn -0.9610 0.2215 0.1655
vn -0.9171 0.1918 -0.3494
vn -0.6275 0.1108 -0.7707
vn -0.1697 -0.0000 -0.9855
vn 0.3335 -0.1108 -0.9362
vn 0.3335 -0.1107 -0.9362
vn 0.7474 -0.1918 -0.6361
vn 0.9610 -0.2215 -0.1655
vn 0.9171 -0.1918 0.3494
vn 0.6275 -0.1108 0.7707
vn 0.1697 -0.0000 0.9855
vn -0.3335 0.1108 0.9362
vn -0.7474 0.1918 0.6361
vn -0.5864 0.1880 -0.7879
vn 0.1445 0.0779 -0.9864
vn 0.7908 -0.0779 -0.6071
vn 0.9738 -0.1880 0.1278
vn 0.5864 -0.1880 0.7879
vn -0.1445 -0.0779 0.9864
vn 0.1755 0.9791 0.1030
vn -0.7908 0.0779 0.6071
vn -0.9738 0.1880 -0.1278
vn -0.1755 -0.9791 -0.1030
vn -0.8444 0.2035 -0.4956
vn -0.4782 0.1762 -0.8604
vn 0.0162 0.1017 -0.9947
vn 0.5062 -0.0000 -0.8624
vn 0.8606 -0.1017 -0.4991
vn 0.9843 -0.1762 -0.0020
vn 0.8444 -0.2035 0.4956
vn 0.4782 -0.1762 0.8604
vn -0.0162 -0.1017 0.9947
vn -0.5062 -0.0000 0.8624
vn -0.8606 0.1017 0.4991
vn -0.9843 0.1762 0.0020
vn -0.0692 0.9148 -0.3979
vn 0.0879 0.3789 -0.9212
vn 0.1935 -0.3789 -0.9050
vn 0.1858 -0.9148 -0.3586
vn 0.0692 -0.9148 0.3979
vn -0.0879 -0.3789 0.9212
vn 0.9787 0.1396 0.1508
vn -0.1935 0.3789 0.9050
vn -0.1858 0.9148 0.3586
vn -0.9787 -0.1396 -0.1508
vn -0.1380 0.9902 -0.0213
vn -0.0434 0.8575 -0.5126
vn 0.0629 0.4951 -0.8666
vn 0.1523 -0.0000 -0.9883
vn 0.2009 -0.4951 -0.8453
vn 0.1956 -0.8575 -0.4758
vn 0.1380 -0.9902 0.0213
vn 0.0434 -0.8575 0.5126
vn -0.0629 -0.4951 0.8666
vn -0.1523 -0.0000 0.9883
vn -0.2009 0.4951 0.8453
vn -0.1956 0.8575 0.4758
vn -0.3051 0.9214 -0.2408
vn -0.6348 0.3816 -0.6718
vn -0.5927 -0.3816 -0.7093
vn -0.2034 -0.9214 -0.3312
vn 0.3051 -0.9214 0.2408
vn 0.6348 -0.3816 0.6718
vn 0.7454 0.0737 -0.6625
vn 0.5927 0.3816 0.7093
vn 0.2034 0.9214 0.3312
vn -0.7454 -0.0737 0.6625
vn -0.0551 0.9973 0.0489
vn -0.3799 0.8637 -0.3313
vn -0.6029 0.4986 -0.6228
vn -0.6643 -0.0000 -0.7474
vn -0.5478 -0.4986 -0.6718
vn -0.2845 -0.8637 -0.4161
vn 0.0551 -0.9973 -0.0489
vn 0.3799 -0.8637 0.3313
vn 0.6029 -0.4986 0.6228
vn 0.6643 -0.0000 0.7474
vn 0.5478 0.4986 0.6718
vn 0.2845 0.8637 0.4161
vn -0.3803 0.9219 -0.0745
vn -0.3802 0.9219 -0.0745
vn -0.8763 0.3819 -0.2938
vn -0.8590 -0.3819 -0.3410
vn -0.3385 -0.9219 -0.1885
vn 0.3803 -0.9219 0.0745
vn 0.8763 -0.3819 0.2938
vn 0.3428 0.0657 -0.9371
vn 0.8590 0.3819 0.3410
vn 0.3385 0.9219 0.1885
vn -0.3428 -0.0657 0.9371
vn -0.0226 0.9978 0.0617
vn -0.4891 0.8642 -0.1183
vn -0.8246 0.4989 -0.2667
vn -0.9391 -0.0000 -0.3436
vn -0.8020 -0.4989 -0.3284
vn -0.4500 -0.8642 -0.2252
vn 0.0226 -0.9978 -0.0617
vn 0.4891 -0.8642 0.1183
vn 0.8246 -0.4989 0.2667
vn 0.9391 -0.0000 0.3436
vn 0.8020 0.4989 0.3284
vn 0.4500 0.8642 0.2252
vn -0.3681 0.9212 0.1258
vn -0.8205 0.3816 0.4256
vn -0.7923 -0.3816 0.4761
vn -0.2999 -0.9212 0.2477
vn 0.3681 -0.9212 -0.1258
vn 0.8205 -0.3816 -0.4256
vn -0.4866 -0.0756 -0.8703
vn 0.7923 0.3816 -0.4761
vn 0.3000 0.9212 -0.2477
vn 0.2999 0.9212 -0.2477
vn 0.4866 0.0756 0.8703
vn -0.0369 0.9971 -0.0660
vn -0.4684 0.8635 0.1869
vn -0.7743 0.4986 0.3897
vn -0.8728 -0.0000 0.4880
vn -0.7374 -0.4986 0.4556
vn -0.4045 -0.8636 0.3011
vn 0.0369 -0.9971 0.0660
vn 0.4684 -0.8635 -0.1869
vn 0.4683 -0.8635 -0.1869
vn 0.7743 -0.4986 -0.3897
vn 0.8728 -0.0000 -0.4880
vn 0.7374 0.4986 -0.4556
vn 0.4045 0.8635 -0.3011
vn -0.0338 0.9221 0.3855
vn -0.1938 0.3819 0.9036
vn -0.2403 -0.3819 0.8924
vn -0.1460 -0.9221 0.3584
vn 0.0338 -0.9221 -0.3855
vn 0.1938 -0.3819 -0.9036
vn -0.9701 0.0625 -0.2345
vn 0.2403 0.3819 -0.8924
vn 0.1460 0.9221 -0.3584
vn 0.9701 -0.0625 0.2345
vn 0.0607 0.9980 0.0147
vn -0.0649 0.8643 0.4987
vn -0.1731 0.4990 0.8491
vn -0.2349 -0.0000 0.9720
vn -0.2338 -0.4990 0.8345
vn -0.1701 -0.8643 0.4733
vn -0.0607 -0.9980 -0.0147
vn 0.0649 -0.8643 -0.4987
vn 0.1731 -0.4990 -0.8491
vn 0.2349 -0.0000 -0.9720
vn 0.2338 0.4990 -0.8345
vn 0.1701 0.8643 -0.4733
vn 0.0285 0.9118 0.4097
vn 0.3384 0.3777 0.8619
vn 0.4500 -0.3777 0.8092
vn 0.2980 -0.9118 0.2825
vn -0.0285 -0.9118 -0.4097
vn -0.0286 -0.9118 -0.4097
vn -0.3384 -0.3777 -0.8619
vn -0.8926 -0.1613 0.4211
vn -0.4500 0.3777 -0.8092
vn -0.2980 0.9118 -0.2825
vn 0.8926 0.1613 -0.4211
vn -0.1458 0.9869 0.0688
vn 0.0870 0.8547 0.5118
vn 0.2966 0.4935 0.8176
vn 0.4267 -0.0000 0.9044
vn 0.4425 -0.4935 0.7488
vn 0.3397 -0.8547 0.3926
vn 0.1458 -0.9869 -0.0688
vn -0.0870 -0.8547 -0.5118
vn -0.2966 -0.4935 -0.8176
vn -0.4267 -0.0000 -0.9044
vn -0.4425 0.4935 -0.7488
vn -0.3397 0.8547 -0.3926
vn 0.3280 0.9230 0.2014
vn 0.7416 0.3823 0.5512
vn 0.7208 -0.3823 0.5782
vn 0.2778 -0.9230 0.2664
vn -0.3280 -0.9230 -0.2014
vn -0.7416 -0.3823 -0.5512
vn -0.6106 0.0444 0.7907
vn -0.7208 0.3823 -0.5782
vn -0.2778 0.9230 -0.2664
vn 0.6106 -0.0444 -0.7907
vn 0.0272 0.9990 -0.0352
vn 0.4192 0.8652 0.2752
vn 0.6990 0.4995 0.5118
vn 0.7915 -0.0000 0.6112
vn 0.6718 -0.4995 0.5469
vn 0.3722 -0.8652 0.3361
vn -0.0272 -0.9990 0.0352
vn -0.4192 -0.8652 -0.2752
vn -0.6990 -0.4995 -0.5118
vn -0.7915 -0.0000 -0.6112
vn -0.6718 0.4995 -0.5469
vn -0.3722 0.8652 -0.3361
vn 0.3771 0.9236 -0.0693
vn 0.8993 0.3826 -0.2120
vn 0.8947 -0.3826 -0.2305
vn 0.3660 -0.9236 -0.1140
vn -0.3771 -0.9236 0.0693
vn -0.8993 -0.3826 0.2120
vn 0.2394 -0.0249 0.9706
vn -0.8947 0.3826 0.2305
vn -0.3660 0.9236 0.1140
vn -0.2394 0.0249 -0.9706
vn 0.0060 0.9997 0.0242
vn 0.4906 0.8658 -0.0988
vn 0.8438 0.4998 -0.1953
vn 0.9709 -0.0000 -0.2395
vn 0.8378 -0.4998 -0.2195
vn 0.4803 -0.8658 -0.1407
vn -0.0060 -0.9997 -0.0242
vn -0.4906 -0.8658 0.0988
vn -0.8438 -0.4998 0.1953
vn -0.9709 -0.0000 0.2395
vn -0.8378 0.4998 0.2195
vn -0.4803 0.8658 0.1407
vn 0.0064 0.8914 -0.4531
vn 0.4217 0.3692 -0.8282
vn 0.5900 -0.3692 -0.7181
vn 0.4127 -0.8914 -0.1873
vn -0.0064 -0.8914 0.4531
vn -0.4217 -0.3692 0.8282
vn 0.8074 0.2628 0.5283
vn -0.5900 0.3692 0.7181
vn -0.4127 0.8914 0.1873
vn -0.8074 -0.2628 -0.5283
vn -0.2199 0.9649 -0.1439
vn 0.0833 0.8356 -0.5430
vn 0.3642 0.4824 -0.7966
vn 0.5475 -0.0000 -0.8368
vn 0.5841 -0.4824 -0.6528
vn 0.4642 -0.8356 -0.2938
vn 0.2199 -0.9649 0.1439
vn -0.0833 -0.8356 0.5430
vn -0.3642 -0.4824 0.7966
vn -0.5475 -0.0000 0.8368
vn -0.5841 0.4824 0.6528
vn -0.4642 0.8356 0.2938
vn -0.0292 -0.9359 0.3510
vn -0.0293 -0.9359 0.3510
vn -0.8920 0.0743 0.4460
vn -0.8919 0.0743 0.4460
vn -0.4314 0.3847 -0.8160
vn -0.4612 0.3828 -0.8004
vn -0.4314 0.3848 -0.8160
vn -0.1771 0.9243 -0.3381
vn -0.2223 0.9231 -0.3138
vn 0.1470 0.9227 0.3564
vn 0.1808 0.9240 0.3369
vn 0.1808 0.9241 0.3367
vn 0.4302 0.3818 0.8181
vn 0.4335 0.3820 0.8161
vn 0.4609 -0.3829 0.8006
vn 0.4310 -0.3847 0.8162
vn 0.4310 -0.3848 0.8162
vn 0.2215 -0.9231 0.3143
vn 0.1762 -0.9243 0.3386
vn -0.1814 -0.9240 -0.3366
vn -0.1475 -0.9227 -0.3562
vn -0.1814 -0.9241 -0.3365
vn -0.4335 -0.3820 -0.8161
vn -0.4302 -0.3818 -0.8181
vn -0.4613 0.3827 -0.8005
vn -0.4932 0.3801 -0.7825
vn -0.2224 0.9231 -0.3139
vn -0.2709 0.9190 -0.2865
vn 0.1099 0.9195 0.3773
vn 0.1470 0.9226 0.3566
vn 0.4265 0.3815 0.8201
vn 0.4932 -0.3801 0.7825
vn 0.4609 -0.3827 0.8007
vn 0.2709 -0.9190 0.2865
vn -0.1475 -0.9227 -0.3563
vn -0.1099 -0.9195 -0.3773
vn -0.4302 -0.3817 -0.8181
vn -0.4265 -0.3815 -0.8201
vn -0.4676 0.3823 -0.7970
vn -0.2313 0.9225 -0.3089
vn 0.1399 0.9222 0.3605
vn 0.4294 0.3817 0.8185
vn 0.4685 -0.3823 0.7965
vn 0.2333 -0.9224 0.3078
vn -0.1386 -0.9221 -0.3612
vn -0.4294 -0.3817 -0.8185
vn -0.4675 0.3826 -0.7969
vn -0.3768 0.3804 -0.8446
vn -0.2313 0.9226 -0.3089
vn -0.0925 0.9197 -0.3816
vn 0.2455 0.9200 0.3054
vn 0.1398 0.9223 0.3603
vn 0.4398 0.3815 0.8130
vn 0.3784 -0.3805 0.8438
vn 0.4683 -0.3826 0.7964
vn 0.0958 -0.9200 0.3800
vn 0.2333 -0.9224 0.3077
vn -0.1386 -0.9223 -0.3609
vn -0.2435 -0.9202 -0.3064
vn -0.4398 -0.3815 -0.8131
vn -0.3767 0.3808 -0.8445
vn -0.2323 0.3465 -0.9088
vn -0.0924 0.9197 -0.3815
vn 0.1282 0.8681 -0.4796
vn 0.4135 0.8807 0.2308
vn 0.2454 0.9202 0.3050
vn 0.4565 0.3776 0.8056
vn 0.2326 -0.3466 0.9087
vn 0.3780 -0.3810 0.8438
vn -0.1275 -0.8683 0.4794
vn 0.0957 -0.9201 0.3799
vn -0.2435 -0.9204 -0.3058
vn -0.4132 -0.8808 -0.2311
vn -0.4398 -0.3815 -0.8130
vn -0.4565 -0.3776 -0.8056
vn -0.0868 0.2725 -0.9582
vn -0.2322 0.3468 -0.9087
vn 0.3499 0.7546 -0.5551
vn 0.5819 0.7946 0.1730
vn 0.4135 0.8808 0.2305
vn 0.4730 0.3692 0.8000
vn 0.0863 -0.2722 0.9584
vn 0.2324 -0.3469 0.9086
vn -0.3511 -0.7538 0.5554
vn -0.1276 -0.8683 0.4793
vn -0.5826 -0.7942 -0.1728
vn -0.4132 -0.8810 -0.2307
vn -0.4730 -0.3692 -0.8000
vn 0.0274 0.1779 -0.9837
vn -0.0869 0.2724 -0.9583
vn 0.5240 0.6105 -0.5939
vn 0.3498 0.7546 -0.5551
vn 0.5819 0.7946 0.1732
vn 0.7137 0.6855 0.1438
vn 0.4853 0.3590 0.7972
vn 0.0863 -0.2720 0.9584
vn -0.0276 -0.1777 0.9837
vn -0.5245 -0.6101 0.5939
vn -0.7140 -0.6853 -0.1437
vn -0.5827 -0.7941 -0.1730
vn -0.4853 -0.3590 -0.7972
vn 0.1162 0.0705 -0.9907
vn 0.0274 0.1778 -0.9837
vn 0.6593 0.4469 -0.6046
vn 0.8163 0.5614 0.1356
vn 0.4853 0.3590 0.7973
vn 0.4951 0.3471 0.7965
vn -0.0276 -0.1776 0.9837
vn -0.1165 -0.0701 0.9907
vn -0.6600 -0.4460 0.6046
vn -0.5245 -0.6100 0.5939
vn -0.8167 -0.5610 -0.1356
vn -0.7140 -0.6852 -0.1438
vn -0.4951 -0.3471 -0.7965
vn -0.4853 -0.3590 -0.7973
vn 0.1759 -0.0327 -0.9839
vn 0.1161 0.0704 -0.9907
vn 0.7507 0.2888 -0.5941
vn 0.8163 0.5614 0.1358
vn 0.8860 0.4409 0.1436
vn 0.5022 0.3349 0.7973
vn -0.1164 -0.0700 0.9907
vn -0.1762 0.0333 0.9838
vn -0.7514 -0.2874 0.5940
vn -0.8864 -0.4401 -0.1436
vn -0.8167 -0.5609 -0.1358
vn -0.5022 -0.3349 -0.7973
vn 0.2076 -0.1098 -0.9720
vn 0.1758 -0.0328 -0.9839
vn 0.7998 0.1695 -0.5758
vn 0.7507 0.2888 -0.5942
vn 0.8860 0.4409 0.1437
vn 0.9236 0.3493 0.1576
vn 0.5064 0.3246 0.7989
vn -0.1761 0.0335 0.9838
vn -0.2078 0.1102 0.9719
vn -0.8002 -0.1685 0.5756
vn -0.9239 -0.3487 -0.1577
vn -0.8864 -0.4401 -0.1439
vn -0.5064 -0.3246 -0.7989
vn 0.2210 -0.1531 -0.9632
vn 0.2075 -0.1099 -0.9720
vn 0.8211 0.1010 -0.5618
vn 0.7998 0.1695 -0.5759
vn 0.9236 0.3493 0.1578
vn 0.9403 0.2958 0.1686
vn 0.5086 0.3174 0.8003
vn -0.2076 0.1103 0.9720
vn -0.2210 0.1531 0.9632
vn -0.8001 -0.1685 0.5757
vn -0.8211 -0.1008 0.5618
vn -0.9403 -0.2957 -0.1686
vn -0.9238 -0.3487 -0.1579
vn -0.5086 -0.3174 -0.8003
vn 0.2301 -0.1906 -0.9543
vn 0.8358 0.0406 -0.5475
vn 0.9518 0.2484 0.1799
vn 0.9402 0.2958 0.1687
vn 0.5103 0.3105 0.8020
vn -0.2299 0.1900 0.9545
vn -0.2210 0.1532 0.9632
vn -0.8355 -0.0419 0.5479
vn -0.9516 -0.2492 -0.1797
vn -0.9403 -0.2957 -0.1687
vn -0.5103 -0.3105 -0.8020
vn 0.2302 -0.1906 -0.9543
vn 0.2411 -0.2608 -0.9348
vn 0.8532 -0.0690 -0.5170
vn 0.9653 0.1632 0.2038
vn 0.9519 0.2483 0.1798
vn 0.5120 0.2998 0.8050
vn -0.2410 0.2606 0.9349
vn -0.2301 0.1901 0.9544
vn -0.8531 0.0686 0.5172
vn -0.8355 -0.0419 0.5478
vn -0.9517 -0.2490 -0.1796
vn -0.9653 -0.1635 -0.2038
vn -0.5120 -0.2998 -0.8050
vn 0.2447 -0.3417 -0.9074
vn 0.2413 -0.2608 -0.9348
vn 0.8584 -0.1948 -0.4745
vn 0.9694 0.0659 0.2364
vn 0.9654 0.1631 0.2036
vn 0.5125 0.2882 0.8089
vn -0.2447 0.3422 0.9072
vn -0.2412 0.2606 0.9348
vn -0.8584 0.1963 0.4739
vn -0.8532 0.0686 0.5171
vn -0.9694 -0.0651 -0.2367
vn -0.9653 -0.1634 -0.2036
vn -0.5125 -0.2882 -0.8089
vn 0.2412 -0.3945 -0.8866
vn 0.2445 -0.3417 -0.9074
vn 0.8530 -0.2771 -0.4422
vn 0.9694 0.0659 0.2366
vn 0.9652 0.0024 0.2613
vn 0.5120 0.2806 0.8118
vn -0.2445 0.3424 0.9072
vn -0.2412 0.3950 0.8865
vn -0.8584 0.1963 0.4740
vn -0.8529 0.2782 0.4417
vn -0.9652 -0.0018 -0.2616
vn -0.9693 -0.0650 -0.2369
vn -0.5120 -0.2806 -0.8118
vn -0.5125 -0.2881 -0.8089
vn 0.2392 -0.4103 -0.8800
vn 0.2411 -0.3946 -0.8867
vn 0.8500 -0.3018 -0.4318
vn 0.9652 0.0024 0.2615
vn 0.9629 -0.0166 0.2694
vn 0.5120 0.2806 0.8119
vn 0.5117 0.2784 0.8128
vn -0.2410 0.3951 0.8865
vn -0.2392 0.4103 0.8800
vn -0.8529 0.2782 0.4418
vn -0.8500 0.3018 0.4318
vn -0.9629 0.0166 -0.2694
vn -0.9651 -0.0017 -0.2617
vn -0.5117 -0.2784 -0.8128
vn -0.5120 -0.2806 -0.8119
vn 0.2415 -0.3907 -0.8883
vn 0.8536 -0.2714 -0.4445
vn 0.9657 0.0070 0.2596
vn 0.5121 0.2812 0.8116
vn -0.2415 0.3905 0.8883
vn -0.8537 0.2709 0.4447
vn -0.9657 -0.0073 -0.2595
vn -0.5121 -0.2812 -0.8116
vn 0.2435 -0.3727 -0.8954
vn 0.2416 -0.3907 -0.8883
vn 0.8562 -0.2434 -0.4558
vn 0.8537 -0.2714 -0.4445
vn 0.9657 0.0070 0.2595
vn 0.9677 0.0285 0.2504
vn 0.5124 0.2838 0.8105
vn -0.2416 0.3905 0.8883
vn -0.2435 0.3725 0.8955
vn -0.8562 0.2429 0.4560
vn -0.9677 -0.0288 -0.2503
vn -0.9657 -0.0073 -0.2594
vn -0.5123 -0.2838 -0.8105
vn -0.1411 -0.9875 0.0705
vn -0.6824 0.1706 0.7108
vn -0.6590 0.3860 -0.6455
vn -0.6848 0.3880 -0.6168
vn -0.6590 0.3861 -0.6455
vn -0.2511 0.9248 -0.2859
vn -0.2177 0.9206 -0.3242
vn 0.3298 0.9199 0.2123
vn 0.3511 0.9176 0.1863
vn 0.3510 0.9177 0.1863
vn 0.7174 0.3761 0.5864
vn 0.7152 0.3762 0.5891
vn 0.6845 -0.3880 0.6171
vn 0.6587 -0.3860 0.6458
vn 0.6587 -0.3861 0.6458
vn 0.2172 -0.9205 0.3248
vn 0.2506 -0.9247 0.2865
vn -0.3513 -0.9176 -0.1861
vn -0.3300 -0.9198 -0.2121
vn -0.3513 -0.9176 -0.1860
vn -0.7152 -0.3762 -0.5891
vn -0.7174 -0.3761 -0.5864
vn -0.6849 0.3879 -0.6168
vn -0.7119 0.3894 -0.5845
vn -0.2868 0.9266 -0.2432
vn 0.3062 0.9211 0.2406
vn 0.3298 0.9198 0.2124
vn 0.7199 0.3760 0.5834
vn 0.7119 -0.3894 0.5845
vn 0.6846 -0.3879 0.6172
vn 0.2868 -0.9266 0.2432
vn -0.3301 -0.9198 -0.2122
vn -0.3062 -0.9211 -0.2406
vn -0.7199 -0.3760 -0.5834
vn -0.6902 0.3884 -0.6105
vn -0.2579 0.9253 -0.2779
vn 0.3251 0.9202 0.2180
vn 0.7180 0.3760 0.5857
vn 0.6909 -0.3884 0.6097
vn 0.2591 -0.9254 0.2765
vn -0.3246 -0.9203 -0.2186
vn -0.7180 -0.3760 -0.5857
vn -0.6901 0.3886 -0.6105
vn -0.6118 0.3744 -0.6968
vn -0.1541 0.9070 -0.3919
vn -0.2580 0.9253 -0.2779
vn 0.3936 0.9081 0.1429
vn 0.3250 0.9203 0.2178
vn 0.7109 0.3773 0.5935
vn 0.7180 0.3760 0.5858
vn 0.6129 -0.3747 0.6956
vn 0.6908 -0.3886 0.6098
vn 0.2591 -0.9254 0.2766
vn 0.1560 -0.9075 0.3900
vn -0.3245 -0.9203 -0.2184
vn -0.3927 -0.9084 -0.1438
vn -0.7180 -0.3760 -0.5858
vn -0.7109 -0.3773 -0.5936
vn -0.6117 0.3747 -0.6967
vn -0.4808 0.3199 -0.8164
vn 0.0190 0.8350 -0.5499
vn -0.1541 0.9070 -0.3920
vn 0.5077 0.8607 0.0387
vn 0.3934 0.9082 0.1427
vn 0.6989 0.3821 0.6046
vn 0.7109 0.3773 0.5936
vn 0.4813 -0.3202 0.8159
vn 0.6127 -0.3750 0.6957
vn 0.1560 -0.9075 0.3901
vn -0.0184 -0.8353 0.5495
vn -0.3926 -0.9085 -0.1434
vn -0.5077 -0.8607 -0.0387
vn -0.6988 -0.3822 -0.6046
vn -0.3278 0.2149 -0.9200
vn -0.4807 0.3201 -0.8164
vn 0.2077 0.7052 -0.6779
vn 0.0189 0.8350 -0.5499
vn 0.6216 0.7823 -0.0389
vn 0.5077 0.8607 0.0388
vn 0.6718 0.4011 0.6228
vn 0.6989 0.3823 0.6045
vn 0.3279 -0.2150 0.9199
vn 0.4812 -0.3204 0.8160
vn -0.0185 -0.8353 0.5495
vn -0.2083 -0.7047 0.6783
vn -0.5077 -0.8606 -0.0388
vn -0.6222 -0.7818 0.0393
vn -0.6716 -0.4012 -0.6229
vn -0.6988 -0.3823 -0.6046
vn -0.1777 0.0757 -0.9812
vn -0.3279 0.2150 -0.9199
vn 0.3746 0.5507 -0.7459
vn 0.2076 0.7053 -0.6778
vn 0.7075 0.7028 -0.0740
vn 0.6217 0.7823 -0.0387
vn 0.6718 0.4008 0.6229
vn 0.6259 0.4435 0.6415
vn 0.3279 -0.2149 0.9200
vn 0.1770 -0.0749 0.9814
vn -0.2084 -0.7047 0.6782
vn -0.3753 -0.5499 0.7461
vn -0.6223 -0.7818 0.0390
vn -0.7076 -0.7028 0.0740
vn -0.6260 -0.4434 -0.6415
vn -0.6716 -0.4009 -0.6230
vn -0.0552 -0.0645 -0.9964
vn -0.1776 0.0757 -0.9812
vn 0.5162 0.3880 -0.7635
vn 0.3746 0.5506 -0.7460
vn 0.7855 0.6132 -0.0833
vn 0.7076 0.7028 -0.0738
vn 0.6260 0.4436 0.6414
vn 0.5940 0.4797 0.6458
vn 0.0539 0.0662 0.9964
vn 0.1768 -0.0749 0.9814
vn -0.5171 -0.3868 0.7635
vn -0.3753 -0.5500 0.7461
vn -0.7853 -0.6134 0.0833
vn -0.7076 -0.7028 0.0738
vn -0.5941 -0.4795 -0.6458
vn -0.6260 -0.4435 -0.6414
vn -0.0557 -0.0646 -0.9964
vn 0.0118 -0.1615 -0.9868
vn 0.5161 0.3881 -0.7635
vn 0.6153 0.2448 -0.7493
vn 0.7855 0.6133 -0.0834
vn 0.8585 0.5076 -0.0728
vn 0.5942 0.4801 0.6453
vn 0.5983 0.4735 0.6464
vn -0.0125 0.1626 0.9866
vn 0.0544 0.0663 0.9963
vn -0.6163 -0.2433 0.7490
vn -0.5172 -0.3867 0.7635
vn -0.8585 -0.5076 0.0728
vn -0.7853 -0.6134 0.0834
vn -0.5981 -0.4738 -0.6464
vn -0.5943 -0.4799 -0.6453
vn 0.0287 -0.1932 -0.9807
vn 0.0117 -0.1614 -0.9868
vn 0.6152 0.2448 -0.7494
vn 0.6677 0.1451 -0.7301
vn 0.8585 0.5077 -0.0729
vn 0.9159 0.3980 -0.0518
vn 0.5985 0.4737 0.6461
vn 0.6276 0.4177 0.6570
vn -0.0288 0.1932 0.9807
vn -0.0124 0.1625 0.9866
vn -0.6682 -0.1442 0.7299
vn -0.6162 -0.2432 0.7491
vn -0.9160 -0.3978 0.0518
vn -0.8586 -0.5075 0.0728
vn -0.6272 -0.4185 -0.6569
vn -0.5983 -0.4741 -0.6460
vn 0.0142 -0.1545 -0.9879
vn 0.0284 -0.1935 -0.9807
vn 0.6675 0.1451 -0.7303
vn 0.6857 0.0976 -0.7213
vn 0.9159 0.3981 -0.0519
vn 0.9559 0.2920 -0.0322
vn 0.6277 0.4178 0.6568
vn 0.6661 0.3155 0.6758
vn -0.0284 0.1935 0.9807
vn -0.0141 0.1544 0.9879
vn -0.6858 -0.0974 0.7213
vn -0.6679 -0.1441 0.7301
vn -0.9558 -0.2921 0.0322
vn -0.6660 -0.3160 -0.6757
vn -0.6274 -0.4185 -0.6567
vn -0.0020 -0.0897 -0.9960
vn 0.0139 -0.1547 -0.9879
vn 0.6951 0.0594 -0.7165
vn 0.9845 0.1745 -0.0177
vn 0.9559 0.2920 -0.0323
vn 0.6973 0.1877 0.6917
vn 0.6662 0.3156 0.6758
vn 0.0019 0.0901 0.9959
vn -0.0139 0.1545 0.9879
vn -0.6949 -0.0606 0.7165
vn -0.6857 -0.0974 0.7213
vn -0.9843 -0.1759 0.0178
vn -0.9558 -0.2921 0.0323
vn -0.6974 -0.1875 -0.6917
vn -0.0015 -0.0899 -0.9959
vn -0.0047 -0.0655 -0.9978
vn 0.7036 -0.0305 -0.7099
vn 0.6949 0.0591 -0.7166
vn 0.9997 0.0226 -0.0058
vn 0.9845 0.1746 -0.0176
vn 0.7099 0.0627 0.7015
vn 0.6973 0.1878 0.6917
vn 0.0047 0.0658 0.9978
vn 0.0014 0.0903 0.9959
vn -0.7036 0.0299 0.7100
vn -0.6947 -0.0603 0.7167
vn -0.9843 -0.1758 0.0177
vn -0.9997 -0.0226 0.0058
vn -0.6974 -0.1874 -0.6918
vn -0.7099 -0.0619 -0.7016
vn -0.0046 -0.0703 -0.9975
vn -0.0043 -0.0657 -0.9978
vn 0.6979 -0.1417 -0.7020
vn 0.7038 -0.0303 -0.7098
vn 0.9915 -0.1300 0.0046
vn 0.9997 0.0227 -0.0058
vn 0.7044 -0.0424 0.7085
vn 0.7100 0.0628 0.7014
vn 0.0046 0.0703 0.9975
vn 0.0043 0.0659 0.9978
vn -0.7037 0.0297 0.7098
vn -0.6978 0.1430 0.7019
vn -0.9912 0.1325 -0.0048
vn -0.9997 -0.0225 0.0058
vn -0.7043 0.0435 -0.7086
vn -0.7100 -0.0620 -0.7015
vn -0.0051 -0.0734 -0.9973
vn 0.6846 -0.2144 -0.6967
vn 0.6977 -0.1418 -0.7022
vn 0.9732 -0.2296 0.0119
vn 0.7042 -0.0425 0.7087
vn 0.6919 -0.1107 0.7135
vn 0.0051 0.0734 0.9973
vn -0.6975 0.1432 0.7021
vn -0.6844 0.2153 0.6966
vn -0.9728 0.2314 -0.0120
vn -0.6917 0.1115 -0.7135
vn -0.7040 0.0437 -0.7088
vn -0.0054 -0.0743 -0.9972
vn 0.6790 -0.2361 -0.6951
vn 0.6844 -0.2145 -0.6968
vn 0.9656 -0.2595 0.0141
vn 0.6917 -0.1108 0.7136
vn 0.6866 -0.1311 0.7151
vn 0.0054 0.0743 0.9972
vn -0.6842 0.2155 0.6967
vn -0.6790 0.2361 0.6951
vn -0.9656 0.2595 -0.0141
vn -0.6866 0.1311 -0.7151
vn -0.6915 0.1116 -0.7137
vn -0.0051 -0.0731 -0.9973
vn 0.6856 -0.2094 -0.6972
vn 0.9747 -0.2231 0.0114
vn 0.6928 -0.1060 0.7133
vn 0.0051 0.0731 0.9973
vn -0.6857 0.2090 0.6972
vn -0.9749 0.2223 -0.0113
vn -0.6929 0.1056 -0.7133
vn -0.0048 -0.0721 -0.9974
vn 0.6912 -0.1848 -0.6986
vn 0.6857 -0.2094 -0.6971
vn 0.9819 -0.1894 0.0089
vn 0.6929 -0.1059 0.7132
vn 0.6981 -0.0829 0.7112
vn 0.0048 0.0721 0.9974
vn -0.6858 0.2089 0.6972
vn -0.6913 0.1844 0.6987
vn -0.9820 0.1886 -0.0088
vn -0.6982 0.0825 -0.7112
vn -0.6930 0.1056 -0.7132
vn 0.0736 0.9752 0.2085
vn -0.0736 -0.9752 -0.2085
vn -0.0037 -0.9743 -0.2253
vn -0.0373 0.9862 -0.1612
vn -0.9701 0.0625 -0.2344
vn 0.8925 0.1613 -0.4211
vn 0.6106 -0.0445 -0.7907
vn -0.3770 -0.9236 0.0693
vn 0.2436 -0.3726 -0.8954
vn -0.2436 0.3725 0.8955
vn -0.5124 -0.2838 -0.8105
vn 0.6913 -0.1848 -0.6986
vn 0.6982 -0.0829 0.7111
vn -0.6914 0.1844 0.6986
vn -0.6982 0.0825 -0.7111
vt 0.658339 0.090205
vt 0.614553 0.024672
vt 0.623481 0.019517
vt 0.606374 0.030948
vt 0.599084 0.038238
vt 0.592808 0.046417
vt 0.587654 0.055346
vt 0.583709 0.064870
vt 0.581040 0.074829
vt 0.579695 0.085050
vt 0.579695 0.095360
vt 0.581040 0.105581
vt 0.583709 0.115539
vt 0.587654 0.125064
vt 0.592808 0.133993
vt 0.599084 0.142172
vt 0.606374 0.149462
vt 0.614553 0.155738
vt 0.623481 0.160893
vt 0.633005 0.164838
vt 0.642963 0.167506
vt 0.653184 0.168852
vt 0.663494 0.168852
vt 0.673715 0.167507
vt 0.683673 0.164838
vt 0.693197 0.160893
vt 0.702125 0.155738
vt 0.710304 0.149462
vt 0.717594 0.142172
vt 0.723870 0.133993
vt 0.729024 0.125065
vt 0.732969 0.115540
vt 0.735638 0.105582
vt 0.736983 0.095360
vt 0.736983 0.085051
vt 0.735638 0.074829
vt 0.732969 0.064871
vt 0.729024 0.055346
vt 0.723870 0.046418
vt 0.717594 0.038239
vt 0.710304 0.030949
vt 0.702125 0.024672
vt 0.693197 0.019518
vt 0.683673 0.015572
vt 0.673715 0.012904
vt 0.663494 0.011558
vt 0.653184 0.011558
vt 0.642963 0.012904
vt 0.633005 0.015572
vt 0.609251 0.604718
vt 0.598657 0.598406
vt 0.609509 0.598419
vt 0.588727 0.604718
vt 0.598941 0.604705
vt 0.577437 0.598459
vt 0.587905 0.598419
vt 0.578783 0.604756
vt 0.567433 0.598525
vt 0.569279 0.604819
vt 0.558063 0.598616
vt 0.560377 0.604905
vt 0.549488 0.598730
vt 0.544978 0.605143
vt 0.552230 0.605014
vt 0.119412 0.605415
vt 0.130178 0.599369
vt 0.127300 0.605714
vt 0.110725 0.605163
vt 0.121875 0.599054
vt 0.101388 0.604962
vt 0.112731 0.598788
vt 0.091560 0.604816
vt 0.102903 0.598577
vt 0.081410 0.604727
vt 0.092557 0.598423
vt 0.071032 0.598298
vt 0.081873 0.598330
vt 0.060839 0.604727
vt 0.071111 0.604697
vt 0.049621 0.598423
vt 0.060219 0.598330
vt 0.050770 0.604816
vt 0.039418 0.598577
vt 0.041077 0.604962
vt 0.029784 0.598788
vt 0.031926 0.605163
vt 0.020886 0.599054
vt 0.015861 0.605714
vt 0.023472 0.605415
vt 0.263069 0.604850
vt 0.273706 0.598669
vt 0.270739 0.604922
vt 0.254565 0.604790
vt 0.265632 0.598594
vt 0.245374 0.604742
vt 0.256681 0.598530
vt 0.235651 0.604707
vt 0.247005 0.598480
vt 0.225564 0.604686
vt 0.236771 0.598443
vt 0.215333 0.598413
vt 0.226153 0.598421
vt 0.204990 0.604686
vt 0.215285 0.604679
vt 0.193829 0.598443
vt 0.204497 0.598421
vt 0.194856 0.604707
vt 0.183512 0.598480
vt 0.185055 0.604742
vt 0.173723 0.598530
vt 0.175755 0.604790
vt 0.164629 0.598594
vt 0.159285 0.604922
vt 0.167116 0.604850
vt 0.505330 0.604632
vt 0.516096 0.598335
vt 0.513233 0.604499
vt 0.496630 0.604744
vt 0.507777 0.598475
vt 0.487283 0.604833
vt 0.498620 0.598593
vt 0.477448 0.604898
vt 0.488780 0.598687
vt 0.467293 0.604938
vt 0.478427 0.598756
vt 0.456896 0.598811
vt 0.467739 0.598797
vt 0.446723 0.604938
vt 0.456993 0.604951
vt 0.435493 0.598756
vt 0.446086 0.598797
vt 0.436660 0.604898
vt 0.425299 0.598687
vt 0.426975 0.604833
vt 0.415677 0.598593
vt 0.417835 0.604744
vt 0.406793 0.598475
vt 0.401799 0.604499
vt 0.409395 0.604632
vt 0.647951 0.605014
vt 0.658890 0.598866
vt 0.656163 0.605143
vt 0.638996 0.604905
vt 0.650246 0.598730
vt 0.629451 0.604819
vt 0.640820 0.598616
vt 0.619479 0.604756
vt 0.630772 0.598525
vt 0.620276 0.598459
vt 0.609770 0.403489
vt 0.598918 0.403475
vt 0.588166 0.403489
vt 0.577698 0.403529
vt 0.567694 0.403595
vt 0.558324 0.403686
vt 0.541854 0.598866
vt 0.549748 0.403800
vt 0.130353 0.404593
vt 0.122050 0.404278
vt 0.112906 0.404012
vt 0.103077 0.403801
vt 0.092732 0.403647
vt 0.082048 0.403554
vt 0.071207 0.403522
vt 0.060394 0.403554
vt 0.049796 0.403647
vt 0.039593 0.403801
vt 0.029959 0.404012
vt 0.012874 0.599369
vt 0.021061 0.404278
vt 0.273682 0.403714
vt 0.265608 0.403639
vt 0.256657 0.403576
vt 0.246981 0.403525
vt 0.236747 0.403488
vt 0.226129 0.403466
vt 0.215309 0.403459
vt 0.204473 0.403466
vt 0.193805 0.403488
vt 0.183488 0.403525
vt 0.173699 0.403576
vt 0.156386 0.598669
vt 0.164605 0.403639
vt 0.516010 0.403407
vt 0.507690 0.403547
vt 0.498533 0.403665
vt 0.488694 0.403760
vt 0.478341 0.403828
vt 0.467652 0.403869
vt 0.456810 0.403883
vt 0.446000 0.403869
vt 0.435407 0.403828
vt 0.425212 0.403760
vt 0.415590 0.403665
vt 0.398798 0.598335
vt 0.406706 0.403547
vt 0.659151 0.403935
vt 0.650507 0.403800
vt 0.641081 0.403686
vt 0.631033 0.403595
vt 0.620536 0.403529
vt 0.609903 0.397229
vt 0.598780 0.397215
vt 0.587759 0.397229
vt 0.577030 0.397270
vt 0.566775 0.397337
vt 0.557171 0.397431
vt 0.542114 0.403935
vt 0.548381 0.397548
vt 0.131795 0.398312
vt 0.113912 0.397717
vt 0.123285 0.397989
vt 0.103838 0.397500
vt 0.093234 0.397342
vt 0.082282 0.397247
vt 0.071170 0.397215
vt 0.060087 0.397247
vt 0.049224 0.397342
vt 0.038766 0.397500
vt 0.028892 0.397717
vt 0.013049 0.404593
vt 0.019770 0.397989
vt 0.275165 0.397477
vt 0.257714 0.397335
vt 0.266889 0.397400
vt 0.247797 0.397283
vt 0.237307 0.397245
vt 0.226423 0.397222
vt 0.215333 0.397215
vt 0.204225 0.397222
vt 0.193291 0.397245
vt 0.182716 0.397283
vt 0.172682 0.397335
vt 0.156361 0.403714
vt 0.163361 0.397400
vt 0.517440 0.397215
vt 0.499526 0.397480
vt 0.508913 0.397358
vt 0.489441 0.397576
vt 0.478829 0.397646
vt 0.467873 0.397689
vt 0.456760 0.397703
vt 0.445680 0.397689
vt 0.434822 0.397646
vt 0.424372 0.397576
vt 0.414510 0.397480
vt 0.398711 0.403407
vt 0.405404 0.397358
vt 0.660518 0.397687
vt 0.641997 0.397431
vt 0.651658 0.397548
vt 0.631698 0.397337
vt 0.620939 0.397270
vt 0.113004 0.179818
vt 0.101637 0.176096
vt 0.111993 0.174733
vt 0.090852 0.181270
vt 0.101976 0.181270
vt 0.080836 0.174733
vt 0.091192 0.176096
vt 0.069080 0.176939
vt 0.079824 0.179818
vt 0.058803 0.172682
vt 0.070746 0.172029
vt 0.049170 0.167121
vt 0.061096 0.168032
vt 0.043764 0.156451
vt 0.052050 0.162809
vt 0.032479 0.152484
vt 0.040345 0.160349
vt 0.025708 0.143659
vt 0.036378 0.149065
vt 0.020146 0.134026
vt 0.030019 0.140778
vt 0.020799 0.122082
vt 0.024796 0.131732
vt 0.013010 0.113004
vt 0.015889 0.123749
vt 0.016732 0.101637
vt 0.018096 0.111993
vt 0.011558 0.090852
vt 0.011558 0.101976
vt 0.018096 0.080836
vt 0.016732 0.091192
vt 0.015889 0.069080
vt 0.013010 0.079824
vt 0.020146 0.058803
vt 0.020799 0.070746
vt 0.025708 0.049170
vt 0.024796 0.061096
vt 0.036378 0.043764
vt 0.030019 0.052050
vt 0.040345 0.032479
vt 0.032479 0.040345
vt 0.049170 0.025708
vt 0.043764 0.036378
vt 0.058803 0.020146
vt 0.052050 0.030019
vt 0.070746 0.020799
vt 0.061096 0.024796
vt 0.079824 0.013010
vt 0.069080 0.015889
vt 0.091192 0.016732
vt 0.080836 0.018096
vt 0.101976 0.011558
vt 0.090852 0.011558
vt 0.111993 0.018096
vt 0.101637 0.016732
vt 0.123749 0.015889
vt 0.113004 0.013010
vt 0.134026 0.020146
vt 0.122082 0.020799
vt 0.143659 0.025708
vt 0.131732 0.024796
vt 0.149065 0.036378
vt 0.140778 0.030019
vt 0.160349 0.040345
vt 0.152484 0.032479
vt 0.167121 0.049170
vt 0.156451 0.043764
vt 0.172682 0.058803
vt 0.162809 0.052050
vt 0.172029 0.070746
vt 0.168032 0.061096
vt 0.179818 0.079824
vt 0.176939 0.069080
vt 0.176096 0.091192
vt 0.174733 0.080836
vt 0.181270 0.101976
vt 0.181270 0.090852
vt 0.174733 0.111993
vt 0.176096 0.101637
vt 0.176939 0.123749
vt 0.179818 0.113004
vt 0.172682 0.134026
vt 0.172029 0.122082
vt 0.167121 0.143659
vt 0.168032 0.131732
vt 0.156451 0.149065
vt 0.162809 0.140778
vt 0.152484 0.160349
vt 0.160349 0.152484
vt 0.143659 0.167121
vt 0.149065 0.156451
vt 0.134026 0.172682
vt 0.140778 0.162809
vt 0.122082 0.172029
vt 0.131732 0.168032
vt 0.123749 0.176939
vt 0.051708 0.685015
vt 0.043420 0.674601
vt 0.051716 0.674600
vt 0.051716 0.695445
vt 0.043412 0.685016
vt 0.051737 0.705713
vt 0.043420 0.695446
vt 0.051772 0.715643
vt 0.043441 0.705714
vt 0.051821 0.725065
vt 0.043476 0.715644
vt 0.051882 0.733818
vt 0.043525 0.725066
vt 0.051954 0.741752
vt 0.043586 0.733819
vt 0.630239 0.636266
vt 0.621809 0.628263
vt 0.630104 0.628259
vt 0.630353 0.645080
vt 0.621944 0.636270
vt 0.630443 0.654551
vt 0.622058 0.645084
vt 0.630509 0.664515
vt 0.622149 0.654554
vt 0.630549 0.674803
vt 0.622214 0.664519
vt 0.630562 0.685239
vt 0.622254 0.674807
vt 0.630549 0.695644
vt 0.622268 0.685243
vt 0.630509 0.705839
vt 0.622254 0.695647
vt 0.630443 0.715652
vt 0.622214 0.705843
vt 0.630353 0.724913
vt 0.622149 0.715655
vt 0.630239 0.733464
vt 0.622058 0.724916
vt 0.630104 0.741159
vt 0.621944 0.733467
vt 0.011689 0.733158
vt 0.019853 0.741489
vt 0.011558 0.741478
vt 0.011799 0.724086
vt 0.019984 0.733170
vt 0.011886 0.714415
vt 0.020093 0.724097
vt 0.011950 0.704312
vt 0.020181 0.714426
vt 0.011988 0.693949
vt 0.020245 0.704323
vt 0.012001 0.683504
vt 0.020283 0.693960
vt 0.011988 0.673155
vt 0.020296 0.683515
vt 0.011950 0.663080
vt 0.020283 0.673166
vt 0.011886 0.653451
vt 0.020245 0.663091
vt 0.011799 0.644432
vt 0.020181 0.653462
vt 0.011689 0.636178
vt 0.020093 0.644443
vt 0.011558 0.628831
vt 0.019984 0.636189
vt 0.540860 0.733173
vt 0.548845 0.741172
vt 0.540556 0.741164
vt 0.541115 0.724372
vt 0.549148 0.733180
vt 0.541319 0.714912
vt 0.549404 0.724379
vt 0.541467 0.704954
vt 0.549607 0.714919
vt 0.541556 0.694670
vt 0.549755 0.704962
vt 0.541587 0.684236
vt 0.549845 0.694678
vt 0.541556 0.673829
vt 0.549875 0.684243
vt 0.541467 0.663628
vt 0.549845 0.673836
vt 0.541319 0.653808
vt 0.549755 0.663635
vt 0.541115 0.644535
vt 0.549607 0.653815
vt 0.540860 0.635970
vt 0.549404 0.644543
vt 0.540556 0.628259
vt 0.549148 0.635978
vt 0.051882 0.636602
vt 0.043659 0.628832
vt 0.051954 0.628831
vt 0.051821 0.645217
vt 0.043586 0.636603
vt 0.051772 0.654530
vt 0.043525 0.645218
vt 0.051737 0.664381
vt 0.043476 0.654531
vt 0.043441 0.664382
vt 0.492475 0.169558
vt 0.482119 0.170922
vt 0.476897 0.091240
vt 0.471674 0.170922
vt 0.461318 0.169558
vt 0.451229 0.166855
vt 0.441579 0.162858
vt 0.432533 0.157635
vt 0.424246 0.151277
vt 0.416860 0.143891
vt 0.410502 0.135604
vt 0.405279 0.126558
vt 0.401282 0.116908
vt 0.398578 0.106819
vt 0.397215 0.096463
vt 0.397215 0.086017
vt 0.398578 0.075662
vt 0.401282 0.065572
vt 0.405279 0.055922
vt 0.410501 0.046876
vt 0.416860 0.038589
vt 0.424246 0.031204
vt 0.432533 0.024845
vt 0.441579 0.019622
vt 0.451229 0.015625
vt 0.461318 0.012922
vt 0.471674 0.011558
vt 0.482119 0.011558
vt 0.492475 0.012922
vt 0.502564 0.015625
vt 0.512215 0.019622
vt 0.521260 0.024845
vt 0.529547 0.031203
vt 0.536933 0.038589
vt 0.543292 0.046876
vt 0.548514 0.055922
vt 0.552512 0.065572
vt 0.555215 0.075661
vt 0.556579 0.086017
vt 0.556579 0.096463
vt 0.555215 0.106818
vt 0.552512 0.116908
vt 0.548514 0.126558
vt 0.543292 0.135604
vt 0.536933 0.143891
vt 0.529547 0.151277
vt 0.521261 0.157635
vt 0.512215 0.162858
vt 0.502565 0.166855
vt 0.753404 0.458736
vt 0.750576 0.447492
vt 0.753418 0.447396
vt 0.113004 0.372647
vt 0.101759 0.370787
vt 0.112357 0.369392
vt 0.373265 0.745831
vt 0.370416 0.735409
vt 0.373272 0.735173
vt 0.370408 0.745851
vt 0.367524 0.735174
vt 0.243840 0.221295
vt 0.251629 0.212974
vt 0.253097 0.215951
vt 0.756309 0.458623
vt 0.756323 0.447500
vt 0.750576 0.469636
vt 0.750562 0.458615
vt 0.090852 0.374099
vt 0.101976 0.374099
vt 0.370416 0.756308
vt 0.367517 0.745831
vt 0.233172 0.225308
vt 0.241996 0.218536
vt 0.756323 0.469644
vt 0.753460 0.480911
vt 0.753418 0.469972
vt 0.079824 0.372647
vt 0.091069 0.370787
vt 0.373294 0.767013
vt 0.373272 0.756505
vt 0.370437 0.766602
vt 0.367524 0.756505
vt 0.235360 0.227803
vt 0.225307 0.233173
vt 0.753529 0.491365
vt 0.750617 0.480365
vt 0.069080 0.369768
vt 0.080471 0.369392
vt 0.370472 0.776558
vt 0.367546 0.767013
vt 0.227801 0.235361
vt 0.218535 0.241998
vt 0.756364 0.480373
vt 0.753624 0.501157
vt 0.750685 0.490620
vt 0.060271 0.362535
vt 0.070146 0.366625
vt 0.373330 0.777175
vt 0.370521 0.786005
vt 0.367583 0.777175
vt 0.215950 0.253099
vt 0.221294 0.243842
vt 0.756432 0.490628
vt 0.753744 0.510118
vt 0.750778 0.500224
vt 0.058803 0.365511
vt 0.051013 0.357190
vt 0.373380 0.786817
vt 0.370582 0.794780
vt 0.367632 0.786818
vt 0.211859 0.262975
vt 0.212974 0.251631
vt 0.756642 0.509022
vt 0.756525 0.500232
vt 0.753885 0.518096
vt 0.750895 0.509014
vt 0.040345 0.353178
vt 0.049170 0.359949
vt 0.373517 0.803894
vt 0.373442 0.795775
vt 0.370655 0.802735
vt 0.367695 0.795775
vt 0.209093 0.273300
vt 0.208717 0.261908
vt 0.756781 0.516846
vt 0.576579 0.636935
vt 0.574088 0.629405
vt 0.576908 0.628259
vt 0.034974 0.343124
vt 0.042533 0.350682
vt 0.794972 0.011558
vt 0.792211 0.020734
vt 0.792076 0.012706
vt 0.789226 0.011561
vt 0.207698 0.283898
vt 0.205838 0.272652
vt 0.579831 0.629411
vt 0.573493 0.647289
vt 0.573765 0.637916
vt 0.025708 0.336487
vt 0.032479 0.345312
vt 0.795111 0.019753
vt 0.792325 0.029571
vt 0.789364 0.019755
vt 0.207698 0.294587
vt 0.204386 0.283681
vt 0.579235 0.647294
vt 0.579508 0.637921
vt 0.576080 0.656762
vt 0.576301 0.646491
vt 0.023122 0.325386
vt 0.028467 0.334643
vt 0.795319 0.038465
vt 0.795227 0.028773
vt 0.789573 0.038467
vt 0.789480 0.028775
vt 0.209093 0.305185
vt 0.204387 0.294804
vt 0.579019 0.657368
vt 0.575919 0.667572
vt 0.573276 0.657363
vt 0.020146 0.326854
vt 0.019031 0.315510
vt 0.795387 0.048662
vt 0.792416 0.039066
vt 0.792482 0.049056
vt 0.211860 0.315510
vt 0.205838 0.305833
vt 0.575822 0.678738
vt 0.573119 0.667967
vt 0.013010 0.305833
vt 0.015889 0.316577
vt 0.795428 0.059191
vt 0.789681 0.059193
vt 0.789640 0.048665
vt 0.212974 0.326854
vt 0.208717 0.316577
vt 0.578766 0.678923
vt 0.578861 0.667972
vt 0.575789 0.690067
vt 0.573023 0.678918
vt 0.011558 0.294804
vt 0.016265 0.305185
vt 0.795441 0.069870
vt 0.792522 0.059371
vt 0.792535 0.069834
vt 0.215950 0.325386
vt 0.218536 0.336487
vt 0.578734 0.690036
vt 0.575822 0.701366
vt 0.572991 0.690031
vt 0.014870 0.283898
vt 0.014870 0.294587
vt 0.792522 0.080266
vt 0.789695 0.069873
vt 0.227802 0.343124
vt 0.221295 0.334643
vt 0.578766 0.701118
vt 0.575919 0.712441
vt 0.573023 0.701113
vt 0.013010 0.272652
vt 0.011558 0.283681
vt 0.795387 0.090952
vt 0.795428 0.080518
vt 0.789640 0.090955
vt 0.789681 0.080521
vt 0.233172 0.353177
vt 0.225307 0.345312
vt 0.578861 0.711982
vt 0.576080 0.723103
vt 0.573119 0.711977
vt 0.019031 0.262975
vt 0.016265 0.273300
vt 0.792416 0.100326
vt 0.792482 0.090488
vt 0.243841 0.357190
vt 0.235360 0.350682
vt 0.576301 0.733170
vt 0.573276 0.722435
vt 0.015889 0.261908
vt 0.023122 0.253099
vt 0.795227 0.110471
vt 0.795319 0.100994
vt 0.789480 0.110474
vt 0.789573 0.100996
vt 0.253098 0.362534
vt 0.241997 0.359949
vt 0.579019 0.722440
vt 0.576579 0.742469
vt 0.573493 0.732309
vt 0.025708 0.241998
vt 0.020146 0.251631
vt 0.792211 0.118184
vt 0.792325 0.109611
vt 0.261906 0.369768
vt 0.251630 0.365511
vt 0.579235 0.732314
vt 0.576908 0.750842
vt 0.573765 0.741430
vt 0.032479 0.233173
vt 0.028467 0.243842
vt 0.795111 0.119222
vt 0.792076 0.125899
vt 0.789364 0.119225
vt 0.262973 0.366625
vt 0.272650 0.372647
vt 0.579831 0.749648
vt 0.579508 0.741435
vt 0.772630 0.326986
vt 0.775568 0.317523
vt 0.775491 0.325799
vt 0.040345 0.225308
vt 0.034974 0.235361
vt 0.720390 0.797982
vt 0.723372 0.788557
vt 0.723241 0.796898
vt 0.726137 0.797990
vt 0.283895 0.370787
vt 0.273298 0.369392
vt 0.769821 0.317524
vt 0.769744 0.325800
vt 0.772775 0.309195
vt 0.772708 0.318549
vt 0.051013 0.221295
vt 0.042533 0.227803
vt 0.720636 0.780183
vt 0.720523 0.789468
vt 0.726382 0.780191
vt 0.726270 0.789476
vt 0.294584 0.370787
vt 0.283678 0.374098
vt 0.772828 0.299084
vt 0.775633 0.308348
vt 0.049170 0.218536
vt 0.060271 0.215951
vt 0.723570 0.769765
vt 0.723482 0.779461
vt 0.305182 0.369392
vt 0.294801 0.374098
vt 0.769938 0.298431
vt 0.769886 0.308349
vt 0.772866 0.288389
vt 0.775685 0.298431
vt 0.069080 0.208717
vt 0.058803 0.212974
vt 0.720790 0.759947
vt 0.720725 0.770287
vt 0.726537 0.759955
vt 0.726472 0.770294
vt 0.316574 0.369768
vt 0.305829 0.372646
vt 0.769975 0.287941
vt 0.772889 0.277294
vt 0.775723 0.287940
vt 0.079824 0.205838
vt 0.070146 0.211860
vt 0.720830 0.749342
vt 0.723633 0.759636
vt 0.726577 0.749350
vt 0.325382 0.362534
vt 0.315507 0.366625
vt 0.769998 0.277058
vt 0.772897 0.265987
vt 0.775746 0.277057
vt 0.090852 0.204387
vt 0.080471 0.209093
vt 0.720843 0.738653
vt 0.723672 0.749246
vt 0.723685 0.738774
vt 0.336483 0.359949
vt 0.326850 0.365511
vt 0.770006 0.265967
vt 0.772889 0.254663
vt 0.775753 0.265967
vt 0.101759 0.207698
vt 0.091069 0.207698
vt 0.723672 0.728398
vt 0.726590 0.738661
vt 0.343119 0.350682
vt 0.334639 0.357190
vt 0.769998 0.254860
vt 0.772866 0.243515
vt 0.775746 0.254859
vt 0.113004 0.205838
vt 0.101976 0.204387
vt 0.720790 0.717752
vt 0.720830 0.728062
vt 0.726537 0.717759
vt 0.726577 0.728070
vt 0.353173 0.345312
vt 0.345307 0.353177
vt 0.769975 0.243925
vt 0.772828 0.232733
vt 0.775723 0.243925
vt 0.123749 0.208717
vt 0.112357 0.209093
vt 0.720725 0.707897
vt 0.723633 0.718297
vt 0.723570 0.708643
vt 0.357185 0.334643
vt 0.350678 0.343124
vt 0.769938 0.233351
vt 0.772775 0.222504
vt 0.775685 0.233350
vt 0.132558 0.215951
vt 0.122682 0.211860
vt 0.720636 0.698668
vt 0.726382 0.698675
vt 0.726472 0.707905
vt 0.362529 0.325386
vt 0.359944 0.336487
vt 0.772708 0.213001
vt 0.775633 0.223316
vt 0.134026 0.212974
vt 0.141815 0.221295
vt 0.720523 0.690221
vt 0.723482 0.699600
vt 0.723372 0.691325
vt 0.366620 0.315510
vt 0.365505 0.326854
vt 0.769821 0.213995
vt 0.769886 0.223317
vt 0.772630 0.204386
vt 0.775568 0.213995
vt 0.143659 0.218536
vt 0.150296 0.227803
vt 0.720390 0.682702
vt 0.726137 0.682709
vt 0.726270 0.690229
vt 0.369386 0.305185
vt 0.369762 0.316577
vt 0.769744 0.205546
vt 0.078409 0.751408
vt 0.081162 0.741733
vt 0.081306 0.750260
vt 0.160349 0.233173
vt 0.152484 0.225307
vt 0.780208 0.503159
vt 0.782717 0.510191
vt 0.779897 0.511338
vt 0.783021 0.502179
vt 0.785639 0.511343
vt 0.374093 0.294804
vt 0.372641 0.305833
vt 0.075415 0.741735
vt 0.075559 0.750263
vt 0.078139 0.733145
vt 0.078263 0.742714
vt 0.167121 0.241998
vt 0.157854 0.235361
vt 0.780469 0.494152
vt 0.786212 0.494158
vt 0.785950 0.503164
vt 0.370781 0.283898
vt 0.370781 0.294587
vt 0.075294 0.732349
vt 0.078041 0.722862
vt 0.081041 0.732346
vt 0.169706 0.253099
vt 0.164361 0.243842
vt 0.783481 0.483870
vt 0.783277 0.493355
vt 0.369386 0.273300
vt 0.374092 0.283681
vt 0.075198 0.722264
vt 0.077970 0.712044
vt 0.080944 0.722261
vt 0.176939 0.261908
vt 0.172682 0.251631
vt 0.780829 0.474281
vt 0.780677 0.484471
vt 0.786571 0.474286
vt 0.786420 0.484476
vt 0.369762 0.261908
vt 0.372641 0.272652
vt 0.080832 0.700693
vt 0.080874 0.711650
vt 0.176563 0.273300
vt 0.173797 0.262975
vt 0.783719 0.463576
vt 0.783629 0.473887
vt 0.362529 0.253099
vt 0.366619 0.262975
vt 0.075085 0.700696
vt 0.075128 0.711652
vt 0.077912 0.689544
vt 0.077926 0.700874
vt 0.179818 0.272652
vt 0.177959 0.283898
vt 0.780951 0.453078
vt 0.780921 0.463757
vt 0.783750 0.453115
vt 0.786663 0.463762
vt 0.357184 0.243841
vt 0.365505 0.251631
vt 0.075071 0.689583
vt 0.077926 0.678247
vt 0.080818 0.689580
vt 0.181270 0.294804
vt 0.181270 0.283681
vt 0.780921 0.442428
vt 0.783719 0.442681
vt 0.786694 0.453084
vt 0.353172 0.233173
vt 0.359943 0.241998
vt 0.075085 0.678502
vt 0.077970 0.667177
vt 0.080832 0.678500
vt 0.179818 0.305833
vt 0.177959 0.294587
vt 0.783629 0.432453
vt 0.786663 0.442433
vt 0.343119 0.227802
vt 0.350677 0.235361
vt 0.078041 0.656524
vt 0.080874 0.667642
vt 0.173797 0.315510
vt 0.176563 0.305185
vt 0.780677 0.421939
vt 0.780829 0.431989
vt 0.783481 0.422607
vt 0.786571 0.431994
vt 0.336482 0.218536
vt 0.345307 0.225307
vt 0.075198 0.657195
vt 0.075128 0.667644
vt 0.078139 0.646469
vt 0.080944 0.657192
vt 0.172682 0.326854
vt 0.176939 0.316577
vt 0.780469 0.412450
vt 0.783277 0.413311
vt 0.786420 0.421944
vt 0.334639 0.221295
vt 0.326849 0.212974
vt 0.075294 0.647333
vt 0.078263 0.637185
vt 0.081041 0.647330
vt 0.164361 0.334643
vt 0.169706 0.325386
vt 0.780208 0.403685
vt 0.783021 0.404724
vt 0.786212 0.412455
vt 0.315506 0.211860
vt 0.325382 0.215950
vt 0.075415 0.638226
vt 0.078409 0.628831
vt 0.081162 0.638224
vt 0.160349 0.345312
vt 0.167121 0.336487
vt 0.779897 0.395793
vt 0.785639 0.395798
vt 0.785950 0.403690
vt 0.305829 0.205838
vt 0.316573 0.208717
vt 0.753885 0.395793
vt 0.750895 0.405736
vt 0.751034 0.396877
vt 0.152484 0.353178
vt 0.157854 0.343124
vt 0.373442 0.696286
vt 0.370655 0.689521
vt 0.373517 0.688333
vt 0.367695 0.696287
vt 0.367769 0.688334
vt 0.294584 0.207698
vt 0.305181 0.209093
vt 0.756642 0.405744
vt 0.756781 0.396884
vt 0.753624 0.414676
vt 0.753744 0.404825
vt 0.141815 0.357190
vt 0.150296 0.350682
vt 0.373380 0.705103
vt 0.370582 0.697312
vt 0.367632 0.705104
vt 0.283895 0.207698
vt 0.294801 0.204386
vt 0.756525 0.415406
vt 0.753529 0.425176
vt 0.750778 0.415398
vt 0.134025 0.365511
vt 0.143659 0.359949
vt 0.370472 0.715287
vt 0.370521 0.705950
vt 0.273297 0.209093
vt 0.283678 0.204386
vt 0.756432 0.425705
vt 0.753460 0.436145
vt 0.750685 0.425697
vt 0.122682 0.366625
vt 0.132558 0.362535
vt 0.373330 0.714634
vt 0.370437 0.725163
vt 0.367583 0.714634
vt 0.262972 0.211860
vt 0.272650 0.205838
vt 0.750617 0.436456
vt 0.123749 0.369768
vt 0.373294 0.724714
vt 0.367546 0.724715
vt 0.261905 0.208717
vt 0.756364 0.436464
vt 0.752548 0.604155
vt 0.749720 0.592911
vt 0.752562 0.592815
vt 0.305833 0.179818
vt 0.294587 0.177959
vt 0.305185 0.176563
vt 0.755454 0.744128
vt 0.752605 0.733707
vt 0.755461 0.733471
vt 0.749706 0.744129
vt 0.749714 0.733472
vt 0.436662 0.221295
vt 0.444451 0.212974
vt 0.445919 0.215951
vt 0.755453 0.604042
vt 0.755467 0.592919
vt 0.752562 0.615391
vt 0.749706 0.604034
vt 0.283681 0.181270
vt 0.294804 0.181270
vt 0.752605 0.754606
vt 0.752598 0.744148
vt 0.425994 0.225308
vt 0.434819 0.218536
vt 0.755467 0.615063
vt 0.752604 0.626330
vt 0.749720 0.615055
vt 0.272652 0.179818
vt 0.283898 0.177959
vt 0.755461 0.754802
vt 0.752626 0.764900
vt 0.749714 0.754803
vt 0.428182 0.227803
vt 0.418129 0.233173
vt 0.752673 0.636784
vt 0.749761 0.625784
vt 0.261908 0.176939
vt 0.273300 0.176563
vt 0.755483 0.765310
vt 0.752662 0.774856
vt 0.749736 0.765311
vt 0.420624 0.235361
vt 0.411358 0.241998
vt 0.755508 0.625792
vt 0.752768 0.646576
vt 0.749829 0.636039
vt 0.253099 0.169706
vt 0.262975 0.173797
vt 0.755519 0.775472
vt 0.752710 0.784302
vt 0.749772 0.775473
vt 0.408772 0.253099
vt 0.414117 0.243842
vt 0.755576 0.636047
vt 0.752888 0.655537
vt 0.749922 0.645643
vt 0.251631 0.172682
vt 0.243842 0.164361
vt 0.755569 0.785115
vt 0.752772 0.793078
vt 0.749821 0.785115
vt 0.404682 0.262975
vt 0.405796 0.251631
vt 0.755786 0.654441
vt 0.755669 0.645651
vt 0.753029 0.663515
vt 0.750039 0.654433
vt 0.233173 0.160349
vt 0.241998 0.167121
vt 0.755706 0.802192
vt 0.755632 0.794072
vt 0.749958 0.802193
vt 0.749884 0.794073
vt 0.401915 0.273300
vt 0.401539 0.261908
vt 0.755925 0.662265
vt 0.657595 0.628259
vt 0.654453 0.637916
vt 0.654776 0.629405
vt 0.227803 0.150296
vt 0.235361 0.157854
vt 0.784926 0.688073
vt 0.781892 0.681026
vt 0.784788 0.679878
vt 0.782027 0.689054
vt 0.779041 0.679881
vt 0.400520 0.283898
vt 0.398661 0.272652
vt 0.660195 0.637921
vt 0.660518 0.629411
vt 0.656988 0.646491
vt 0.657266 0.636935
vt 0.218536 0.143659
vt 0.225307 0.152484
vt 0.782141 0.697891
vt 0.779179 0.688075
vt 0.400520 0.294587
vt 0.397209 0.283681
vt 0.659923 0.647294
vt 0.656767 0.656762
vt 0.654181 0.647289
vt 0.215950 0.132558
vt 0.221295 0.141815
vt 0.785135 0.706785
vt 0.785042 0.697093
vt 0.779388 0.706787
vt 0.779296 0.697096
vt 0.401915 0.305185
vt 0.397209 0.294804
vt 0.659706 0.657368
vt 0.656607 0.667573
vt 0.653964 0.657363
vt 0.212974 0.134026
vt 0.211860 0.122682
vt 0.785202 0.716982
vt 0.782232 0.707386
vt 0.779456 0.716985
vt 0.404682 0.315510
vt 0.398661 0.305833
vt 0.659549 0.667972
vt 0.653711 0.678918
vt 0.653806 0.667967
vt 0.205838 0.113004
vt 0.208717 0.123749
vt 0.785243 0.727511
vt 0.782298 0.717376
vt 0.779496 0.727513
vt 0.405796 0.326854
vt 0.401540 0.316577
vt 0.656509 0.678738
vt 0.656477 0.690067
vt 0.204387 0.101976
vt 0.209093 0.112357
vt 0.785257 0.738190
vt 0.782338 0.727691
vt 0.779510 0.738193
vt 0.408773 0.325386
vt 0.411358 0.336487
vt 0.659421 0.690036
vt 0.659453 0.678924
vt 0.656509 0.701366
vt 0.653679 0.690031
vt 0.207698 0.091069
vt 0.207698 0.101759
vt 0.785243 0.748838
vt 0.782351 0.738154
vt 0.779496 0.748841
vt 0.420624 0.343124
vt 0.414117 0.334643
vt 0.659453 0.701118
vt 0.656607 0.712441
vt 0.653711 0.701113
vt 0.205838 0.079824
vt 0.204387 0.090852
vt 0.785202 0.759272
vt 0.782338 0.748586
vt 0.779456 0.759275
vt 0.425995 0.353177
vt 0.418129 0.345312
vt 0.659549 0.711982
vt 0.653964 0.722435
vt 0.653806 0.711977
vt 0.211860 0.070146
vt 0.209093 0.080471
vt 0.782232 0.768646
vt 0.782298 0.758808
vt 0.436663 0.357190
vt 0.428183 0.350682
vt 0.659706 0.722440
vt 0.656988 0.733170
vt 0.656767 0.723103
vt 0.208717 0.069080
vt 0.215951 0.060271
vt 0.785042 0.778791
vt 0.785135 0.769314
vt 0.782141 0.777931
vt 0.779388 0.769317
vt 0.445920 0.362534
vt 0.434819 0.359949
vt 0.657266 0.742470
vt 0.654181 0.732309
vt 0.218536 0.049170
vt 0.212974 0.058803
vt 0.784926 0.787543
vt 0.779179 0.787545
vt 0.779296 0.778794
vt 0.454729 0.369768
vt 0.444452 0.365511
vt 0.659923 0.732314
vt 0.657595 0.750842
vt 0.654453 0.741430
vt 0.225307 0.040345
vt 0.221295 0.051013
vt 0.781892 0.794219
vt 0.782027 0.786504
vt 0.455795 0.366625
vt 0.465473 0.372647
vt 0.660518 0.749648
vt 0.660195 0.741435
vt 0.763065 0.125721
vt 0.765847 0.132971
vt 0.762986 0.134158
vt 0.233173 0.032479
vt 0.227803 0.042533
vt 0.683635 0.797982
vt 0.686617 0.788557
vt 0.686486 0.796898
vt 0.689382 0.797990
vt 0.476718 0.370787
vt 0.466120 0.369392
vt 0.760177 0.124696
vt 0.760100 0.132971
vt 0.763131 0.116367
vt 0.765924 0.124695
vt 0.243842 0.028467
vt 0.235361 0.034974
vt 0.683881 0.780183
vt 0.683768 0.789468
vt 0.689628 0.780191
vt 0.689515 0.789476
vt 0.487407 0.370787
vt 0.476501 0.374098
vt 0.760242 0.115521
vt 0.763184 0.106256
vt 0.765989 0.115520
vt 0.241998 0.025708
vt 0.253099 0.023122
vt 0.683970 0.770287
vt 0.686727 0.779461
vt 0.689717 0.770294
vt 0.498004 0.369392
vt 0.487624 0.374098
vt 0.760294 0.105603
vt 0.763222 0.095561
vt 0.766041 0.105602
vt 0.261908 0.015889
vt 0.251631 0.020146
vt 0.686878 0.759636
vt 0.686815 0.769765
vt 0.509396 0.369768
vt 0.498652 0.372647
vt 0.760331 0.095113
vt 0.763245 0.084465
vt 0.766079 0.095112
vt 0.272652 0.013010
vt 0.262975 0.019032
vt 0.684075 0.749342
vt 0.684035 0.759947
vt 0.689822 0.749350
vt 0.689782 0.759955
vt 0.518205 0.362534
vt 0.508329 0.366625
vt 0.763253 0.073158
vt 0.766102 0.084229
vt 0.283681 0.011558
vt 0.273300 0.016265
vt 0.686930 0.738774
vt 0.686917 0.749246
vt 0.529305 0.359949
vt 0.519672 0.365511
vt 0.760362 0.073139
vt 0.760354 0.084230
vt 0.763245 0.061834
vt 0.766109 0.073138
vt 0.294587 0.014870
vt 0.283898 0.014870
vt 0.684088 0.738653
vt 0.686917 0.728398
vt 0.689822 0.728070
vt 0.689835 0.738661
vt 0.535942 0.350682
vt 0.527462 0.357190
vt 0.760354 0.062032
vt 0.766079 0.051096
vt 0.766102 0.062031
vt 0.305833 0.013010
vt 0.294804 0.011558
vt 0.684035 0.717752
vt 0.684075 0.728062
vt 0.689782 0.717759
vt 0.545995 0.345312
vt 0.538130 0.353177
vt 0.760331 0.051097
vt 0.763184 0.039905
vt 0.763222 0.050686
vt 0.316577 0.015889
vt 0.305185 0.016265
vt 0.683970 0.707897
vt 0.686878 0.718297
vt 0.686815 0.708643
vt 0.550007 0.334643
vt 0.543500 0.343124
vt 0.763131 0.029675
vt 0.766041 0.040522
vt 0.325386 0.023122
vt 0.315510 0.019031
vt 0.683881 0.698668
vt 0.689627 0.698675
vt 0.689717 0.707905
vt 0.555351 0.325386
vt 0.552766 0.336487
vt 0.760294 0.040522
vt 0.763065 0.020172
vt 0.765989 0.030488
vt 0.326854 0.020146
vt 0.334643 0.028467
vt 0.683768 0.690221
vt 0.686727 0.699600
vt 0.689515 0.690229
vt 0.559442 0.315510
vt 0.558328 0.326854
vt 0.760177 0.021167
vt 0.760242 0.030488
vt 0.762986 0.011558
vt 0.765924 0.021166
vt 0.336487 0.025708
vt 0.343124 0.034974
vt 0.683635 0.682702
vt 0.686617 0.691325
vt 0.686486 0.683959
vt 0.562208 0.305185
vt 0.562584 0.316577
vt 0.107760 0.751408
vt 0.110513 0.741733
vt 0.110657 0.750260
vt 0.353177 0.040345
vt 0.345312 0.032479
vt 0.779352 0.648578
vt 0.781861 0.655610
vt 0.779041 0.656757
vt 0.782165 0.647598
vt 0.784783 0.656762
vt 0.566915 0.294804
vt 0.565463 0.305833
vt 0.104766 0.741735
vt 0.104910 0.750263
vt 0.107490 0.733145
vt 0.107614 0.742714
vt 0.359949 0.049170
vt 0.350682 0.042533
vt 0.779613 0.639571
vt 0.785356 0.639577
vt 0.785094 0.648583
vt 0.563604 0.283898
vt 0.563604 0.294587
vt 0.104645 0.732349
vt 0.107392 0.722862
vt 0.110392 0.732346
vt 0.362534 0.060271
vt 0.357190 0.051013
vt 0.782625 0.629289
vt 0.782421 0.638774
vt 0.562208 0.273300
vt 0.566915 0.283681
vt 0.107321 0.712044
vt 0.110296 0.722261
vt 0.369768 0.069080
vt 0.365511 0.058803
vt 0.779973 0.619700
vt 0.779821 0.629890
vt 0.782773 0.619306
vt 0.785564 0.629895
vt 0.562584 0.261908
vt 0.565463 0.272652
vt 0.104479 0.711652
vt 0.104549 0.722264
vt 0.107277 0.700874
vt 0.110226 0.711650
vt 0.369392 0.080471
vt 0.366625 0.070146
vt 0.782863 0.608995
vt 0.785715 0.619705
vt 0.555351 0.253099
vt 0.559442 0.262975
vt 0.104436 0.700696
vt 0.110169 0.689580
vt 0.110183 0.700693
vt 0.372647 0.079824
vt 0.370787 0.091069
vt 0.780096 0.598498
vt 0.780065 0.609176
vt 0.782894 0.598534
vt 0.785807 0.609181
vt 0.550007 0.243841
vt 0.558327 0.251631
vt 0.104422 0.689583
vt 0.107263 0.689544
vt 0.110183 0.678500
vt 0.374098 0.101976
vt 0.374098 0.090852
vt 0.782863 0.588100
vt 0.785838 0.598503
vt 0.545994 0.233173
vt 0.552766 0.241998
vt 0.104436 0.678502
vt 0.107321 0.667177
vt 0.107277 0.678247
vt 0.372647 0.113004
vt 0.370787 0.101759
vt 0.780065 0.587847
vt 0.782773 0.577872
vt 0.785807 0.587853
vt 0.535941 0.227802
vt 0.543499 0.235361
vt 0.104479 0.667644
vt 0.107392 0.656524
vt 0.110226 0.667642
vt 0.366625 0.122682
vt 0.369392 0.112357
vt 0.779973 0.577408
vt 0.782625 0.568026
vt 0.785715 0.577413
vt 0.529305 0.218536
vt 0.538129 0.225307
vt 0.104549 0.657195
vt 0.107490 0.646469
vt 0.110296 0.657192
vt 0.365511 0.134026
vt 0.369768 0.123749
vt 0.779613 0.557869
vt 0.779822 0.567358
vt 0.785356 0.557874
vt 0.785564 0.567363
vt 0.527461 0.221295
vt 0.519672 0.212974
vt 0.107614 0.637185
vt 0.110392 0.647330
vt 0.357190 0.141815
vt 0.362534 0.132558
vt 0.779352 0.549104
vt 0.782421 0.558730
vt 0.785094 0.549109
vt 0.508328 0.211860
vt 0.518204 0.215950
vt 0.104766 0.638226
vt 0.104645 0.647333
vt 0.107760 0.628831
vt 0.110513 0.638224
vt 0.353177 0.152484
vt 0.359949 0.143659
vt 0.779041 0.541212
vt 0.782165 0.550143
vt 0.784783 0.541217
vt 0.498651 0.205838
vt 0.509395 0.208717
vt 0.753029 0.541212
vt 0.750039 0.551155
vt 0.750178 0.542296
vt 0.345312 0.160349
vt 0.350682 0.150296
vt 0.755632 0.694584
vt 0.752844 0.687819
vt 0.755706 0.686631
vt 0.749884 0.694585
vt 0.749958 0.686632
vt 0.487406 0.207698
vt 0.498004 0.209093
vt 0.755786 0.551163
vt 0.755925 0.542303
vt 0.752768 0.560095
vt 0.752888 0.550245
vt 0.334643 0.164361
vt 0.343124 0.157854
vt 0.755569 0.703401
vt 0.752772 0.695610
vt 0.749821 0.703402
vt 0.476717 0.207698
vt 0.487623 0.204386
vt 0.755669 0.560825
vt 0.752673 0.570595
vt 0.749922 0.560817
vt 0.326854 0.172682
vt 0.336487 0.167121
vt 0.752662 0.713585
vt 0.752710 0.704248
vt 0.466119 0.209093
vt 0.476500 0.204386
vt 0.752604 0.581564
vt 0.749829 0.571116
vt 0.315510 0.173797
vt 0.325386 0.169706
vt 0.755519 0.712931
vt 0.752626 0.723461
vt 0.749772 0.712932
vt 0.455795 0.211860
vt 0.465472 0.205838
vt 0.755508 0.581883
vt 0.755576 0.571124
vt 0.749761 0.581875
vt 0.316577 0.176939
vt 0.755483 0.723012
vt 0.749736 0.723013
vt 0.454728 0.208717
vt 0.373056 0.594636
vt 0.368879 0.605867
vt 0.368893 0.594581
vt 0.373056 0.616888
vt 0.373043 0.605814
vt 0.373098 0.627670
vt 0.368893 0.617049
vt 0.373166 0.637975
vt 0.368935 0.627935
vt 0.369098 0.648085
vt 0.369004 0.638340
vt 0.373377 0.656459
vt 0.373259 0.647626
vt 0.369358 0.664942
vt 0.369217 0.657003
vt 0.373768 0.406658
vt 0.369922 0.397528
vt 0.374092 0.398106
vt 0.373494 0.416077
vt 0.369595 0.406163
vt 0.373276 0.426200
vt 0.369318 0.415673
vt 0.373118 0.436856
vt 0.369099 0.425895
vt 0.368842 0.447766
vt 0.368939 0.436654
vt 0.373022 0.447861
vt 0.368809 0.459040
vt 0.373022 0.470164
vt 0.372990 0.459027
vt 0.373118 0.481080
vt 0.368842 0.470285
vt 0.373276 0.491590
vt 0.368939 0.481308
vt 0.369318 0.501938
vt 0.369099 0.491919
vt 0.373768 0.510678
vt 0.373494 0.501512
vt 0.369922 0.519525
vt 0.369595 0.511192
vt 0.680074 0.317784
vt 0.684150 0.326693
vt 0.679996 0.326100
vt 0.680139 0.308564
vt 0.684229 0.318296
vt 0.680191 0.298598
vt 0.684295 0.308987
vt 0.680229 0.288057
vt 0.684347 0.298924
vt 0.684409 0.277238
vt 0.684385 0.288281
vt 0.680252 0.277121
vt 0.684416 0.265986
vt 0.680252 0.254815
vt 0.680260 0.265976
vt 0.680229 0.243827
vt 0.684409 0.254715
vt 0.680191 0.233200
vt 0.684385 0.243621
vt 0.684295 0.222711
vt 0.684347 0.232891
vt 0.680074 0.213751
vt 0.680139 0.223117
vt 0.684150 0.204680
vt 0.684229 0.213253
vt 0.590377 0.317550
vt 0.594657 0.326690
vt 0.590522 0.326118
vt 0.590255 0.308117
vt 0.594512 0.318038
vt 0.590159 0.297983
vt 0.594389 0.308514
vt 0.590088 0.287320
vt 0.594291 0.298281
vt 0.594177 0.276398
vt 0.594220 0.287514
vt 0.590046 0.276310
vt 0.594162 0.265122
vt 0.590046 0.254008
vt 0.590031 0.265142
vt 0.590088 0.243097
vt 0.594177 0.253879
vt 0.590159 0.232597
vt 0.594220 0.242863
vt 0.594389 0.222254
vt 0.594291 0.232260
vt 0.590377 0.213536
vt 0.590255 0.222686
vt 0.594657 0.204699
vt 0.594512 0.213014
vt 0.373377 0.552677
vt 0.369358 0.543225
vt 0.373517 0.543774
vt 0.373259 0.562386
vt 0.369217 0.552214
vt 0.373166 0.572735
vt 0.369098 0.562018
vt 0.373098 0.583547
vt 0.369004 0.572467
vt 0.368935 0.583384
vt 0.339853 0.594517
vt 0.339839 0.605857
vt 0.339895 0.628032
vt 0.339853 0.617093
vt 0.340059 0.648278
vt 0.339964 0.638487
vt 0.340179 0.657240
vt 0.340900 0.397215
vt 0.340571 0.405891
vt 0.340293 0.415447
vt 0.340072 0.425718
vt 0.339912 0.436528
vt 0.339814 0.447694
vt 0.339782 0.459023
vt 0.339912 0.481397
vt 0.339814 0.470322
vt 0.340293 0.502126
vt 0.340072 0.492059
vt 0.340571 0.511425
vt 0.713189 0.326986
vt 0.713268 0.318549
vt 0.713334 0.309195
vt 0.713387 0.299084
vt 0.713426 0.288389
vt 0.713449 0.277294
vt 0.713457 0.265987
vt 0.713426 0.243515
vt 0.713449 0.254663
vt 0.713334 0.222504
vt 0.713387 0.232733
vt 0.713268 0.213001
vt 0.623684 0.326964
vt 0.623537 0.318270
vt 0.623414 0.308700
vt 0.623315 0.298418
vt 0.623244 0.287600
vt 0.623201 0.276430
vt 0.623186 0.265099
vt 0.623244 0.242733
vt 0.623201 0.253803
vt 0.623414 0.222025
vt 0.623315 0.232080
vt 0.623537 0.212741
vt 0.340320 0.542914
vt 0.340179 0.551947
vt 0.340059 0.561797
vt 0.339964 0.572297
vt 0.339895 0.583266
vt 0.310829 0.594503
vt 0.310815 0.605789
vt 0.310829 0.616971
vt 0.310871 0.627858
vt 0.310939 0.638262
vt 0.311034 0.648007
vt 0.340320 0.665217
vt 0.311153 0.656926
vt 0.311904 0.397476
vt 0.311576 0.406111
vt 0.311300 0.415621
vt 0.311080 0.425843
vt 0.310823 0.447714
vt 0.310920 0.436602
vt 0.310791 0.458988
vt 0.310823 0.470233
vt 0.310920 0.481255
vt 0.311080 0.491867
vt 0.311300 0.501886
vt 0.340900 0.519798
vt 0.311576 0.511140
vt 0.742222 0.326686
vt 0.742300 0.318289
vt 0.742366 0.308980
vt 0.742419 0.298917
vt 0.742480 0.277231
vt 0.742457 0.288274
vt 0.742488 0.265978
vt 0.742480 0.254708
vt 0.742457 0.243614
vt 0.742419 0.232884
vt 0.742366 0.222703
vt 0.713189 0.204386
vt 0.742300 0.213246
vt 0.652721 0.326664
vt 0.652575 0.318012
vt 0.652452 0.308488
vt 0.652355 0.298255
vt 0.652240 0.276372
vt 0.652284 0.287488
vt 0.652226 0.265096
vt 0.652240 0.253853
vt 0.652284 0.242837
vt 0.652355 0.232234
vt 0.652452 0.222228
vt 0.623684 0.204386
vt 0.652575 0.212988
vt 0.311294 0.543147
vt 0.311153 0.552137
vt 0.311034 0.561940
vt 0.310939 0.572389
vt 0.310871 0.583306
vt 0.306697 0.594548
vt 0.306683 0.605725
vt 0.306697 0.616800
vt 0.306738 0.627581
vt 0.306806 0.637886
vt 0.307018 0.656370
vt 0.306900 0.647537
vt 0.311294 0.664865
vt 0.307461 0.406599
vt 0.307786 0.398047
vt 0.307187 0.416017
vt 0.306970 0.426141
vt 0.306811 0.436796
vt 0.306715 0.447801
vt 0.306683 0.458968
vt 0.306715 0.470104
vt 0.306811 0.481021
vt 0.306970 0.491530
vt 0.307461 0.510618
vt 0.307187 0.501452
vt 0.311904 0.519473
vt 0.746441 0.317776
vt 0.746364 0.326092
vt 0.746507 0.308556
vt 0.746559 0.298590
vt 0.746597 0.288049
vt 0.746620 0.277112
vt 0.746627 0.265968
vt 0.746620 0.254806
vt 0.746597 0.243818
vt 0.746559 0.233192
vt 0.746441 0.213742
vt 0.746507 0.223109
vt 0.742222 0.204673
vt 0.656736 0.317520
vt 0.656880 0.326089
vt 0.656614 0.308088
vt 0.656517 0.297953
vt 0.656447 0.287290
vt 0.656404 0.276280
vt 0.656390 0.265113
vt 0.656404 0.253979
vt 0.656447 0.243068
vt 0.656517 0.232567
vt 0.656736 0.213506
vt 0.656614 0.222657
vt 0.652721 0.204673
vt 0.307018 0.552588
vt 0.307157 0.543685
vt 0.306900 0.562297
vt 0.306806 0.572646
vt 0.306738 0.583458
vt 0.467663 0.860234
vt 0.470015 0.813522
vt 0.470015 0.860329
vt 0.830120 0.370828
vt 0.831987 0.322486
vt 0.831987 0.370891
vt 0.834353 0.370880
vt 0.848827 0.011558
vt 0.850751 0.058987
vt 0.848827 0.058658
vt 0.850751 0.011887
vt 0.853103 0.058901
vt 0.808373 0.784932
vt 0.810362 0.833241
vt 0.808373 0.833311
vt 0.975669 0.808442
vt 0.979647 0.810191
vt 0.977999 0.814212
vt 0.810362 0.784862
vt 0.812694 0.833267
vt 0.465738 0.813788
vt 0.465738 0.860595
vt 0.179386 0.979696
vt 0.177740 0.975616
vt 0.181712 0.974008
vt 0.781384 0.944563
vt 0.783788 0.948627
vt 0.781384 0.948642
vt 0.783262 0.952111
vt 0.780857 0.952127
vt 0.626249 0.954033
vt 0.628649 0.957534
vt 0.626163 0.957536
vt 0.626163 0.961615
vt 0.628736 0.965177
vt 0.626249 0.965178
vt 0.689357 0.954395
vt 0.687415 0.950803
vt 0.689835 0.950817
vt 0.689835 0.946738
vt 0.687415 0.946725
vt 0.689357 0.943252
vt 0.964379 0.477497
vt 0.961784 0.473836
vt 0.964270 0.473827
vt 0.964270 0.469757
vt 0.042525 0.895902
vt 0.051954 0.905421
vt 0.039074 0.909110
vt 0.961893 0.466390
vt 0.964379 0.466380
vt 0.783262 0.940968
vt 0.780857 0.940984
vt 0.218345 0.913054
vt 0.208931 0.903301
vt 0.221790 0.899929
vt 0.870414 0.543810
vt 0.872514 0.588756
vt 0.870414 0.588456
vt 0.493132 0.813450
vt 0.495365 0.859736
vt 0.493132 0.859759
vt 0.497528 0.813455
vt 0.497528 0.859764
vt 0.369137 0.872047
vt 0.371413 0.827283
vt 0.371413 0.872217
vt 0.373517 0.827011
vt 0.373517 0.871946
vt 0.304507 0.860683
vt 0.306804 0.814374
vt 0.306804 0.860694
vt 0.150649 0.979737
vt 0.149002 0.975717
vt 0.152978 0.973967
vt 0.308873 0.860673
vt 0.868135 0.543995
vt 0.868135 0.588641
vt 0.466047 0.979774
vt 0.464404 0.975693
vt 0.468372 0.974091
vt 0.752102 0.946611
vt 0.750258 0.942707
vt 0.752654 0.942812
vt 0.972403 0.166814
vt 0.969975 0.169793
vt 0.969916 0.166798
vt 0.972463 0.169809
vt 0.969975 0.173772
vt 0.972403 0.177685
vt 0.969916 0.177669
vt 0.953279 0.703097
vt 0.955188 0.706167
vt 0.952776 0.706265
vt 0.955188 0.710193
vt 0.952776 0.710292
vt 0.953279 0.714097
vt 0.968612 0.086250
vt 0.971138 0.083020
vt 0.971100 0.086244
vt 0.968649 0.083026
vt 0.971138 0.078978
vt 0.968649 0.078984
vt 0.971100 0.075201
vt 0.264331 0.912973
vt 0.254910 0.903459
vt 0.267779 0.899764
vt 0.752654 0.953820
vt 0.749706 0.950534
vt 0.752102 0.950640
vt 0.544446 0.917791
vt 0.535043 0.908029
vt 0.547888 0.904672
vt 0.426832 0.848286
vt 0.429125 0.887859
vt 0.426832 0.887766
vt 0.254910 0.834751
vt 0.257025 0.874657
vt 0.254910 0.874653
vt 0.259294 0.834753
vt 0.259294 0.874654
vt 0.104422 0.847099
vt 0.106500 0.886850
vt 0.104422 0.886709
vt 0.106500 0.847240
vt 0.108792 0.886771
vt 0.877582 0.113796
vt 0.879607 0.153597
vt 0.877582 0.153655
vt 0.950674 0.971867
vt 0.952338 0.975908
vt 0.948321 0.977628
vt 0.879607 0.113738
vt 0.881925 0.153622
vt 0.424757 0.887936
vt 0.977102 0.206053
vt 0.975437 0.210126
vt 0.971417 0.208479
vt 0.401590 0.952584
vt 0.399128 0.956674
vt 0.399128 0.952635
vt 0.401291 0.959840
vt 0.398829 0.959891
vt 0.969923 0.132708
vt 0.972405 0.136547
vt 0.969916 0.136545
vt 0.972405 0.140563
vt 0.969916 0.140561
vt 0.972412 0.143682
vt 0.969923 0.143680
vt 0.962556 0.035838
vt 0.960334 0.032008
vt 0.962804 0.032052
vt 0.962804 0.028014
vt 0.960334 0.027971
vt 0.962556 0.024807
vt 0.826291 0.966392
vt 0.828683 0.962661
vt 0.828777 0.966381
vt 0.826196 0.962673
vt 0.828683 0.958602
vt 0.731172 0.363329
vt 0.718155 0.359709
vt 0.727684 0.350131
vt 0.826196 0.958613
vt 0.828777 0.955290
vt 0.401291 0.948803
vt 0.398829 0.948854
vt 0.689533 0.350103
vt 0.693024 0.363260
vt 0.679996 0.359804
vt 0.870591 0.679878
vt 0.872816 0.724397
vt 0.870591 0.724200
vt 0.685445 0.866679
vt 0.687578 0.821106
vt 0.687578 0.866647
vt 0.689835 0.821129
vt 0.689835 0.866670
vt 0.047583 0.827879
vt 0.049666 0.872736
vt 0.047583 0.872504
vt 0.051954 0.827978
vt 0.051954 0.872603
vt 0.863327 0.784862
vt 0.865463 0.830428
vt 0.863327 0.830423
vt 0.977999 0.779556
vt 0.979647 0.783577
vt 0.975668 0.785326
vt 0.865463 0.784867
vt 0.867717 0.830424
vt 0.868418 0.724426
vt 0.265790 0.979449
vt 0.264142 0.975370
vt 0.268121 0.973755
vt 0.957351 0.615760
vt 0.954934 0.619869
vt 0.954934 0.615893
vt 0.957351 0.619736
vt 0.954449 0.622866
vt 0.968949 0.322438
vt 0.971498 0.326283
vt 0.969011 0.326297
vt 0.971498 0.330287
vt 0.969011 0.330301
vt 0.968949 0.333376
vt 0.955213 0.679882
vt 0.953192 0.676021
vt 0.955629 0.676095
vt 0.953192 0.671985
vt 0.955629 0.672059
vt 0.952776 0.668780
vt 0.955213 0.668854
vt 0.971393 0.290184
vt 0.973893 0.286323
vt 0.973882 0.290187
vt 0.971404 0.286321
vt 0.973893 0.282322
vt 0.151309 0.897168
vt 0.160738 0.906686
vt 0.147858 0.910375
vt 0.971393 0.279253
vt 0.973882 0.279256
vt 0.956866 0.611872
vt 0.954449 0.612005
vt 0.905366 0.752464
vt 0.895932 0.742722
vt 0.908819 0.739331
vt 0.876219 0.058987
vt 0.878244 0.019006
vt 0.878244 0.058781
vt 0.880562 0.058871
vt 0.870330 0.611872
vt 0.872322 0.651935
vt 0.870330 0.651739
vt 0.872322 0.612068
vt 0.874653 0.651862
vt 0.156394 0.833900
vt 0.158421 0.874001
vt 0.156394 0.873825
vt 0.160738 0.833998
vt 0.160738 0.873924
vt 0.047962 0.972723
vt 0.051954 0.974461
vt 0.050301 0.978489
vt 0.219402 0.874686
vt 0.221500 0.834752
vt 0.221500 0.874495
vt 0.223780 0.874611
vt 0.019204 0.978457
vt 0.017552 0.974379
vt 0.021540 0.972755
vt 0.116332 0.948338
vt 0.119127 0.951574
vt 0.116673 0.951508
vt 0.116673 0.955536
vt 0.119127 0.955602
vt 0.116332 0.959343
vt 0.374093 0.950419
vt 0.371321 0.953592
vt 0.371633 0.950489
vt 0.373780 0.953522
vt 0.371321 0.957603
vt 0.374093 0.961376
vt 0.371633 0.961446
vt 0.424757 0.960491
vt 0.427510 0.957264
vt 0.427220 0.960435
vt 0.425047 0.957320
vt 0.427510 0.953235
vt 0.424757 0.949484
vt 0.427220 0.949428
vt 0.955733 0.532119
vt 0.952934 0.528760
vt 0.955386 0.528801
vt 0.761766 0.350145
vt 0.771230 0.359685
vt 0.758302 0.363350
vt 0.955386 0.524742
vt 0.952934 0.524700
vt 0.955733 0.521027
vt 0.841839 0.290393
vt 0.832381 0.280664
vt 0.845301 0.277252
vt 0.658323 0.888873
vt 0.660522 0.849661
vt 0.660522 0.888745
vt 0.863327 0.891863
vt 0.865520 0.853545
vt 0.865520 0.891619
vt 0.867726 0.891854
vt 0.889385 0.361497
vt 0.887192 0.322555
vt 0.889385 0.322424
vt 0.887192 0.361628
vt 0.884985 0.322429
vt 0.887400 0.204406
vt 0.889616 0.242763
vt 0.887400 0.242538
vt 0.308872 0.978266
vt 0.304942 0.979882
vt 0.303314 0.975798
vt 0.889616 0.204632
vt 0.891800 0.242518
vt 0.656123 0.888745
vt 0.658323 0.849788
vt 0.980323 0.873420
vt 0.976466 0.875106
vt 0.974869 0.871043
vt 0.870882 0.754368
vt 0.868565 0.758309
vt 0.868418 0.754368
vt 0.871433 0.761193
vt 0.868968 0.761193
vt 0.752376 0.976941
vt 0.750253 0.980870
vt 0.749975 0.976936
vt 0.752654 0.980874
vt 0.749975 0.984818
vt 0.810369 0.510785
vt 0.812424 0.507927
vt 0.812832 0.510788
vt 0.809960 0.507924
vt 0.812274 0.503995
vt 0.809810 0.503992
vt 0.812424 0.500045
vt 0.809960 0.500042
vt 0.812832 0.497137
vt 0.712951 0.983435
vt 0.715628 0.979489
vt 0.715356 0.983446
vt 0.713224 0.979478
vt 0.715356 0.975565
vt 0.119127 0.919554
vt 0.106392 0.923220
vt 0.109804 0.910008
vt 0.871433 0.747542
vt 0.868565 0.750427
vt 0.868968 0.747542
vt 0.374093 0.917527
vt 0.364926 0.927303
vt 0.361571 0.914177
vt 0.399409 0.888852
vt 0.397209 0.850388
vt 0.399409 0.850321
vt 0.887400 0.297558
vt 0.889492 0.266531
vt 0.889492 0.298210
vt 0.891776 0.297824
vt 0.577391 0.850450
vt 0.575195 0.889033
vt 0.575195 0.850524
vt 0.572991 0.850451
vt 0.331989 0.883989
vt 0.334113 0.914936
vt 0.331989 0.915556
vt 0.336550 0.977511
vt 0.335214 0.981350
vt 0.331989 0.979279
vt 0.336376 0.883796
vt 0.336376 0.915363
vt 0.401609 0.888919
vt 0.401609 0.850388
vt 0.915932 0.385435
vt 0.912501 0.384131
vt 0.913922 0.379973
vt 0.949140 0.941925
vt 0.946735 0.945866
vt 0.946658 0.941925
vt 0.949217 0.945866
vt 0.946948 0.948751
vt 0.981545 0.428390
vt 0.978901 0.432365
vt 0.979508 0.428514
vt 0.980938 0.432241
vt 0.979508 0.436366
vt 0.895177 0.859229
vt 0.892462 0.856354
vt 0.894942 0.856355
vt 0.892376 0.852417
vt 0.894857 0.852418
vt 0.894942 0.848473
vt 0.892696 0.845577
vt 0.895177 0.845578
vt 0.521600 0.983116
vt 0.518958 0.979147
vt 0.520990 0.979236
vt 0.521600 0.975249
vt 0.050353 0.936657
vt 0.047578 0.949606
vt 0.039997 0.939476
vt 0.946948 0.935100
vt 0.949217 0.937985
vt 0.946735 0.937985
vt 0.946665 0.746539
vt 0.935636 0.750732
vt 0.938591 0.737423
vt 0.426925 0.825110
vt 0.424725 0.771831
vt 0.426925 0.771771
vt 0.840621 0.541619
vt 0.842841 0.588300
vt 0.840621 0.588707
vt 0.842841 0.541212
vt 0.845019 0.588756
vt 0.577391 0.773958
vt 0.575191 0.827333
vt 0.575191 0.774026
vt 0.572991 0.773958
vt 0.104422 0.823665
vt 0.106664 0.774929
vt 0.106664 0.823983
vt 0.783788 0.979239
vt 0.780161 0.981056
vt 0.778658 0.977060
vt 0.108816 0.823579
vt 0.429125 0.771831
vt 0.549875 0.979380
vt 0.546227 0.980881
vt 0.544716 0.976764
vt 0.306130 0.944203
vt 0.308683 0.948144
vt 0.306199 0.948144
vt 0.308872 0.951028
vt 0.306389 0.951028
vt 0.239581 0.974764
vt 0.237888 0.978748
vt 0.237388 0.974788
vt 0.240080 0.978723
vt 0.237388 0.982668
vt 0.014107 0.934220
vt 0.016803 0.937106
vt 0.014321 0.937106
vt 0.014399 0.941047
vt 0.016803 0.944987
vt 0.014321 0.944988
vt 0.014107 0.947871
vt 0.981029 0.679882
vt 0.979165 0.675856
vt 0.981449 0.675901
vt 0.978745 0.671963
vt 0.981029 0.672008
vt 0.946799 0.138240
vt 0.938209 0.147962
vt 0.935065 0.134803
vt 0.306389 0.937377
vt 0.308683 0.940262
vt 0.306199 0.940262
vt 0.945495 0.080938
vt 0.936868 0.090415
vt 0.933710 0.077177
vt 0.870938 0.443264
vt 0.868738 0.402250
vt 0.870938 0.402319
vt 0.079470 0.888881
vt 0.077254 0.850239
vt 0.079470 0.850551
vt 0.077254 0.888569
vt 0.075071 0.850579
vt 0.873138 0.507404
vt 0.870932 0.466380
vt 0.873138 0.466443
vt 0.870932 0.507341
vt 0.868738 0.466445
vt 0.900023 0.588417
vt 0.897775 0.551720
vt 0.900023 0.551381
vt 0.980228 0.383240
vt 0.976454 0.385099
vt 0.974891 0.381145
vt 0.895631 0.588309
vt 0.895631 0.551273
vt 0.873138 0.443195
vt 0.873138 0.402250
vt 0.980767 0.976071
vt 0.977010 0.977585
vt 0.975455 0.973476
vt 0.398829 0.918861
vt 0.401391 0.914920
vt 0.401311 0.918861
vt 0.399127 0.912036
vt 0.401609 0.912036
vt 0.980094 0.564550
vt 0.982039 0.568522
vt 0.979715 0.568507
vt 0.980094 0.572431
vt 0.470015 0.937280
vt 0.467329 0.940182
vt 0.467533 0.937278
vt 0.469738 0.944131
vt 0.467255 0.944130
vt 0.469812 0.948065
vt 0.467329 0.948064
vt 0.467533 0.950929
vt 0.895077 0.890216
vt 0.892376 0.886287
vt 0.894620 0.886232
vt 0.895077 0.882345
vt 0.640228 0.921010
vt 0.631311 0.930915
vt 0.628047 0.917870
vt 0.401609 0.925687
vt 0.398909 0.922802
vt 0.401391 0.922802
vt 0.840210 0.922650
vt 0.831326 0.932090
vt 0.828074 0.918849
vt 0.399409 0.771771
vt 0.397209 0.827205
vt 0.397209 0.771828
vt 0.656123 0.774233
vt 0.658360 0.826206
vt 0.656123 0.826480
vt 0.658360 0.773958
vt 0.660518 0.826544
vt 0.545475 0.764343
vt 0.547683 0.819670
vt 0.545475 0.819724
vt 0.547683 0.764288
vt 0.549875 0.819726
vt 0.075071 0.774627
vt 0.077329 0.827122
vt 0.075071 0.826867
vt 0.214272 0.978768
vt 0.210495 0.980564
vt 0.208931 0.976561
vt 0.077329 0.774882
vt 0.079460 0.826765
vt 0.401609 0.771828
vt 0.399409 0.827148
vt 0.980376 0.844597
vt 0.976482 0.846189
vt 0.974869 0.842099
vt 0.921023 0.945053
vt 0.918473 0.941113
vt 0.920957 0.941113
vt 0.920777 0.938228
vt 0.978850 0.524244
vt 0.981549 0.528188
vt 0.979205 0.528222
vt 0.981193 0.532085
vt 0.978850 0.532119
vt 0.969781 0.737214
vt 0.972394 0.740164
vt 0.969910 0.740125
vt 0.972394 0.744114
vt 0.969910 0.744075
vt 0.969781 0.748005
vt 0.840902 0.761608
vt 0.843939 0.758324
vt 0.843240 0.761454
vt 0.841601 0.758478
vt 0.843939 0.754311
vt 0.841601 0.754465
vt 0.843240 0.750490
vt 0.877435 0.920488
vt 0.868491 0.930244
vt 0.865217 0.917104
vt 0.918293 0.951879
vt 0.920957 0.948994
vt 0.920777 0.951879
vt 0.918473 0.948994
vt 0.439311 0.916725
vt 0.430084 0.926268
vt 0.426707 0.913053
vt 0.843422 0.395793
vt 0.845622 0.443264
vt 0.843422 0.443117
vt 0.864284 0.250069
vt 0.862021 0.204386
vt 0.864284 0.204623
vt 0.862021 0.249833
vt 0.859897 0.204730
vt 0.841222 0.513659
vt 0.843427 0.466535
vt 0.843427 0.513810
vt 0.845622 0.466380
vt 0.845622 0.513655
vt 0.336366 0.860038
vt 0.334086 0.814705
vt 0.336366 0.814491
vt 0.980303 0.902314
vt 0.976461 0.903970
vt 0.974869 0.899895
vt 0.334086 0.860252
vt 0.331989 0.814353
vt 0.841222 0.395940
vt 0.841222 0.443264
vt 0.921023 0.979051
vt 0.917312 0.980757
vt 0.915774 0.976701
vt 0.889247 0.957291
vt 0.892042 0.953467
vt 0.891701 0.957397
vt 0.521398 0.941048
vt 0.523091 0.944048
vt 0.520737 0.944189
vt 0.523091 0.948065
vt 0.520737 0.948206
vt 0.521398 0.952022
vt 0.866131 0.953361
vt 0.863327 0.956388
vt 0.863680 0.953468
vt 0.865778 0.960231
vt 0.863327 0.960338
vt 0.866131 0.964154
vt 0.863680 0.964261
vt 0.547514 0.951924
vt 0.549230 0.948846
vt 0.549875 0.952044
vt 0.546869 0.948726
vt 0.549230 0.944814
vt 0.546869 0.944694
vt 0.549875 0.941027
vt 0.603046 0.920618
vt 0.593906 0.930057
vt 0.590560 0.916825
vt 0.892042 0.964243
vt 0.889247 0.961235
vt 0.891701 0.961341
vt 0.938668 0.471792
vt 0.929835 0.481682
vt 0.926601 0.468620
vt 0.838011 0.855659
vt 0.840210 0.893728
vt 0.838011 0.893769
vt 0.918293 0.785441
vt 0.920506 0.813592
vt 0.918293 0.814172
vt 0.920506 0.784862
vt 0.922693 0.814212
vt 0.626163 0.854376
vt 0.628365 0.892465
vt 0.626163 0.892498
vt 0.630562 0.854377
vt 0.630562 0.892498
vt 0.810443 0.856427
vt 0.812694 0.883599
vt 0.810443 0.883043
vt 0.689835 0.981159
vt 0.686806 0.983475
vt 0.685551 0.979828
vt 0.789226 0.150216
vt 0.794376 0.176979
vt 0.792130 0.176539
vt 0.835811 0.893728
vt 0.790268 0.180562
vt 0.789997 0.177406
vt 0.334650 0.945498
vt 0.332117 0.941557
vt 0.334604 0.941557
vt 0.334475 0.938673
vt 0.495006 0.976988
vt 0.493826 0.980954
vt 0.493132 0.977005
vt 0.495006 0.984869
vt 0.493132 0.984886
vt 0.715438 0.938787
vt 0.713056 0.941678
vt 0.712951 0.938787
vt 0.715543 0.941678
vt 0.713094 0.945621
vt 0.715543 0.949559
vt 0.713056 0.949560
vt 0.715438 0.952438
vt 0.712951 0.952438
vt 0.850067 0.181062
vt 0.851785 0.176771
vt 0.851785 0.180811
vt 0.258936 0.940021
vt 0.260420 0.936277
vt 0.261839 0.937263
vt 0.220063 0.941029
vt 0.213006 0.951648
vt 0.210422 0.939051
vt 0.331989 0.952324
vt 0.334604 0.949439
vt 0.334475 0.952324
vt 0.332164 0.945498
vt 0.268094 0.946721
vt 0.257260 0.947251
vt 0.265191 0.936141
vt 0.834581 0.252007
vt 0.836781 0.204409
vt 0.836781 0.252030
vt 0.854466 0.153655
vt 0.852280 0.106635
vt 0.854466 0.106806
vt 0.850066 0.153643
vt 0.850066 0.106794
vt 0.835811 0.784862
vt 0.838006 0.832503
vt 0.835811 0.832473
vt 0.838006 0.784891
vt 0.840210 0.832474
vt 0.845301 0.679884
vt 0.843090 0.727374
vt 0.843090 0.679971
vt 0.977109 0.237325
vt 0.973084 0.239014
vt 0.971417 0.234952
vt 0.840902 0.679878
vt 0.832381 0.252030
vt 0.834581 0.204387
vt 0.978232 0.947059
vt 0.974212 0.948751
vt 0.972546 0.944690
vt 0.495718 0.947046
vt 0.493203 0.950987
vt 0.493230 0.947046
vt 0.495692 0.950987
vt 0.493132 0.953872
vt 0.589009 0.953255
vt 0.591074 0.957279
vt 0.588629 0.957167
vt 0.591074 0.961239
vt 0.588629 0.961127
vt 0.591454 0.964186
vt 0.589009 0.964074
vt 0.985921 0.032645
vt 0.988442 0.028709
vt 0.988408 0.032645
vt 0.985954 0.028710
vt 0.988408 0.024763
vt 0.075278 0.970256
vt 0.077547 0.967390
vt 0.077754 0.970318
vt 0.075071 0.967328
vt 0.077547 0.963434
vt 0.075071 0.963372
vt 0.077754 0.959512
vt 0.605107 0.355664
vt 0.595549 0.365305
vt 0.592051 0.352116
vt 0.493132 0.940221
vt 0.495692 0.943105
vt 0.493203 0.943105
vt 0.643290 0.355624
vt 0.633738 0.365317
vt 0.630242 0.352154
vt 0.783057 0.818776
vt 0.785257 0.864046
vt 0.783057 0.864285
vt 0.890833 0.785205
vt 0.893151 0.821679
vt 0.890833 0.822022
vt 0.893151 0.784862
vt 0.895177 0.822461
vt 0.857469 0.368195
vt 0.859661 0.322424
vt 0.859661 0.367952
vt 0.861869 0.368185
vt 0.600714 0.891447
vt 0.603046 0.854641
vt 0.603046 0.891744
vt 0.984889 0.647050
vt 0.981763 0.648778
vt 0.980468 0.644731
vt 0.543974 0.842843
vt 0.548319 0.875238
vt 0.545946 0.875181
vt 0.780857 0.818536
vt 0.780857 0.864046
vt 0.545530 0.879363
vt 0.544146 0.876365
vt 0.760100 0.164100
vt 0.762779 0.168041
vt 0.760377 0.168041
vt 0.763537 0.170926
vt 0.761135 0.170926
vt 0.980468 0.612068
vt 0.983066 0.615884
vt 0.981133 0.616080
vt 0.980468 0.619888
vt 0.809984 0.655805
vt 0.811633 0.652949
vt 0.812387 0.655811
vt 0.809230 0.652944
vt 0.811357 0.649017
vt 0.808954 0.649011
vt 0.811633 0.645068
vt 0.809230 0.645062
vt 0.812387 0.642160
vt 0.978808 0.713868
vt 0.981411 0.710078
vt 0.980752 0.714097
vt 0.979467 0.709848
vt 0.980752 0.706302
vt 0.160738 0.941456
vt 0.153298 0.950677
vt 0.150575 0.937370
vt 0.763537 0.157274
vt 0.760377 0.160159
vt 0.761135 0.157274
vt 0.762779 0.160159
vt 0.951775 0.375383
vt 0.944759 0.385100
vt 0.942191 0.371937
vt 0.467515 0.893700
vt 0.470015 0.899227
vt 0.467529 0.899317
vt 0.340415 0.696032
vt 0.334934 0.694622
vt 0.336702 0.692319
vt 0.929770 0.424870
vt 0.927265 0.420587
vt 0.929764 0.420377
vt 0.927270 0.424702
vt 0.924735 0.420384
vt 0.038596 0.800720
vt 0.044256 0.800777
vt 0.039707 0.803403
vt 0.464987 0.899233
vt 0.469964 0.889024
vt 0.470002 0.893988
vt 0.340359 0.701692
vt 0.338112 0.697800
vt 0.929788 0.429225
vt 0.927287 0.428689
vt 0.924741 0.424878
vt 0.045666 0.795296
vt 0.042488 0.798473
vt 0.464936 0.889029
vt 0.464974 0.893994
vt 0.467409 0.883712
vt 0.467474 0.888377
vt 0.344401 0.705654
vt 0.343041 0.700581
vt 0.929817 0.433143
vt 0.927314 0.432277
vt 0.924759 0.429232
vt 0.047913 0.791404
vt 0.047969 0.797063
vt 0.900407 0.615934
vt 0.898109 0.613003
vt 0.900582 0.611872
vt 0.341522 0.710527
vt 0.341522 0.706033
vt 0.956532 0.567799
vt 0.953938 0.565683
vt 0.956470 0.564550
vt 0.924826 0.436366
vt 0.924788 0.433151
vt 0.049076 0.787063
vt 0.050595 0.792515
vt 0.902970 0.616797
vt 0.903133 0.613008
vt 0.900283 0.620867
vt 0.897945 0.616792
vt 0.343041 0.715979
vt 0.344401 0.710906
vt 0.956576 0.571741
vt 0.953995 0.568658
vt 0.954036 0.572267
vt 0.951504 0.567802
vt 0.049076 0.782569
vt 0.051954 0.787442
vt 0.900218 0.626335
vt 0.897829 0.621393
vt 0.340415 0.720528
vt 0.340359 0.714868
vt 0.956599 0.576107
vt 0.954057 0.576265
vt 0.951548 0.571743
vt 0.047913 0.778228
vt 0.051954 0.782190
vt 0.902794 0.626497
vt 0.902854 0.621397
vt 0.897770 0.631744
vt 0.897770 0.626493
vt 0.336702 0.724241
vt 0.338112 0.718760
vt 0.956599 0.580600
vt 0.951571 0.580602
vt 0.951571 0.576110
vt 0.045666 0.774336
vt 0.050595 0.777117
vt 0.902794 0.631748
vt 0.900283 0.637373
vt 0.900218 0.631965
vt 0.331042 0.724185
vt 0.334934 0.721938
vt 0.954036 0.584329
vt 0.954057 0.580379
vt 0.042488 0.771158
vt 0.047969 0.772568
vt 0.902854 0.636792
vt 0.900407 0.642191
vt 0.897829 0.636788
vt 0.332153 0.726867
vt 0.326701 0.725348
vt 0.956532 0.588754
vt 0.956576 0.584914
vt 0.953995 0.587845
vt 0.951548 0.584916
vt 0.039707 0.766228
vt 0.044256 0.768854
vt 0.902970 0.641287
vt 0.906245 0.028698
vt 0.903785 0.025922
vt 0.906292 0.024763
vt 0.327080 0.728227
vt 0.322207 0.725348
vt 0.080143 0.915420
vt 0.077700 0.913115
vt 0.080195 0.912026
vt 0.077653 0.916223
vt 0.075166 0.912032
vt 0.034256 0.767748
vt 0.038596 0.768911
vt 0.903133 0.644924
vt 0.906208 0.033541
vt 0.903741 0.029592
vt 0.321828 0.728227
vt 0.317866 0.724185
vt 0.080110 0.919461
vt 0.075082 0.919467
vt 0.075114 0.915426
vt 0.029762 0.767748
vt 0.034635 0.764869
vt 0.908736 0.034115
vt 0.908770 0.029598
vt 0.906185 0.038962
vt 0.903707 0.034109
vt 0.312207 0.724241
vt 0.316755 0.726867
vt 0.077613 0.923963
vt 0.077623 0.919923
vt 0.025421 0.768911
vt 0.029383 0.764869
vt 0.908715 0.039172
vt 0.906178 0.044593
vt 0.903686 0.039166
vt 0.308493 0.720527
vt 0.313974 0.721938
vt 0.080110 0.928356
vt 0.080099 0.923873
vt 0.077623 0.928068
vt 0.075071 0.923879
vt 0.019761 0.768854
vt 0.024310 0.766228
vt 0.908708 0.044424
vt 0.906185 0.050049
vt 0.903678 0.044417
vt 0.305867 0.715979
vt 0.310796 0.718760
vt 0.080143 0.932604
vt 0.077653 0.931958
vt 0.075082 0.928362
vt 0.018351 0.774336
vt 0.021529 0.771158
vt 0.908715 0.049512
vt 0.906208 0.054959
vt 0.903686 0.049506
vt 0.304507 0.710906
vt 0.308549 0.714868
vt 0.080195 0.936328
vt 0.077700 0.935367
vt 0.075114 0.932610
vt 0.013422 0.777117
vt 0.016048 0.772568
vt 0.908736 0.054092
vt 0.917518 0.208458
vt 0.914916 0.205513
vt 0.917450 0.204386
vt 0.307386 0.706033
vt 0.307386 0.710527
vt 0.923541 0.887778
vt 0.920963 0.891893
vt 0.921074 0.888924
vt 0.918517 0.887802
vt 0.014941 0.782569
vt 0.016105 0.778228
vt 0.908770 0.057849
vt 0.917560 0.213397
vt 0.914979 0.209310
vt 0.305867 0.700581
vt 0.304507 0.705654
vt 0.923420 0.891020
vt 0.920894 0.895498
vt 0.918395 0.891045
vt 0.014941 0.787063
vt 0.012063 0.782190
vt 0.920007 0.209320
vt 0.915032 0.219019
vt 0.915018 0.213917
vt 0.308493 0.696032
vt 0.308549 0.701692
vt 0.923318 0.899322
vt 0.923344 0.894958
vt 0.918293 0.899346
vt 0.918319 0.894982
vt 0.013422 0.792515
vt 0.012063 0.787442
vt 0.920047 0.213927
vt 0.917575 0.218868
vt 0.917560 0.224497
vt 0.313974 0.694622
vt 0.310796 0.697800
vt 0.923344 0.903815
vt 0.920870 0.899494
vt 0.918319 0.903839
vt 0.018351 0.795296
vt 0.016105 0.791404
vt 0.920047 0.224281
vt 0.920060 0.219030
vt 0.917518 0.229902
vt 0.915018 0.224270
vt 0.316755 0.689693
vt 0.312207 0.692319
vt 0.923420 0.908131
vt 0.920894 0.903608
vt 0.918395 0.908155
vt 0.021529 0.798473
vt 0.016048 0.797063
vt 0.920007 0.229322
vt 0.917450 0.234714
vt 0.914979 0.229311
vt 0.321828 0.688333
vt 0.317866 0.692375
vt 0.923541 0.911975
vt 0.920963 0.907560
vt 0.921074 0.911080
vt 0.024310 0.803403
vt 0.019761 0.800777
vt 0.919944 0.233809
vt 0.467474 0.909909
vt 0.469904 0.913073
vt 0.467409 0.914162
vt 0.327080 0.688333
vt 0.322207 0.691212
vt 0.929788 0.412185
vt 0.927314 0.410211
vt 0.929817 0.409045
vt 0.921219 0.913930
vt 0.918517 0.912000
vt 0.029762 0.801883
vt 0.025421 0.800720
vt 0.464875 0.913078
vt 0.467515 0.904846
vt 0.469964 0.909106
vt 0.331042 0.692375
vt 0.326701 0.691212
vt 0.929770 0.416050
vt 0.927287 0.413086
vt 0.927270 0.416625
vt 0.924759 0.412192
vt 0.034255 0.801883
vt 0.029383 0.804762
vt 0.464974 0.904389
vt 0.464936 0.909112
vt 0.470002 0.904383
vt 0.332153 0.689693
vt 0.924741 0.416057
vt 0.034634 0.804762
vt 0.306372 0.893799
vt 0.308873 0.899326
vt 0.306386 0.899416
vt 0.255310 0.716431
vt 0.249829 0.715021
vt 0.251596 0.712718
vt 0.931285 0.627698
vt 0.928780 0.623414
vt 0.931279 0.623204
vt 0.926256 0.627705
vt 0.926250 0.623212
vt 0.182928 0.806741
vt 0.188587 0.806798
vt 0.184039 0.809424
vt 0.303844 0.899331
vt 0.308821 0.889122
vt 0.308860 0.894087
vt 0.255253 0.722091
vt 0.253006 0.718199
vt 0.931303 0.632052
vt 0.928785 0.627529
vt 0.926274 0.632060
vt 0.189997 0.801317
vt 0.186819 0.804494
vt 0.303793 0.889128
vt 0.303831 0.894093
vt 0.306266 0.883811
vt 0.306331 0.888476
vt 0.259295 0.726053
vt 0.257936 0.720980
vt 0.931332 0.635970
vt 0.928802 0.631516
vt 0.928829 0.635104
vt 0.192244 0.797425
vt 0.192301 0.803084
vt 0.898891 0.470442
vt 0.896594 0.467512
vt 0.899067 0.466380
vt 0.256416 0.730926
vt 0.256416 0.726432
vt 0.950837 0.793255
vt 0.948244 0.791139
vt 0.950775 0.790006
vt 0.926341 0.639193
vt 0.926303 0.635978
vt 0.193407 0.793084
vt 0.194926 0.798536
vt 0.901454 0.471305
vt 0.901618 0.467516
vt 0.898767 0.475375
vt 0.896430 0.471300
vt 0.257936 0.736378
vt 0.259295 0.731305
vt 0.950881 0.797197
vt 0.948301 0.794114
vt 0.948341 0.797723
vt 0.945809 0.793257
vt 0.193407 0.788590
vt 0.196286 0.793463
vt 0.896254 0.481001
vt 0.896314 0.475901
vt 0.255310 0.740927
vt 0.255253 0.735267
vt 0.950904 0.801563
vt 0.948362 0.801721
vt 0.945853 0.797199
vt 0.192244 0.784249
vt 0.196286 0.788211
vt 0.901279 0.481005
vt 0.901339 0.475906
vt 0.898703 0.480843
vt 0.896254 0.486252
vt 0.251596 0.744640
vt 0.253006 0.739159
vt 0.950904 0.806056
vt 0.945876 0.806058
vt 0.945876 0.801565
vt 0.189997 0.780357
vt 0.194927 0.783138
vt 0.901279 0.486256
vt 0.898767 0.491881
vt 0.898703 0.486473
vt 0.245937 0.744584
vt 0.249829 0.742337
vt 0.948341 0.809785
vt 0.948362 0.805835
vt 0.186819 0.777179
vt 0.192301 0.778589
vt 0.901339 0.491301
vt 0.898891 0.496699
vt 0.896314 0.491296
vt 0.247048 0.747266
vt 0.241596 0.745747
vt 0.950837 0.814209
vt 0.950881 0.810369
vt 0.948301 0.813301
vt 0.945853 0.810372
vt 0.184039 0.772250
vt 0.188587 0.774876
vt 0.901454 0.495795
vt 0.907607 0.117672
vt 0.905148 0.114897
vt 0.907655 0.113738
vt 0.241975 0.748626
vt 0.237102 0.745747
vt 0.945833 0.322424
vt 0.943290 0.326621
vt 0.943338 0.323513
vt 0.940804 0.322429
vt 0.178587 0.773769
vt 0.182928 0.774932
vt 0.901618 0.499432
vt 0.907571 0.122515
vt 0.905104 0.118566
vt 0.236723 0.748626
vt 0.232761 0.744584
vt 0.945748 0.329859
vt 0.945781 0.325818
vt 0.940720 0.329864
vt 0.940752 0.325824
vt 0.174093 0.773769
vt 0.178966 0.770890
vt 0.910099 0.123090
vt 0.910133 0.118573
vt 0.907548 0.127937
vt 0.905070 0.123083
vt 0.227101 0.744640
vt 0.231650 0.747266
vt 0.943250 0.334361
vt 0.943260 0.330321
vt 0.169752 0.774932
vt 0.173714 0.770890
vt 0.910078 0.128146
vt 0.907540 0.133567
vt 0.905049 0.128140
vt 0.223387 0.740927
vt 0.228869 0.742337
vt 0.945748 0.338754
vt 0.945737 0.334271
vt 0.943260 0.338466
vt 0.940709 0.334277
vt 0.164093 0.774876
vt 0.168641 0.772250
vt 0.910070 0.133398
vt 0.907548 0.139023
vt 0.905041 0.133392
vt 0.220761 0.736378
vt 0.225691 0.739159
vt 0.945781 0.343002
vt 0.943290 0.342356
vt 0.940720 0.338759
vt 0.162683 0.780357
vt 0.165860 0.777179
vt 0.910078 0.138487
vt 0.907571 0.143933
vt 0.905049 0.138481
vt 0.219402 0.731305
vt 0.223444 0.735267
vt 0.945833 0.346725
vt 0.943338 0.345765
vt 0.940752 0.343007
vt 0.157753 0.783138
vt 0.160379 0.778589
vt 0.910099 0.143066
vt 0.752308 0.893334
vt 0.749706 0.890389
vt 0.752241 0.889263
vt 0.222281 0.726432
vt 0.222281 0.730926
vt 0.928266 0.564665
vt 0.925921 0.562568
vt 0.928387 0.561422
vt 0.925810 0.565537
vt 0.923363 0.561447
vt 0.159273 0.788590
vt 0.160436 0.784249
vt 0.910133 0.146824
vt 0.752351 0.898274
vt 0.749769 0.894187
vt 0.220761 0.720980
vt 0.219402 0.726053
vt 0.925740 0.569142
vt 0.923242 0.564689
vt 0.159273 0.793084
vt 0.156394 0.788211
vt 0.754798 0.894197
vt 0.752365 0.903745
vt 0.749809 0.898793
vt 0.223387 0.716431
vt 0.223444 0.722091
vt 0.928164 0.572966
vt 0.928190 0.568602
vt 0.923140 0.572991
vt 0.923166 0.568627
vt 0.157753 0.798536
vt 0.156394 0.793463
vt 0.754837 0.898804
vt 0.752351 0.909374
vt 0.749822 0.903896
vt 0.228869 0.715021
vt 0.225691 0.718199
vt 0.928190 0.577459
vt 0.925716 0.573138
vt 0.923166 0.577484
vt 0.162683 0.801317
vt 0.160436 0.797425
vt 0.754837 0.909157
vt 0.754851 0.903907
vt 0.752308 0.914779
vt 0.749809 0.909147
vt 0.231650 0.710092
vt 0.227101 0.712718
vt 0.928266 0.581775
vt 0.925740 0.577252
vt 0.923242 0.581800
vt 0.165860 0.804494
vt 0.160379 0.803084
vt 0.754798 0.914198
vt 0.752241 0.919590
vt 0.749769 0.914188
vt 0.236723 0.708732
vt 0.232761 0.712774
vt 0.928387 0.585620
vt 0.925810 0.581204
vt 0.925921 0.584725
vt 0.168641 0.809424
vt 0.164093 0.806798
vt 0.754735 0.918686
vt 0.306331 0.910008
vt 0.308761 0.913171
vt 0.306266 0.914261
vt 0.241975 0.708732
vt 0.237102 0.711611
vt 0.931303 0.615012
vt 0.928829 0.613038
vt 0.931332 0.611872
vt 0.926065 0.587574
vt 0.923363 0.585644
vt 0.174093 0.807905
vt 0.169752 0.806741
vt 0.303732 0.913177
vt 0.306372 0.904945
vt 0.308821 0.909205
vt 0.245937 0.712774
vt 0.241596 0.711611
vt 0.931285 0.618877
vt 0.928802 0.615913
vt 0.926256 0.618885
vt 0.926274 0.615020
vt 0.178587 0.807905
vt 0.173714 0.810784
vt 0.303831 0.904488
vt 0.303793 0.909210
vt 0.308860 0.904482
vt 0.247048 0.710092
vt 0.928785 0.619452
vt 0.178966 0.810784
vt 0.715591 0.895209
vt 0.718091 0.900735
vt 0.715604 0.900826
vt 0.433117 0.716461
vt 0.427635 0.715051
vt 0.429403 0.712747
vt 0.929770 0.520624
vt 0.927265 0.516341
vt 0.929764 0.516130
vt 0.927270 0.520455
vt 0.924735 0.516138
vt 0.331041 0.787194
vt 0.336700 0.787251
vt 0.332152 0.789877
vt 0.713063 0.900741
vt 0.718040 0.890532
vt 0.718078 0.895496
vt 0.433060 0.722120
vt 0.430813 0.718228
vt 0.929788 0.524978
vt 0.927287 0.524442
vt 0.924741 0.520632
vt 0.338110 0.781769
vt 0.334933 0.784947
vt 0.713012 0.890538
vt 0.713050 0.895502
vt 0.715485 0.885220
vt 0.715550 0.889886
vt 0.437102 0.726082
vt 0.435743 0.721009
vt 0.929817 0.528897
vt 0.927314 0.528030
vt 0.924759 0.524986
vt 0.340357 0.777877
vt 0.340414 0.783537
vt 0.898569 0.683940
vt 0.896271 0.681010
vt 0.898745 0.679878
vt 0.434223 0.730955
vt 0.434223 0.726461
vt 0.951686 0.891027
vt 0.949092 0.888910
vt 0.951624 0.887778
vt 0.927348 0.530974
vt 0.924788 0.528904
vt 0.341520 0.773537
vt 0.343040 0.778989
vt 0.901132 0.684803
vt 0.901296 0.681014
vt 0.898445 0.688873
vt 0.896108 0.684798
vt 0.435743 0.736407
vt 0.437102 0.731334
vt 0.951730 0.894969
vt 0.949149 0.891885
vt 0.949189 0.895495
vt 0.946657 0.891029
vt 0.341520 0.769042
vt 0.344399 0.773916
vt 0.895932 0.694499
vt 0.895992 0.689399
vt 0.433117 0.740956
vt 0.433060 0.735296
vt 0.951753 0.899335
vt 0.949210 0.899493
vt 0.946701 0.894971
vt 0.340357 0.764702
vt 0.344399 0.768663
vt 0.900957 0.694503
vt 0.901017 0.689404
vt 0.898381 0.694341
vt 0.895932 0.699750
vt 0.429403 0.744669
vt 0.430813 0.739188
vt 0.951753 0.903828
vt 0.949210 0.903607
vt 0.946724 0.899337
vt 0.338110 0.760810
vt 0.343040 0.763590
vt 0.900957 0.699754
vt 0.898381 0.699971
vt 0.895992 0.704794
vt 0.423743 0.744613
vt 0.427635 0.742366
vt 0.949189 0.907556
vt 0.946724 0.903830
vt 0.334933 0.757632
vt 0.340414 0.759042
vt 0.901017 0.704799
vt 0.898569 0.710198
vt 0.898445 0.705379
vt 0.424855 0.747295
vt 0.419403 0.745776
vt 0.951686 0.911981
vt 0.951730 0.908141
vt 0.949149 0.911072
vt 0.946701 0.908143
vt 0.332152 0.752702
vt 0.336700 0.755328
vt 0.901132 0.709293
vt 0.495698 0.886815
vt 0.493238 0.884040
vt 0.495745 0.882881
vt 0.419782 0.748655
vt 0.414908 0.745776
vt 0.948277 0.265880
vt 0.945735 0.270077
vt 0.945782 0.266969
vt 0.943248 0.265885
vt 0.326700 0.754222
vt 0.331041 0.755385
vt 0.901296 0.712930
vt 0.495661 0.891658
vt 0.493194 0.887709
vt 0.414530 0.748655
vt 0.410568 0.744613
vt 0.948192 0.273315
vt 0.948225 0.269274
vt 0.943164 0.273320
vt 0.943197 0.269280
vt 0.322206 0.754222
vt 0.327079 0.751343
vt 0.498189 0.892232
vt 0.498223 0.887715
vt 0.495639 0.897079
vt 0.493160 0.892226
vt 0.404908 0.744669
vt 0.409456 0.747295
vt 0.948181 0.277727
vt 0.945705 0.273777
vt 0.945695 0.277817
vt 0.317866 0.755385
vt 0.321827 0.751343
vt 0.498168 0.897289
vt 0.495631 0.902710
vt 0.493139 0.897283
vt 0.401194 0.740956
vt 0.406676 0.742366
vt 0.948192 0.282210
vt 0.945705 0.281922
vt 0.943153 0.277733
vt 0.312206 0.755328
vt 0.316755 0.752702
vt 0.498161 0.902541
vt 0.495639 0.908166
vt 0.493132 0.902534
vt 0.398568 0.736407
vt 0.403498 0.739188
vt 0.945735 0.285812
vt 0.943164 0.282215
vt 0.310796 0.760810
vt 0.313974 0.757632
vt 0.498168 0.907630
vt 0.493160 0.912202
vt 0.493139 0.907623
vt 0.397209 0.731334
vt 0.401251 0.735296
vt 0.948277 0.290181
vt 0.948225 0.286458
vt 0.945782 0.289221
vt 0.943197 0.286463
vt 0.305867 0.763590
vt 0.308493 0.759042
vt 0.498189 0.912209
vt 0.687292 0.893866
vt 0.684690 0.890921
vt 0.687225 0.889795
vt 0.400088 0.726461
vt 0.400088 0.730955
vt 0.923420 0.840571
vt 0.921074 0.838474
vt 0.923541 0.837328
vt 0.920963 0.841443
vt 0.918517 0.837353
vt 0.307386 0.769042
vt 0.308549 0.764702
vt 0.498223 0.915966
vt 0.495661 0.913076
vt 0.687335 0.898806
vt 0.684753 0.894719
vt 0.398568 0.721009
vt 0.397209 0.726082
vt 0.923344 0.844508
vt 0.918319 0.844532
vt 0.918395 0.840595
vt 0.307386 0.773537
vt 0.304507 0.768663
vt 0.689782 0.894729
vt 0.687349 0.904277
vt 0.684793 0.899325
vt 0.401194 0.716461
vt 0.401251 0.722120
vt 0.923318 0.848872
vt 0.920894 0.845048
vt 0.918293 0.848896
vt 0.305867 0.778989
vt 0.304507 0.773916
vt 0.689821 0.899336
vt 0.687335 0.909906
vt 0.684806 0.904428
vt 0.406676 0.715051
vt 0.403498 0.718228
vt 0.923344 0.853365
vt 0.920870 0.849044
vt 0.918319 0.853389
vt 0.310796 0.781769
vt 0.308549 0.777877
vt 0.689821 0.909689
vt 0.689835 0.904439
vt 0.687292 0.915311
vt 0.684793 0.909679
vt 0.409456 0.710121
vt 0.404908 0.712747
vt 0.923420 0.857681
vt 0.920894 0.853158
vt 0.918395 0.857705
vt 0.313974 0.784947
vt 0.308493 0.783537
vt 0.689782 0.914730
vt 0.687225 0.920122
vt 0.684753 0.914720
vt 0.414530 0.708761
vt 0.410568 0.712804
vt 0.923541 0.861525
vt 0.920963 0.857110
vt 0.921074 0.860630
vt 0.316754 0.789877
vt 0.312206 0.787251
vt 0.689719 0.919218
vt 0.715550 0.911417
vt 0.717980 0.914581
vt 0.715485 0.915670
vt 0.419782 0.708762
vt 0.414908 0.711640
vt 0.929788 0.507938
vt 0.927314 0.505964
vt 0.929817 0.504798
vt 0.921219 0.863480
vt 0.918517 0.861550
vt 0.322206 0.788357
vt 0.317866 0.787194
vt 0.712951 0.914587
vt 0.715591 0.906354
vt 0.718040 0.910614
vt 0.423743 0.712804
vt 0.419403 0.711640
vt 0.929770 0.511803
vt 0.927287 0.508839
vt 0.927270 0.512379
vt 0.924759 0.507946
vt 0.326700 0.788357
vt 0.321827 0.791236
vt 0.713050 0.905897
vt 0.713012 0.910620
vt 0.718078 0.905892
vt 0.424855 0.710121
vt 0.924741 0.511811
vt 0.327079 0.791236
vt 0.783496 0.897390
vt 0.785997 0.902917
vt 0.783510 0.903007
vt 0.501646 0.758116
vt 0.496165 0.756706
vt 0.497932 0.754402
vt 0.936922 0.040589
vt 0.934416 0.036306
vt 0.936915 0.036095
vt 0.934422 0.040420
vt 0.931886 0.036103
vt 0.245936 0.807593
vt 0.251595 0.807650
vt 0.247047 0.810276
vt 0.780969 0.902922
vt 0.785946 0.892713
vt 0.785984 0.897678
vt 0.501589 0.763776
vt 0.499342 0.759884
vt 0.936940 0.044943
vt 0.934439 0.044407
vt 0.931892 0.040597
vt 0.253005 0.802168
vt 0.249827 0.805346
vt 0.780918 0.892719
vt 0.780956 0.897683
vt 0.783391 0.887402
vt 0.783456 0.892067
vt 0.505632 0.767738
vt 0.504272 0.762664
vt 0.936969 0.048862
vt 0.934465 0.047995
vt 0.931911 0.044951
vt 0.255252 0.798276
vt 0.255309 0.803936
vt 0.780857 0.888367
vt 0.898892 0.413107
vt 0.896594 0.410176
vt 0.899067 0.409045
vt 0.502753 0.772611
vt 0.502753 0.768117
vt 0.951686 0.843705
vt 0.949092 0.841589
vt 0.951624 0.840456
vt 0.931978 0.052084
vt 0.931940 0.048869
vt 0.256415 0.793936
vt 0.257935 0.799388
vt 0.901455 0.413969
vt 0.901618 0.410181
vt 0.898768 0.418040
vt 0.896430 0.413965
vt 0.504272 0.778063
vt 0.505632 0.772990
vt 0.951730 0.847647
vt 0.949149 0.844564
vt 0.949189 0.848173
vt 0.946657 0.843707
vt 0.256415 0.789442
vt 0.259294 0.794315
vt 0.896254 0.423665
vt 0.896314 0.418566
vt 0.501646 0.782611
vt 0.501589 0.776951
vt 0.951753 0.852013
vt 0.949210 0.852171
vt 0.946701 0.847649
vt 0.255252 0.785101
vt 0.259294 0.789062
vt 0.901279 0.423670
vt 0.901339 0.418570
vt 0.898703 0.423507
vt 0.896254 0.428916
vt 0.497932 0.786325
vt 0.499342 0.780843
vt 0.951753 0.856506
vt 0.946724 0.856508
vt 0.946724 0.852015
vt 0.253005 0.781209
vt 0.257935 0.783989
vt 0.901279 0.428921
vt 0.898703 0.429137
vt 0.896314 0.433961
vt 0.492273 0.786268
vt 0.496165 0.784021
vt 0.949189 0.860235
vt 0.949210 0.856285
vt 0.249828 0.778031
vt 0.255309 0.779441
vt 0.901339 0.433965
vt 0.898892 0.439364
vt 0.898768 0.434546
vt 0.493384 0.788951
vt 0.487932 0.787431
vt 0.951686 0.864659
vt 0.951730 0.860819
vt 0.949149 0.863751
vt 0.946701 0.860822
vt 0.247047 0.773101
vt 0.251595 0.775727
vt 0.901455 0.438459
vt 0.915067 0.326358
vt 0.912607 0.323583
vt 0.915114 0.322424
vt 0.488311 0.790310
vt 0.483438 0.787431
vt 0.948249 0.207781
vt 0.945806 0.205476
vt 0.948301 0.204386
vt 0.945759 0.208584
vt 0.943272 0.204392
vt 0.241595 0.774621
vt 0.245936 0.775784
vt 0.901618 0.442097
vt 0.915031 0.331201
vt 0.912563 0.327252
vt 0.483059 0.790310
vt 0.479097 0.786268
vt 0.948216 0.211822
vt 0.943188 0.211827
vt 0.943220 0.207786
vt 0.237101 0.774621
vt 0.241974 0.771742
vt 0.917558 0.331776
vt 0.917592 0.327259
vt 0.915008 0.336622
vt 0.912529 0.331769
vt 0.473437 0.786325
vt 0.477986 0.788951
vt 0.948205 0.216234
vt 0.945729 0.212284
vt 0.945719 0.216324
vt 0.232760 0.775784
vt 0.236722 0.771742
vt 0.917537 0.336832
vt 0.915000 0.342253
vt 0.912508 0.336826
vt 0.469724 0.782611
vt 0.475205 0.784021
vt 0.948216 0.220717
vt 0.945729 0.220429
vt 0.943177 0.216239
vt 0.227101 0.775727
vt 0.231649 0.773101
vt 0.917530 0.342084
vt 0.915008 0.347709
vt 0.912501 0.342078
vt 0.467098 0.778063
vt 0.472027 0.780843
vt 0.948249 0.224964
vt 0.945759 0.224318
vt 0.943188 0.220722
vt 0.225691 0.781209
vt 0.228869 0.778031
vt 0.912529 0.351746
vt 0.912508 0.347166
vt 0.465738 0.772990
vt 0.469780 0.776951
vt 0.948301 0.228688
vt 0.945806 0.227728
vt 0.943220 0.224970
vt 0.220761 0.783989
vt 0.223387 0.779441
vt 0.917558 0.351752
vt 0.917537 0.347173
vt 0.917494 0.269951
vt 0.914892 0.267006
vt 0.917426 0.265880
vt 0.468617 0.768116
vt 0.468617 0.772611
vt 0.929539 0.690006
vt 0.927193 0.687910
vt 0.929660 0.686764
vt 0.927082 0.690879
vt 0.924636 0.686788
vt 0.222281 0.789442
vt 0.223444 0.785101
vt 0.917592 0.355509
vt 0.915031 0.352619
vt 0.917536 0.274890
vt 0.914955 0.270803
vt 0.467098 0.762664
vt 0.465738 0.767738
vt 0.927013 0.694484
vt 0.924514 0.690031
vt 0.222281 0.793936
vt 0.219402 0.789062
vt 0.919983 0.270814
vt 0.915008 0.280512
vt 0.914995 0.275410
vt 0.469724 0.758116
vt 0.469780 0.763776
vt 0.929437 0.698308
vt 0.929463 0.693944
vt 0.924412 0.698332
vt 0.924438 0.693968
vt 0.220761 0.799388
vt 0.219402 0.794315
vt 0.920023 0.275420
vt 0.917551 0.280361
vt 0.917536 0.285991
vt 0.475205 0.756706
vt 0.472027 0.759884
vt 0.929463 0.702801
vt 0.926989 0.698480
vt 0.924438 0.702825
vt 0.225691 0.802168
vt 0.223444 0.798276
vt 0.920023 0.285774
vt 0.920037 0.280523
vt 0.917494 0.291395
vt 0.914995 0.285763
vt 0.477986 0.751776
vt 0.473437 0.754402
vt 0.929539 0.707117
vt 0.927013 0.702594
vt 0.924514 0.707141
vt 0.228869 0.805346
vt 0.223387 0.803936
vt 0.919983 0.290815
vt 0.917426 0.296207
vt 0.914955 0.290804
vt 0.483059 0.750417
vt 0.479097 0.754459
vt 0.929660 0.710961
vt 0.927082 0.706546
vt 0.927193 0.710066
vt 0.231649 0.810276
vt 0.227101 0.807650
vt 0.919920 0.295302
vt 0.783456 0.913599
vt 0.785886 0.916762
vt 0.783391 0.917852
vt 0.488311 0.750417
vt 0.483438 0.753296
vt 0.936940 0.027903
vt 0.934465 0.025929
vt 0.936969 0.024763
vt 0.927338 0.712915
vt 0.924636 0.710986
vt 0.237101 0.808756
vt 0.232760 0.807593
vt 0.780918 0.912801
vt 0.780857 0.916768
vt 0.783496 0.908535
vt 0.785946 0.912796
vt 0.492273 0.754459
vt 0.487932 0.753296
vt 0.936922 0.031768
vt 0.934439 0.028805
vt 0.934422 0.032344
vt 0.931911 0.027911
vt 0.241595 0.808756
vt 0.236722 0.811635
vt 0.780956 0.908079
vt 0.785984 0.908073
vt 0.493384 0.751776
vt 0.931892 0.031776
vt 0.241974 0.811635
vt 0.847214 0.633216
vt 0.840954 0.640607
vt 0.840997 0.633246
vt 0.847170 0.640577
vt 0.840825 0.647248
vt 0.847041 0.647218
vt 0.840621 0.652718
vt 0.719172 0.821106
vt 0.713039 0.827394
vt 0.712951 0.821113
vt 0.719260 0.827387
vt 0.713093 0.834559
vt 0.719315 0.834552
vt 0.713112 0.842121
vt 0.719333 0.842113
vt 0.713093 0.849563
vt 0.719315 0.849556
vt 0.713039 0.856379
vt 0.719260 0.856372
vt 0.712951 0.862104
vt 0.749706 0.866134
vt 0.756018 0.859670
vt 0.755927 0.866147
vt 0.749797 0.859657
vt 0.756075 0.852394
vt 0.749854 0.852381
vt 0.756095 0.844816
vt 0.749874 0.844803
vt 0.756075 0.837451
vt 0.749854 0.837438
vt 0.756018 0.830802
vt 0.749797 0.830789
vt 0.755927 0.825322
vt 0.018285 0.827879
vt 0.012112 0.834497
vt 0.012063 0.827888
vt 0.018334 0.834488
vt 0.012143 0.841842
vt 0.018364 0.841832
vt 0.012153 0.849422
vt 0.018375 0.849412
vt 0.012143 0.856720
vt 0.018364 0.856710
vt 0.012112 0.863239
vt 0.018334 0.863230
vt 0.012063 0.868536
vt 0.846837 0.611872
vt 0.840825 0.618388
vt 0.840621 0.611903
vt 0.244401 0.628038
vt 0.275018 0.667939
vt 0.225154 0.674504
vt 0.847041 0.618357
vt 0.840954 0.625668
vt 0.847170 0.625637
vt 0.429787 0.685645
vt 0.399171 0.645744
vt 0.449033 0.639179
vt 0.941898 0.176324
vt 0.939892 0.171140
vt 0.941898 0.173313
vt 0.939892 0.178408
vt 0.937055 0.171078
vt 0.937055 0.178346
vt 0.935050 0.173163
vt 0.935050 0.176173
vt 0.907060 0.178352
vt 0.911933 0.176298
vt 0.909915 0.178397
vt 0.911933 0.173285
vt 0.905041 0.176190
vt 0.909915 0.171123
vt 0.905041 0.173177
vt 0.907060 0.171078
vt 0.687589 0.397215
vt 0.692630 0.405070
vt 0.685343 0.398879
vt 0.824162 0.106812
vt 0.820817 0.116611
vt 0.821380 0.106635
vt 0.826375 0.117013
vt 0.826950 0.106817
vt 0.716885 0.549901
vt 0.722637 0.541212
vt 0.724325 0.543457
vt 0.718948 0.551764
vt 0.726590 0.545141
vt 0.802201 0.319481
vt 0.798870 0.308733
vt 0.801659 0.308581
vt 0.804441 0.308587
vt 0.691190 0.407565
vt 0.683635 0.401141
vt 0.694672 0.403228
vt 0.700014 0.410083
vt 0.823601 0.116758
vt 0.819975 0.126099
vt 0.825525 0.126599
vt 0.709462 0.555050
vt 0.715463 0.547420
vt 0.711429 0.556984
vt 0.803007 0.329377
vt 0.799410 0.319604
vt 0.804971 0.319237
vt 0.698702 0.412670
vt 0.701959 0.408172
vt 0.707139 0.414812
vt 0.822760 0.126234
vt 0.819121 0.135411
vt 0.824678 0.135834
vt 0.702482 0.559778
vt 0.708167 0.552477
vt 0.704525 0.561657
vt 0.803771 0.338366
vt 0.800215 0.329487
vt 0.805769 0.329022
vt 0.705726 0.417328
vt 0.709161 0.412955
vt 0.713611 0.420164
vt 0.821905 0.135557
vt 0.818558 0.144795
vt 0.824129 0.144946
vt 0.696335 0.564945
vt 0.701087 0.557277
vt 0.698626 0.566601
vt 0.804221 0.346617
vt 0.800979 0.338486
vt 0.806539 0.338099
vt 0.711868 0.422391
vt 0.715884 0.418527
vt 0.718984 0.427050
vt 0.821340 0.144976
vt 0.818629 0.154370
vt 0.824195 0.154097
vt 0.691357 0.571407
vt 0.694612 0.562736
vt 0.693971 0.572628
vt 0.804131 0.354432
vt 0.801432 0.346773
vt 0.807004 0.346657
vt 0.716812 0.428707
vt 0.725597 0.435633
vt 0.721583 0.425846
vt 0.822447 0.164291
vt 0.821412 0.154605
vt 0.685401 0.579179
vt 0.689209 0.569771
vt 0.687845 0.580103
vt 0.800451 0.362646
vt 0.801340 0.354643
vt 0.805972 0.363365
vt 0.806904 0.354952
vt 0.722771 0.436298
vt 0.727446 0.446530
vt 0.824289 0.172749
vt 0.819659 0.164003
vt 0.825182 0.163321
vt 0.683635 0.589698
vt 0.690685 0.580784
vt 0.686196 0.589945
vt 0.803248 0.362383
vt 0.798870 0.369863
vt 0.804323 0.370891
vt 0.724531 0.446684
vt 0.720300 0.437246
vt 0.727145 0.456626
vt 0.815052 0.679878
vt 0.810386 0.687751
vt 0.812368 0.680341
vt 0.817786 0.681128
vt 0.813061 0.687321
vt 0.683921 0.599420
vt 0.689124 0.590112
vt 0.686465 0.599025
vt 0.813134 0.549010
vt 0.808954 0.542141
vt 0.811733 0.542494
vt 0.815886 0.548048
vt 0.814416 0.541212
vt 0.724243 0.456293
vt 0.721942 0.446955
vt 0.725064 0.466128
vt 0.811881 0.695711
vt 0.815878 0.688263
vt 0.685917 0.608599
vt 0.689380 0.598706
vt 0.688349 0.607666
vt 0.811218 0.556134
vt 0.810363 0.548693
vt 0.816775 0.555766
vt 0.722248 0.465384
vt 0.721671 0.455922
vt 0.721614 0.475243
vt 0.811298 0.704868
vt 0.809211 0.696104
vt 0.814742 0.696346
vt 0.689260 0.617486
vt 0.691179 0.606937
vt 0.691561 0.616188
vt 0.813985 0.556413
vt 0.811670 0.564564
vt 0.817239 0.564403
vt 0.718900 0.474219
vt 0.719789 0.464475
vt 0.717190 0.484265
vt 0.811088 0.714694
vt 0.808631 0.705230
vt 0.814176 0.705270
vt 0.693594 0.626374
vt 0.694290 0.615180
vt 0.695804 0.624882
vt 0.814435 0.564812
vt 0.811859 0.574006
vt 0.817430 0.573956
vt 0.714548 0.483089
vt 0.716574 0.472945
vt 0.709499 0.492340
vt 0.808373 0.725620
vt 0.808422 0.715034
vt 0.813922 0.725455
vt 0.813970 0.714963
vt 0.700742 0.633981
vt 0.703329 0.632693
vt 0.698461 0.623722
vt 0.814696 0.584484
vt 0.814623 0.574232
vt 0.707356 0.490709
vt 0.712315 0.481619
vt 0.712069 0.493645
vt 0.706018 0.497679
vt 0.811040 0.725302
vt 0.808551 0.732343
vt 0.814093 0.731992
vt 0.704048 0.639082
vt 0.698623 0.635635
vt 0.706489 0.637577
vt 0.814595 0.590421
vt 0.811932 0.584280
vt 0.817504 0.584325
vt 0.704064 0.495767
vt 0.704494 0.503677
vt 0.708441 0.499202
vt 0.811736 0.738292
vt 0.811219 0.732058
vt 0.705890 0.645301
vt 0.702116 0.641015
vt 0.707570 0.643078
vt 0.811488 0.595522
vt 0.811830 0.590251
vt 0.817042 0.595977
vt 0.817397 0.590484
vt 0.702267 0.501929
vt 0.700387 0.507357
vt 0.812474 0.744069
vt 0.809065 0.738540
vt 0.814590 0.737968
vt 0.709859 0.648857
vt 0.709817 0.641349
vt 0.711354 0.646464
vt 0.814255 0.595656
vt 0.810965 0.600645
vt 0.816505 0.601245
vt 0.698304 0.505477
vt 0.700567 0.499724
vt 0.696195 0.510679
vt 0.813315 0.749638
vt 0.809801 0.744292
vt 0.815307 0.743575
vt 0.713982 0.652122
vt 0.713459 0.644603
vt 0.715420 0.649681
vt 0.813735 0.600754
vt 0.810317 0.605995
vt 0.815852 0.606638
vt 0.694157 0.508761
vt 0.696790 0.503100
vt 0.691928 0.514101
vt 0.814160 0.755321
vt 0.810640 0.749855
vt 0.816141 0.749094
vt 0.718251 0.655545
vt 0.717479 0.647784
vt 0.719762 0.653165
vt 0.813088 0.606097
vt 0.809618 0.611885
vt 0.815159 0.612473
vt 0.689833 0.512230
vt 0.692701 0.506338
vt 0.687531 0.518096
vt 0.814933 0.761500
vt 0.811486 0.755547
vt 0.816995 0.754841
vt 0.722694 0.659585
vt 0.721878 0.651314
vt 0.724357 0.657345
vt 0.812387 0.611996
vt 0.808954 0.618569
vt 0.814507 0.619038
vt 0.685317 0.516334
vt 0.688304 0.509867
vt 0.879693 0.083350
vt 0.877582 0.088508
vt 0.877582 0.085496
vt 0.879693 0.090622
vt 0.882679 0.083327
vt 0.882679 0.090599
vt 0.884790 0.085441
vt 0.884790 0.088453
vt 0.653513 0.961276
vt 0.657523 0.959483
vt 0.655862 0.961468
vt 0.651852 0.959018
vt 0.657523 0.956482
vt 0.651852 0.956017
vt 0.655862 0.954224
vt 0.653513 0.954032
vt 0.159195 0.628038
vt 0.163157 0.636780
vt 0.156537 0.629280
vt 0.805526 0.217778
vt 0.803695 0.204386
vt 0.806472 0.204690
vt 0.808299 0.217972
vt 0.809264 0.204601
vt 0.193524 0.843626
vt 0.189869 0.834961
vt 0.192651 0.833900
vt 0.955785 0.435790
vt 0.952936 0.426027
vt 0.955785 0.425264
vt 0.812601 0.395793
vt 0.810227 0.410006
vt 0.809810 0.395970
vt 0.815383 0.395992
vt 0.813017 0.409803
vt 0.161716 0.639300
vt 0.154912 0.631585
vt 0.165693 0.635396
vt 0.169954 0.642759
vt 0.804059 0.230245
vt 0.802751 0.217448
vt 0.806818 0.230567
vt 0.193146 0.853049
vt 0.190715 0.844422
vt 0.195907 0.853939
vt 0.196286 0.844435
vt 0.811192 0.422933
vt 0.815793 0.409717
vt 0.813981 0.422718
vt 0.168602 0.645363
vt 0.172431 0.641320
vt 0.176526 0.648395
vt 0.802579 0.242382
vt 0.801285 0.229904
vt 0.805350 0.242603
vt 0.192679 0.861876
vt 0.190338 0.853722
vt 0.195441 0.862702
vt 0.812134 0.434800
vt 0.816748 0.422505
vt 0.814924 0.434594
vt 0.175104 0.650934
vt 0.179049 0.646999
vt 0.182433 0.654887
vt 0.801647 0.254404
vt 0.799804 0.242050
vt 0.804440 0.254275
vt 0.193244 0.869854
vt 0.189869 0.862647
vt 0.498984 0.634730
vt 0.503495 0.628067
vt 0.505631 0.630035
vt 0.812533 0.445738
vt 0.817698 0.434482
vt 0.815324 0.445564
vt 0.180783 0.657159
vt 0.185106 0.653667
vt 0.187178 0.663444
vt 0.801877 0.266392
vt 0.798870 0.254103
vt 0.804656 0.265728
vt 0.490601 0.639706
vt 0.495611 0.630329
vt 0.496664 0.632902
vt 0.493183 0.641230
vt 0.811922 0.456020
vt 0.818106 0.445802
vt 0.814710 0.455895
vt 0.185243 0.665180
vt 0.193227 0.674781
vt 0.190039 0.662576
vt 0.803863 0.278180
vt 0.799102 0.266141
vt 0.806547 0.276965
vt 0.483591 0.648223
vt 0.489150 0.637595
vt 0.485385 0.649699
vt 0.809810 0.466133
vt 0.817455 0.456669
vt 0.812577 0.466106
vt 0.190250 0.675230
vt 0.194222 0.685010
vt 0.196286 0.685229
vt 0.195310 0.675191
vt 0.809264 0.283795
vt 0.480523 0.657203
vt 0.488175 0.650839
vt 0.482547 0.658020
vt 0.490326 0.650974
vt 0.485454 0.658821
vt 0.815204 0.467427
vt 0.809865 0.472246
vt 0.191209 0.685104
vt 0.188125 0.676274
vt 0.190995 0.694365
vt 0.193998 0.694629
vt 0.824560 0.012153
vt 0.820480 0.018451
vt 0.821625 0.011558
vt 0.478630 0.665915
vt 0.483771 0.666543
vt 0.485829 0.667002
vt 0.487542 0.659138
vt 0.630562 0.770757
vt 0.626931 0.764931
vt 0.629874 0.764279
vt 0.189012 0.685455
vt 0.189630 0.703015
vt 0.196066 0.694703
vt 0.192573 0.703662
vt 0.823490 0.018635
vt 0.820779 0.026002
vt 0.480789 0.666093
vt 0.477901 0.674673
vt 0.483118 0.674396
vt 0.485178 0.674832
vt 0.630028 0.777734
vt 0.627566 0.770984
vt 0.188816 0.694064
vt 0.190000 0.712237
vt 0.819510 0.035249
vt 0.818558 0.027193
vt 0.823785 0.025894
vt 0.821747 0.034228
vt 0.480104 0.674330
vt 0.478363 0.683658
vt 0.480550 0.682978
vt 0.626004 0.785147
vt 0.624683 0.776572
vt 0.627047 0.777661
vt 0.628974 0.785316
vt 0.187163 0.711233
vt 0.187532 0.702196
vt 0.186326 0.720583
vt 0.820363 0.043900
vt 0.824744 0.034025
vt 0.822626 0.043191
vt 0.480023 0.693044
vt 0.483546 0.682673
vt 0.482184 0.692214
vt 0.625089 0.793580
vt 0.623620 0.784231
vt 0.628070 0.793629
vt 0.183625 0.719266
vt 0.185161 0.710090
vt 0.178961 0.727479
vt 0.820435 0.053436
vt 0.825711 0.053226
vt 0.825632 0.043107
vt 0.485009 0.702083
vt 0.487846 0.701095
vt 0.485122 0.691574
vt 0.625000 0.802935
vt 0.622677 0.792981
vt 0.177078 0.726096
vt 0.181685 0.717983
vt 0.181480 0.729111
vt 0.175966 0.731463
vt 0.822380 0.058894
vt 0.822702 0.053116
vt 0.825385 0.059079
vt 0.487243 0.707243
vt 0.482881 0.703023
vt 0.489891 0.705832
vt 0.622918 0.807864
vt 0.622582 0.802728
vt 0.627984 0.802787
vt 0.625316 0.807691
vt 0.174251 0.729862
vt 0.174547 0.736886
vt 0.178202 0.733462
vt 0.822052 0.064205
vt 0.820128 0.058836
vt 0.488136 0.712875
vt 0.485226 0.708434
vt 0.489970 0.711398
vt 0.623292 0.812341
vt 0.628645 0.811644
vt 0.628296 0.807469
vt 0.172648 0.734566
vt 0.170679 0.739634
vt 0.821735 0.069066
vt 0.819820 0.063830
vt 0.825059 0.064376
vt 0.491376 0.716606
vt 0.492366 0.709597
vt 0.493066 0.714960
vt 0.625664 0.811852
vt 0.623714 0.816632
vt 0.629049 0.815739
vt 0.169026 0.737133
vt 0.171178 0.732731
vt 0.166663 0.742099
vt 0.821426 0.073680
vt 0.819517 0.068485
vt 0.824742 0.069227
vt 0.494740 0.719987
vt 0.495266 0.712924
vt 0.496385 0.718293
vt 0.626067 0.815938
vt 0.624181 0.821035
vt 0.629510 0.820086
vt 0.165086 0.739549
vt 0.167736 0.735166
vt 0.162522 0.744678
vt 0.821115 0.078327
vt 0.819211 0.073038
vt 0.824433 0.073839
vt 0.498107 0.723413
vt 0.498522 0.716192
vt 0.499809 0.721779
vt 0.626528 0.820282
vt 0.624685 0.825820
vt 0.630021 0.824943
vt 0.160848 0.742191
vt 0.163852 0.737546
vt 0.158240 0.747774
vt 0.820788 0.083349
vt 0.818895 0.077762
vt 0.824122 0.078489
vt 0.501433 0.727301
vt 0.502025 0.719761
vt 0.503254 0.725807
vt 0.627039 0.825142
vt 0.625211 0.831227
vt 0.630562 0.830510
vt 0.156364 0.745435
vt 0.159543 0.740234
vt 0.540556 0.397687
vt 0.011558 0.398312
vt 0.154912 0.397477
vt 0.397209 0.397215
vt 0.043659 0.741753
vt 0.621809 0.741162
vt 0.019853 0.628842
vt 0.548845 0.628266
vt 0.751034 0.516839
vt 0.367769 0.803895
vt 0.574088 0.749642
vt 0.794972 0.127097
vt 0.789226 0.127100
vt 0.775491 0.205545
vt 0.723241 0.683959
vt 0.081306 0.630029
vt 0.782717 0.396992
vt 0.075559 0.630032
vt 0.750178 0.662258
vt 0.752844 0.801033
vt 0.654776 0.749642
vt 0.784788 0.795417
vt 0.779041 0.795420
vt 0.765847 0.012717
vt 0.689382 0.682709
vt 0.760100 0.012718
vt 0.110657 0.630029
vt 0.781861 0.542411
vt 0.104910 0.630032
vt 0.373517 0.664321
vt 0.374092 0.518930
vt 0.679996 0.205260
vt 0.590522 0.205301
vt 0.307157 0.664233
vt 0.307786 0.518870
vt 0.746364 0.205252
vt 0.656880 0.205271
vt 0.467663 0.813426
vt 0.830120 0.322424
vt 0.834353 0.322475
vt 0.853103 0.011801
vt 0.975669 0.814170
vt 0.974021 0.812463
vt 0.974021 0.810091
vt 0.977999 0.808484
vt 0.979647 0.812563
vt 0.812694 0.784888
vt 0.183358 0.975716
vt 0.183358 0.978089
vt 0.181712 0.979738
vt 0.177740 0.977989
vt 0.179386 0.973967
vt 0.783788 0.944548
vt 0.628736 0.954032
vt 0.628649 0.961614
vt 0.686937 0.954382
vt 0.686937 0.943239
vt 0.961893 0.477507
vt 0.961784 0.469767
vt 0.037081 0.905608
vt 0.037081 0.901535
vt 0.039074 0.897982
vt 0.046510 0.895852
vt 0.049962 0.897846
vt 0.051954 0.901348
vt 0.049962 0.908974
vt 0.046510 0.911054
vt 0.042525 0.911103
vt 0.223780 0.903481
vt 0.223780 0.907555
vt 0.221790 0.911059
vt 0.214366 0.913006
vt 0.210920 0.910928
vt 0.208931 0.907375
vt 0.210920 0.899797
vt 0.214366 0.897802
vt 0.218345 0.897850
vt 0.872514 0.544110
vt 0.495365 0.813426
vt 0.369137 0.827113
vt 0.304507 0.814362
vt 0.154624 0.975614
vt 0.154624 0.977986
vt 0.152978 0.979694
vt 0.149002 0.978090
vt 0.150649 0.974010
vt 0.308873 0.814352
vt 0.470015 0.975800
vt 0.470015 0.978173
vt 0.468372 0.979819
vt 0.464404 0.978065
vt 0.466047 0.974047
vt 0.749706 0.946505
vt 0.972463 0.173788
vt 0.955692 0.702998
vt 0.955692 0.713999
vt 0.968612 0.075207
vt 0.269770 0.903266
vt 0.269770 0.907339
vt 0.267779 0.910892
vt 0.260349 0.913025
vt 0.256901 0.911033
vt 0.254910 0.907532
vt 0.256901 0.899906
vt 0.260349 0.897825
vt 0.264331 0.897773
vt 0.750258 0.953714
vt 0.549875 0.908225
vt 0.549875 0.912299
vt 0.547888 0.915800
vt 0.540472 0.917738
vt 0.537030 0.915656
vt 0.535043 0.912102
vt 0.537030 0.904528
vt 0.540472 0.902537
vt 0.544446 0.902589
vt 0.429125 0.848379
vt 0.257025 0.834755
vt 0.108792 0.847162
vt 0.946657 0.975963
vt 0.946657 0.973587
vt 0.948321 0.971890
vt 0.952338 0.973531
vt 0.950674 0.977604
vt 0.881925 0.113763
vt 0.424757 0.848455
vt 0.971417 0.206101
vt 0.973082 0.204406
vt 0.975437 0.204386
vt 0.977102 0.208431
vt 0.973082 0.210146
vt 0.401590 0.956624
vt 0.972412 0.132710
vt 0.960085 0.035795
vt 0.960085 0.024763
vt 0.731172 0.352193
vt 0.733185 0.355737
vt 0.733185 0.359813
vt 0.727684 0.365343
vt 0.723657 0.365315
vt 0.720169 0.363253
vt 0.718155 0.355633
vt 0.720169 0.352117
vt 0.723657 0.350103
vt 0.826291 0.955302
vt 0.679996 0.355726
vt 0.682012 0.352184
vt 0.685502 0.350126
vt 0.693024 0.352122
vt 0.695039 0.355641
vt 0.695039 0.359718
vt 0.689533 0.365319
vt 0.685502 0.365342
vt 0.682012 0.363323
vt 0.872816 0.680075
vt 0.685445 0.821138
vt 0.049666 0.828111
vt 0.974021 0.783677
vt 0.974021 0.781305
vt 0.975668 0.779598
vt 0.979647 0.781205
vt 0.977999 0.785284
vt 0.867717 0.784863
vt 0.868418 0.680104
vt 0.269770 0.975460
vt 0.269770 0.977834
vt 0.268121 0.979486
vt 0.264142 0.977744
vt 0.265790 0.973718
vt 0.956866 0.622733
vt 0.971437 0.322424
vt 0.971437 0.333362
vt 0.952776 0.679808
vt 0.971404 0.282319
vt 0.145865 0.906873
vt 0.145865 0.902800
vt 0.147858 0.899248
vt 0.155294 0.897117
vt 0.158745 0.899111
vt 0.160738 0.902613
vt 0.158745 0.910239
vt 0.155294 0.912319
vt 0.151309 0.912369
vt 0.910813 0.742881
vt 0.910813 0.746956
vt 0.908819 0.750463
vt 0.901379 0.752421
vt 0.897926 0.750347
vt 0.895932 0.746797
vt 0.897926 0.739214
vt 0.901379 0.737214
vt 0.905366 0.737256
vt 0.876219 0.019212
vt 0.880562 0.019096
vt 0.874653 0.611995
vt 0.158421 0.834075
vt 0.047963 0.978454
vt 0.046309 0.976751
vt 0.046309 0.974377
vt 0.050301 0.972758
vt 0.051954 0.976835
vt 0.219402 0.834942
vt 0.223780 0.834868
vt 0.023193 0.974458
vt 0.023193 0.976833
vt 0.021540 0.978490
vt 0.017552 0.976755
vt 0.019204 0.972723
vt 0.118786 0.948404
vt 0.118786 0.959409
vt 0.373780 0.957533
vt 0.425047 0.953291
vt 0.953281 0.532077
vt 0.756302 0.359842
vt 0.756302 0.355768
vt 0.758302 0.352219
vt 0.765766 0.350103
vt 0.769230 0.352103
vt 0.771230 0.355610
vt 0.769230 0.363234
vt 0.765766 0.365308
vt 0.761766 0.365350
vt 0.953281 0.520986
vt 0.847299 0.280800
vt 0.847299 0.284876
vt 0.845301 0.288387
vt 0.837841 0.290357
vt 0.834379 0.288287
vt 0.832381 0.284739
vt 0.834379 0.277152
vt 0.837841 0.275146
vt 0.841839 0.275183
vt 0.863327 0.853789
vt 0.867726 0.853780
vt 0.884985 0.361502
vt 0.304942 0.974145
vt 0.307244 0.974183
vt 0.308872 0.975890
vt 0.307244 0.979920
vt 0.303314 0.978175
vt 0.891800 0.204386
vt 0.656123 0.849661
vt 0.976466 0.869358
vt 0.978725 0.869356
vt 0.980323 0.871039
vt 0.978725 0.875105
vt 0.974869 0.873424
vt 0.871030 0.758309
vt 0.752376 0.984823
vt 0.810369 0.497134
vt 0.712951 0.975555
vt 0.113744 0.909966
vt 0.117157 0.911968
vt 0.119127 0.915477
vt 0.117157 0.923105
vt 0.113744 0.925180
vt 0.109804 0.925222
vt 0.104422 0.919711
vt 0.104422 0.915634
vt 0.106392 0.912083
vt 0.871030 0.750427
vt 0.364926 0.912091
vt 0.368800 0.912036
vt 0.372156 0.914025
vt 0.374093 0.921603
vt 0.372156 0.925161
vt 0.368800 0.927247
vt 0.361571 0.925313
vt 0.359634 0.921811
vt 0.359634 0.917735
vt 0.397209 0.888919
vt 0.887400 0.265880
vt 0.891776 0.266145
vt 0.577391 0.888958
vt 0.572991 0.888959
vt 0.334113 0.883369
vt 0.331989 0.976931
vt 0.333325 0.975440
vt 0.335214 0.975680
vt 0.336550 0.979859
vt 0.333325 0.981110
vt 0.915932 0.379764
vt 0.917354 0.381277
vt 0.917354 0.383626
vt 0.913922 0.385644
vt 0.912501 0.381782
vt 0.949430 0.948751
vt 0.981545 0.436242
vt 0.892696 0.859228
vt 0.892462 0.848472
vt 0.519568 0.983026
vt 0.519568 0.975160
vt 0.041599 0.936064
vt 0.044374 0.934220
vt 0.047578 0.934437
vt 0.051954 0.940285
vt 0.051954 0.944350
vt 0.050353 0.947762
vt 0.044374 0.949390
vt 0.041599 0.947170
vt 0.039997 0.943541
vt 0.949430 0.935100
vt 0.942003 0.737214
vt 0.944959 0.739064
vt 0.946665 0.742477
vt 0.944959 0.750161
vt 0.942003 0.752373
vt 0.938591 0.752582
vt 0.933929 0.747319
vt 0.933929 0.743257
vt 0.935636 0.739635
vt 0.424725 0.825170
vt 0.845019 0.541667
vt 0.577391 0.827266
vt 0.572991 0.827266
vt 0.104422 0.774610
vt 0.780161 0.975324
vt 0.782286 0.975243
vt 0.783788 0.976865
vt 0.782286 0.980975
vt 0.778658 0.979434
vt 0.108816 0.774524
vt 0.429125 0.825170
vt 0.546227 0.975160
vt 0.548364 0.975262
vt 0.549875 0.977010
vt 0.548364 0.980983
vt 0.544716 0.979133
vt 0.308614 0.944203
vt 0.239581 0.982644
vt 0.016589 0.934220
vt 0.016881 0.941047
vt 0.016589 0.947871
vt 0.978745 0.679837
vt 0.938209 0.132738
vt 0.941840 0.132708
vt 0.944984 0.134722
vt 0.946799 0.142320
vt 0.944984 0.145867
vt 0.941840 0.147932
vt 0.935065 0.145948
vt 0.933249 0.142430
vt 0.933249 0.138350
vt 0.308872 0.937377
vt 0.936868 0.075201
vt 0.940514 0.075272
vt 0.943672 0.077372
vt 0.945495 0.085014
vt 0.943672 0.088509
vt 0.940514 0.090486
vt 0.933710 0.088315
vt 0.931886 0.084749
vt 0.931886 0.080672
vt 0.868738 0.443195
vt 0.075071 0.888910
vt 0.868738 0.507406
vt 0.897775 0.588756
vt 0.976454 0.379396
vt 0.978665 0.379285
vt 0.980228 0.380878
vt 0.978665 0.384989
vt 0.974891 0.383507
vt 0.977010 0.971867
vt 0.979211 0.971961
vt 0.980767 0.973703
vt 0.979211 0.977679
vt 0.975455 0.975844
vt 0.398909 0.914920
vt 0.982417 0.564565
vt 0.982417 0.572446
vt 0.469812 0.940183
vt 0.470015 0.950931
vt 0.892833 0.890272
vt 0.892833 0.882401
vt 0.631311 0.915733
vt 0.635080 0.915615
vt 0.638344 0.917546
vt 0.640228 0.925078
vt 0.638344 0.928661
vt 0.635080 0.930797
vt 0.628047 0.928984
vt 0.626163 0.925520
vt 0.626163 0.921452
vt 0.399127 0.925687
vt 0.831326 0.916885
vt 0.835081 0.916969
vt 0.838333 0.919079
vt 0.840210 0.926724
vt 0.838333 0.930210
vt 0.835081 0.932174
vt 0.828074 0.929980
vt 0.826196 0.926409
vt 0.826196 0.922335
vt 0.660518 0.774297
vt 0.549875 0.764345
vt 0.210495 0.974834
vt 0.212708 0.974764
vt 0.214272 0.976394
vt 0.212708 0.980495
vt 0.208931 0.978935
vt 0.079460 0.774524
vt 0.401609 0.827205
vt 0.976482 0.840456
vt 0.978763 0.840507
vt 0.980376 0.842222
vt 0.978763 0.846240
vt 0.974869 0.844474
vt 0.918539 0.945053
vt 0.918293 0.938228
vt 0.981193 0.524210
vt 0.972265 0.737253
vt 0.972265 0.748045
vt 0.840902 0.750644
vt 0.868491 0.915025
vt 0.872271 0.914979
vt 0.875545 0.916979
vt 0.877435 0.924566
vt 0.875545 0.928120
vt 0.872271 0.930199
vt 0.865217 0.928245
vt 0.863327 0.924736
vt 0.863327 0.920658
vt 0.430084 0.911052
vt 0.433984 0.911096
vt 0.437361 0.913172
vt 0.439311 0.920802
vt 0.437361 0.924311
vt 0.433984 0.926312
vt 0.426707 0.924192
vt 0.424757 0.920639
vt 0.424757 0.916562
vt 0.845622 0.395940
vt 0.859897 0.250176
vt 0.841222 0.466384
vt 0.976461 0.898223
vt 0.978711 0.898239
vt 0.980303 0.899933
vt 0.978711 0.903986
vt 0.974869 0.902276
vt 0.331989 0.859900
vt 0.917312 0.975008
vt 0.919486 0.974995
vt 0.921023 0.976670
vt 0.919486 0.980744
vt 0.915774 0.979082
vt 0.889587 0.953361
vt 0.523752 0.940907
vt 0.523752 0.951881
vt 0.865778 0.956280
vt 0.547514 0.940907
vt 0.593906 0.914861
vt 0.597769 0.914943
vt 0.601115 0.917050
vt 0.603046 0.924689
vt 0.601115 0.928174
vt 0.597769 0.930139
vt 0.590560 0.927949
vt 0.588629 0.924382
vt 0.588629 0.920310
vt 0.889587 0.964137
vt 0.929835 0.466490
vt 0.933568 0.466380
vt 0.936801 0.468321
vt 0.938668 0.475862
vt 0.936801 0.479442
vt 0.933568 0.481573
vt 0.926601 0.479741
vt 0.924735 0.476271
vt 0.924735 0.472200
vt 0.840210 0.855619
vt 0.922693 0.785481
vt 0.628365 0.854343
vt 0.812694 0.856983
vt 0.686806 0.977915
vt 0.688580 0.977512
vt 0.689835 0.978856
vt 0.688580 0.983072
vt 0.685551 0.982131
vt 0.791471 0.150656
vt 0.835811 0.855619
vt 0.795418 0.178468
vt 0.794647 0.180134
vt 0.792514 0.181002
vt 0.789226 0.179073
vt 0.331989 0.938673
vt 0.495701 0.980937
vt 0.715581 0.945621
vt 0.850067 0.177022
vt 0.257517 0.939035
vt 0.213006 0.936637
vt 0.215989 0.936171
vt 0.218572 0.937779
vt 0.220063 0.945051
vt 0.218572 0.948768
vt 0.215988 0.951182
vt 0.210422 0.950040
vt 0.208931 0.946790
vt 0.208931 0.942767
vt 0.332117 0.949439
vt 0.268094 0.936957
vt 0.269770 0.939491
vt 0.269770 0.943065
vt 0.265191 0.949480
vt 0.261839 0.950601
vt 0.258936 0.949786
vt 0.257260 0.943677
vt 0.852279 0.153484
vt 0.840210 0.784863
vt 0.845301 0.727287
vt 0.973084 0.233266
vt 0.975442 0.233262
vt 0.977109 0.234944
vt 0.975442 0.239011
vt 0.971417 0.237333
vt 0.840902 0.727281
vt 0.832381 0.204409
vt 0.974212 0.943003
vt 0.976567 0.942998
vt 0.978232 0.944678
vt 0.976567 0.948746
vt 0.972546 0.947071
vt 0.495620 0.953872
vt 0.591454 0.953367
vt 0.985921 0.024764
vt 0.075278 0.959449
vt 0.595549 0.350080
vt 0.599589 0.350085
vt 0.603087 0.352129
vt 0.605107 0.359744
vt 0.603087 0.363274
vt 0.599589 0.365310
vt 0.592051 0.363261
vt 0.590031 0.359726
vt 0.590031 0.355646
vt 0.495620 0.940221
vt 0.633738 0.350099
vt 0.637775 0.350080
vt 0.641272 0.352102
vt 0.643290 0.359702
vt 0.641272 0.363243
vt 0.637775 0.365298
vt 0.630242 0.363295
vt 0.628223 0.359773
vt 0.628223 0.355695
vt 0.785257 0.818536
vt 0.895177 0.785644
vt 0.857469 0.322667
vt 0.861869 0.322657
vt 0.600714 0.854343
vt 0.981763 0.643030
vt 0.983594 0.643004
vt 0.984889 0.644670
vt 0.983594 0.648752
vt 0.980468 0.647112
vt 0.546347 0.842900
vt 0.549875 0.876504
vt 0.549702 0.878236
vt 0.547902 0.879421
vt 0.543974 0.878097
vt 0.762501 0.164100
vt 0.982400 0.611872
vt 0.982400 0.619692
vt 0.809984 0.642155
vt 0.978808 0.706073
vt 0.153298 0.935485
vt 0.156442 0.935658
vt 0.159165 0.937844
vt 0.160738 0.945527
vt 0.159165 0.948965
vt 0.156442 0.950850
vt 0.150575 0.948491
vt 0.149002 0.944879
vt 0.149002 0.940809
vt 0.944759 0.369874
vt 0.947724 0.369847
vt 0.950292 0.371864
vt 0.951775 0.379463
vt 0.950292 0.383010
vt 0.947724 0.385073
vt 0.942191 0.383083
vt 0.940709 0.379563
vt 0.940709 0.375484
vt 0.469904 0.884672
vt 0.464875 0.884678
vt 0.927348 0.435221
vt 0.897945 0.641282
vt 0.951504 0.588756
vt 0.900582 0.646091
vt 0.903707 0.054085
vt 0.075166 0.936333
vt 0.906245 0.058987
vt 0.914916 0.233798
vt 0.918675 0.915112
vt 0.308761 0.884771
vt 0.303732 0.884776
vt 0.928863 0.638048
vt 0.896430 0.495790
vt 0.945809 0.814212
vt 0.899067 0.500599
vt 0.905070 0.143060
vt 0.940804 0.346731
vt 0.907607 0.147962
vt 0.749706 0.918675
vt 0.923521 0.588756
vt 0.717980 0.886180
vt 0.712951 0.886186
vt 0.924826 0.532119
vt 0.896108 0.709288
vt 0.946657 0.911983
vt 0.898745 0.714097
vt 0.943248 0.290187
vt 0.495698 0.917104
vt 0.684690 0.919207
vt 0.918675 0.864662
vt 0.785886 0.888362
vt 0.934500 0.050939
vt 0.896430 0.438455
vt 0.946657 0.864662
vt 0.899067 0.443264
vt 0.943272 0.228694
vt 0.915067 0.356647
vt 0.914892 0.295292
vt 0.924794 0.714097
vt 0.846837 0.652687
vt 0.719172 0.862097
vt 0.749706 0.825309
vt 0.018285 0.868526
vt 0.221364 0.667939
vt 0.219402 0.660617
vt 0.219402 0.653037
vt 0.221364 0.645715
vt 0.225154 0.639150
vt 0.230514 0.633790
vt 0.237079 0.630000
vt 0.251981 0.628038
vt 0.259303 0.630000
vt 0.265868 0.633790
vt 0.271228 0.639150
vt 0.275018 0.645715
vt 0.276980 0.653037
vt 0.276980 0.660617
vt 0.271228 0.674504
vt 0.265868 0.679864
vt 0.259303 0.683654
vt 0.251981 0.685616
vt 0.244401 0.685616
vt 0.237079 0.683654
vt 0.230514 0.679864
vt 0.452823 0.645744
vt 0.454785 0.653066
vt 0.454785 0.660646
vt 0.452823 0.667968
vt 0.449033 0.674533
vt 0.443673 0.679893
vt 0.437109 0.683683
vt 0.422207 0.685645
vt 0.414885 0.683683
vt 0.408321 0.679893
vt 0.402961 0.674533
vt 0.399171 0.667968
vt 0.397209 0.660646
vt 0.397209 0.653066
vt 0.402961 0.639179
vt 0.408321 0.633819
vt 0.414885 0.630029
vt 0.422207 0.628067
vt 0.429787 0.628067
vt 0.437109 0.630029
vt 0.443673 0.633819
vt 0.821493 0.172423
vt 0.826950 0.171434
vt 0.801674 0.369563
vt 0.812262 0.761746
vt 0.817786 0.761159
vt 0.726590 0.655602
vt 0.811722 0.618700
vt 0.683635 0.514112
vt 0.952933 0.436366
vt 0.190470 0.870951
vt 0.801104 0.278026
vt 0.806763 0.285465
vt 0.812293 0.474018
vt 0.194637 0.703757
vt 0.818558 0.082953
vt 0.823795 0.083519
vt 0.505631 0.723981
vt 0.627582 0.830717
vt 0.154912 0.743586
s 1
f 1/1/1 3/2/1 2/3/1
f 1/1/1 4/4/1 3/2/1
f 1/1/1 5/5/1 4/4/1
f 1/1/1 6/6/1 5/5/1
f 1/1/1 7/7/1 6/6/1
f 1/1/1 8/8/1 7/7/1
f 1/1/1 9/9/1 8/8/1
f 1/1/1 10/10/1 9/9/1
f 1/1/1 11/11/1 10/10/1
f 1/1/1 12/12/1 11/11/1
f 1/1/1 13/13/1 12/12/1
f 1/1/1 14/14/1 13/13/1
f 1/1/1 15/15/1 14/14/1
f 1/1/1 16/16/1 15/15/1
f 1/1/1 17/17/1 16/16/1
f 1/1/1 18/18/1 17/17/1
f 1/1/1 19/19/1 18/18/1
f 1/1/1 20/20/1 19/19/1
f 1/1/1 21/21/1 20/20/1
f 1/1/1 22/22/1 21/21/1
f 1/1/1 23/23/1 22/22/1
f 1/1/1 24/24/1 23/23/1
f 1/1/1 25/25/1 24/24/1
f 1/1/1 26/26/1 25/25/1
f 1/1/1 27/27/1 26/26/1
f 1/1/1 28/28/1 27/27/1
f 1/1/1 29/29/1 28/28/1
f 1/1/1 30/30/1 29/29/1
f 1/1/1 31/31/1 30/30/1
f 1/1/1 32/32/1 31/31/1
f 1/1/1 33/33/1 32/32/1
f 1/1/1 34/34/1 33/33/1
f 1/1/1 35/35/1 34/34/1
f 1/1/1 36/36/1 35/35/1
f 1/1/1 37/37/1 36/36/1
f 1/1/1 38/38/1 37/37/1
f 1/1/1 39/39/1 38/38/1
f 1/1/1 40/40/1 39/39/1
f 1/1/1 41/41/1 40/40/1
f 1/1/1 42/42/1 41/41/1
f 1/1/1 43/43/1 42/42/1
f 1/1/1 44/44/1 43/43/1
f 1/1/1 45/45/1 44/44/1
f 1/1/1 46/46/1 45/45/1
f 1/1/1 47/47/1 46/46/1
f 1/1/1 48/48/1 47/47/1
f 1/1/1 49/49/1 48/48/1
f 1/1/1 2/3/1 49/49/1
f 2/50/2 51/51/3 50/52/4
f 4/53/5 51/51/3 3/54/6
f 4/53/5 53/55/7 52/56/8
f 5/57/9 54/58/10 53/55/7
f 6/59/11 55/60/12 54/58/10
f 7/61/13 56/62/14 55/60/12
f 9/63/15 56/62/14 8/64/16
f 10/65/17 57/66/18 9/67/15
f 11/68/19 58/69/20 10/65/17
f 12/70/21 59/71/22 11/68/19
f 13/72/23 60/73/24 12/70/21
f 14/74/25 61/75/26 13/72/23
f 14/74/25 63/76/27 62/77/28
f 16/78/29 63/76/27 15/79/30
f 16/78/29 65/80/31 64/81/32
f 17/82/33 66/83/34 65/80/31
f 18/84/35 67/85/36 66/83/34
f 19/86/37 68/87/38 67/85/36
f 21/88/39 68/87/38 20/89/40
f 22/90/41 69/91/42 21/92/39
f 23/93/43 70/94/44 22/90/41
f 24/95/45 71/96/46 23/93/43
f 25/97/47 72/98/48 24/95/45
f 26/99/49 73/100/50 25/97/47
f 26/99/49 75/101/51 74/102/52
f 28/103/53 75/101/51 27/104/54
f 28/103/53 77/105/55 76/106/56
f 29/107/57 78/108/58 77/105/55
f 30/109/59 79/110/60 78/108/58
f 31/111/61 80/112/62 79/110/60
f 33/113/63 80/112/62 32/114/64
f 34/115/65 81/116/66 33/117/63
f 35/118/67 82/119/68 34/115/65
f 36/120/69 83/121/70 35/118/67
f 37/122/71 84/123/72 36/120/69
f 38/124/73 85/125/74 37/122/71
f 38/124/73 87/126/75 86/127/76
f 40/128/77 87/126/75 39/129/78
f 40/128/77 89/130/79 88/131/80
f 41/132/81 90/133/82 89/130/79
f 42/134/83 91/135/84 90/133/82
f 43/136/85 92/137/86 91/135/84
f 45/138/87 92/137/86 44/139/88
f 46/140/89 93/141/90 45/142/87
f 47/143/91 94/144/92 46/140/89
f 48/145/93 95/146/94 47/143/91
f 49/147/95 96/148/96 48/145/93
f 2/50/2 97/149/97 49/147/95
f 51/51/3 98/150/98 50/52/4
f 52/56/8 99/151/99 51/51/3
f 53/55/7 100/152/100 52/56/8
f 54/58/10 101/153/101 53/55/7
f 55/60/12 102/154/102 54/58/10
f 56/62/14 103/155/103 55/60/12
f 57/156/18 104/157/104 56/62/14
f 58/69/20 105/158/105 57/66/18
f 59/71/22 106/159/106 58/69/20
f 60/73/24 107/160/107 59/71/22
f 61/75/26 108/161/108 60/73/24
f 62/77/28 109/162/109 61/75/26
f 63/76/27 110/163/110 62/77/28
f 64/81/32 111/164/111 63/76/27
f 65/80/31 112/165/112 64/81/32
f 66/83/34 113/166/113 65/80/31
f 67/85/36 114/167/114 66/83/34
f 68/87/38 115/168/115 67/85/36
f 69/169/42 116/170/116 68/87/38
f 70/94/44 117/171/117 69/91/42
f 71/96/46 118/172/118 70/94/44
f 72/98/48 119/173/119 71/96/46
f 73/100/50 120/174/120 72/98/48
f 74/102/52 121/175/121 73/100/50
f 75/101/51 122/176/122 74/102/52
f 76/106/56 123/177/123 75/101/51
f 77/105/55 124/178/124 76/106/56
f 78/108/58 125/179/125 77/105/55
f 79/110/60 126/180/126 78/108/58
f 80/112/62 127/181/127 79/110/60
f 81/182/66 128/183/128 80/112/62
f 82/119/68 129/184/129 81/116/66
f 83/121/70 130/185/130 82/119/68
f 84/123/72 131/186/131 83/121/70
f 85/125/74 132/187/132 84/123/72
f 86/127/76 133/188/133 85/125/74
f 87/126/75 134/189/134 86/127/76
f 88/131/80 135/190/135 87/126/75
f 89/130/79 136/191/136 88/131/80
f 90/133/82 137/192/137 89/130/79
f 91/135/84 138/193/138 90/133/82
f 92/137/86 139/194/139 91/135/84
f 93/195/90 140/196/140 92/137/86
f 94/144/92 141/197/141 93/141/90
f 95/146/94 142/198/142 94/144/92
f 96/148/96 143/199/143 95/146/94
f 97/149/97 144/200/144 96/148/96
f 50/52/4 145/201/145 97/149/97
f 99/151/99 146/202/146 98/150/98
f 100/152/100 147/203/147 99/151/99
f 101/153/101 148/204/148 100/152/100
f 102/154/102 149/205/149 101/153/101
f 103/155/103 150/206/150 102/154/102
f 104/157/104 151/207/151 103/155/103
f 105/208/105 152/209/152 104/157/104
f 106/159/106 153/210/153 105/158/105
f 106/159/106 155/211/154 154/212/155
f 107/160/107 156/213/156 155/211/154
f 109/162/109 156/213/156 108/161/108
f 110/163/110 157/214/157 109/162/109
f 111/164/111 158/215/158 110/163/110
f 112/165/112 159/216/159 111/164/111
f 113/166/113 160/217/160 112/165/112
f 114/167/114 161/218/161 113/166/113
f 115/168/115 162/219/162 114/167/114
f 116/170/116 163/220/163 115/168/115
f 117/221/117 164/222/164 116/170/116
f 118/172/118 165/223/165 117/171/117
f 118/172/118 167/224/166 166/225/167
f 119/173/119 168/226/168 167/224/166
f 121/175/121 168/226/168 120/174/120
f 122/176/122 169/227/169 121/175/121
f 123/177/123 170/228/170 122/176/122
f 124/178/124 171/229/171 123/177/123
f 125/179/125 172/230/172 124/178/124
f 126/180/126 173/231/173 125/179/125
f 127/181/127 174/232/174 126/180/126
f 128/183/128 175/233/175 127/181/127
f 129/234/129 176/235/176 128/183/128
f 130/185/130 177/236/177 129/184/129
f 130/185/130 179/237/178 178/238/179
f 131/186/131 180/239/180 179/237/178
f 133/188/133 180/239/180 132/187/132
f 134/189/134 181/240/181 133/188/133
f 135/190/135 182/241/182 134/189/134
f 136/191/136 183/242/183 135/190/135
f 137/192/137 184/243/184 136/191/136
f 138/193/138 185/244/185 137/192/137
f 139/194/139 186/245/186 138/193/138
f 140/196/140 187/246/187 139/194/139
f 141/247/141 188/248/188 140/196/140
f 142/198/142 189/249/189 141/197/141
f 142/198/142 191/250/190 190/251/191
f 143/199/143 192/252/192 191/250/190
f 145/201/145 192/252/192 144/200/144
f 98/150/98 193/253/193 145/201/145
f 146/254/194 195/255/194 194/256/194
f 148/257/194 195/255/194 147/258/194
f 148/257/194 197/259/194 196/260/194
f 150/261/194 197/259/194 149/262/194
f 151/263/194 198/264/194 150/261/194
f 152/265/194 199/266/194 151/263/194
f 152/265/194 201/267/194 200/268/194
f 154/269/194 201/267/194 153/270/194
f 155/271/194 202/272/194 154/269/194
f 156/273/194 203/274/194 155/271/194
f 156/273/194 205/275/194 204/276/194
f 158/277/194 205/275/194 157/278/194
f 158/277/194 207/279/194 206/280/194
f 160/281/194 207/279/194 159/282/194
f 160/281/194 209/283/194 208/284/194
f 162/285/194 209/283/194 161/286/194
f 163/287/194 210/288/194 162/285/194
f 164/289/194 211/290/194 163/287/194
f 164/289/194 213/291/194 212/292/194
f 166/293/194 213/291/194 165/294/194
f 167/295/194 214/296/194 166/293/194
f 168/297/194 215/298/194 167/295/194
f 168/297/194 217/299/194 216/300/194
f 170/301/194 217/299/194 169/302/194
f 170/301/194 219/303/194 218/304/194
f 172/305/194 219/303/194 171/306/194
f 172/305/194 221/307/194 220/308/194
f 174/309/194 221/307/194 173/310/194
f 175/311/194 222/312/194 174/309/194
f 176/313/194 223/314/194 175/311/194
f 176/313/194 225/315/194 224/316/194
f 178/317/194 225/315/194 177/318/194
f 179/319/194 226/320/194 178/317/194
f 180/321/194 227/322/194 179/319/194
f 180/321/194 229/323/194 228/324/194
f 182/325/194 229/323/194 181/326/194
f 182/325/194 231/327/194 230/328/194
f 184/329/194 231/327/194 183/330/194
f 184/329/194 233/331/194 232/332/194
f 186/333/194 233/331/194 185/334/194
f 187/335/194 234/336/194 186/333/194
f 188/337/194 235/338/194 187/335/194
f 188/337/194 237/339/194 236/340/194
f 190/341/194 237/339/194 189/342/194
f 191/343/194 238/344/194 190/341/194
f 192/345/194 239/346/194 191/343/194
f 192/345/194 241/347/194 240/348/194
f 146/254/194 241/347/194 193/349/194
f 195/350/195 242/351/196 194/352/196
f 196/353/197 243/354/195 195/350/195
f 197/355/198 244/356/197 196/353/197
f 198/357/199 245/358/198 197/355/198
f 199/359/200 246/360/199 198/357/199
f 200/361/201 247/362/200 199/359/200
f 201/363/202 248/364/201 200/361/201
f 202/365/203 249/366/202 201/367/202
f 203/368/204 250/369/203 202/365/203
f 204/370/205 251/371/204 203/368/204
f 205/372/206 252/373/205 204/370/205
f 206/374/207 253/375/206 205/372/206
f 207/376/208 254/377/207 206/374/207
f 208/378/209 255/379/208 207/376/208
f 209/380/210 256/381/209 208/378/209
f 210/382/211 257/383/210 209/380/210
f 211/384/212 258/385/211 210/382/211
f 212/386/213 259/387/212 211/384/212
f 213/388/214 260/389/213 212/386/213
f 214/390/215 261/391/214 213/392/214
f 215/393/216 262/394/215 214/390/215
f 216/395/217 263/396/216 215/393/216
f 217/397/218 264/398/217 216/395/217
f 218/399/219 265/400/218 217/397/218
f 219/401/220 266/402/219 218/399/219
f 220/403/221 267/404/220 219/401/220
f 221/405/222 268/406/221 220/403/221
f 222/407/223 269/408/222 221/405/222
f 223/409/224 270/410/223 222/407/223
f 224/411/225 271/412/224 223/409/224
f 225/413/226 272/414/225 224/411/225
f 226/415/227 273/416/226 225/417/226
f 227/418/228 274/419/227 226/415/227
f 228/420/229 275/421/228 227/418/228
f 229/422/230 276/423/229 228/420/229
f 230/424/231 277/425/230 229/422/230
f 231/426/232 278/427/231 230/424/231
f 232/428/233 279/429/232 231/426/232
f 233/430/234 280/431/233 232/428/233
f 234/432/235 281/433/234 233/430/234
f 235/434/236 282/435/235 234/432/235
f 236/436/237 283/437/236 235/434/236
f 237/438/238 284/439/237 236/436/237
f 238/440/239 285/441/238 237/442/238
f 239/443/240 286/444/239 238/440/239
f 240/445/241 287/446/240 239/443/240
f 241/447/242 288/448/241 240/445/241
f 194/352/196 289/449/242 241/447/242
f 242/450/194 243/451/194 290/452/194
f 243/451/194 244/453/194 290/452/194
f 244/453/194 245/454/194 290/452/194
f 245/454/194 246/455/194 290/452/194
f 246/455/194 247/456/194 290/452/194
f 247/456/194 248/457/194 290/452/194
f 248/457/194 249/458/194 290/452/194
f 249/458/194 250/459/194 290/452/194
f 250/459/194 251/460/194 290/452/194
f 251/460/194 252/461/194 290/452/194
f 252/461/194 253/462/194 290/452/194
f 253/462/194 254/463/194 290/452/194
f 254/463/194 255/464/194 290/452/194
f 255/464/194 256/465/194 290/452/194
f 256/465/194 257/466/194 290/452/194
f 257/466/194 258/467/194 290/452/194
f 258/467/194 259/468/194 290/452/194
f 259/468/194 260/469/194 290/452/194
f 260/469/194 261/470/194 290/452/194
f 261/470/194 262/471/194 290/452/194
f 262/471/194 263/472/194 290/452/194
f 263/472/194 264/473/194 290/452/194
f 264/473/194 265/474/194 290/452/194
f 265/474/194 266/475/194 290/452/194
f 266/475/194 267/476/194 290/452/194
f 267/476/194 268/477/194 290/452/194
f 268/477/194 269/478/194 290/452/194
f 269/478/194 270/479/194 290/452/194
f 270/479/194 271/480/194 290/452/194
f 271/480/194 272/481/194 290/452/194
f 272/481/194 273/482/194 290/452/194
f 273/482/194 274/483/194 290/452/194
f 274/483/194 275/484/194 290/452/194
f 275/484/194 276/485/194 290/452/194
f 276/485/194 277/486/194 290/452/194
f 277/486/194 278/487/194 290/452/194
f 278/487/194 279/488/194 290/452/194
f 279/488/194 280/489/194 290/452/194
f 280/489/194 281/490/194 290/452/194
f 281/490/194 282/491/194 290/452/194
f 282/491/194 283/492/194 290/452/194
f 283/492/194 284/493/194 290/452/194
f 284/493/194 285/494/194 290/452/194
f 285/494/194 286/495/194 290/452/194
f 286/495/194 287/496/194 290/452/194
f 287/496/194 288/497/194 290/452/194
f 288/497/194 289/498/194 290/452/194
f 289/498/194 242/450/194 290/452/194
f 297/499/243 292/500/244 291/501/244
f 292/502/194 299/503/194 293/504/194
f 299/505/245 294/506/246 293/507/246
f 300/508/247 295/509/248 294/506/248
f 301/510/1 296/511/1 295/512/1
f 302/513/249 291/501/250 296/514/250
f 297/499/243 304/515/251 298/516/243
f 304/517/194 299/503/194 298/518/194
f 299/505/245 306/519/252 300/508/245
f 306/519/253 301/520/247 300/508/247
f 301/510/1 308/521/1 302/522/1
f 308/523/254 297/499/249 302/513/249
f 309/524/255 304/515/251 303/525/251
f 310/526/194 305/527/194 304/517/194
f 311/528/256 306/519/252 305/529/252
f 312/530/257 307/531/253 306/519/253
f 307/532/1 314/533/1 308/521/1
f 308/523/254 309/524/258 303/525/254
f 315/534/259 310/535/255 309/524/255
f 316/536/194 311/537/194 310/526/194
f 311/528/256 318/538/260 312/530/256
f 318/538/261 313/539/257 312/530/257
f 313/540/1 320/541/1 314/533/1
f 314/542/258 315/534/262 309/524/258
f 321/543/263 316/544/259 315/534/259
f 316/536/194 323/545/194 317/546/194
f 317/547/260 324/548/264 318/538/260
f 324/548/265 319/549/261 318/538/261
f 325/550/1 320/541/1 319/551/1
f 320/552/262 321/543/266 315/534/262
f 327/553/267 322/554/263 321/543/263
f 322/555/194 329/556/194 323/545/194
f 323/557/264 330/558/268 324/548/264
f 330/558/269 325/559/265 324/548/265
f 331/560/1 326/561/1 325/550/1
f 332/562/270 321/543/266 326/563/266
f 333/564/271 328/565/267 327/553/267
f 334/566/194 329/556/194 328/567/194
f 335/568/272 330/558/268 329/569/268
f 336/570/273 331/571/269 330/558/269
f 337/572/1 332/573/1 331/560/1
f 338/574/274 327/553/270 332/562/270
f 339/575/275 334/576/271 333/577/271
f 334/566/194 341/578/194 335/579/194
f 335/580/272 342/581/276 336/582/272
f 342/581/277 337/583/273 336/582/273
f 343/584/1 338/585/1 337/572/1
f 338/586/274 339/575/278 333/577/274
f 339/575/275 346/587/279 340/588/275
f 346/589/194 341/578/194 340/590/194
f 341/591/276 348/592/280 342/581/276
f 348/592/281 343/593/277 342/581/277
f 349/594/1 344/595/1 343/584/1
f 350/596/282 339/575/278 344/597/278
f 351/598/283 346/587/279 345/599/279
f 346/589/194 353/600/194 347/601/194
f 353/602/284 348/592/280 347/603/280
f 348/592/281 355/604/285 349/605/281
f 355/606/1 350/607/1 349/594/1
f 356/608/286 345/599/282 350/596/282
f 357/609/287 352/610/283 351/598/283
f 352/611/194 359/612/194 353/600/194
f 359/613/288 354/614/284 353/602/284
f 360/615/289 355/604/285 354/614/285
f 361/616/1 356/617/1 355/606/1
f 356/608/286 357/609/290 351/598/286
f 363/618/291 358/619/287 357/609/287
f 364/620/194 359/612/194 358/621/194
f 365/622/292 360/615/288 359/613/288
f 360/615/289 367/623/293 361/624/289
f 361/616/1 368/625/1 362/626/1
f 368/627/294 357/609/290 362/628/290
f 369/629/295 364/630/291 363/618/291
f 370/631/194 365/632/194 364/620/194
f 371/633/296 366/634/292 365/622/292
f 372/635/297 367/623/293 366/634/293
f 367/636/1 374/637/1 368/625/1
f 374/638/298 363/618/294 368/627/294
f 375/639/299 370/640/295 369/629/295
f 370/631/194 377/641/194 371/642/194
f 371/633/296 378/643/300 372/635/296
f 378/643/301 373/644/297 372/635/297
f 379/645/1 374/637/1 373/646/1
f 380/647/302 369/629/298 374/638/298
f 381/648/303 376/649/299 375/639/299
f 382/650/194 377/641/194 376/651/194
f 383/652/304 378/643/300 377/653/300
f 378/643/301 385/654/305 379/655/301
f 379/645/1 386/656/1 380/657/1
f 386/658/306 375/639/302 380/647/302
f 387/659/307 382/660/303 381/648/303
f 382/650/194 389/661/194 383/662/194
f 383/652/304 390/663/308 384/664/304
f 390/663/309 385/654/305 384/664/305
f 391/665/1 386/656/1 385/666/1
f 386/658/306 387/659/310 381/648/306
f 393/667/311 388/668/307 387/659/307
f 388/669/194 395/670/194 389/661/194
f 395/671/312 390/663/308 389/672/308
f 390/663/309 397/673/313 391/674/309
f 397/675/1 392/676/1 391/665/1
f 392/677/310 393/667/314 387/659/310
f 399/678/315 394/679/311 393/667/311
f 400/680/194 395/670/194 394/681/194
f 395/671/312 402/682/316 396/683/312
f 402/682/317 397/673/313 396/683/313
f 397/675/1 404/684/1 398/685/1
f 398/686/314 399/678/318 393/667/314
f 405/687/319 400/688/315 399/678/315
f 406/689/194 401/690/194 400/680/194
f 401/691/316 408/692/320 402/682/316
f 408/692/321 403/693/317 402/682/317
f 403/694/1 410/695/1 404/684/1
f 410/696/322 399/678/318 404/697/318
f 405/698/319 412/699/323 406/700/319
f 412/701/194 407/702/194 406/689/194
f 407/703/320 414/704/324 408/705/320
f 414/704/325 409/706/321 408/705/321
f 415/707/1 410/695/1 409/708/1
f 416/709/326 405/698/322 410/710/322
f 417/711/327 412/699/323 411/712/323
f 412/701/194 419/713/194 413/714/194
f 419/715/328 414/704/324 413/716/324
f 414/704/325 421/717/329 415/718/325
f 421/719/1 416/720/1 415/707/1
f 416/709/326 417/711/330 411/712/326
f 423/721/331 418/722/327 417/711/327
f 418/723/194 425/724/194 419/713/194
f 419/715/328 426/725/332 420/726/328
f 426/725/333 421/717/329 420/726/329
f 427/727/1 422/728/1 421/719/1
f 428/729/334 417/711/330 422/730/330
f 429/731/335 424/732/331 423/721/331
f 430/733/194 425/724/194 424/734/194
f 431/735/336 426/725/332 425/736/332
f 426/725/333 433/737/337 427/738/333
f 427/727/1 434/739/1 428/740/1
f 434/741/338 423/721/334 428/729/334
f 435/742/246 430/743/335 429/731/335
f 436/744/194 431/745/194 430/733/194
f 437/746/244 432/747/336 431/735/336
f 432/747/337 439/748/250 433/737/337
f 439/749/1 434/739/1 433/750/1
f 440/751/248 429/731/338 434/741/338
f 441/752/245 436/753/246 435/742/246
f 442/754/194 437/755/194 436/744/194
f 443/756/243 438/757/244 437/746/244
f 444/758/249 439/748/250 438/757/250
f 439/749/1 446/759/1 440/760/1
f 446/761/247 435/742/248 440/751/248
f 447/762/252 442/763/245 441/752/245
f 442/754/194 449/764/194 443/765/194
f 443/756/243 450/766/251 444/758/243
f 450/766/254 445/767/249 444/758/249
f 451/768/1 446/759/1 445/769/1
f 452/770/253 441/752/247 446/761/247
f 453/771/256 448/772/252 447/762/252
f 454/773/194 449/764/194 448/774/194
f 455/775/255 450/766/251 449/776/251
f 450/766/254 457/777/258 451/778/254
f 451/768/1 458/779/1 452/780/1
f 458/781/257 447/762/253 452/770/253
f 459/782/260 454/783/256 453/771/256
f 460/784/194 455/785/194 454/773/194
f 461/786/259 456/787/255 455/775/255
f 462/788/262 457/777/258 456/787/258
f 463/789/1 458/779/1 457/790/1
f 464/791/261 453/771/257 458/781/257
f 465/792/264 460/793/260 459/782/260
f 460/784/194 467/794/194 461/795/194
f 467/796/263 462/788/259 461/786/259
f 462/788/262 469/797/266 463/798/262
f 469/799/1 464/800/1 463/789/1
f 464/791/261 465/792/265 459/782/261
f 471/801/268 466/802/264 465/792/264
f 466/803/194 473/804/194 467/794/194
f 473/805/267 468/806/263 467/796/263
f 474/807/270 469/797/266 468/806/266
f 475/808/1 470/809/1 469/799/1
f 476/810/269 465/792/265 470/811/265
f 477/812/272 472/813/268 471/801/268
f 472/814/194 479/815/194 473/804/194
f 479/816/271 474/807/267 473/805/267
f 474/807/270 481/817/274 475/818/270
f 481/819/1 476/820/1 475/808/1
f 482/821/273 471/801/269 476/810/269
f 477/822/272 484/823/276 478/824/272
f 484/825/194 479/815/194 478/826/194
f 485/827/275 480/828/271 479/829/271
f 486/830/278 481/831/274 480/828/274
f 481/819/1 488/832/1 482/833/1
f 488/834/277 477/822/273 482/835/273
f 489/836/280 484/823/276 483/837/276
f 490/838/194 485/839/194 484/825/194
f 491/840/279 486/830/275 485/827/275
f 486/830/278 493/841/282 487/842/278
f 493/843/1 488/832/1 487/844/1
f 494/845/281 483/837/277 488/834/277
f 495/846/284 490/847/280 489/836/280
f 490/838/194 497/848/194 491/849/194
f 491/840/279 498/850/283 492/851/279
f 498/850/286 493/841/282 492/851/282
f 499/852/1 494/853/1 493/843/1
f 500/854/285 489/836/281 494/845/281
f 501/855/288 496/856/284 495/846/284
f 502/857/194 497/848/194 496/858/194
f 503/859/287 498/850/283 497/860/283
f 498/850/286 505/861/290 499/862/286
f 499/852/1 506/863/1 500/864/1
f 500/854/285 501/855/289 495/846/285
f 501/855/288 508/865/292 502/866/288
f 502/857/194 509/867/194 503/868/194
f 503/859/287 510/869/291 504/870/287
f 510/869/294 505/861/290 504/870/290
f 511/871/1 506/863/1 505/872/1
f 512/873/293 501/855/289 506/874/289
f 513/875/296 508/865/292 507/876/292
f 508/877/194 515/878/194 509/867/194
f 515/879/295 510/869/291 509/880/291
f 516/881/298 511/882/294 510/869/294
f 517/883/1 512/884/1 511/871/1
f 518/885/297 507/876/293 512/873/293
f 519/886/300 514/887/296 513/875/296
f 520/888/194 515/878/194 514/889/194
f 521/890/299 516/881/295 515/879/295
f 522/891/302 517/892/298 516/881/298
f 517/883/1 524/893/1 518/894/1
f 524/895/301 513/875/297 518/885/297
f 525/896/304 520/897/300 519/886/300
f 526/898/194 521/899/194 520/888/194
f 521/890/299 528/900/303 522/891/299
f 528/900/306 523/901/302 522/891/302
f 529/902/1 524/893/1 523/903/1
f 524/895/301 525/896/305 519/886/301
f 531/904/308 526/905/304 525/896/304
f 526/898/194 533/906/194 527/907/194
f 533/908/307 528/900/303 527/909/303
f 534/910/310 529/911/306 528/900/306
f 529/902/1 536/912/1 530/913/1
f 536/914/309 525/896/305 530/915/305
f 537/916/312 532/917/308 531/904/308
f 538/918/194 533/906/194 532/919/194
f 539/920/311 534/910/307 533/908/307
f 540/921/314 535/922/310 534/910/310
f 535/923/1 542/924/1 536/912/1
f 542/925/313 531/904/309 536/914/309
f 543/926/316 538/927/312 537/916/312
f 538/918/194 545/928/194 539/929/194
f 545/930/315 540/921/311 539/920/311
f 546/931/318 541/932/314 540/921/314
f 547/933/1 542/924/1 541/934/1
f 548/935/317 537/916/313 542/925/313
f 549/936/320 544/937/316 543/926/316
f 550/938/194 545/928/194 544/939/194
f 551/940/319 546/931/315 545/930/315
f 546/931/318 553/941/322 547/942/318
f 547/933/1 554/943/1 548/944/1
f 548/935/317 549/936/321 543/926/317
f 549/945/320 556/946/324 550/947/320
f 556/948/194 551/949/194 550/938/194
f 557/950/323 552/951/319 551/952/319
f 552/951/322 559/953/326 553/954/322
f 559/955/1 554/943/1 553/956/1
f 560/957/325 549/945/321 554/958/321
f 561/959/328 556/946/324 555/960/324
f 556/948/194 563/961/194 557/962/194
f 563/963/327 558/964/323 557/950/323
f 558/964/326 565/965/330 559/953/326
f 565/966/1 560/967/1 559/955/1
f 566/968/329 555/960/325 560/957/325
f 567/969/332 562/970/328 561/959/328
f 568/971/194 563/961/194 562/972/194
f 563/963/327 570/973/331 564/974/327
f 570/973/334 565/965/330 564/974/330
f 571/975/1 566/976/1 565/966/1
f 572/977/333 561/959/329 566/968/329
f 573/978/336 568/979/332 567/969/332
f 568/971/194 575/980/194 569/981/194
f 569/982/331 576/983/335 570/973/331
f 576/983/338 571/984/334 570/973/334
f 577/985/1 572/986/1 571/975/1
f 572/977/333 573/978/337 567/969/333
f 291/501/244 574/987/336 573/978/336
f 292/502/194 575/980/194 574/988/194
f 293/507/246 576/983/335 575/989/335
f 294/506/248 577/990/338 576/983/338
f 295/512/1 578/991/1 577/985/1
f 296/514/250 573/978/337 578/992/337
f 585/993/243 580/994/244 579/995/244
f 580/996/194 587/997/194 581/998/194
f 587/999/245 582/1000/246 581/1001/246
f 582/1000/248 589/1002/247 583/1003/248
f 589/1004/1 584/1005/1 583/1006/1
f 590/1007/249 579/995/250 584/1008/250
f 591/1009/251 586/1010/243 585/993/243
f 592/1011/194 587/997/194 586/1012/194
f 587/999/245 594/1013/252 588/1014/245
f 594/1013/253 589/1002/247 588/1014/247
f 589/1004/1 596/1015/1 590/1016/1
f 596/1017/254 585/993/249 590/1007/249
f 597/1018/255 592/1019/251 591/1009/251
f 598/1020/194 593/1021/194 592/1011/194
f 593/1022/252 600/1023/256 594/1013/252
f 600/1023/257 595/1024/253 594/1013/253
f 595/1025/1 602/1026/1 596/1015/1
f 596/1017/254 597/1018/258 591/1009/254
f 603/1027/259 598/1028/255 597/1018/255
f 604/1029/194 599/1030/194 598/1020/194
f 599/1031/256 606/1032/260 600/1023/256
f 606/1032/261 601/1033/257 600/1023/257
f 601/1034/1 608/1035/1 602/1026/1
f 602/1036/258 603/1027/262 597/1018/258
f 609/1037/263 604/1038/259 603/1027/259
f 604/1029/194 611/1039/194 605/1040/194
f 605/1041/260 612/1042/264 606/1032/260
f 612/1042/265 607/1043/261 606/1032/261
f 613/1044/1 608/1035/1 607/1045/1
f 608/1046/262 609/1037/266 603/1027/262
f 615/1047/267 610/1048/263 609/1037/263
f 610/1049/194 617/1050/194 611/1039/194
f 611/1051/264 618/1052/268 612/1042/264
f 618/1052/269 613/1053/265 612/1042/265
f 619/1054/1 614/1055/1 613/1044/1
f 620/1056/270 609/1037/266 614/1057/266
f 621/1058/271 616/1059/267 615/1047/267
f 622/1060/194 617/1050/194 616/1061/194
f 623/1062/272 618/1052/268 617/1063/268
f 618/1052/269 625/1064/273 619/1065/269
f 625/1066/1 620/1067/1 619/1054/1
f 626/1068/274 615/1047/270 620/1056/270
f 621/1069/271 628/1070/275 622/1071/271
f 622/1060/194 629/1072/194 623/1073/194
f 629/1074/276 624/1075/272 623/1076/272
f 630/1077/277 625/1078/273 624/1075/273
f 631/1079/1 626/1080/1 625/1066/1
f 632/1081/278 621/1069/274 626/1082/274
f 633/1083/279 628/1070/275 627/1084/275
f 634/1085/194 629/1072/194 628/1086/194
f 629/1074/276 636/1087/280 630/1077/276
f 636/1087/281 631/1088/277 630/1077/277
f 637/1089/1 632/1090/1 631/1079/1
f 638/1091/282 627/1084/278 632/1081/278
f 639/1092/283 634/1093/279 633/1083/279
f 634/1085/194 641/1094/194 635/1095/194
f 641/1096/284 636/1087/280 635/1097/280
f 636/1087/281 643/1098/285 637/1099/281
f 643/1100/1 638/1101/1 637/1089/1
f 644/1102/286 633/1083/282 638/1091/282
f 645/1103/287 640/1104/283 639/1092/283
f 640/1105/194 647/1106/194 641/1094/194
f 647/1107/288 642/1108/284 641/1096/284
f 642/1108/285 649/1109/289 643/1098/285
f 649/1110/1 644/1111/1 643/1100/1
f 650/1112/290 639/1092/286 644/1102/286
f 645/1103/287 652/1113/291 646/1114/287
f 652/1115/194 647/1106/194 646/1116/194
f 653/1117/292 648/1118/288 647/1107/288
f 648/1118/289 655/1119/293 649/1109/289
f 649/1110/1 656/1120/1 650/1121/1
f 650/1112/290 651/1122/294 645/1103/290
f 657/1123/295 652/1113/291 651/1122/291
f 658/1124/194 653/1125/194 652/1115/194
f 659/1126/296 654/1127/292 653/1117/292
f 654/1127/293 661/1128/297 655/1119/293
f 655/1129/1 662/1130/1 656/1120/1
f 662/1131/298 651/1122/294 656/1132/294
f 663/1133/299 658/1134/295 657/1123/295
f 658/1124/194 665/1135/194 659/1136/194
f 665/1137/300 660/1138/296 659/1126/296
f 660/1138/297 667/1139/301 661/1128/297
f 667/1140/1 662/1130/1 661/1141/1
f 668/1142/302 657/1123/298 662/1131/298
f 669/1143/303 664/1144/299 663/1133/299
f 670/1145/194 665/1135/194 664/1146/194
f 671/1147/304 666/1148/300 665/1137/300
f 666/1148/301 673/1149/305 667/1139/301
f 667/1140/1 674/1150/1 668/1151/1
f 674/1152/306 663/1133/302 668/1142/302
f 669/1143/303 676/1153/307 670/1154/303
f 670/1145/194 677/1155/194 671/1156/194
f 671/1147/304 678/1157/308 672/1158/304
f 678/1157/309 673/1149/305 672/1158/305
f 679/1159/1 674/1150/1 673/1160/1
f 680/1161/310 669/1143/306 674/1152/306
f 681/1162/311 676/1153/307 675/1163/307
f 676/1164/194 683/1165/194 677/1155/194
f 683/1166/312 678/1157/308 677/1167/308
f 684/1168/313 679/1169/309 678/1157/309
f 685/1170/1 680/1171/1 679/1159/1
f 680/1161/310 681/1162/314 675/1163/310
f 687/1172/315 682/1173/311 681/1162/311
f 688/1174/194 683/1165/194 682/1175/194
f 689/1176/316 684/1168/312 683/1166/312
f 684/1168/313 691/1177/317 685/1178/313
f 685/1170/1 692/1179/1 686/1180/1
f 686/1181/314 687/1172/318 681/1162/314
f 693/1182/319 688/1183/315 687/1172/315
f 694/1184/194 689/1185/194 688/1174/194
f 689/1176/316 696/1186/320 690/1187/316
f 696/1186/321 691/1177/317 690/1187/317
f 691/1188/1 698/1189/1 692/1179/1
f 698/1190/322 687/1172/318 692/1191/318
f 699/1192/323 694/1193/319 693/1194/319
f 700/1195/194 695/1196/194 694/1184/194
f 695/1197/320 702/1198/324 696/1199/320
f 702/1198/325 697/1200/321 696/1199/321
f 703/1201/1 698/1189/1 697/1202/1
f 704/1203/326 693/1194/322 698/1204/322
f 705/1205/327 700/1206/323 699/1192/323
f 700/1195/194 707/1207/194 701/1208/194
f 707/1209/328 702/1198/324 701/1210/324
f 702/1198/325 709/1211/329 703/1212/325
f 709/1213/1 704/1214/1 703/1201/1
f 710/1215/330 699/1192/326 704/1203/326
f 711/1216/331 706/1217/327 705/1205/327
f 706/1218/194 713/1219/194 707/1207/194
f 713/1220/332 708/1221/328 707/1209/328
f 708/1221/329 715/1222/333 709/1211/329
f 715/1223/1 710/1224/1 709/1213/1
f 716/1225/334 705/1205/330 710/1215/330
f 717/1226/335 712/1227/331 711/1216/331
f 718/1228/194 713/1219/194 712/1229/194
f 713/1220/332 720/1230/336 714/1231/332
f 720/1230/337 715/1222/333 714/1231/333
f 715/1223/1 722/1232/1 716/1233/1
f 722/1234/338 711/1216/334 716/1225/334
f 723/1235/246 718/1236/335 717/1226/335
f 724/1237/194 719/1238/194 718/1228/194
f 725/1239/244 720/1230/336 719/1240/336
f 720/1230/337 727/1241/250 721/1242/337
f 727/1243/1 722/1232/1 721/1244/1
f 722/1234/338 723/1235/248 717/1226/338
f 729/1245/245 724/1246/246 723/1235/246
f 730/1247/194 725/1248/194 724/1237/194
f 725/1239/244 732/1249/243 726/1250/244
f 732/1249/249 727/1241/250 726/1250/250
f 727/1243/1 734/1251/1 728/1252/1
f 734/1253/247 723/1235/248 728/1254/248
f 735/1255/252 730/1256/245 729/1245/245
f 730/1247/194 737/1257/194 731/1258/194
f 731/1259/243 738/1260/251 732/1249/243
f 732/1249/249 739/1261/254 733/1262/249
f 739/1263/1 734/1251/1 733/1264/1
f 740/1265/253 729/1245/247 734/1253/247
f 735/1255/252 742/1266/256 736/1267/252
f 742/1268/194 737/1257/194 736/1269/194
f 743/1270/255 738/1260/251 737/1271/251
f 738/1260/254 745/1272/258 739/1261/254
f 739/1263/1 746/1273/1 740/1274/1
f 746/1275/257 735/1255/253 740/1265/253
f 747/1276/260 742/1266/256 741/1277/256
f 748/1278/194 743/1279/194 742/1268/194
f 749/1280/259 744/1281/255 743/1270/255
f 750/1282/262 745/1272/258 744/1281/258
f 751/1283/1 746/1273/1 745/1284/1
f 746/1275/257 747/1276/261 741/1277/257
f 753/1285/264 748/1286/260 747/1276/260
f 748/1278/194 755/1287/194 749/1288/194
f 755/1289/263 750/1282/259 749/1280/259
f 750/1282/262 757/1290/266 751/1291/262
f 757/1292/1 752/1293/1 751/1283/1
f 752/1294/261 753/1285/265 747/1276/261
f 759/1295/268 754/1296/264 753/1285/264
f 754/1297/194 761/1298/194 755/1287/194
f 761/1299/267 756/1300/263 755/1289/263
f 756/1300/266 763/1301/270 757/1290/266
f 763/1302/1 758/1303/1 757/1292/1
f 764/1304/269 753/1285/265 758/1305/265
f 765/1306/272 760/1307/268 759/1295/268
f 760/1308/194 767/1309/194 761/1298/194
f 767/1310/271 762/1311/267 761/1299/267
f 768/1312/274 763/1301/270 762/1311/270
f 769/1313/1 764/1314/1 763/1302/1
f 764/1304/269 765/1306/273 759/1295/269
f 765/1315/272 772/1316/276 766/1317/272
f 772/1318/194 767/1309/194 766/1319/194
f 773/1320/275 768/1321/271 767/1322/271
f 774/1323/278 769/1324/274 768/1321/274
f 769/1313/1 776/1325/1 770/1326/1
f 776/1327/277 765/1315/273 770/1328/273
f 777/1329/280 772/1316/276 771/1330/276
f 778/1331/194 773/1332/194 772/1318/194
f 779/1333/279 774/1323/275 773/1320/275
f 774/1323/278 781/1334/282 775/1335/278
f 781/1336/1 776/1325/1 775/1337/1
f 782/1338/281 771/1330/277 776/1327/277
f 783/1339/284 778/1340/280 777/1329/280
f 778/1331/194 785/1341/194 779/1342/194
f 779/1333/279 786/1343/283 780/1344/279
f 786/1343/286 781/1334/282 780/1344/282
f 787/1345/1 782/1346/1 781/1336/1
f 782/1338/281 783/1339/285 777/1329/281
f 789/1347/288 784/1348/284 783/1339/284
f 790/1349/194 785/1341/194 784/1350/194
f 791/1351/287 786/1343/283 785/1352/283
f 792/1353/290 787/1354/286 786/1343/286
f 787/1345/1 794/1355/1 788/1356/1
f 794/1357/289 783/1339/285 788/1358/285
f 795/1359/292 790/1360/288 789/1347/288
f 790/1349/194 797/1361/194 791/1362/194
f 791/1351/287 798/1363/291 792/1353/287
f 798/1363/294 793/1364/290 792/1353/290
f 799/1365/1 794/1355/1 793/1366/1
f 800/1367/293 789/1347/289 794/1357/289
f 795/1359/292 802/1368/296 796/1369/292
f 796/1370/194 803/1371/194 797/1361/194
f 803/1372/295 798/1363/291 797/1373/291
f 804/1374/298 799/1375/294 798/1363/294
f 805/1376/1 800/1377/1 799/1365/1
f 806/1378/297 795/1359/293 800/1367/293
f 801/1379/296 808/1380/300 802/1368/296
f 808/1381/194 803/1371/194 802/1382/194
f 803/1372/295 810/1383/299 804/1374/295
f 810/1383/302 805/1384/298 804/1374/298
f 805/1376/1 812/1385/1 806/1386/1
f 812/1387/301 801/1379/297 806/1378/297
f 813/1388/304 808/1380/300 807/1389/300
f 814/1390/194 809/1391/194 808/1381/194
f 809/1392/299 816/1393/303 810/1383/299
f 816/1393/306 811/1394/302 810/1383/302
f 817/1395/1 812/1385/1 811/1396/1
f 818/1397/305 807/1389/301 812/1387/301
f 819/1398/308 814/1399/304 813/1388/304
f 814/1390/194 821/1400/194 815/1401/194
f 815/1402/303 822/1403/307 816/1393/303
f 822/1403/310 817/1404/306 816/1393/306
f 817/1395/1 824/1405/1 818/1406/1
f 824/1407/309 813/1388/305 818/1397/305
f 825/1408/312 820/1409/308 819/1398/308
f 826/1410/194 821/1400/194 820/1411/194
f 827/1412/311 822/1403/307 821/1413/307
f 822/1403/310 829/1414/314 823/1415/310
f 823/1416/1 830/1417/1 824/1405/1
f 824/1407/309 825/1408/313 819/1398/309
f 831/1418/316 826/1419/312 825/1408/312
f 826/1410/194 833/1420/194 827/1421/194
f 833/1422/315 828/1423/311 827/1412/311
f 828/1423/314 835/1424/318 829/1414/314
f 835/1425/1 830/1417/1 829/1426/1
f 836/1427/317 825/1408/313 830/1428/313
f 837/1429/320 832/1430/316 831/1418/316
f 838/1431/194 833/1420/194 832/1432/194
f 839/1433/319 834/1434/315 833/1422/315
f 834/1434/318 841/1435/322 835/1424/318
f 835/1425/1 842/1436/1 836/1437/1
f 836/1427/317 837/1429/321 831/1418/317
f 837/1438/320 844/1439/324 838/1440/320
f 844/1441/194 839/1442/194 838/1431/194
f 845/1443/323 840/1444/319 839/1445/319
f 840/1444/322 847/1446/326 841/1447/322
f 847/1448/1 842/1436/1 841/1449/1
f 848/1450/325 837/1438/321 842/1451/321
f 849/1452/328 844/1439/324 843/1453/324
f 844/1441/194 851/1454/194 845/1455/194
f 851/1456/327 846/1457/323 845/1443/323
f 846/1457/326 853/1458/330 847/1446/326
f 853/1459/1 848/1460/1 847/1448/1
f 854/1461/329 843/1453/325 848/1450/325
f 855/1462/332 850/1463/328 849/1452/328
f 856/1464/194 851/1454/194 850/1465/194
f 851/1456/327 858/1466/331 852/1467/327
f 858/1466/334 853/1458/330 852/1467/330
f 859/1468/1 854/1469/1 853/1459/1
f 854/1461/329 855/1462/333 849/1452/329
f 861/1470/336 856/1471/332 855/1462/332
f 856/1464/194 863/1472/194 857/1473/194
f 857/1474/331 864/1475/335 858/1466/331
f 864/1475/338 859/1476/334 858/1466/334
f 865/1477/1 860/1478/1 859/1468/1
f 866/1479/337 855/1462/333 860/1480/333
f 579/995/244 862/1481/336 861/1470/336
f 580/996/194 863/1472/194 862/1482/194
f 581/1001/246 864/1475/335 863/1483/335
f 864/1475/338 583/1003/248 865/1484/338
f 583/1006/1 866/1485/1 865/1477/1
f 584/1008/250 861/1470/337 866/1479/337
f 867/1486/339 916/1487/340 915/1488/341
f 869/1489/342 916/1487/340 868/1490/343
f 870/1491/344 917/1492/345 869/1489/342
f 871/1493/346 918/1494/347 870/1491/344
f 871/1493/346 920/1495/348 919/1496/349
f 873/1497/350 920/1495/348 872/1498/351
f 873/1497/350 922/1499/352 921/1500/353
f 875/1501/354 922/1502/352 874/1503/355
f 876/1504/356 923/1505/357 875/1501/354
f 877/1506/358 924/1507/359 876/1504/356
f 878/1508/360 925/1509/361 877/1506/358
f 878/1508/360 927/1510/362 926/1511/363
f 879/1512/364 928/1513/365 927/1510/362
f 881/1514/366 928/1513/365 880/1515/367
f 882/1516/368 929/1517/369 881/1514/366
f 883/1518/370 930/1519/371 882/1516/368
f 883/1518/370 932/1520/372 931/1521/373
f 885/1522/374 932/1520/372 884/1523/375
f 885/1522/374 934/1524/376 933/1525/377
f 887/1526/378 934/1527/376 886/1528/379
f 888/1529/380 935/1530/381 887/1526/378
f 889/1531/382 936/1532/383 888/1529/380
f 890/1533/384 937/1534/385 889/1531/382
f 890/1533/384 939/1535/386 938/1536/387
f 891/1537/388 940/1538/389 939/1535/386
f 893/1539/390 940/1538/389 892/1540/391
f 894/1541/392 941/1542/393 893/1539/390
f 895/1543/394 942/1544/395 894/1541/392
f 895/1543/394 944/1545/396 943/1546/397
f 897/1547/398 944/1545/396 896/1548/399
f 897/1547/398 946/1549/400 945/1550/401
f 899/1551/402 946/1552/400 898/1553/403
f 900/1554/404 947/1555/405 899/1551/402
f 901/1556/406 948/1557/407 900/1554/404
f 902/1558/408 949/1559/409 901/1556/406
f 902/1558/408 951/1560/410 950/1561/411
f 903/1562/412 952/1563/413 951/1560/410
f 905/1564/414 952/1563/413 904/1565/415
f 906/1566/416 953/1567/417 905/1564/414
f 907/1568/418 954/1569/419 906/1566/416
f 907/1568/418 956/1570/420 955/1571/421
f 909/1572/422 956/1570/420 908/1573/423
f 909/1572/422 958/1574/424 957/1575/425
f 911/1576/426 958/1577/424 910/1578/427
f 912/1579/428 959/1580/429 911/1576/426
f 913/1581/430 960/1582/431 912/1579/428
f 914/1583/432 961/1584/433 913/1581/430
f 914/1583/432 915/1488/341 962/1585/434
f 916/1487/340 963/1586/219 915/1488/341
f 917/1492/345 964/1587/220 916/1487/340
f 917/1492/345 966/1588/222 965/1589/221
f 919/1496/349 966/1588/222 918/1494/347
f 919/1496/349 968/1590/224 967/1591/223
f 921/1500/353 968/1590/224 920/1495/348
f 922/1499/352 969/1592/225 921/1500/353
f 923/1505/357 970/1593/226 922/1502/352
f 924/1507/359 971/1594/227 923/1505/357
f 925/1509/361 972/1595/228 924/1507/359
f 926/1511/363 973/1596/229 925/1509/361
f 927/1510/362 974/1597/230 926/1511/363
f 928/1513/365 975/1598/231 927/1510/362
f 929/1517/369 976/1599/232 928/1513/365
f 929/1517/369 978/1600/234 977/1601/233
f 931/1521/373 978/1600/234 930/1519/371
f 931/1521/373 980/1602/236 979/1603/235
f 933/1525/377 980/1602/236 932/1520/372
f 934/1524/376 981/1604/237 933/1525/377
f 935/1530/381 982/1605/238 934/1527/376
f 936/1532/383 983/1606/239 935/1530/381
f 937/1534/385 984/1607/240 936/1532/383
f 938/1536/387 985/1608/241 937/1534/385
f 939/1535/386 986/1609/242 938/1536/387
f 940/1538/389 987/1610/196 939/1535/386
f 941/1542/393 988/1611/195 940/1538/389
f 941/1542/393 990/1612/198 989/1613/197
f 943/1546/397 990/1612/198 942/1544/395
f 943/1546/397 992/1614/200 991/1615/199
f 945/1550/401 992/1614/200 944/1545/396
f 946/1549/400 993/1616/201 945/1550/401
f 947/1555/405 994/1617/202 946/1552/400
f 948/1557/407 995/1618/203 947/1555/405
f 949/1559/409 996/1619/204 948/1557/407
f 950/1561/411 997/1620/205 949/1559/409
f 951/1560/410 998/1621/206 950/1561/411
f 952/1563/413 999/1622/207 951/1560/410
f 953/1567/417 1000/1623/208 952/1563/413
f 953/1567/417 1002/1624/210 1001/1625/209
f 955/1571/421 1002/1624/210 954/1569/419
f 955/1571/421 1004/1626/212 1003/1627/211
f 957/1575/425 1004/1626/212 956/1570/420
f 958/1574/424 1005/1628/213 957/1575/425
f 959/1580/429 1006/1629/214 958/1577/424
f 960/1582/431 1007/1630/215 959/1580/429
f 961/1584/433 1008/1631/216 960/1582/431
f 962/1585/434 1009/1632/217 961/1584/433
f 915/1488/341 1010/1633/218 962/1585/434
f 964/1587/220 1011/1634/435 963/1586/219
f 965/1589/221 1012/1635/436 964/1587/220
f 966/1588/222 1013/1636/437 965/1589/221
f 967/1591/223 1014/1637/438 966/1588/222
f 968/1590/224 1015/1638/439 967/1591/223
f 969/1592/225 1016/1639/440 968/1590/224
f 970/1640/226 1017/1641/441 969/1592/225
f 971/1594/227 1018/1642/442 970/1593/226
f 972/1595/228 1019/1643/443 971/1594/227
f 973/1596/229 1020/1644/444 972/1595/228
f 974/1597/230 1021/1645/445 973/1596/229
f 974/1597/230 1023/1646/446 1022/1647/447
f 976/1599/232 1023/1646/446 975/1598/231
f 977/1601/233 1024/1648/448 976/1599/232
f 978/1600/234 1025/1649/449 977/1601/233
f 979/1603/235 1026/1650/450 978/1600/234
f 980/1602/236 1027/1651/451 979/1603/235
f 981/1604/237 1028/1652/452 980/1602/236
f 982/1653/238 1029/1654/453 981/1604/237
f 983/1606/239 1030/1655/454 982/1605/238
f 984/1607/240 1031/1656/455 983/1606/239
f 985/1608/241 1032/1657/456 984/1607/240
f 986/1609/242 1033/1658/457 985/1608/241
f 986/1609/242 1035/1659/458 1034/1660/459
f 988/1611/195 1035/1659/458 987/1610/196
f 989/1613/197 1036/1661/460 988/1611/195
f 990/1612/198 1037/1662/461 989/1613/197
f 991/1615/199 1038/1663/462 990/1612/198
f 992/1614/200 1039/1664/463 991/1615/199
f 993/1616/201 1040/1665/464 992/1614/200
f 994/1666/202 1041/1667/465 993/1616/201
f 995/1618/203 1042/1668/466 994/1617/202
f 996/1619/204 1043/1669/467 995/1618/203
f 997/1620/205 1044/1670/468 996/1619/204
f 998/1621/206 1045/1671/469 997/1620/205
f 998/1621/206 1047/1672/470 1046/1673/471
f 1000/1623/208 1047/1672/470 999/1622/207
f 1001/1625/209 1048/1674/472 1000/1623/208
f 1002/1624/210 1049/1675/473 1001/1625/209
f 1003/1627/211 1050/1676/474 1002/1624/210
f 1004/1626/212 1051/1677/475 1003/1627/211
f 1005/1628/213 1052/1678/476 1004/1626/212
f 1006/1679/214 1053/1680/477 1005/1628/213
f 1007/1630/215 1054/1681/478 1006/1629/214
f 1008/1631/216 1055/1682/479 1007/1630/215
f 1009/1632/217 1056/1683/480 1008/1631/216
f 1010/1633/218 1057/1684/481 1009/1632/217
f 1010/1633/218 1011/1634/435 1058/1685/482
f 1012/1635/436 1059/1686/483 1011/1634/435
f 1013/1636/437 1060/1687/484 1012/1635/436
f 1014/1637/438 1061/1688/485 1013/1636/437
f 1015/1638/439 1062/1689/486 1014/1637/438
f 1016/1639/440 1063/1690/487 1015/1638/439
f 1016/1639/440 1065/1691/488 1064/1692/489
f 1018/1693/442 1065/1691/488 1017/1641/441
f 1018/1642/442 1067/1694/490 1066/1695/491
f 1020/1644/444 1067/1694/490 1019/1643/443
f 1021/1645/445 1068/1696/492 1020/1644/444
f 1022/1647/447 1069/1697/493 1021/1645/445
f 1023/1646/446 1070/1698/494 1022/1647/447
f 1024/1648/448 1071/1699/495 1023/1646/446
f 1025/1649/449 1072/1700/496 1024/1648/448
f 1026/1650/450 1073/1701/497 1025/1649/449
f 1027/1651/451 1074/1702/498 1026/1650/450
f 1028/1652/452 1075/1703/499 1027/1651/451
f 1028/1652/452 1077/1704/500 1076/1705/501
f 1030/1706/454 1077/1704/500 1029/1654/453
f 1030/1655/454 1079/1707/502 1078/1708/503
f 1032/1657/456 1079/1707/502 1031/1656/455
f 1033/1658/457 1080/1709/504 1032/1657/456
f 1034/1660/459 1081/1710/505 1033/1658/457
f 1035/1659/458 1082/1711/506 1034/1660/459
f 1036/1661/460 1083/1712/507 1035/1659/458
f 1037/1662/461 1084/1713/508 1036/1661/460
f 1038/1663/462 1085/1714/509 1037/1662/461
f 1039/1664/463 1086/1715/510 1038/1663/462
f 1040/1665/464 1087/1716/511 1039/1664/463
f 1040/1665/464 1089/1717/512 1088/1718/513
f 1042/1719/466 1089/1717/512 1041/1667/465
f 1042/1668/466 1091/1720/514 1090/1721/515
f 1044/1670/468 1091/1720/514 1043/1669/467
f 1045/1671/469 1092/1722/516 1044/1670/468
f 1046/1673/471 1093/1723/517 1045/1671/469
f 1047/1672/470 1094/1724/518 1046/1673/471
f 1048/1674/472 1095/1725/519 1047/1672/470
f 1049/1675/473 1096/1726/520 1048/1674/472
f 1050/1676/474 1097/1727/521 1049/1675/473
f 1051/1677/475 1098/1728/522 1050/1676/474
f 1052/1678/476 1099/1729/523 1051/1677/475
f 1052/1678/476 1101/1730/524 1100/1731/525
f 1054/1732/478 1101/1730/524 1053/1680/477
f 1054/1681/478 1103/1733/526 1102/1734/527
f 1056/1683/480 1103/1733/526 1055/1682/479
f 1057/1684/481 1104/1735/528 1056/1683/480
f 1058/1685/482 1105/1736/529 1057/1684/481
f 1011/1634/435 1106/1737/530 1058/1685/482
f 1107/1738/531 1110/1739/531 1109/1740/531
f 1109/1741/532 1112/1742/532 1111/1743/532
f 1112/1742/533 1113/1744/533 1111/1743/533
f 1114/1745/534 1115/1746/534 1113/1747/534
f 1116/1748/535 1117/1749/535 1115/1746/535
f 1118/1750/536 1119/1751/536 1117/1752/536
f 1120/1753/537 1116/1754/537 1112/1755/537
f 1120/1756/538 1121/1757/538 1119/1751/538
f 1122/1758/539 1107/1738/539 1121/1759/539
f 1113/1760/540 1117/1761/540 1121/1762/540
f 1123/1763/541 1126/1764/542 1125/1765/542
f 1125/1765/542 1128/1766/543 1127/1767/544
f 1127/1768/544 1130/1769/545 1129/1770/545
f 1130/1769/545 1131/1771/546 1129/1770/545
f 1131/1771/546 1134/1772/547 1133/1773/547
f 1133/1774/547 1136/1775/548 1135/1776/548
f 1136/1775/548 1137/1777/549 1135/1776/548
f 1138/1778/549 1139/1779/550 1137/1777/549
f 1139/1780/550 1142/1781/551 1141/1782/551
f 1142/1781/551 1143/1783/552 1141/1782/551
f 1144/1784/537 1136/1785/537 1128/1786/537
f 1143/1783/552 1146/1787/553 1145/1788/553
f 1146/1789/553 1123/1763/541 1145/1790/553
f 1129/1791/540 1137/1792/540 1145/1793/540
f 1148/1794/554 1149/1795/554 1147/1796/554
f 1150/1797/555 1151/1798/555 1149/1799/555
f 1151/1798/556 1154/1800/556 1153/1801/556
f 1153/1802/557 1156/1803/558 1155/1804/557
f 1155/1804/559 1158/1805/559 1157/1806/559
f 1157/1807/560 1160/1808/560 1159/1809/560
f 1160/1810/561 1156/1811/561 1152/1812/561
f 1160/1808/562 1161/1813/562 1159/1809/562
f 1162/1814/563 1147/1796/564 1161/1815/564
f 1153/1816/565 1157/1817/565 1161/1818/565
f 1163/1819/566 1166/1820/567 1165/1821/567
f 1166/1822/567 1167/1823/568 1165/1824/567
f 1168/1825/568 1169/1826/569 1167/1823/568
f 1169/1826/569 1172/1827/570 1171/1828/570
f 1171/1829/570 1174/1830/571 1173/1831/571
f 1173/1831/571 1176/1832/572 1175/1833/572
f 1176/1832/572 1177/1834/573 1175/1833/572
f 1178/1835/573 1179/1836/574 1177/1837/573
f 1180/1838/574 1181/1839/575 1179/1836/574
f 1182/1840/575 1183/1841/576 1181/1839/575
f 1184/1842/561 1176/1843/561 1168/1844/561
f 1183/1845/576 1186/1846/577 1185/1847/577
f 1186/1846/577 1163/1819/566 1185/1847/577
f 1169/1848/565 1177/1849/565 1185/1850/565
f 1188/1851/578 1189/1852/579 1187/1853/579
f 1190/1854/580 1191/1855/580 1189/1856/580
f 1191/1855/581 1194/1857/582 1193/1858/581
f 1194/1859/583 1195/1860/583 1193/1861/583
f 1196/1862/584 1197/1863/584 1195/1860/584
f 1198/1864/585 1199/1865/585 1197/1866/585
f 1200/1867/586 1196/1868/586 1192/1869/586
f 1200/1870/587 1201/1871/588 1199/1865/588
f 1201/1872/589 1188/1851/589 1187/1853/589
f 1193/1873/590 1197/1874/590 1201/1875/590
f 1204/1876/591 1205/1877/592 1203/1878/591
f 1205/1877/592 1208/1879/593 1207/1880/593
f 1207/1881/593 1210/1882/594 1209/1883/594
f 1209/1883/594 1212/1884/595 1211/1885/595
f 1211/1885/595 1214/1886/596 1213/1887/596
f 1213/1888/596 1216/1889/597 1215/1890/597
f 1216/1889/597 1217/1891/598 1215/1890/597
f 1218/1892/598 1219/1893/599 1217/1891/598
f 1220/1894/599 1221/1895/600 1219/1896/599
f 1222/1897/600 1223/1898/601 1221/1895/600
f 1224/1899/586 1216/1900/586 1208/1901/586
f 1224/1902/601 1225/1903/602 1223/1898/601
f 1226/1904/602 1203/1878/591 1225/1905/602
f 1209/1906/590 1217/1907/590 1225/1908/590
f 1228/1909/603 1229/1910/603 1227/1911/603
f 1229/1912/604 1232/1913/604 1231/1914/604
f 1231/1914/605 1234/1915/605 1233/1916/605
f 1234/1917/606 1235/1918/606 1233/1919/606
f 1235/1918/607 1238/1920/607 1237/1921/607
f 1238/1922/608 1239/1923/608 1237/1924/608
f 1240/1925/609 1236/1926/609 1232/1927/609
f 1240/1928/610 1241/1929/610 1239/1923/610
f 1241/1930/611 1228/1909/611 1227/1911/611
f 1233/1931/612 1237/1932/612 1241/1933/612
f 1244/1934/613 1245/1935/614 1243/1936/613
f 1246/1937/614 1247/1938/615 1245/1935/614
f 1247/1939/615 1250/1940/616 1249/1941/616
f 1249/1941/616 1252/1942/617 1251/1943/618
f 1252/1942/617 1253/1944/619 1251/1943/618
f 1253/1945/619 1256/1946/620 1255/1947/620
f 1255/1947/620 1258/1948/621 1257/1949/621
f 1257/1949/621 1260/1950/622 1259/1951/622
f 1260/1952/622 1261/1953/623 1259/1954/622
f 1262/1955/623 1263/1956/624 1261/1953/623
f 1264/1957/609 1256/1958/609 1248/1959/609
f 1263/1956/624 1266/1960/625 1265/1961/625
f 1266/1962/625 1243/1936/613 1265/1963/625
f 1249/1964/612 1257/1965/612 1265/1966/612
f 1267/1967/626 1270/1968/626 1269/1969/626
f 1270/1968/627 1271/1970/627 1269/1969/627
f 1272/1971/628 1273/1972/628 1271/1973/628
f 1274/1974/629 1275/1975/629 1273/1972/629
f 1276/1976/630 1277/1977/630 1275/1978/630
f 1277/1977/631 1280/1979/631 1279/1980/631
f 1280/1981/632 1276/1982/632 1272/1983/632
f 1279/1984/633 1282/1985/633 1281/1986/633
f 1282/1985/634 1267/1987/634 1281/1986/634
f 1273/1988/635 1277/1989/635 1281/1990/635
f 1283/1991/636 1286/1992/637 1285/1993/637
f 1286/1992/637 1287/1994/638 1285/1993/637
f 1288/1995/638 1289/1996/639 1287/1994/638
f 1290/1997/639 1291/1998/640 1289/1999/639
f 1292/2000/640 1293/2001/641 1291/1998/640
f 1293/2001/641 1296/2002/642 1295/2003/642
f 1296/2004/642 1297/2005/643 1295/2006/642
f 1298/2007/643 1299/2008/644 1297/2005/643
f 1299/2008/644 1302/2009/645 1301/2010/645
f 1301/2011/645 1304/2012/646 1303/2013/646
f 1304/2014/632 1296/2015/632 1288/2016/632
f 1304/2012/646 1305/2017/647 1303/2013/646
f 1306/2018/647 1283/2019/636 1305/2017/647
f 1289/2020/635 1297/2021/635 1305/2022/635
f 1307/2023/648 1310/2024/648 1309/2025/648
f 1309/2026/649 1312/2027/649 1311/2028/649
f 1312/2027/650 1313/2029/650 1311/2028/650
f 1314/2030/651 1315/2031/651 1313/2032/651
f 1316/2033/652 1317/2034/652 1315/2031/652
f 1318/2035/653 1319/2036/653 1317/2037/653
f 1320/2038/654 1316/2039/654 1312/2040/654
f 1320/2041/655 1321/2042/655 1319/2036/655
f 1321/2043/656 1308/2044/656 1307/2023/656
f 1313/2045/657 1317/2046/657 1321/2047/657
f 1324/2048/658 1325/2049/659 1323/2050/658
f 1325/2049/659 1328/2051/660 1327/2052/660
f 1328/2053/660 1329/2054/661 1327/2055/660
f 1330/2056/661 1331/2057/662 1329/2054/661
f 1332/2058/662 1333/2059/663 1331/2060/662
f 1334/2061/663 1335/2062/664 1333/2059/663
f 1336/2063/664 1337/2064/665 1335/2062/664
f 1338/2065/665 1339/2066/666 1337/2064/665
f 1340/2067/666 1341/2068/667 1339/2069/666
f 1342/2070/667 1343/2071/668 1341/2068/667
f 1344/2072/654 1336/2073/654 1328/2074/654
f 1344/2075/668 1345/2076/669 1343/2077/668
f 1345/2076/669 1324/2048/658 1323/2050/658
f 1329/2078/657 1337/2079/657 1345/2080/657
f 1348/2081/670 1349/2082/670 1347/2083/670
f 1349/2084/671 1352/2085/671 1351/2086/671
f 1352/2085/672 1353/2087/672 1351/2086/672
f 1353/2088/673 1356/2089/673 1355/2090/673
f 1356/2089/674 1357/2091/674 1355/2090/674
f 1358/2092/675 1359/2093/675 1357/2094/675
f 1360/2095/676 1356/2096/676 1352/2097/676
f 1359/2093/677 1362/2098/677 1361/2099/677
f 1362/2100/678 1347/2083/678 1361/2101/678
f 1353/2102/679 1357/2103/679 1361/2104/679
f 1364/2105/680 1365/2106/681 1363/2107/680
f 1366/2108/681 1367/2109/682 1365/2106/681
f 1368/2110/682 1369/2111/683 1367/2112/682
f 1370/2113/683 1371/2114/684 1369/2111/683
f 1371/2115/684 1374/2116/685 1373/2117/685
f 1373/2117/685 1376/2118/686 1375/2119/686
f 1376/2118/686 1377/2120/687 1375/2119/686
f 1377/2120/687 1380/2121/688 1379/2122/688
f 1379/2123/688 1382/2124/689 1381/2125/689
f 1382/2124/689 1383/2126/690 1381/2125/689
f 1384/2127/676 1376/2128/676 1368/2129/676
f 1383/2130/690 1386/2131/691 1385/2132/691
f 1386/2131/691 1363/2107/680 1385/2132/691
f 1369/2133/679 1377/2134/679 1385/2135/679
f 1388/2136/692 1389/2137/693 1387/2138/693
f 1390/2139/694 1391/2140/694 1389/2141/694
f 1392/2142/695 1393/2143/695 1391/2140/695
f 1393/2144/696 1396/2145/696 1395/2146/696
f 1396/2145/697 1397/2147/697 1395/2146/697
f 1397/2148/698 1400/2149/698 1399/2150/698
f 1400/2151/699 1396/2152/699 1392/2153/699
f 1400/2149/700 1401/2154/700 1399/2150/700
f 1401/2155/701 1388/2136/701 1387/2138/701
f 1393/2156/702 1397/2157/702 1401/2158/702
f 1403/2159/703 1406/2160/704 1405/2161/704
f 1405/2161/704 1408/2162/705 1407/2163/705
f 1408/2164/705 1409/2165/706 1407/2166/705
f 1410/2167/706 1411/2168/707 1409/2165/706
f 1411/2169/707 1414/2170/708 1413/2171/708
f 1414/2170/708 1415/2172/709 1413/2171/708
f 1415/2172/709 1418/2173/710 1417/2174/710
f 1418/2173/710 1419/2175/711 1417/2174/710
f 1419/2176/711 1422/2177/712 1421/2178/712
f 1421/2178/712 1424/2179/713 1423/2180/713
f 1424/2181/699 1416/2182/699 1408/2183/699
f 1423/2184/713 1426/2185/714 1425/2186/714
f 1426/2185/714 1403/2159/703 1425/2186/714
f 1409/2187/702 1417/2188/702 1425/2189/702
f 1428/2190/715 1429/2191/715 1427/2192/715
f 1430/2193/716 1431/2194/716 1429/2195/716
f 1432/2196/717 1433/2197/717 1431/2194/717
f 1434/2198/718 1435/2199/718 1433/2200/718
f 1436/2201/719 1437/2202/719 1435/2199/719
f 1438/2203/720 1439/2204/720 1437/2205/720
f 1440/2206/721 1436/2207/721 1432/2208/721
f 1439/2204/722 1442/2209/722 1441/2210/722
f 1442/2211/723 1427/2192/724 1441/2212/724
f 1433/2213/725 1437/2214/725 1441/2215/725
f 1444/2216/726 1445/2217/727 1443/2218/726
f 1445/2217/727 1448/2219/728 1447/2220/728
f 1447/2221/728 1450/2222/729 1449/2223/729
f 1450/2222/729 1451/2224/730 1449/2223/729
f 1452/2225/730 1453/2226/731 1451/2227/730
f 1453/2226/731 1456/2228/732 1455/2229/732
f 1455/2229/732 1458/2230/733 1457/2231/734
f 1458/2230/733 1459/2232/735 1457/2231/734
f 1459/2233/735 1462/2234/736 1461/2235/736
f 1462/2234/736 1463/2236/737 1461/2235/736
f 1464/2237/721 1456/2238/721 1448/2239/721
f 1463/2240/737 1466/2241/738 1465/2242/738
f 1466/2241/738 1443/2218/726 1465/2242/738
f 1449/2243/725 1457/2244/725 1465/2245/725
f 1467/2246/739 1470/2247/739 1469/2248/739
f 1470/2249/740 1471/2250/740 1469/2251/740
f 1472/2252/741 1473/2253/741 1471/2250/741
f 1474/2254/742 1475/2255/742 1473/2256/742
f 1476/2257/743 1477/2258/743 1475/2255/743
f 1478/2259/744 1479/2260/744 1477/2261/744
f 1480/2262/745 1476/2263/745 1472/2264/745
f 1480/2265/746 1481/2266/746 1479/2260/746
f 1481/2267/747 1468/2268/747 1467/2246/747
f 1473/2269/748 1477/2270/748 1481/2271/748
f 1483/2272/749 1486/2273/750 1485/2274/750
f 1486/2273/750 1487/2275/751 1485/2274/750
f 1487/2276/751 1490/2277/752 1489/2278/752
f 1489/2278/752 1492/2279/753 1491/2280/753
f 1491/2281/753 1494/2282/754 1493/2283/754
f 1493/2283/754 1496/2284/755 1495/2285/755
f 1496/2284/755 1497/2286/756 1495/2285/755
f 1498/2287/756 1499/2288/757 1497/2289/756
f 1500/2290/757 1501/2291/758 1499/2288/757
f 1502/2292/758 1503/2293/759 1501/2291/758
f 1504/2294/745 1496/2295/745 1488/2296/745
f 1504/2297/759 1505/2298/760 1503/2299/759
f 1506/2300/760 1483/2272/749 1505/2298/760
f 1489/2301/748 1497/2302/748 1505/2303/748
f 1508/2304/761 1509/2305/761 1507/2306/761
f 1510/2307/762 1511/2308/762 1509/2309/762
f 1512/2310/763 1513/2311/763 1511/2308/763
f 1513/2312/764 1516/2313/764 1515/2314/764
f 1515/2314/765 1518/2315/766 1517/2316/765
f 1518/2317/767 1519/2318/767 1517/2319/767
f 1520/2320/768 1516/2321/768 1512/2322/768
f 1520/2323/769 1521/2324/769 1519/2318/769
f 1522/2325/770 1507/2306/770 1521/2326/770
f 1513/2327/771 1517/2328/771 1521/2329/771
f 1524/2330/772 1525/2331/773 1523/2332/772
f 1525/2333/773 1528/2334/774 1527/2335/774
f 1527/2335/774 1530/2336/775 1529/2337/775
f 1530/2336/775 1531/2338/776 1529/2337/775
f 1532/2339/776 1533/2340/777 1531/2341/776
f 1533/2340/777 1536/2342/778 1535/2343/778
f 1535/2343/778 1538/2344/779 1537/2345/779
f 1538/2346/779 1539/2347/780 1537/2348/779
f 1540/2349/780 1541/2350/781 1539/2347/780
f 1542/2351/781 1543/2352/782 1541/2350/781
f 1544/2353/768 1536/2354/768 1528/2355/768
f 1543/2356/782 1546/2357/783 1545/2358/783
f 1545/2358/783 1524/2330/772 1523/2332/772
f 1529/2359/771 1537/2360/771 1545/2361/771
f 1548/2362/784 1549/2363/784 1547/2364/784
f 1550/2365/785 1551/2366/785 1549/2367/785
f 1552/2368/786 1553/2369/786 1551/2366/786
f 1554/2370/787 1555/2371/787 1553/2372/787
f 1555/2371/788 1558/2373/788 1557/2374/788
f 1558/2375/789 1559/2376/789 1557/2377/789
f 1560/2378/790 1556/2379/790 1552/2380/790
f 1560/2381/791 1561/2382/791 1559/2383/791
f 1561/2384/792 1548/2362/792 1547/2364/792
f 1553/2385/793 1557/2386/793 1561/2382/793
f 1563/2387/794 1566/2388/795 1565/2389/795
f 1566/2388/795 1567/2390/796 1565/2389/795
f 1568/2391/796 1569/2392/797 1567/2393/796
f 1569/2392/797 1572/2394/798 1571/2395/798
f 1572/2396/798 1573/2397/799 1571/2398/798
f 1574/2399/799 1575/2400/800 1573/2397/799
f 1575/2400/800 1578/2401/801 1577/2402/801
f 1577/2402/801 1580/2403/802 1579/2404/802
f 1580/2405/802 1581/2406/803 1579/2407/802
f 1581/2408/803 1584/2409/804 1583/2410/804
f 1584/2411/790 1576/2412/790 1568/2413/790
f 1584/2414/804 1585/2415/805 1583/2416/804
f 1585/2415/805 1564/2417/794 1563/2387/794
f 1569/2418/793 1577/2419/793 1585/2420/793
f 1587/2421/806 1590/2422/806 1589/2423/806
f 1590/2424/807 1591/2425/807 1589/2426/807
f 1591/2425/808 1594/2427/808 1593/2428/808
f 1594/2429/809 1595/2430/809 1593/2431/809
f 1596/2432/810 1597/2433/810 1595/2430/810
f 1597/2434/811 1600/2435/811 1599/2436/811
f 1600/2437/812 1596/2438/812 1592/2439/812
f 1600/2435/813 1601/2440/813 1599/2436/813
f 1601/2441/814 1588/2442/814 1587/2421/814
f 1593/2443/815 1597/2444/815 1601/2445/815
f 1604/2446/816 1605/2447/817 1603/2448/816
f 1606/2449/817 1607/2450/818 1605/2447/817
f 1607/2451/818 1610/2452/819 1609/2453/819
f 1609/2453/819 1612/2454/820 1611/2455/820
f 1611/2455/820 1614/2456/821 1613/2457/821
f 1614/2458/821 1615/2459/822 1613/2460/821
f 1616/2461/822 1617/2462/823 1615/2459/822
f 1618/2463/823 1619/2464/824 1617/2465/823
f 1620/2466/824 1621/2467/825 1619/2464/824
f 1622/2468/825 1623/2469/826 1621/2467/825
f 1624/2470/812 1616/2471/812 1608/2472/812
f 1623/2473/826 1626/2474/827 1625/2475/827
f 1625/2475/827 1604/2446/816 1603/2448/816
f 1609/2476/815 1617/2477/815 1625/2478/815
f 1628/2479/828 1629/2480/828 1627/2481/828
f 1630/2482/829 1631/2483/829 1629/2484/829
f 1632/2485/830 1633/2486/830 1631/2483/830
f 1633/2487/831 1636/2488/831 1635/2489/831
f 1636/2488/832 1637/2490/832 1635/2489/832
f 1637/2491/833 1640/2492/833 1639/2493/833
f 1640/2494/834 1636/2495/834 1632/2496/834
f 1640/2497/835 1641/2498/835 1639/2499/835
f 1642/2500/836 1627/2481/836 1641/2501/836
f 1633/2502/837 1637/2503/837 1641/2498/837
f 1643/2504/838 1646/2505/839 1645/2506/839
f 1645/2506/839 1648/2507/840 1647/2508/840
f 1647/2509/840 1650/2510/841 1649/2511/841
f 1650/2510/841 1651/2512/842 1649/2511/841
f 1652/2513/842 1653/2514/843 1651/2515/842
f 1654/2516/843 1655/2517/844 1653/2514/843
f 1656/2518/844 1657/2519/845 1655/2517/844
f 1658/2520/845 1659/2521/846 1657/2519/845
f 1660/2522/846 1661/2523/847 1659/2524/846
f 1662/2525/847 1663/2526/848 1661/2523/847
f 1664/2527/834 1656/2528/834 1648/2529/834
f 1664/2530/848 1665/2531/849 1663/2532/848
f 1666/2533/849 1643/2504/838 1665/2531/849
f 1649/2534/837 1657/2535/837 1665/2536/837
f 1673/2537/251 1668/2538/244 1667/2539/244
f 1674/2540/194 1669/2541/194 1668/2542/194
f 1675/2543/252 1670/2544/246 1669/2545/246
f 1676/2546/253 1671/2547/248 1670/2544/248
f 1671/2548/1 1678/2549/1 1672/2550/1
f 1672/2551/250 1673/2537/254 1667/2539/250
f 1673/2537/251 1680/2552/259 1674/2553/251
f 1674/2540/194 1681/2554/194 1675/2555/194
f 1681/2556/260 1676/2546/252 1675/2543/252
f 1682/2557/261 1677/2558/253 1676/2546/253
f 1683/2559/1 1678/2549/1 1677/2560/1
f 1684/2561/262 1673/2537/254 1678/2562/254
f 1685/2563/267 1680/2552/259 1679/2564/259
f 1686/2565/194 1681/2554/194 1680/2566/194
f 1687/2567/268 1682/2557/260 1681/2556/260
f 1688/2568/269 1683/2569/261 1682/2557/261
f 1689/2570/1 1684/2571/1 1683/2559/1
f 1684/2561/262 1685/2563/270 1679/2564/262
f 1691/2572/275 1686/2573/267 1685/2574/267
f 1686/2565/194 1693/2575/194 1687/2576/194
f 1693/2577/276 1688/2578/268 1687/2579/268
f 1688/2568/269 1695/2580/277 1689/2581/269
f 1695/2582/1 1690/2583/1 1689/2570/1
f 1696/2584/278 1685/2574/270 1690/2585/270
f 1697/2586/283 1692/2587/275 1691/2572/275
f 1698/2588/194 1693/2575/194 1692/2589/194
f 1699/2590/284 1694/2591/276 1693/2577/276
f 1700/2592/285 1695/2593/277 1694/2591/277
f 1701/2594/1 1696/2595/1 1695/2582/1
f 1696/2584/278 1697/2586/286 1691/2572/278
f 1703/2596/291 1698/2597/283 1697/2586/283
f 1704/2598/194 1699/2599/194 1698/2588/194
f 1705/2600/292 1700/2592/284 1699/2590/284
f 1706/2601/293 1701/2602/285 1700/2592/285
f 1707/2603/1 1702/2604/1 1701/2594/1
f 1708/2605/294 1697/2586/286 1702/2606/286
f 1703/2596/291 1710/2607/299 1704/2608/291
f 1710/2609/194 1705/2610/194 1704/2598/194
f 1711/2611/300 1706/2601/292 1705/2600/292
f 1706/2601/293 1713/2612/301 1707/2613/293
f 1713/2614/1 1708/2615/1 1707/2603/1
f 1714/2616/302 1703/2596/294 1708/2605/294
f 1715/2617/307 1710/2607/299 1709/2618/299
f 1710/2609/194 1717/2619/194 1711/2620/194
f 1711/2611/300 1718/2621/308 1712/2622/300
f 1718/2621/309 1713/2612/301 1712/2622/301
f 1719/2623/1 1714/2624/1 1713/2614/1
f 1720/2625/310 1709/2618/302 1714/2616/302
f 1721/2626/315 1716/2627/307 1715/2617/307
f 1716/2628/194 1723/2629/194 1717/2619/194
f 1723/2630/316 1718/2621/308 1717/2631/308
f 1724/2632/317 1719/2633/309 1718/2621/309
f 1719/2623/1 1726/2634/1 1720/2635/1
f 1726/2636/318 1715/2617/310 1720/2625/310
f 1727/2637/323 1722/2638/315 1721/2639/315
f 1722/2640/194 1729/2641/194 1723/2629/194
f 1729/2642/324 1724/2643/316 1723/2644/316
f 1730/2645/325 1725/2646/317 1724/2643/317
f 1731/2647/1 1726/2634/1 1725/2648/1
f 1732/2649/326 1721/2626/318 1726/2636/318
f 1733/2650/331 1728/2651/323 1727/2637/323
f 1728/2652/194 1735/2653/194 1729/2641/194
f 1735/2654/332 1730/2645/324 1729/2642/324
f 1730/2645/325 1737/2655/333 1731/2656/325
f 1737/2657/1 1732/2658/1 1731/2647/1
f 1738/2659/334 1727/2637/326 1732/2660/326
f 1739/2661/246 1734/2662/331 1733/2650/331
f 1740/2663/194 1735/2653/194 1734/2664/194
f 1735/2654/332 1742/2665/244 1736/2666/332
f 1742/2665/250 1737/2655/333 1736/2666/333
f 1743/2667/1 1738/2668/1 1737/2657/1
f 1744/2669/248 1733/2650/334 1738/2659/334
f 1745/2670/252 1740/2671/246 1739/2661/246
f 1746/2672/194 1741/2673/194 1740/2663/194
f 1747/2674/251 1742/2665/244 1741/2675/244
f 1748/2676/254 1743/2677/250 1742/2665/250
f 1743/2667/1 1750/2678/1 1744/2679/1
f 1750/2680/253 1739/2661/248 1744/2669/248
f 1751/2681/260 1746/2682/252 1745/2670/252
f 1752/2683/194 1747/2684/194 1746/2672/194
f 1753/2685/259 1748/2676/251 1747/2674/251
f 1754/2686/262 1749/2687/254 1748/2676/254
f 1755/2688/1 1750/2678/1 1749/2689/1
f 1756/2690/261 1745/2670/253 1750/2680/253
f 1757/2691/268 1752/2692/260 1751/2681/260
f 1758/2693/194 1753/2694/194 1752/2683/194
f 1759/2695/267 1754/2686/259 1753/2685/259
f 1760/2696/270 1755/2697/262 1754/2686/262
f 1755/2688/1 1762/2698/1 1756/2699/1
f 1762/2700/269 1751/2681/261 1756/2690/261
f 1763/2701/276 1758/2702/268 1757/2703/268
f 1758/2693/194 1765/2704/194 1759/2705/194
f 1759/2706/267 1766/2707/275 1760/2708/267
f 1766/2707/278 1761/2709/270 1760/2708/270
f 1767/2710/1 1762/2698/1 1761/2711/1
f 1768/2712/277 1757/2691/269 1762/2700/269
f 1769/2713/284 1764/2714/276 1763/2701/276
f 1770/2715/194 1765/2704/194 1764/2716/194
f 1765/2717/275 1772/2718/283 1766/2707/275
f 1772/2718/286 1767/2719/278 1766/2707/278
f 1773/2720/1 1768/2721/1 1767/2710/1
f 1768/2722/277 1769/2713/285 1763/2701/277
f 1769/2713/284 1776/2723/292 1770/2724/284
f 1776/2725/194 1771/2726/194 1770/2715/194
f 1777/2727/291 1772/2718/283 1771/2728/283
f 1772/2718/286 1779/2729/294 1773/2730/286
f 1773/2720/1 1780/2731/1 1774/2732/1
f 1774/2733/285 1775/2734/293 1769/2713/285
f 1781/2735/300 1776/2723/292 1775/2734/292
f 1776/2725/194 1783/2736/194 1777/2737/194
f 1783/2738/299 1778/2739/291 1777/2727/291
f 1778/2739/294 1785/2740/302 1779/2729/294
f 1785/2741/1 1780/2731/1 1779/2742/1
f 1786/2743/301 1775/2734/293 1780/2744/293
f 1787/2745/308 1782/2746/300 1781/2735/300
f 1788/2747/194 1783/2736/194 1782/2748/194
f 1789/2749/307 1784/2750/299 1783/2738/299
f 1784/2750/302 1791/2751/310 1785/2740/302
f 1791/2752/1 1786/2753/1 1785/2741/1
f 1792/2754/309 1781/2735/301 1786/2743/301
f 1793/2755/316 1788/2756/308 1787/2745/308
f 1794/2757/194 1789/2758/194 1788/2747/194
f 1795/2759/315 1790/2760/307 1789/2749/307
f 1796/2761/318 1791/2751/310 1790/2760/310
f 1791/2752/1 1798/2762/1 1792/2763/1
f 1798/2764/317 1787/2745/309 1792/2754/309
f 1799/2765/324 1794/2766/316 1793/2767/316
f 1800/2768/194 1795/2769/194 1794/2757/194
f 1801/2770/323 1796/2771/315 1795/2772/315
f 1802/2773/326 1797/2774/318 1796/2761/318
f 1803/2775/1 1798/2762/1 1797/2776/1
f 1798/2777/317 1799/2765/325 1793/2767/317
f 1805/2778/332 1800/2779/324 1799/2765/324
f 1800/2768/194 1807/2780/194 1801/2781/194
f 1807/2782/331 1802/2783/323 1801/2770/323
f 1808/2784/334 1803/2785/326 1802/2783/326
f 1809/2786/1 1804/2787/1 1803/2775/1
f 1810/2788/333 1799/2765/325 1804/2789/325
f 1667/2539/244 1806/2790/332 1805/2778/332
f 1668/2542/194 1807/2780/194 1806/2791/194
f 1669/2545/246 1808/2784/331 1807/2782/331
f 1670/2544/248 1809/2792/334 1808/2784/334
f 1671/2548/1 1810/2793/1 1809/2786/1
f 1672/2551/250 1805/2778/333 1810/2788/333
f 1817/2794/251 1812/2795/244 1811/2796/244
f 1818/2797/194 1813/2798/194 1812/2799/194
f 1819/2800/252 1814/2801/246 1813/2802/246
f 1814/2801/248 1821/2803/253 1815/2804/248
f 1815/2805/1 1822/2806/1 1816/2807/1
f 1816/2808/250 1817/2794/254 1811/2796/250
f 1817/2794/251 1824/2809/259 1818/2810/251
f 1818/2797/194 1825/2811/194 1819/2812/194
f 1825/2813/260 1820/2814/252 1819/2800/252
f 1820/2814/253 1827/2815/261 1821/2803/253
f 1827/2816/1 1822/2806/1 1821/2817/1
f 1828/2818/262 1817/2794/254 1822/2819/254
f 1829/2820/267 1824/2809/259 1823/2821/259
f 1830/2822/194 1825/2811/194 1824/2823/194
f 1831/2824/268 1826/2825/260 1825/2813/260
f 1832/2826/269 1827/2815/261 1826/2825/261
f 1833/2827/1 1828/2828/1 1827/2816/1
f 1828/2818/262 1829/2820/270 1823/2821/262
f 1835/2829/275 1830/2830/267 1829/2831/267
f 1830/2822/194 1837/2832/194 1831/2833/194
f 1837/2834/276 1832/2835/268 1831/2836/268
f 1832/2826/269 1839/2837/277 1833/2838/269
f 1839/2839/1 1834/2840/1 1833/2827/1
f 1840/2841/278 1829/2831/270 1834/2842/270
f 1841/2843/283 1836/2844/275 1835/2829/275
f 1842/2845/194 1837/2832/194 1836/2846/194
f 1843/2847/284 1838/2848/276 1837/2834/276
f 1844/2849/285 1839/2850/277 1838/2848/277
f 1845/2851/1 1840/2852/1 1839/2839/1
f 1840/2841/278 1841/2843/286 1835/2829/278
f 1841/2843/283 1848/2853/291 1842/2854/283
f 1848/2855/194 1843/2856/194 1842/2845/194
f 1849/2857/292 1844/2849/284 1843/2847/284
f 1850/2858/293 1845/2859/285 1844/2849/285
f 1851/2860/1 1846/2861/1 1845/2851/1
f 1852/2862/294 1841/2843/286 1846/2863/286
f 1847/2864/291 1854/2865/299 1848/2853/291
f 1854/2866/194 1849/2867/194 1848/2855/194
f 1855/2868/300 1850/2858/292 1849/2857/292
f 1850/2858/293 1857/2869/301 1851/2870/293
f 1857/2871/1 1852/2872/1 1851/2860/1
f 1858/2873/302 1847/2864/294 1852/2862/294
f 1859/2874/307 1854/2865/299 1853/2875/299
f 1854/2866/194 1861/2876/194 1855/2877/194
f 1855/2868/300 1862/2878/308 1856/2879/300
f 1862/2878/309 1857/2869/301 1856/2879/301
f 1863/2880/1 1858/2881/1 1857/2871/1
f 1864/2882/310 1853/2875/302 1858/2873/302
f 1865/2883/315 1860/2884/307 1859/2874/307
f 1860/2885/194 1867/2886/194 1861/2876/194
f 1867/2887/316 1862/2878/308 1861/2888/308
f 1868/2889/317 1863/2890/309 1862/2878/309
f 1863/2880/1 1870/2891/1 1864/2892/1
f 1870/2893/318 1859/2874/310 1864/2882/310
f 1871/2894/323 1866/2895/315 1865/2896/315
f 1866/2897/194 1873/2898/194 1867/2886/194
f 1867/2899/316 1874/2900/324 1868/2901/316
f 1874/2900/325 1869/2902/317 1868/2901/317
f 1875/2903/1 1870/2891/1 1869/2904/1
f 1876/2905/326 1865/2883/318 1870/2893/318
f 1877/2906/331 1872/2907/323 1871/2894/323
f 1872/2908/194 1879/2909/194 1873/2898/194
f 1879/2910/332 1874/2900/324 1873/2911/324
f 1874/2900/325 1881/2912/333 1875/2913/325
f 1881/2914/1 1876/2915/1 1875/2903/1
f 1882/2916/334 1871/2894/326 1876/2917/326
f 1883/2918/246 1878/2919/331 1877/2906/331
f 1884/2920/194 1879/2909/194 1878/2921/194
f 1879/2910/332 1886/2922/244 1880/2923/332
f 1886/2922/250 1881/2912/333 1880/2923/333
f 1887/2924/1 1882/2925/1 1881/2914/1
f 1888/2926/248 1877/2906/334 1882/2916/334
f 1889/2927/252 1884/2928/246 1883/2918/246
f 1890/2929/194 1885/2930/194 1884/2920/194
f 1891/2931/251 1886/2922/244 1885/2932/244
f 1892/2933/254 1887/2934/250 1886/2922/250
f 1887/2924/1 1894/2935/1 1888/2936/1
f 1894/2937/253 1883/2918/248 1888/2926/248
f 1895/2938/260 1890/2939/252 1889/2927/252
f 1896/2940/194 1891/2941/194 1890/2929/194
f 1897/2942/259 1892/2933/251 1891/2931/251
f 1898/2943/262 1893/2944/254 1892/2933/254
f 1899/2945/1 1894/2935/1 1893/2946/1
f 1900/2947/261 1889/2927/253 1894/2937/253
f 1901/2948/268 1896/2949/260 1895/2938/260
f 1902/2950/194 1897/2951/194 1896/2940/194
f 1903/2952/267 1898/2943/259 1897/2942/259
f 1904/2953/270 1899/2954/262 1898/2943/262
f 1899/2945/1 1906/2955/1 1900/2956/1
f 1906/2957/269 1895/2938/261 1900/2947/261
f 1907/2958/276 1902/2959/268 1901/2960/268
f 1902/2950/194 1909/2961/194 1903/2962/194
f 1909/2963/275 1904/2964/267 1903/2965/267
f 1910/2966/278 1905/2967/270 1904/2964/270
f 1911/2968/1 1906/2955/1 1905/2969/1
f 1912/2970/277 1901/2948/269 1906/2957/269
f 1913/2971/284 1908/2972/276 1907/2958/276
f 1914/2973/194 1909/2961/194 1908/2974/194
f 1909/2963/275 1916/2975/283 1910/2966/275
f 1916/2975/286 1911/2976/278 1910/2966/278
f 1917/2977/1 1912/2978/1 1911/2968/1
f 1912/2979/277 1913/2971/285 1907/2958/277
f 1919/2980/292 1914/2981/284 1913/2971/284
f 1920/2982/194 1915/2983/194 1914/2973/194
f 1921/2984/291 1916/2975/283 1915/2985/283
f 1916/2975/286 1923/2986/294 1917/2987/286
f 1917/2977/1 1924/2988/1 1918/2989/1
f 1918/2990/285 1919/2980/293 1913/2971/285
f 1925/2991/300 1920/2992/292 1919/2980/292
f 1920/2982/194 1927/2993/194 1921/2994/194
f 1927/2995/299 1922/2996/291 1921/2984/291
f 1922/2996/294 1929/2997/302 1923/2986/294
f 1929/2998/1 1924/2988/1 1923/2999/1
f 1930/3000/301 1919/2980/293 1924/3001/293
f 1931/3002/308 1926/3003/300 1925/2991/300
f 1932/3004/194 1927/2993/194 1926/3005/194
f 1933/3006/307 1928/3007/299 1927/2995/299
f 1928/3007/302 1935/3008/310 1929/2997/302
f 1935/3009/1 1930/3010/1 1929/2998/1
f 1936/3011/309 1925/2991/301 1930/3000/301
f 1937/3012/316 1932/3013/308 1931/3002/308
f 1938/3014/194 1933/3015/194 1932/3004/194
f 1939/3016/315 1934/3017/307 1933/3006/307
f 1940/3018/318 1935/3008/310 1934/3017/310
f 1935/3009/1 1942/3019/1 1936/3020/1
f 1942/3021/317 1931/3002/309 1936/3011/309
f 1943/3022/324 1938/3023/316 1937/3024/316
f 1944/3025/194 1939/3026/194 1938/3014/194
f 1945/3027/323 1940/3028/315 1939/3029/315
f 1946/3030/326 1941/3031/318 1940/3018/318
f 1947/3032/1 1942/3019/1 1941/3033/1
f 1942/3034/317 1943/3022/325 1937/3024/317
f 1949/3035/332 1944/3036/324 1943/3022/324
f 1944/3025/194 1951/3037/194 1945/3038/194
f 1951/3039/331 1946/3040/323 1945/3027/323
f 1946/3040/326 1953/3041/334 1947/3042/326
f 1953/3043/1 1948/3044/1 1947/3032/1
f 1954/3045/333 1943/3022/325 1948/3046/325
f 1811/2796/244 1950/3047/332 1949/3035/332
f 1812/2799/194 1951/3037/194 1950/3048/194
f 1951/3039/331 1814/2801/246 1952/3049/331
f 1814/2801/248 1953/3041/334 1952/3049/334
f 1815/2805/1 1954/3050/1 1953/3043/1
f 1816/2808/250 1949/3035/333 1954/3045/333
f 1961/3051/251 1956/3052/244 1955/3053/244
f 1962/3054/194 1957/3055/194 1956/3056/194
f 1963/3057/252 1958/3058/246 1957/3059/246
f 1964/3060/253 1959/3061/248 1958/3058/248
f 1959/3062/1 1966/3063/1 1960/3064/1
f 1960/3065/250 1961/3051/254 1955/3053/250
f 1961/3051/251 1968/3066/259 1962/3067/251
f 1962/3054/194 1969/3068/194 1963/3069/194
f 1969/3070/260 1964/3060/252 1963/3057/252
f 1970/3071/261 1965/3072/253 1964/3060/253
f 1971/3073/1 1966/3063/1 1965/3074/1
f 1972/3075/262 1961/3051/254 1966/3076/254
f 1973/3077/267 1968/3066/259 1967/3078/259
f 1974/3079/194 1969/3068/194 1968/3080/194
f 1975/3081/268 1970/3071/260 1969/3070/260
f 1976/3082/269 1971/3083/261 1970/3071/261
f 1977/3084/1 1972/3085/1 1971/3073/1
f 1972/3075/262 1973/3077/270 1967/3078/262
f 1979/3086/275 1974/3087/267 1973/3088/267
f 1974/3079/194 1981/3089/194 1975/3090/194
f 1981/3091/276 1976/3092/268 1975/3093/268
f 1982/3094/277 1977/3095/269 1976/3082/269
f 1983/3096/1 1978/3097/1 1977/3084/1
f 1984/3098/278 1973/3088/270 1978/3099/270
f 1985/3100/283 1980/3101/275 1979/3086/275
f 1986/3102/194 1981/3089/194 1980/3103/194
f 1987/3104/284 1982/3105/276 1981/3091/276
f 1988/3106/285 1983/3107/277 1982/3105/277
f 1989/3108/1 1984/3109/1 1983/3096/1
f 1984/3098/278 1985/3100/286 1979/3086/278
f 1985/3100/283 1992/3110/291 1986/3111/283
f 1992/3112/194 1987/3113/194 1986/3102/194
f 1993/3114/292 1988/3106/284 1987/3104/284
f 1994/3115/293 1989/3116/285 1988/3106/285
f 1995/3117/1 1990/3118/1 1989/3108/1
f 1996/3119/294 1985/3100/286 1990/3120/286
f 1991/3121/291 1998/3122/299 1992/3110/291
f 1998/3123/194 1993/3124/194 1992/3112/194
f 1999/3125/300 1994/3115/292 1993/3114/292
f 2000/3126/301 1995/3127/293 1994/3115/293
f 2001/3128/1 1996/3129/1 1995/3117/1
f 2002/3130/302 1991/3121/294 1996/3119/294
f 1997/3131/299 2004/3132/307 1998/3122/299
f 1998/3123/194 2005/3133/194 1999/3134/194
f 1999/3125/300 2006/3135/308 2000/3126/300
f 2006/3135/309 2001/3136/301 2000/3126/301
f 2007/3137/1 2002/3138/1 2001/3128/1
f 2008/3139/310 1997/3131/302 2002/3130/302
f 2009/3140/315 2004/3132/307 2003/3141/307
f 2004/3142/194 2011/3143/194 2005/3133/194
f 2011/3144/316 2006/3135/308 2005/3145/308
f 2012/3146/317 2007/3147/309 2006/3135/309
f 2007/3137/1 2014/3148/1 2008/3149/1
f 2014/3150/318 2003/3141/310 2008/3139/310
f 2015/3151/323 2010/3152/315 2009/3153/315
f 2010/3154/194 2017/3155/194 2011/3143/194
f 2011/3156/316 2018/3157/324 2012/3158/316
f 2018/3157/325 2013/3159/317 2012/3158/317
f 2019/3160/1 2014/3148/1 2013/3161/1
f 2020/3162/326 2009/3140/318 2014/3150/318
f 2021/3163/331 2016/3164/323 2015/3151/323
f 2016/3165/194 2023/3166/194 2017/3155/194
f 2023/3167/332 2018/3157/324 2017/3168/324
f 2018/3157/325 2025/3169/333 2019/3170/325
f 2025/3171/1 2020/3172/1 2019/3160/1
f 2026/3173/334 2015/3151/326 2020/3174/326
f 2027/3175/246 2022/3176/331 2021/3163/331
f 2028/3177/194 2023/3166/194 2022/3178/194
f 2029/3179/244 2024/3180/332 2023/3167/332
f 2030/3181/250 2025/3169/333 2024/3180/333
f 2031/3182/1 2026/3183/1 2025/3171/1
f 2032/3184/248 2021/3163/334 2026/3173/334
f 2033/3185/252 2028/3186/246 2027/3175/246
f 2034/3187/194 2029/3188/194 2028/3177/194
f 2035/3189/251 2030/3181/244 2029/3179/244
f 2036/3190/254 2031/3191/250 2030/3181/250
f 2031/3182/1 2038/3192/1 2032/3193/1
f 2038/3194/253 2027/3175/248 2032/3184/248
f 2039/3195/260 2034/3196/252 2033/3185/252
f 2040/3197/194 2035/3198/194 2034/3187/194
f 2035/3189/251 2042/3199/259 2036/3190/251
f 2042/3199/262 2037/3200/254 2036/3190/254
f 2043/3201/1 2038/3192/1 2037/3202/1
f 2044/3203/261 2033/3185/253 2038/3194/253
f 2039/3195/260 2046/3204/268 2040/3205/260
f 2046/3206/194 2041/3207/194 2040/3197/194
f 2047/3208/267 2042/3199/259 2041/3209/259
f 2048/3210/270 2043/3211/262 2042/3199/262
f 2043/3201/1 2050/3212/1 2044/3213/1
f 2050/3214/269 2039/3195/261 2044/3203/261
f 2051/3215/276 2046/3216/268 2045/3217/268
f 2046/3206/194 2053/3218/194 2047/3219/194
f 2053/3220/275 2048/3221/267 2047/3222/267
f 2054/3223/278 2049/3224/270 2048/3221/270
f 2055/3225/1 2050/3212/1 2049/3226/1
f 2056/3227/277 2045/3228/269 2050/3214/269
f 2057/3229/284 2052/3230/276 2051/3215/276
f 2058/3231/194 2053/3218/194 2052/3232/194
f 2059/3233/283 2054/3223/275 2053/3220/275
f 2054/3223/278 2061/3234/286 2055/3235/278
f 2061/3236/1 2056/3237/1 2055/3225/1
f 2056/3238/277 2057/3229/285 2051/3215/277
f 2063/3239/292 2058/3240/284 2057/3229/284
f 2064/3241/194 2059/3242/194 2058/3231/194
f 2065/3243/291 2060/3244/283 2059/3233/283
f 2060/3244/286 2067/3245/294 2061/3234/286
f 2061/3236/1 2068/3246/1 2062/3247/1
f 2062/3248/285 2063/3239/293 2057/3229/285
f 2069/3249/300 2064/3250/292 2063/3239/292
f 2064/3241/194 2071/3251/194 2065/3252/194
f 2071/3253/299 2066/3254/291 2065/3243/291
f 2066/3254/294 2073/3255/302 2067/3245/294
f 2073/3256/1 2068/3246/1 2067/3257/1
f 2074/3258/301 2063/3239/293 2068/3259/293
f 2075/3260/308 2070/3261/300 2069/3249/300
f 2076/3262/194 2071/3251/194 2070/3263/194
f 2077/3264/307 2072/3265/299 2071/3253/299
f 2072/3265/302 2079/3266/310 2073/3255/302
f 2079/3267/1 2074/3268/1 2073/3256/1
f 2080/3269/309 2069/3249/301 2074/3258/301
f 2081/3270/316 2076/3271/308 2075/3260/308
f 2082/3272/194 2077/3273/194 2076/3262/194
f 2083/3274/315 2078/3275/307 2077/3264/307
f 2084/3276/318 2079/3266/310 2078/3275/310
f 2079/3267/1 2086/3277/1 2080/3278/1
f 2086/3279/317 2075/3260/309 2080/3269/309
f 2087/3280/324 2082/3281/316 2081/3282/316
f 2088/3283/194 2083/3284/194 2082/3272/194
f 2089/3285/323 2084/3286/315 2083/3287/315
f 2090/3288/326 2085/3289/318 2084/3276/318
f 2091/3290/1 2086/3277/1 2085/3291/1
f 2086/3292/317 2087/3280/325 2081/3282/317
f 2093/3293/332 2088/3294/324 2087/3280/324
f 2088/3283/194 2095/3295/194 2089/3296/194
f 2095/3297/331 2090/3298/323 2089/3285/323
f 2096/3299/334 2091/3300/326 2090/3298/326
f 2097/3301/1 2092/3302/1 2091/3290/1
f 2098/3303/333 2087/3280/325 2092/3304/325
f 2093/3293/332 1956/3052/244 2094/3305/332
f 1956/3056/194 2095/3295/194 2094/3306/194
f 2095/3297/331 1958/3058/246 2096/3299/331
f 1958/3058/248 2097/3307/334 2096/3299/334
f 1959/3062/1 2098/3308/1 2097/3301/1
f 1960/3065/250 2093/3293/333 2098/3303/333
f 2105/3309/251 2100/3310/244 2099/3311/244
f 2106/3312/194 2101/3313/194 2100/3314/194
f 2107/3315/252 2102/3316/246 2101/3317/246
f 2108/3318/253 2103/3319/248 2102/3316/248
f 2103/3320/1 2110/3321/1 2104/3322/1
f 2104/3323/250 2105/3309/254 2099/3311/250
f 2105/3309/251 2112/3324/259 2106/3325/251
f 2106/3312/194 2113/3326/194 2107/3327/194
f 2113/3328/260 2108/3318/252 2107/3315/252
f 2114/3329/261 2109/3330/253 2108/3318/253
f 2115/3331/1 2110/3321/1 2109/3332/1
f 2116/3333/262 2105/3309/254 2110/3334/254
f 2117/3335/267 2112/3324/259 2111/3336/259
f 2118/3337/194 2113/3326/194 2112/3338/194
f 2119/3339/268 2114/3329/260 2113/3328/260
f 2120/3340/269 2115/3341/261 2114/3329/261
f 2121/3342/1 2116/3343/1 2115/3331/1
f 2122/3344/270 2111/3336/262 2116/3333/262
f 2123/3345/275 2118/3346/267 2117/3347/267
f 2118/3337/194 2125/3348/194 2119/3349/194
f 2125/3350/276 2120/3351/268 2119/3352/268
f 2120/3340/269 2127/3353/277 2121/3354/269
f 2127/3355/1 2122/3356/1 2121/3342/1
f 2128/3357/278 2117/3347/270 2122/3358/270
f 2129/3359/283 2124/3360/275 2123/3345/275
f 2130/3361/194 2125/3348/194 2124/3362/194
f 2131/3363/284 2126/3364/276 2125/3350/276
f 2132/3365/285 2127/3366/277 2126/3364/277
f 2133/3367/1 2128/3368/1 2127/3355/1
f 2128/3357/278 2129/3359/286 2123/3345/278
f 2129/3359/283 2136/3369/291 2130/3370/283
f 2136/3371/194 2131/3372/194 2130/3361/194
f 2137/3373/292 2132/3365/284 2131/3363/284
f 2138/3374/293 2133/3375/285 2132/3365/285
f 2139/3376/1 2134/3377/1 2133/3367/1
f 2140/3378/294 2129/3359/286 2134/3379/286
f 2135/3380/291 2142/3381/299 2136/3369/291
f 2142/3382/194 2137/3383/194 2136/3371/194
f 2143/3384/300 2138/3374/292 2137/3373/292
f 2138/3374/293 2145/3385/301 2139/3386/293
f 2145/3387/1 2140/3388/1 2139/3376/1
f 2146/3389/302 2135/3380/294 2140/3378/294
f 2141/3390/299 2148/3391/307 2142/3381/299
f 2142/3382/194 2149/3392/194 2143/3393/194
f 2143/3384/300 2150/3394/308 2144/3395/300
f 2150/3394/309 2145/3385/301 2144/3395/301
f 2151/3396/1 2146/3397/1 2145/3387/1
f 2152/3398/310 2141/3390/302 2146/3389/302
f 2153/3399/315 2148/3391/307 2147/3400/307
f 2148/3401/194 2155/3402/194 2149/3392/194
f 2155/3403/316 2150/3394/308 2149/3404/308
f 2156/3405/317 2151/3406/309 2150/3394/309
f 2151/3396/1 2158/3407/1 2152/3408/1
f 2158/3409/318 2147/3400/310 2152/3398/310
f 2159/3410/323 2154/3411/315 2153/3412/315
f 2154/3413/194 2161/3414/194 2155/3402/194
f 2161/3415/324 2156/3416/316 2155/3417/316
f 2162/3418/325 2157/3419/317 2156/3416/317
f 2163/3420/1 2158/3407/1 2157/3421/1
f 2164/3422/326 2153/3399/318 2158/3409/318
f 2165/3423/331 2160/3424/323 2159/3410/323
f 2160/3425/194 2167/3426/194 2161/3414/194
f 2167/3427/332 2162/3418/324 2161/3415/324
f 2162/3418/325 2169/3428/333 2163/3429/325
f 2169/3430/1 2164/3431/1 2163/3420/1
f 2170/3432/334 2159/3410/326 2164/3433/326
f 2171/3434/246 2166/3435/331 2165/3423/331
f 2172/3436/194 2167/3426/194 2166/3437/194
f 2173/3438/244 2168/3439/332 2167/3427/332
f 2174/3440/250 2169/3428/333 2168/3439/333
f 2175/3441/1 2170/3442/1 2169/3430/1
f 2176/3443/248 2165/3423/334 2170/3432/334
f 2177/3444/252 2172/3445/246 2171/3434/246
f 2178/3446/194 2173/3447/194 2172/3436/194
f 2179/3448/251 2174/3440/244 2173/3438/244
f 2180/3449/254 2175/3450/250 2174/3440/250
f 2175/3441/1 2182/3451/1 2176/3452/1
f 2182/3453/253 2171/3434/248 2176/3443/248
f 2183/3454/260 2178/3455/252 2177/3444/252
f 2184/3456/194 2179/3457/194 2178/3446/194
f 2185/3458/259 2180/3449/251 2179/3448/251
f 2186/3459/262 2181/3460/254 2180/3449/254
f 2187/3461/1 2182/3451/1 2181/3462/1
f 2182/3453/253 2183/3454/261 2177/3444/253
f 2183/3454/260 2190/3463/268 2184/3464/260
f 2190/3465/194 2185/3466/194 2184/3456/194
f 2191/3467/267 2186/3459/259 2185/3458/259
f 2192/3468/270 2187/3469/262 2186/3459/262
f 2187/3461/1 2194/3470/1 2188/3471/1
f 2194/3472/269 2183/3454/261 2188/3473/261
f 2195/3474/276 2190/3475/268 2189/3476/268
f 2190/3465/194 2197/3477/194 2191/3478/194
f 2197/3479/275 2192/3480/267 2191/3481/267
f 2198/3482/278 2193/3483/270 2192/3480/270
f 2199/3484/1 2194/3470/1 2193/3485/1
f 2200/3486/277 2189/3487/269 2194/3472/269
f 2201/3488/284 2196/3489/276 2195/3474/276
f 2202/3490/194 2197/3477/194 2196/3491/194
f 2197/3479/275 2204/3492/283 2198/3482/275
f 2204/3492/286 2199/3493/278 2198/3482/278
f 2205/3494/1 2200/3495/1 2199/3484/1
f 2200/3496/277 2201/3488/285 2195/3474/277
f 2201/3488/284 2208/3497/292 2202/3498/284
f 2208/3499/194 2203/3500/194 2202/3490/194
f 2209/3501/291 2204/3492/283 2203/3502/283
f 2204/3492/286 2211/3503/294 2205/3504/286
f 2205/3494/1 2212/3505/1 2206/3506/1
f 2206/3507/285 2207/3508/293 2201/3488/285
f 2213/3509/300 2208/3497/292 2207/3508/292
f 2208/3499/194 2215/3510/194 2209/3511/194
f 2215/3512/299 2210/3513/291 2209/3501/291
f 2210/3513/294 2217/3514/302 2211/3503/294
f 2217/3515/1 2212/3505/1 2211/3516/1
f 2218/3517/301 2207/3508/293 2212/3518/293
f 2219/3519/308 2214/3520/300 2213/3509/300
f 2220/3521/194 2215/3510/194 2214/3522/194
f 2221/3523/307 2216/3524/299 2215/3512/299
f 2216/3524/302 2223/3525/310 2217/3514/302
f 2223/3526/1 2218/3527/1 2217/3515/1
f 2224/3528/309 2213/3509/301 2218/3517/301
f 2225/3529/316 2220/3530/308 2219/3519/308
f 2226/3531/194 2221/3532/194 2220/3521/194
f 2227/3533/315 2222/3534/307 2221/3523/307
f 2228/3535/318 2223/3525/310 2222/3534/310
f 2223/3526/1 2230/3536/1 2224/3537/1
f 2230/3538/317 2219/3519/309 2224/3528/309
f 2231/3539/324 2226/3540/316 2225/3541/316
f 2232/3542/194 2227/3543/194 2226/3531/194
f 2233/3544/323 2228/3545/315 2227/3546/315
f 2234/3547/326 2229/3548/318 2228/3535/318
f 2235/3549/1 2230/3536/1 2229/3550/1
f 2236/3551/325 2225/3541/317 2230/3552/317
f 2237/3553/332 2232/3554/324 2231/3539/324
f 2232/3542/194 2239/3555/194 2233/3556/194
f 2239/3557/331 2234/3558/323 2233/3544/323
f 2240/3559/334 2235/3560/326 2234/3558/326
f 2241/3561/1 2236/3562/1 2235/3549/1
f 2242/3563/333 2231/3539/325 2236/3551/325
f 2237/3553/332 2100/3310/244 2238/3564/332
f 2100/3314/194 2239/3555/194 2238/3565/194
f 2239/3557/331 2102/3316/246 2240/3559/331
f 2102/3316/248 2241/3566/334 2240/3559/334
f 2103/3320/1 2242/3567/1 2241/3561/1
f 2104/3323/250 2237/3553/333 2242/3563/333
f 2244/3568/231 2245/3569/229 2243/3570/231
f 2246/3571/229 2247/3572/227 2245/3569/229
f 2248/3573/227 2249/3574/225 2247/3572/227
f 2250/3575/225 2251/3576/223 2249/3577/225
f 2252/3578/223 2253/3579/221 2251/3576/223
f 2254/3580/221 2255/3581/219 2253/3579/221
f 2256/3582/219 2257/3583/217 2255/3581/219
f 2258/3584/217 2259/3585/215 2257/3583/217
f 2260/3586/215 2261/3587/213 2259/3585/215
f 2262/3588/213 2263/3589/211 2261/3590/213
f 2264/3591/211 2265/3592/209 2263/3589/211
f 2266/3593/209 2267/3594/207 2265/3592/209
f 2268/3595/207 2269/3596/205 2267/3594/207
f 2270/3597/205 2271/3598/203 2269/3596/205
f 2272/3599/203 2273/3600/201 2271/3598/203
f 2274/3601/201 2275/3602/199 2273/3603/201
f 2276/3604/199 2277/3605/197 2275/3602/199
f 2278/3606/197 2279/3607/196 2277/3605/197
f 2280/3608/196 2281/3609/241 2279/3607/196
f 2282/3610/241 2283/3611/239 2281/3609/241
f 2284/3612/239 2285/3613/237 2283/3611/239
f 2286/3614/237 2287/3615/235 2285/3616/237
f 2280/3617/194 2264/3618/194 2248/3619/194
f 2288/3620/235 2289/3621/233 2287/3615/235
f 2290/3622/233 2243/3570/231 2289/3621/233
f 2257/3623/1 2273/3624/1 2289/3625/1
f 2291/3626/850 2297/3627/850 2298/3628/850
f 2292/3629/850 2297/3627/850 2291/3626/850
f 2292/3629/850 2296/3630/850 2297/3627/850
f 2293/3631/850 2296/3630/850 2292/3629/850
f 2293/3631/850 2295/3632/850 2296/3630/850
f 2294/3633/851 2295/3632/850 2293/3631/850
f 2303/3634/852 2305/3635/852 2304/3636/853
f 2303/3634/852 2306/3637/852 2305/3635/852
f 2302/3638/852 2306/3637/852 2303/3634/852
f 2302/3638/852 2299/3639/852 2306/3637/852
f 2301/3640/852 2299/3639/852 2302/3638/852
f 2301/3640/852 2300/3641/853 2299/3639/852
f 2307/3642/854 2322/3643/855 2314/3644/856
f 2308/3645/857 2315/3646/858 2307/3647/857
f 2317/3648/859 2308/3645/860 2309/3649/861
f 2318/3650/862 2309/3651/863 2310/3652/863
f 2319/3653/864 2310/3652/865 2311/3654/866
f 2320/3655/867 2311/3656/868 2312/3657/868
f 2313/3658/869 2320/3655/870 2312/3657/871
f 2314/3644/872 2321/3659/873 2313/3660/872
f 2315/3661/874 2330/3662/875 2322/3643/855
f 2316/3663/876 2323/3664/877 2315/3646/858
f 2325/3665/878 2316/3663/879 2317/3648/859
f 2326/3666/880 2317/3667/862 2318/3650/862
f 2327/3668/881 2318/3650/882 2319/3653/864
f 2328/3669/883 2319/3670/867 2320/3655/867
f 2321/3671/884 2328/3669/885 2320/3655/870
f 2322/3643/886 2329/3672/887 2321/3659/873
f 2323/3673/875 2338/3674/888 2330/3662/875
f 2324/3675/877 2331/3676/889 2323/3664/877
f 2333/3677/890 2324/3675/878 2325/3665/878
f 2334/3678/891 2325/3679/880 2326/3666/880
f 2335/3680/892 2326/3666/881 2327/3668/881
f 2336/3681/893 2327/3682/883 2328/3669/883
f 2329/3683/885 2336/3681/894 2328/3669/885
f 2330/3662/887 2337/3684/895 2329/3672/887
f 2331/3685/896 2346/3686/897 2338/3674/888
f 2332/3687/898 2339/3688/899 2331/3676/889
f 2341/3689/900 2332/3687/901 2333/3677/890
f 2342/3690/902 2333/3691/891 2334/3678/891
f 2343/3692/903 2334/3678/904 2335/3680/892
f 2344/3693/905 2335/3694/906 2336/3681/893
f 2337/3695/907 2344/3693/908 2336/3681/894
f 2338/3674/895 2345/3696/909 2337/3684/895
f 2339/3697/910 2354/3698/911 2346/3686/897
f 2340/3699/912 2347/3700/913 2339/3688/899
f 2349/3701/914 2340/3699/915 2341/3689/900
f 2350/3702/916 2341/3703/902 2342/3690/902
f 2351/3704/917 2342/3690/918 2343/3692/903
f 2352/3705/919 2343/3706/920 2344/3693/905
f 2345/3707/921 2352/3705/922 2344/3693/908
f 2346/3686/923 2353/3708/924 2345/3696/909
f 2355/3709/925 2354/3698/911 2347/3710/926
f 2356/3711/927 2347/3700/913 2348/3712/913
f 2349/3701/914 2356/3711/928 2348/3712/929
f 2350/3702/916 2357/3713/930 2349/3714/916
f 2351/3704/917 2358/3715/931 2350/3702/932
f 2352/3705/919 2359/3716/933 2351/3717/934
f 2361/3718/935 2352/3705/922 2353/3719/936
f 2362/3720/937 2353/3708/924 2354/3698/924
f 2363/3721/938 2362/3720/939 2355/3709/925
f 2364/3722/940 2355/3723/941 2356/3711/927
f 2357/3724/942 2364/3722/943 2356/3711/928
f 2358/3715/930 2365/3725/944 2357/3713/930
f 2359/3726/945 2366/3727/946 2358/3715/931
f 2360/3728/933 2367/3729/947 2359/3716/933
f 2369/3730/948 2360/3728/949 2361/3718/935
f 2370/3731/950 2361/3732/937 2362/3720/937
f 2371/3733/951 2370/3731/952 2363/3721/938
f 2364/3734/940 2371/3735/953 2363/3736/940
f 2365/3737/943 2372/3738/954 2364/3734/943
f 2366/3727/955 2373/3739/956 2365/3725/944
f 2367/3740/957 2374/3741/958 2366/3727/946
f 2376/3742/959 2367/3743/947 2368/3744/960
f 2377/3745/961 2368/3744/962 2369/3746/948
f 2378/3747/963 2369/3748/964 2370/3731/950
f 2379/3749/965 2378/3747/966 2371/3733/951
f 2380/3750/967 2371/3735/953 2372/3738/953
f 2373/3751/968 2380/3750/969 2372/3738/954
f 2374/3741/956 2381/3752/970 2373/3739/956
f 2375/3753/971 2382/3754/972 2374/3741/958
f 2376/3742/959 2383/3755/973 2375/3756/959
f 2385/3757/974 2376/3742/975 2377/3745/961
f 2386/3758/976 2377/3759/963 2378/3747/963
f 2387/3760/977 2386/3758/978 2379/3749/965
f 2388/3761/979 2379/3762/980 2380/3750/967
f 2381/3763/981 2388/3761/982 2380/3750/969
f 2382/3754/970 2389/3764/983 2381/3752/970
f 2383/3765/984 2390/3766/985 2382/3754/972
f 2384/3767/973 2391/3768/986 2383/3755/973
f 2393/3769/987 2384/3767/988 2385/3757/974
f 2394/3770/989 2385/3771/976 2386/3758/976
f 2395/3772/990 2394/3770/991 2387/3760/977
f 2396/3773/992 2387/3774/993 2388/3761/979
f 2389/3775/994 2396/3773/995 2388/3761/982
f 2390/3766/983 2397/3776/996 2389/3764/983
f 2391/3777/997 2398/3778/998 2390/3766/985
f 2392/3779/999 2399/3780/1000 2391/3768/986
f 2401/3781/1001 2392/3779/1002 2393/3769/987
f 2402/3782/1003 2393/3783/989 2394/3770/989
f 2395/3772/990 2410/3784/1004 2402/3782/990
f 2396/3773/992 2403/3785/1005 2395/3786/992
f 2405/3787/1006 2396/3773/995 2397/3788/1007
f 2406/3789/1008 2397/3776/996 2398/3778/996
f 2407/3790/1009 2398/3778/998 2399/3791/1010
f 2408/3792/1011 2399/3780/1000 2400/3793/1000
f 2401/3781/1001 2408/3792/1012 2400/3793/1013
f 2402/3782/1003 2409/3794/1014 2401/3795/1003
f 2403/3796/1015 2418/3797/1016 2410/3784/1004
f 2404/3798/1005 2411/3799/1017 2403/3785/1005
f 2413/3800/1018 2404/3798/1019 2405/3787/1006
f 2414/3801/1020 2405/3802/1008 2406/3789/1008
f 2415/3803/1021 2406/3789/1022 2407/3790/1009
f 2416/3804/1023 2407/3805/1024 2408/3792/1011
f 2409/3806/1025 2416/3804/1026 2408/3792/1012
f 2410/3784/1014 2417/3807/1027 2409/3794/1014
f 2419/3808/1028 2418/3797/1016 2411/3809/1029
f 2420/3810/1030 2411/3799/1017 2412/3811/1017
f 2413/3800/1018 2420/3810/1031 2412/3811/1032
f 2414/3801/1020 2421/3812/1033 2413/3813/1020
f 2415/3803/1021 2422/3814/1034 2414/3801/1035
f 2416/3804/1023 2423/3815/1036 2415/3816/1037
f 2425/3817/1038 2416/3804/1026 2417/3818/1039
f 2426/3819/1040 2417/3807/1027 2418/3797/1027
f 2427/3820/1041 2426/3819/1042 2419/3808/1028
f 2428/3821/1043 2419/3822/1030 2420/3810/1030
f 2421/3823/1044 2428/3821/1045 2420/3810/1031
f 2422/3814/1033 2429/3824/1046 2421/3812/1033
f 2423/3825/1047 2430/3826/1048 2422/3814/1034
f 2424/3827/1049 2431/3828/1050 2423/3815/1036
f 2433/3829/1051 2424/3827/1052 2425/3817/1038
f 2434/3830/1053 2425/3831/1054 2426/3819/1040
f 2435/3832/1055 2434/3830/1056 2427/3820/1041
f 2436/3833/1057 2427/3834/1043 2428/3821/1043
f 2429/3835/1058 2436/3833/1059 2428/3821/1045
f 2430/3826/1060 2437/3836/1061 2429/3824/1046
f 2431/3837/1062 2438/3838/1063 2430/3826/1048
f 2432/3839/1064 2439/3840/1065 2431/3828/1050
f 2441/3841/1066 2432/3839/1067 2433/3829/1051
f 2442/3842/1068 2433/3843/1069 2434/3830/1053
f 2443/3844/1070 2442/3842/1055 2435/3832/1055
f 2444/3845/1071 2435/3846/1057 2436/3833/1057
f 2437/3847/1059 2444/3845/1072 2436/3833/1059
f 2438/3838/1061 2445/3848/1073 2437/3836/1061
f 2439/3849/1063 2446/3850/1074 2438/3838/1063
f 2440/3851/1065 2447/3852/1075 2439/3840/1065
f 2449/3853/1076 2440/3851/1066 2441/3841/1066
f 2450/3854/1077 2441/3855/1068 2442/3842/1068
f 2451/3856/1078 2450/3854/1079 2443/3844/1070
f 2452/3857/1080 2443/3858/1081 2444/3845/1071
f 2445/3859/1082 2452/3857/1083 2444/3845/1072
f 2446/3850/1073 2453/3860/1084 2445/3848/1073
f 2447/3861/1085 2454/3862/1086 2446/3850/1074
f 2448/3863/1075 2455/3864/1087 2447/3852/1075
f 2457/3865/1088 2448/3863/1089 2449/3853/1076
f 2458/3866/1090 2449/3867/1077 2450/3854/1077
f 2461/3868/1091 2459/3869/1091 2460/3870/1091
f 2461/3868/1091 2466/3871/1091 2459/3869/1091
f 2462/3872/1091 2466/3871/1091 2461/3868/1091
f 2462/3872/1091 2465/3873/1091 2466/3871/1091
f 2463/3874/1091 2465/3873/1091 2462/3872/1091
f 2463/3874/1091 2464/3875/1091 2465/3873/1091
f 2471/3876/1092 2473/3877/1092 2472/3878/1092
f 2470/3879/1092 2473/3877/1092 2471/3876/1092
f 2470/3879/1092 2474/3880/1092 2473/3877/1092
f 2469/3881/1092 2474/3880/1092 2470/3879/1092
f 2469/3881/1092 2467/3882/1092 2474/3880/1092
f 2468/3883/1092 2467/3882/1092 2469/3881/1092
f 2475/3884/1093 2490/3885/1094 2482/3886/1095
f 2484/3887/1096 2475/3888/1097 2476/3889/1097
f 2485/3890/1098 2476/3889/1099 2477/3891/1100
f 2486/3892/1101 2477/3893/1102 2478/3894/1102
f 2487/3895/1103 2478/3896/1104 2479/3897/1105
f 2480/3898/1106 2487/3899/1107 2479/3900/1106
f 2481/3901/1108 2488/3902/1109 2480/3898/1110
f 2482/3886/1111 2489/3903/1112 2481/3904/1111
f 2483/3905/1113 2498/3906/1114 2490/3885/1094
f 2492/3907/1115 2483/3908/1096 2484/3887/1096
f 2493/3909/1116 2484/3887/1117 2485/3890/1098
f 2494/3910/1118 2485/3911/1101 2486/3892/1101
f 2495/3912/1119 2486/3892/1120 2487/3913/1103
f 2488/3902/1107 2495/3914/1121 2487/3899/1107
f 2489/3915/1122 2496/3916/1123 2488/3902/1109
f 2490/3885/1112 2497/3917/1124 2489/3903/1112
f 2491/3918/1114 2506/3919/1125 2498/3906/1114
f 2500/3920/1126 2491/3921/1115 2492/3907/1115
f 2501/3922/1127 2492/3907/1116 2493/3909/1116
f 2502/3923/1128 2493/3924/1118 2494/3910/1118
f 2503/3925/1129 2494/3910/1119 2495/3912/1119
f 2496/3916/1121 2503/3926/1130 2495/3914/1121
f 2497/3927/1123 2504/3928/1131 2496/3916/1123
f 2498/3906/1124 2505/3929/1132 2497/3917/1124
f 2499/3930/1133 2514/3931/1134 2506/3919/1125
f 2508/3932/1135 2499/3933/1136 2500/3920/1126
f 2509/3934/1137 2500/3920/1138 2501/3922/1127
f 2510/3935/1139 2501/3936/1140 2502/3923/1128
f 2511/3937/1141 2502/3938/1142 2503/3939/1129
f 2504/3928/1143 2511/3940/1144 2503/3926/1130
f 2505/3941/1145 2512/3942/1146 2504/3928/1131
f 2506/3919/1147 2513/3943/1148 2505/3929/1132
f 2507/3944/1149 2522/3945/1150 2514/3931/1134
f 2516/3946/1151 2507/3947/1152 2508/3932/1135
f 2517/3948/1153 2508/3932/1154 2509/3934/1137
f 2518/3949/1155 2509/3950/1156 2510/3951/1139
f 2519/3952/1157 2510/3951/1158 2511/3937/1141
f 2512/3942/1159 2519/3953/1160 2511/3940/1144
f 2513/3954/1161 2520/3955/1162 2512/3942/1146
f 2514/3931/1148 2521/3956/1163 2513/3943/1148
f 2523/3957/1164 2522/3945/1150 2515/3958/1165
f 2524/3959/1166 2515/3960/1167 2516/3946/1151
f 2525/3961/1168 2516/3946/1169 2517/3948/1153
f 2518/3949/1155 2525/3962/1170 2517/3963/1171
f 2519/3952/1157 2526/3964/1172 2518/3949/1173
f 2520/3955/1174 2527/3965/1175 2519/3953/1160
f 2521/3966/1176 2528/3967/1177 2520/3955/1162
f 2530/3968/1178 2521/3956/1163 2522/3945/1179
f 2531/3969/1180 2530/3968/1181 2523/3957/1164
f 2532/3970/1182 2523/3957/1183 2524/3971/1166
f 2533/3972/1184 2524/3959/1185 2525/3961/1168
f 2526/3964/1186 2533/3973/1187 2525/3962/1170
f 2527/3974/1188 2534/3975/1189 2526/3964/1172
f 2528/3976/1190 2535/3977/1191 2527/3974/1175
f 2529/3978/1192 2536/3979/1193 2528/3967/1177
f 2538/3980/1194 2529/3981/1195 2530/3968/1178
f 2531/3969/1180 2546/3982/1196 2538/3980/1197
f 2532/3970/1182 2539/3983/1198 2531/3969/1199
f 2533/3984/1184 2540/3985/1200 2532/3986/1201
f 2534/3975/1202 2541/3987/1203 2533/3973/1187
f 2543/3988/1204 2534/3975/1189 2535/3977/1205
f 2544/3989/1206 2535/3977/1191 2536/3990/1207
f 2545/3991/1208 2536/3992/1193 2537/3993/1209
f 2546/3982/1210 2537/3994/1211 2538/3980/1194
f 2539/3983/1212 2554/3995/1213 2546/3982/1196
f 2540/3996/1214 2547/3997/1215 2539/3983/1198
f 2541/3998/1216 2548/3999/1217 2540/3985/1200
f 2542/4000/1218 2549/4001/1219 2541/3987/1203
f 2551/4002/1220 2542/4000/1221 2543/3988/1204
f 2552/4003/1222 2543/3988/1223 2544/3989/1206
f 2553/4004/1224 2544/4005/1225 2545/3991/1208
f 2554/3995/1226 2545/4006/1227 2546/3982/1210
f 2555/4007/1228 2554/3995/1213 2547/3997/1229
f 2548/3999/1230 2555/4008/1231 2547/4009/1215
f 2549/4010/1232 2556/4011/1233 2548/3999/1217
f 2550/4012/1234 2557/4013/1235 2549/4001/1219
f 2551/4002/1220 2558/4014/1236 2550/4012/1237
f 2560/4015/1238 2551/4016/1239 2552/4017/1222
f 2561/4018/1240 2552/4017/1241 2553/4004/1224
f 2562/4019/1242 2553/4020/1243 2554/3995/1226
f 2563/4021/1244 2562/4019/1245 2555/4007/1228
f 2556/4011/1246 2563/4022/1247 2555/4008/1231
f 2557/4023/1248 2564/4024/1249 2556/4011/1233
f 2558/4014/1250 2565/4025/1251 2557/4013/1235
f 2559/4026/1252 2566/4027/1253 2558/4014/1236
f 2568/4028/1254 2559/4029/1255 2560/4015/1238
f 2569/4030/1256 2560/4015/1240 2561/4018/1240
f 2570/4031/1257 2561/4032/1258 2562/4019/1242
f 2563/4021/1244 2578/4033/1259 2570/4031/1260
f 2564/4024/1247 2571/4034/1261 2563/4022/1247
f 2573/4035/1262 2564/4024/1249 2565/4036/1263
f 2574/4037/1264 2565/4025/1251 2566/4027/1265
f 2575/4038/1266 2566/4027/1253 2567/4039/1267
f 2576/4040/1268 2567/4041/1269 2568/4028/1254
f 2569/4030/1256 2576/4040/1270 2568/4028/1271
f 2570/4031/1257 2577/4042/1272 2569/4043/1257
f 2571/4044/1273 2586/4045/1274 2578/4033/1259
f 2580/4046/1275 2571/4034/1261 2572/4047/1276
f 2581/4048/1277 2572/4047/1278 2573/4035/1262
f 2582/4049/1279 2573/4050/1280 2574/4037/1264
f 2583/4051/1281 2574/4037/1282 2575/4038/1266
f 2576/4040/1268 2583/4052/1283 2575/4053/1284
f 2577/4054/1285 2584/4055/1286 2576/4040/1270
f 2578/4033/1287 2585/4056/1288 2577/4042/1272
f 2587/4057/1289 2586/4045/1274 2579/4058/1290
f 2588/4059/1291 2579/4060/1292 2580/4046/1275
f 2581/4048/1277 2588/4059/1293 2580/4046/1294
f 2582/4049/1279 2589/4061/1295 2581/4062/1296
f 2583/4051/1281 2590/4063/1297 2582/4049/1298
f 2584/4055/1299 2591/4064/1300 2583/4052/1283
f 2593/4065/1301 2584/4055/1286 2585/4066/1302
f 2594/4067/1303 2585/4056/1288 2586/4045/1304
f 2595/4068/1305 2594/4067/1289 2587/4057/1289
f 2596/4069/1306 2587/4070/1307 2588/4059/1291
f 2589/4071/1293 2596/4069/1308 2588/4059/1293
f 2590/4063/1309 2597/4072/1310 2589/4061/1295
f 2591/4073/1297 2598/4074/1311 2590/4063/1297
f 2592/4075/1312 2599/4076/1313 2591/4064/1300
f 2601/4077/1314 2592/4075/1301 2593/4065/1301
f 2602/4078/1315 2593/4079/1316 2594/4067/1303
f 2603/4080/1317 2602/4078/1305 2595/4068/1305
f 2604/4081/1318 2595/4082/1319 2596/4069/1306
f 2597/4083/1308 2604/4081/1320 2596/4069/1308
f 2598/4074/1321 2605/4084/1322 2597/4072/1310
f 2599/4085/1311 2606/4086/1323 2598/4074/1311
f 2600/4087/1324 2607/4088/1325 2599/4076/1313
f 2609/4089/1326 2600/4087/1314 2601/4077/1314
f 2610/4090/1327 2601/4091/1328 2602/4078/1315
f 2611/4092/1329 2610/4090/1317 2603/4080/1317
f 2612/4093/1330 2603/4094/1318 2604/4081/1318
f 2605/4095/1320 2612/4093/1331 2604/4081/1320
f 2606/4086/1322 2613/4096/1332 2605/4084/1322
f 2607/4097/1323 2614/4098/1333 2606/4086/1323
f 2608/4099/1325 2615/4100/1334 2607/4088/1325
f 2617/4101/1335 2608/4099/1326 2609/4089/1326
f 2618/4102/1336 2609/4103/1327 2610/4090/1327
f 2619/4104/1337 2618/4102/1329 2611/4092/1329
f 2620/4105/1338 2611/4106/1339 2612/4093/1330
f 2613/4107/1331 2620/4105/1340 2612/4093/1331
f 2614/4098/1341 2621/4108/1342 2613/4096/1332
f 2615/4109/1333 2622/4110/1343 2614/4098/1333
f 2616/4111/1344 2623/4112/1345 2615/4100/1334
f 2625/4113/1346 2616/4111/1335 2617/4101/1335
f 2626/4114/1347 2617/4115/1348 2618/4102/1336
f 2/50/2 3/54/6 51/51/3
f 4/53/5 52/56/8 51/51/3
f 4/53/5 5/57/9 53/55/7
f 5/57/9 6/59/11 54/58/10
f 6/59/11 7/61/13 55/60/12
f 7/61/13 8/64/16 56/62/14
f 9/63/15 57/156/18 56/62/14
f 10/65/17 58/69/20 57/66/18
f 11/68/19 59/71/22 58/69/20
f 12/70/21 60/73/24 59/71/22
f 13/72/23 61/75/26 60/73/24
f 14/74/25 62/77/28 61/75/26
f 14/74/25 15/79/30 63/76/27
f 16/78/29 64/81/32 63/76/27
f 16/78/29 17/82/33 65/80/31
f 17/82/33 18/84/35 66/83/34
f 18/84/35 19/86/37 67/85/36
f 19/86/37 20/89/40 68/87/38
f 21/88/39 69/169/42 68/87/38
f 22/90/41 70/94/44 69/91/42
f 23/93/43 71/96/46 70/94/44
f 24/95/45 72/98/48 71/96/46
f 25/97/47 73/100/50 72/98/48
f 26/99/49 74/102/52 73/100/50
f 26/99/49 27/104/54 75/101/51
f 28/103/53 76/106/56 75/101/51
f 28/103/53 29/107/57 77/105/55
f 29/107/57 30/109/59 78/108/58
f 30/109/59 31/111/61 79/110/60
f 31/111/61 32/114/64 80/112/62
f 33/113/63 81/182/66 80/112/62
f 34/115/65 82/119/68 81/116/66
f 35/118/67 83/121/70 82/119/68
f 36/120/69 84/123/72 83/121/70
f 37/122/71 85/125/74 84/123/72
f 38/124/73 86/127/76 85/125/74
f 38/124/73 39/129/78 87/126/75
f 40/128/77 88/131/80 87/126/75
f 40/128/77 41/132/81 89/130/79
f 41/132/81 42/134/83 90/133/82
f 42/134/83 43/136/85 91/135/84
f 43/136/85 44/139/88 92/137/86
f 45/138/87 93/195/90 92/137/86
f 46/140/89 94/144/92 93/141/90
f 47/143/91 95/146/94 94/144/92
f 48/145/93 96/148/96 95/146/94
f 49/147/95 97/149/97 96/148/96
f 2/50/2 50/52/4 97/149/97
f 51/51/3 99/151/99 98/150/98
f 52/56/8 100/152/100 99/151/99
f 53/55/7 101/153/101 100/152/100
f 54/58/10 102/154/102 101/153/101
f 55/60/12 103/155/103 102/154/102
f 56/62/14 104/157/104 103/155/103
f 57/156/18 105/208/105 104/157/104
f 58/69/20 106/159/106 105/158/105
f 59/71/22 107/160/107 106/159/106
f 60/73/24 108/161/108 107/160/107
f 61/75/26 109/162/109 108/161/108
f 62/77/28 110/163/110 109/162/109
f 63/76/27 111/164/111 110/163/110
f 64/81/32 112/165/112 111/164/111
f 65/80/31 113/166/113 112/165/112
f 66/83/34 114/167/114 113/166/113
f 67/85/36 115/168/115 114/167/114
f 68/87/38 116/170/116 115/168/115
f 69/169/42 117/221/117 116/170/116
f 70/94/44 118/172/118 117/171/117
f 71/96/46 119/173/119 118/172/118
f 72/98/48 120/174/120 119/173/119
f 73/100/50 121/175/121 120/174/120
f 74/102/52 122/176/122 121/175/121
f 75/101/51 123/177/123 122/176/122
f 76/106/56 124/178/124 123/177/123
f 77/105/55 125/179/125 124/178/124
f 78/108/58 126/180/126 125/179/125
f 79/110/60 127/181/127 126/180/126
f 80/112/62 128/183/128 127/181/127
f 81/182/66 129/234/129 128/183/128
f 82/119/68 130/185/130 129/184/129
f 83/121/70 131/186/131 130/185/130
f 84/123/72 132/187/132 131/186/131
f 85/125/74 133/188/133 132/187/132
f 86/127/76 134/189/134 133/188/133
f 87/126/75 135/190/135 134/189/134
f 88/131/80 136/191/136 135/190/135
f 89/130/79 137/192/137 136/191/136
f 90/133/82 138/193/138 137/192/137
f 91/135/84 139/194/139 138/193/138
f 92/137/86 140/196/140 139/194/139
f 93/195/90 141/247/141 140/196/140
f 94/144/92 142/198/142 141/197/141
f 95/146/94 143/199/143 142/198/142
f 96/148/96 144/200/144 143/199/143
f 97/149/97 145/201/145 144/200/144
f 50/52/4 98/150/98 145/201/145
f 99/151/99 147/203/147 146/202/146
f 100/152/100 148/204/148 147/203/147
f 101/153/101 149/205/149 148/204/148
f 102/154/102 150/206/150 149/205/149
f 103/155/103 151/207/151 150/206/150
f 104/157/104 152/209/152 151/207/151
f 105/208/105 153/4116/153 152/209/152
f 106/159/106 154/212/155 153/210/153
f 106/159/106 107/160/107 155/211/154
f 107/160/107 108/161/108 156/213/156
f 109/162/109 157/214/157 156/213/156
f 110/163/110 158/215/158 157/214/157
f 111/164/111 159/216/159 158/215/158
f 112/165/112 160/217/160 159/216/159
f 113/166/113 161/218/161 160/217/160
f 114/167/114 162/219/162 161/218/161
f 115/168/115 163/220/163 162/219/162
f 116/170/116 164/222/164 163/220/163
f 117/221/117 165/4117/165 164/222/164
f 118/172/118 166/225/167 165/223/165
f 118/172/118 119/173/119 167/224/166
f 119/173/119 120/174/120 168/226/168
f 121/175/121 169/227/169 168/226/168
f 122/176/122 170/228/170 169/227/169
f 123/177/123 171/229/171 170/228/170
f 124/178/124 172/230/172 171/229/171
f 125/179/125 173/231/173 172/230/172
f 126/180/126 174/232/174 173/231/173
f 127/181/127 175/233/175 174/232/174
f 128/183/128 176/235/176 175/233/175
f 129/234/129 177/4118/177 176/235/176
f 130/185/130 178/238/179 177/236/177
f 130/185/130 131/186/131 179/237/178
f 131/186/131 132/187/132 180/239/180
f 133/188/133 181/240/181 180/239/180
f 134/189/134 182/241/182 181/240/181
f 135/190/135 183/242/183 182/241/182
f 136/191/136 184/243/184 183/242/183
f 137/192/137 185/244/185 184/243/184
f 138/193/138 186/245/186 185/244/185
f 139/194/139 187/246/187 186/245/186
f 140/196/140 188/248/188 187/246/187
f 141/247/141 189/4119/189 188/248/188
f 142/198/142 190/251/191 189/249/189
f 142/198/142 143/199/143 191/250/190
f 143/199/143 144/200/144 192/252/192
f 145/201/145 193/253/193 192/252/192
f 98/150/98 146/202/146 193/253/193
f 146/254/194 147/258/194 195/255/194
f 148/257/194 196/260/194 195/255/194
f 148/257/194 149/262/194 197/259/194
f 150/261/194 198/264/194 197/259/194
f 151/263/194 199/266/194 198/264/194
f 152/265/194 200/268/194 199/266/194
f 152/265/194 153/270/194 201/267/194
f 154/269/194 202/272/194 201/267/194
f 155/271/194 203/274/194 202/272/194
f 156/273/194 204/276/194 203/274/194
f 156/273/194 157/278/194 205/275/194
f 158/277/194 206/280/194 205/275/194
f 158/277/194 159/282/194 207/279/194
f 160/281/194 208/284/194 207/279/194
f 160/281/194 161/286/194 209/283/194
f 162/285/194 210/288/194 209/283/194
f 163/287/194 211/290/194 210/288/194
f 164/289/194 212/292/194 211/290/194
f 164/289/194 165/294/194 213/291/194
f 166/293/194 214/296/194 213/291/194
f 167/295/194 215/298/194 214/296/194
f 168/297/194 216/300/194 215/298/194
f 168/297/194 169/302/194 217/299/194
f 170/301/194 218/304/194 217/299/194
f 170/301/194 171/306/194 219/303/194
f 172/305/194 220/308/194 219/303/194
f 172/305/194 173/310/194 221/307/194
f 174/309/194 222/312/194 221/307/194
f 175/311/194 223/314/194 222/312/194
f 176/313/194 224/316/194 223/314/194
f 176/313/194 177/318/194 225/315/194
f 178/317/194 226/320/194 225/315/194
f 179/319/194 227/322/194 226/320/194
f 180/321/194 228/324/194 227/322/194
f 180/321/194 181/326/194 229/323/194
f 182/325/194 230/328/194 229/323/194
f 182/325/194 183/330/194 231/327/194
f 184/329/194 232/332/194 231/327/194
f 184/329/194 185/334/194 233/331/194
f 186/333/194 234/336/194 233/331/194
f 187/335/194 235/338/194 234/336/194
f 188/337/194 236/340/194 235/338/194
f 188/337/194 189/342/194 237/339/194
f 190/341/194 238/344/194 237/339/194
f 191/343/194 239/346/194 238/344/194
f 192/345/194 240/348/194 239/346/194
f 192/345/194 193/349/194 241/347/194
f 146/254/194 194/256/194 241/347/194
f 195/350/195 243/354/195 242/351/196
f 196/353/197 244/356/197 243/354/195
f 197/355/198 245/358/198 244/356/197
f 198/357/199 246/360/199 245/358/198
f 199/359/200 247/362/200 246/360/199
f 200/361/201 248/364/201 247/362/200
f 201/363/202 249/4120/202 248/364/201
f 202/365/203 250/369/203 249/366/202
f 203/368/204 251/371/204 250/369/203
f 204/370/205 252/373/205 251/371/204
f 205/372/206 253/375/206 252/373/205
f 206/374/207 254/377/207 253/375/206
f 207/376/208 255/379/208 254/377/207
f 208/378/209 256/381/209 255/379/208
f 209/380/210 257/383/210 256/381/209
f 210/382/211 258/385/211 257/383/210
f 211/384/212 259/387/212 258/385/211
f 212/386/213 260/389/213 259/387/212
f 213/388/214 261/4121/214 260/389/213
f 214/390/215 262/394/215 261/391/214
f 215/393/216 263/396/216 262/394/215
f 216/395/217 264/398/217 263/396/216
f 217/397/218 265/400/218 264/398/217
f 218/399/219 266/402/219 265/400/218
f 219/401/220 267/404/220 266/402/219
f 220/403/221 268/406/221 267/404/220
f 221/405/222 269/408/222 268/406/221
f 222/407/223 270/410/223 269/408/222
f 223/409/224 271/412/224 270/410/223
f 224/411/225 272/414/225 271/412/224
f 225/413/226 273/4122/226 272/414/225
f 226/415/227 274/419/227 273/416/226
f 227/418/228 275/421/228 274/419/227
f 228/420/229 276/423/229 275/421/228
f 229/422/230 277/425/230 276/423/229
f 230/424/231 278/427/231 277/425/230
f 231/426/232 279/429/232 278/427/231
f 232/428/233 280/431/233 279/429/232
f 233/430/234 281/433/234 280/431/233
f 234/432/235 282/435/235 281/433/234
f 235/434/236 283/437/236 282/435/235
f 236/436/237 284/439/237 283/437/236
f 237/438/238 285/4123/238 284/439/237
f 238/440/239 286/444/239 285/441/238
f 239/443/240 287/446/240 286/444/239
f 240/445/241 288/448/241 287/446/240
f 241/447/242 289/449/242 288/448/241
f 194/352/196 242/351/196 289/449/242
f 297/499/243 298/516/243 292/500/244
f 292/502/194 298/518/194 299/503/194
f 299/505/245 300/508/245 294/506/246
f 300/508/247 301/520/247 295/509/248
f 301/510/1 302/522/1 296/511/1
f 302/513/249 297/499/249 291/501/250
f 297/499/243 303/525/251 304/515/251
f 304/517/194 305/527/194 299/503/194
f 299/505/245 305/529/252 306/519/252
f 306/519/253 307/531/253 301/520/247
f 301/510/1 307/532/1 308/521/1
f 308/523/254 303/525/254 297/499/249
f 309/524/255 310/535/255 304/515/251
f 310/526/194 311/537/194 305/527/194
f 311/528/256 312/530/256 306/519/252
f 312/530/257 313/539/257 307/531/253
f 307/532/1 313/540/1 314/533/1
f 308/523/254 314/542/258 309/524/258
f 315/534/259 316/544/259 310/535/255
f 316/536/194 317/546/194 311/537/194
f 311/528/256 317/547/260 318/538/260
f 318/538/261 319/549/261 313/539/257
f 313/540/1 319/551/1 320/541/1
f 314/542/258 320/552/262 315/534/262
f 321/543/263 322/554/263 316/544/259
f 316/536/194 322/555/194 323/545/194
f 317/547/260 323/557/264 324/548/264
f 324/548/265 325/559/265 319/549/261
f 325/550/1 326/561/1 320/541/1
f 320/552/262 326/563/266 321/543/266
f 327/553/267 328/565/267 322/554/263
f 322/555/194 328/567/194 329/556/194
f 323/557/264 329/569/268 330/558/268
f 330/558/269 331/571/269 325/559/265
f 331/560/1 332/573/1 326/561/1
f 332/562/270 327/553/270 321/543/266
f 333/564/271 334/4124/271 328/565/267
f 334/566/194 335/579/194 329/556/194
f 335/568/272 336/570/272 330/558/268
f 336/570/273 337/4125/273 331/571/269
f 337/572/1 338/585/1 332/573/1
f 338/574/274 333/564/274 327/553/270
f 339/575/275 340/588/275 334/576/271
f 334/566/194 340/590/194 341/578/194
f 335/580/272 341/591/276 342/581/276
f 342/581/277 343/593/277 337/583/273
f 343/584/1 344/595/1 338/585/1
f 338/586/274 344/597/278 339/575/278
f 339/575/275 345/599/279 346/587/279
f 346/589/194 347/601/194 341/578/194
f 341/591/276 347/603/280 348/592/280
f 348/592/281 349/605/281 343/593/277
f 349/594/1 350/607/1 344/595/1
f 350/596/282 345/599/282 339/575/278
f 351/598/283 352/610/283 346/587/279
f 346/589/194 352/611/194 353/600/194
f 353/602/284 354/614/284 348/592/280
f 348/592/281 354/614/285 355/604/285
f 355/606/1 356/617/1 350/607/1
f 356/608/286 351/598/286 345/599/282
f 357/609/287 358/619/287 352/610/283
f 352/611/194 358/621/194 359/612/194
f 359/613/288 360/615/288 354/614/284
f 360/615/289 361/624/289 355/604/285
f 361/616/1 362/626/1 356/617/1
f 356/608/286 362/628/290 357/609/290
f 363/618/291 364/630/291 358/619/287
f 364/620/194 365/632/194 359/612/194
f 365/622/292 366/634/292 360/615/288
f 360/615/289 366/634/293 367/623/293
f 361/616/1 367/636/1 368/625/1
f 368/627/294 363/618/294 357/609/290
f 369/629/295 370/640/295 364/630/291
f 370/631/194 371/642/194 365/632/194
f 371/633/296 372/635/296 366/634/292
f 372/635/297 373/644/297 367/623/293
f 367/636/1 373/646/1 374/637/1
f 374/638/298 369/629/298 363/618/294
f 375/639/299 376/649/299 370/640/295
f 370/631/194 376/651/194 377/641/194
f 371/633/296 377/653/300 378/643/300
f 378/643/301 379/655/301 373/644/297
f 379/645/1 380/657/1 374/637/1
f 380/647/302 375/639/302 369/629/298
f 381/648/303 382/660/303 376/649/299
f 382/650/194 383/662/194 377/641/194
f 383/652/304 384/664/304 378/643/300
f 378/643/301 384/664/305 385/654/305
f 379/645/1 385/666/1 386/656/1
f 386/658/306 381/648/306 375/639/302
f 387/659/307 388/668/307 382/660/303
f 382/650/194 388/669/194 389/661/194
f 383/652/304 389/672/308 390/663/308
f 390/663/309 391/674/309 385/654/305
f 391/665/1 392/676/1 386/656/1
f 386/658/306 392/677/310 387/659/310
f 393/667/311 394/679/311 388/668/307
f 388/669/194 394/681/194 395/670/194
f 395/671/312 396/683/312 390/663/308
f 390/663/309 396/683/313 397/673/313
f 397/675/1 398/685/1 392/676/1
f 392/677/310 398/686/314 393/667/314
f 399/678/315 400/688/315 394/679/311
f 400/680/194 401/690/194 395/670/194
f 395/671/312 401/691/316 402/682/316
f 402/682/317 403/693/317 397/673/313
f 397/675/1 403/694/1 404/684/1
f 398/686/314 404/697/318 399/678/318
f 405/687/319 406/4126/319 400/688/315
f 406/689/194 407/702/194 401/690/194
f 401/691/316 407/4127/320 408/692/320
f 408/692/321 409/4128/321 403/693/317
f 403/694/1 409/708/1 410/695/1
f 410/696/322 405/687/322 399/678/318
f 405/698/319 411/712/323 412/699/323
f 412/701/194 413/714/194 407/702/194
f 407/703/320 413/716/324 414/704/324
f 414/704/325 415/718/325 409/706/321
f 415/707/1 416/720/1 410/695/1
f 416/709/326 411/712/326 405/698/322
f 417/711/327 418/722/327 412/699/323
f 412/701/194 418/723/194 419/713/194
f 419/715/328 420/726/328 414/704/324
f 414/704/325 420/726/329 421/717/329
f 421/719/1 422/728/1 416/720/1
f 416/709/326 422/730/330 417/711/330
f 423/721/331 424/732/331 418/722/327
f 418/723/194 424/734/194 425/724/194
f 419/715/328 425/736/332 426/725/332
f 426/725/333 427/738/333 421/717/329
f 427/727/1 428/740/1 422/728/1
f 428/729/334 423/721/334 417/711/330
f 429/731/335 430/743/335 424/732/331
f 430/733/194 431/745/194 425/724/194
f 431/735/336 432/747/336 426/725/332
f 426/725/333 432/747/337 433/737/337
f 427/727/1 433/750/1 434/739/1
f 434/741/338 429/731/338 423/721/334
f 435/742/246 436/753/246 430/743/335
f 436/744/194 437/755/194 431/745/194
f 437/746/244 438/757/244 432/747/336
f 432/747/337 438/757/250 439/748/250
f 439/749/1 440/760/1 434/739/1
f 440/751/248 435/742/248 429/731/338
f 441/752/245 442/763/245 436/753/246
f 442/754/194 443/765/194 437/755/194
f 443/756/243 444/758/243 438/757/244
f 444/758/249 445/767/249 439/748/250
f 439/749/1 445/769/1 446/759/1
f 446/761/247 441/752/247 435/742/248
f 447/762/252 448/772/252 442/763/245
f 442/754/194 448/774/194 449/764/194
f 443/756/243 449/776/251 450/766/251
f 450/766/254 451/778/254 445/767/249
f 451/768/1 452/780/1 446/759/1
f 452/770/253 447/762/253 441/752/247
f 453/771/256 454/783/256 448/772/252
f 454/773/194 455/785/194 449/764/194
f 455/775/255 456/787/255 450/766/251
f 450/766/254 456/787/258 457/777/258
f 451/768/1 457/790/1 458/779/1
f 458/781/257 453/771/257 447/762/253
f 459/782/260 460/793/260 454/783/256
f 460/784/194 461/795/194 455/785/194
f 461/786/259 462/788/259 456/787/255
f 462/788/262 463/798/262 457/777/258
f 463/789/1 464/800/1 458/779/1
f 464/791/261 459/782/261 453/771/257
f 465/792/264 466/802/264 460/793/260
f 460/784/194 466/803/194 467/794/194
f 467/796/263 468/806/263 462/788/259
f 462/788/262 468/806/266 469/797/266
f 469/799/1 470/809/1 464/800/1
f 464/791/261 470/811/265 465/792/265
f 471/801/268 472/813/268 466/802/264
f 466/803/194 472/814/194 473/804/194
f 473/805/267 474/807/267 468/806/263
f 474/807/270 475/818/270 469/797/266
f 475/808/1 476/820/1 470/809/1
f 476/810/269 471/801/269 465/792/265
f 477/812/272 478/4129/272 472/813/268
f 472/814/194 478/826/194 479/815/194
f 479/816/271 480/4130/271 474/807/267
f 474/807/270 480/4130/274 481/817/274
f 481/819/1 482/833/1 476/820/1
f 482/821/273 477/812/273 471/801/269
f 477/822/272 483/837/276 484/823/276
f 484/825/194 485/839/194 479/815/194
f 485/827/275 486/830/275 480/828/271
f 486/830/278 487/842/278 481/831/274
f 481/819/1 487/844/1 488/832/1
f 488/834/277 483/837/277 477/822/273
f 489/836/280 490/847/280 484/823/276
f 490/838/194 491/849/194 485/839/194
f 491/840/279 492/851/279 486/830/275
f 486/830/278 492/851/282 493/841/282
f 493/843/1 494/853/1 488/832/1
f 494/845/281 489/836/281 483/837/277
f 495/846/284 496/856/284 490/847/280
f 490/838/194 496/858/194 497/848/194
f 491/840/279 497/860/283 498/850/283
f 498/850/286 499/862/286 493/841/282
f 499/852/1 500/864/1 494/853/1
f 500/854/285 495/846/285 489/836/281
f 501/855/288 502/866/288 496/856/284
f 502/857/194 503/868/194 497/848/194
f 503/859/287 504/870/287 498/850/283
f 498/850/286 504/870/290 505/861/290
f 499/852/1 505/872/1 506/863/1
f 500/854/285 506/874/289 501/855/289
f 501/855/288 507/876/292 508/865/292
f 502/857/194 508/877/194 509/867/194
f 503/859/287 509/880/291 510/869/291
f 510/869/294 511/882/294 505/861/290
f 511/871/1 512/884/1 506/863/1
f 512/873/293 507/876/293 501/855/289
f 513/875/296 514/887/296 508/865/292
f 508/877/194 514/889/194 515/878/194
f 515/879/295 516/881/295 510/869/291
f 516/881/298 517/892/298 511/882/294
f 517/883/1 518/894/1 512/884/1
f 518/885/297 513/875/297 507/876/293
f 519/886/300 520/897/300 514/887/296
f 520/888/194 521/899/194 515/878/194
f 521/890/299 522/891/299 516/881/295
f 522/891/302 523/901/302 517/892/298
f 517/883/1 523/903/1 524/893/1
f 524/895/301 519/886/301 513/875/297
f 525/896/304 526/905/304 520/897/300
f 526/898/194 527/907/194 521/899/194
f 521/890/299 527/909/303 528/900/303
f 528/900/306 529/911/306 523/901/302
f 529/902/1 530/913/1 524/893/1
f 524/895/301 530/915/305 525/896/305
f 531/904/308 532/917/308 526/905/304
f 526/898/194 532/919/194 533/906/194
f 533/908/307 534/910/307 528/900/303
f 534/910/310 535/922/310 529/911/306
f 529/902/1 535/923/1 536/912/1
f 536/914/309 531/904/309 525/896/305
f 537/916/312 538/927/312 532/917/308
f 538/918/194 539/929/194 533/906/194
f 539/920/311 540/921/311 534/910/307
f 540/921/314 541/932/314 535/922/310
f 535/923/1 541/934/1 542/924/1
f 542/925/313 537/916/313 531/904/309
f 543/926/316 544/937/316 538/927/312
f 538/918/194 544/939/194 545/928/194
f 545/930/315 546/931/315 540/921/311
f 546/931/318 547/942/318 541/932/314
f 547/933/1 548/944/1 542/924/1
f 548/935/317 543/926/317 537/916/313
f 549/936/320 550/4131/320 544/937/316
f 550/938/194 551/949/194 545/928/194
f 551/940/319 552/4132/319 546/931/315
f 546/931/318 552/4132/322 553/941/322
f 547/933/1 553/956/1 554/943/1
f 548/935/317 554/4133/321 549/936/321
f 549/945/320 555/960/324 556/946/324
f 556/948/194 557/962/194 551/949/194
f 557/950/323 558/964/323 552/951/319
f 552/951/322 558/964/326 559/953/326
f 559/955/1 560/967/1 554/943/1
f 560/957/325 555/960/325 549/945/321
f 561/959/328 562/970/328 556/946/324
f 556/948/194 562/972/194 563/961/194
f 563/963/327 564/974/327 558/964/323
f 558/964/326 564/974/330 565/965/330
f 565/966/1 566/976/1 560/967/1
f 566/968/329 561/959/329 555/960/325
f 567/969/332 568/979/332 562/970/328
f 568/971/194 569/981/194 563/961/194
f 563/963/327 569/982/331 570/973/331
f 570/973/334 571/984/334 565/965/330
f 571/975/1 572/986/1 566/976/1
f 572/977/333 567/969/333 561/959/329
f 573/978/336 574/987/336 568/979/332
f 568/971/194 574/988/194 575/980/194
f 569/982/331 575/989/335 576/983/335
f 576/983/338 577/990/338 571/984/334
f 577/985/1 578/991/1 572/986/1
f 572/977/333 578/992/337 573/978/337
f 291/501/244 292/500/244 574/987/336
f 292/502/194 293/504/194 575/980/194
f 293/507/246 294/506/246 576/983/335
f 294/506/248 295/509/248 577/990/338
f 295/512/1 296/511/1 578/991/1
f 296/514/250 291/501/250 573/978/337
f 585/993/243 586/1010/243 580/994/244
f 580/996/194 586/1012/194 587/997/194
f 587/999/245 588/1014/245 582/1000/246
f 582/1000/248 588/1014/247 589/1002/247
f 589/1004/1 590/1016/1 584/1005/1
f 590/1007/249 585/993/249 579/995/250
f 591/1009/251 592/1019/251 586/1010/243
f 592/1011/194 593/1021/194 587/997/194
f 587/999/245 593/1022/252 594/1013/252
f 594/1013/253 595/1024/253 589/1002/247
f 589/1004/1 595/1025/1 596/1015/1
f 596/1017/254 591/1009/254 585/993/249
f 597/1018/255 598/1028/255 592/1019/251
f 598/1020/194 599/1030/194 593/1021/194
f 593/1022/252 599/1031/256 600/1023/256
f 600/1023/257 601/1033/257 595/1024/253
f 595/1025/1 601/1034/1 602/1026/1
f 596/1017/254 602/1036/258 597/1018/258
f 603/1027/259 604/1038/259 598/1028/255
f 604/1029/194 605/1040/194 599/1030/194
f 599/1031/256 605/1041/260 606/1032/260
f 606/1032/261 607/1043/261 601/1033/257
f 601/1034/1 607/1045/1 608/1035/1
f 602/1036/258 608/1046/262 603/1027/262
f 609/1037/263 610/1048/263 604/1038/259
f 604/1029/194 610/1049/194 611/1039/194
f 605/1041/260 611/1051/264 612/1042/264
f 612/1042/265 613/1053/265 607/1043/261
f 613/1044/1 614/1055/1 608/1035/1
f 608/1046/262 614/1057/266 609/1037/266
f 615/1047/267 616/1059/267 610/1048/263
f 610/1049/194 616/1061/194 617/1050/194
f 611/1051/264 617/1063/268 618/1052/268
f 618/1052/269 619/1065/269 613/1053/265
f 619/1054/1 620/1067/1 614/1055/1
f 620/1056/270 615/1047/270 609/1037/266
f 621/1058/271 622/4134/271 616/1059/267
f 622/1060/194 623/1073/194 617/1050/194
f 623/1062/272 624/4135/272 618/1052/268
f 618/1052/269 624/4135/273 625/1064/273
f 625/1066/1 626/1080/1 620/1067/1
f 626/1068/274 621/1058/274 615/1047/270
f 621/1069/271 627/1084/275 628/1070/275
f 622/1060/194 628/1086/194 629/1072/194
f 629/1074/276 630/1077/276 624/1075/272
f 630/1077/277 631/1088/277 625/1078/273
f 631/1079/1 632/1090/1 626/1080/1
f 632/1081/278 627/1084/278 621/1069/274
f 633/1083/279 634/1093/279 628/1070/275
f 634/1085/194 635/1095/194 629/1072/194
f 629/1074/276 635/1097/280 636/1087/280
f 636/1087/281 637/1099/281 631/1088/277
f 637/1089/1 638/1101/1 632/1090/1
f 638/1091/282 633/1083/282 627/1084/278
f 639/1092/283 640/1104/283 634/1093/279
f 634/1085/194 640/1105/194 641/1094/194
f 641/1096/284 642/1108/284 636/1087/280
f 636/1087/281 642/1108/285 643/1098/285
f 643/1100/1 644/1111/1 638/1101/1
f 644/1102/286 639/1092/286 633/1083/282
f 645/1103/287 646/1114/287 640/1104/283
f 640/1105/194 646/1116/194 647/1106/194
f 647/1107/288 648/1118/288 642/1108/284
f 642/1108/285 648/1118/289 649/1109/289
f 649/1110/1 650/1121/1 644/1111/1
f 650/1112/290 645/1103/290 639/1092/286
f 645/1103/287 651/1122/291 652/1113/291
f 652/1115/194 653/1125/194 647/1106/194
f 653/1117/292 654/1127/292 648/1118/288
f 648/1118/289 654/1127/293 655/1119/293
f 649/1110/1 655/1129/1 656/1120/1
f 650/1112/290 656/1132/294 651/1122/294
f 657/1123/295 658/1134/295 652/1113/291
f 658/1124/194 659/1136/194 653/1125/194
f 659/1126/296 660/1138/296 654/1127/292
f 654/1127/293 660/1138/297 661/1128/297
f 655/1129/1 661/1141/1 662/1130/1
f 662/1131/298 657/1123/298 651/1122/294
f 663/1133/299 664/1144/299 658/1134/295
f 658/1124/194 664/1146/194 665/1135/194
f 665/1137/300 666/1148/300 660/1138/296
f 660/1138/297 666/1148/301 667/1139/301
f 667/1140/1 668/1151/1 662/1130/1
f 668/1142/302 663/1133/302 657/1123/298
f 669/1143/303 670/1154/303 664/1144/299
f 670/1145/194 671/1156/194 665/1135/194
f 671/1147/304 672/1158/304 666/1148/300
f 666/1148/301 672/1158/305 673/1149/305
f 667/1140/1 673/1160/1 674/1150/1
f 674/1152/306 669/1143/306 663/1133/302
f 669/1143/303 675/1163/307 676/1153/307
f 670/1145/194 676/1164/194 677/1155/194
f 671/1147/304 677/1167/308 678/1157/308
f 678/1157/309 679/1169/309 673/1149/305
f 679/1159/1 680/1171/1 674/1150/1
f 680/1161/310 675/1163/310 669/1143/306
f 681/1162/311 682/1173/311 676/1153/307
f 676/1164/194 682/1175/194 683/1165/194
f 683/1166/312 684/1168/312 678/1157/308
f 684/1168/313 685/1178/313 679/1169/309
f 685/1170/1 686/1180/1 680/1171/1
f 680/1161/310 686/1181/314 681/1162/314
f 687/1172/315 688/1183/315 682/1173/311
f 688/1174/194 689/1185/194 683/1165/194
f 689/1176/316 690/1187/316 684/1168/312
f 684/1168/313 690/1187/317 691/1177/317
f 685/1170/1 691/1188/1 692/1179/1
f 686/1181/314 692/1191/318 687/1172/318
f 693/1182/319 694/4136/319 688/1183/315
f 694/1184/194 695/1196/194 689/1185/194
f 689/1176/316 695/4137/320 696/1186/320
f 696/1186/321 697/4138/321 691/1177/317
f 691/1188/1 697/1202/1 698/1189/1
f 698/1190/322 693/1182/322 687/1172/318
f 699/1192/323 700/1206/323 694/1193/319
f 700/1195/194 701/1208/194 695/1196/194
f 695/1197/320 701/1210/324 702/1198/324
f 702/1198/325 703/1212/325 697/1200/321
f 703/1201/1 704/1214/1 698/1189/1
f 704/1203/326 699/1192/326 693/1194/322
f 705/1205/327 706/1217/327 700/1206/323
f 700/1195/194 706/1218/194 707/1207/194
f 707/1209/328 708/1221/328 702/1198/324
f 702/1198/325 708/1221/329 709/1211/329
f 709/1213/1 710/1224/1 704/1214/1
f 710/1215/330 705/1205/330 699/1192/326
f 711/1216/331 712/1227/331 706/1217/327
f 706/1218/194 712/1229/194 713/1219/194
f 713/1220/332 714/1231/332 708/1221/328
f 708/1221/329 714/1231/333 715/1222/333
f 715/1223/1 716/1233/1 710/1224/1
f 716/1225/334 711/1216/334 705/1205/330
f 717/1226/335 718/1236/335 712/1227/331
f 718/1228/194 719/1238/194 713/1219/194
f 713/1220/332 719/1240/336 720/1230/336
f 720/1230/337 721/1242/337 715/1222/333
f 715/1223/1 721/1244/1 722/1232/1
f 722/1234/338 717/1226/338 711/1216/334
f 723/1235/246 724/1246/246 718/1236/335
f 724/1237/194 725/1248/194 719/1238/194
f 725/1239/244 726/1250/244 720/1230/336
f 720/1230/337 726/1250/250 727/1241/250
f 727/1243/1 728/1252/1 722/1232/1
f 722/1234/338 728/1254/248 723/1235/248
f 729/1245/245 730/1256/245 724/1246/246
f 730/1247/194 731/1258/194 725/1248/194
f 725/1239/244 731/1259/243 732/1249/243
f 732/1249/249 733/1262/249 727/1241/250
f 727/1243/1 733/1264/1 734/1251/1
f 734/1253/247 729/1245/247 723/1235/248
f 735/1255/252 736/1267/252 730/1256/245
f 730/1247/194 736/1269/194 737/1257/194
f 731/1259/243 737/1271/251 738/1260/251
f 732/1249/249 738/1260/254 739/1261/254
f 739/1263/1 740/1274/1 734/1251/1
f 740/1265/253 735/1255/253 729/1245/247
f 735/1255/252 741/1277/256 742/1266/256
f 742/1268/194 743/1279/194 737/1257/194
f 743/1270/255 744/1281/255 738/1260/251
f 738/1260/254 744/1281/258 745/1272/258
f 739/1263/1 745/1284/1 746/1273/1
f 746/1275/257 741/1277/257 735/1255/253
f 747/1276/260 748/1286/260 742/1266/256
f 748/1278/194 749/1288/194 743/1279/194
f 749/1280/259 750/1282/259 744/1281/255
f 750/1282/262 751/1291/262 745/1272/258
f 751/1283/1 752/1293/1 746/1273/1
f 746/1275/257 752/1294/261 747/1276/261
f 753/1285/264 754/1296/264 748/1286/260
f 748/1278/194 754/1297/194 755/1287/194
f 755/1289/263 756/1300/263 750/1282/259
f 750/1282/262 756/1300/266 757/1290/266
f 757/1292/1 758/1303/1 752/1293/1
f 752/1294/261 758/1305/265 753/1285/265
f 759/1295/268 760/1307/268 754/1296/264
f 754/1297/194 760/1308/194 761/1298/194
f 761/1299/267 762/1311/267 756/1300/263
f 756/1300/266 762/1311/270 763/1301/270
f 763/1302/1 764/1314/1 758/1303/1
f 764/1304/269 759/1295/269 753/1285/265
f 765/1306/272 766/4139/272 760/1307/268
f 760/1308/194 766/1319/194 767/1309/194
f 767/1310/271 768/1312/271 762/1311/267
f 768/1312/274 769/4140/274 763/1301/270
f 769/1313/1 770/1326/1 764/1314/1
f 764/1304/269 770/4141/273 765/1306/273
f 765/1315/272 771/1330/276 772/1316/276
f 772/1318/194 773/1332/194 767/1309/194
f 773/1320/275 774/1323/275 768/1321/271
f 774/1323/278 775/1335/278 769/1324/274
f 769/1313/1 775/1337/1 776/1325/1
f 776/1327/277 771/1330/277 765/1315/273
f 777/1329/280 778/1340/280 772/1316/276
f 778/1331/194 779/1342/194 773/1332/194
f 779/1333/279 780/1344/279 774/1323/275
f 774/1323/278 780/1344/282 781/1334/282
f 781/1336/1 782/1346/1 776/1325/1
f 782/1338/281 777/1329/281 771/1330/277
f 783/1339/284 784/1348/284 778/1340/280
f 778/1331/194 784/1350/194 785/1341/194
f 779/1333/279 785/1352/283 786/1343/283
f 786/1343/286 787/1354/286 781/1334/282
f 787/1345/1 788/1356/1 782/1346/1
f 782/1338/281 788/1358/285 783/1339/285
f 789/1347/288 790/1360/288 784/1348/284
f 790/1349/194 791/1362/194 785/1341/194
f 791/1351/287 792/1353/287 786/1343/283
f 792/1353/290 793/1364/290 787/1354/286
f 787/1345/1 793/1366/1 794/1355/1
f 794/1357/289 789/1347/289 783/1339/285
f 795/1359/292 796/1369/292 790/1360/288
f 790/1349/194 796/1370/194 797/1361/194
f 791/1351/287 797/1373/291 798/1363/291
f 798/1363/294 799/1375/294 793/1364/290
f 799/1365/1 800/1377/1 794/1355/1
f 800/1367/293 795/1359/293 789/1347/289
f 795/1359/292 801/1379/296 802/1368/296
f 796/1370/194 802/1382/194 803/1371/194
f 803/1372/295 804/1374/295 798/1363/291
f 804/1374/298 805/1384/298 799/1375/294
f 805/1376/1 806/1386/1 800/1377/1
f 806/1378/297 801/1379/297 795/1359/293
f 801/1379/296 807/1389/300 808/1380/300
f 808/1381/194 809/1391/194 803/1371/194
f 803/1372/295 809/1392/299 810/1383/299
f 810/1383/302 811/1394/302 805/1384/298
f 805/1376/1 811/1396/1 812/1385/1
f 812/1387/301 807/1389/301 801/1379/297
f 813/1388/304 814/1399/304 808/1380/300
f 814/1390/194 815/1401/194 809/1391/194
f 809/1392/299 815/1402/303 816/1393/303
f 816/1393/306 817/1404/306 811/1394/302
f 817/1395/1 818/1406/1 812/1385/1
f 818/1397/305 813/1388/305 807/1389/301
f 819/1398/308 820/1409/308 814/1399/304
f 814/1390/194 820/1411/194 821/1400/194
f 815/1402/303 821/1413/307 822/1403/307
f 822/1403/310 823/1415/310 817/1404/306
f 817/1395/1 823/1416/1 824/1405/1
f 824/1407/309 819/1398/309 813/1388/305
f 825/1408/312 826/1419/312 820/1409/308
f 826/1410/194 827/1421/194 821/1400/194
f 827/1412/311 828/1423/311 822/1403/307
f 822/1403/310 828/1423/314 829/1414/314
f 823/1416/1 829/1426/1 830/1417/1
f 824/1407/309 830/1428/313 825/1408/313
f 831/1418/316 832/1430/316 826/1419/312
f 826/1410/194 832/1432/194 833/1420/194
f 833/1422/315 834/1434/315 828/1423/311
f 828/1423/314 834/1434/318 835/1424/318
f 835/1425/1 836/1437/1 830/1417/1
f 836/1427/317 831/1418/317 825/1408/313
f 837/1429/320 838/4142/320 832/1430/316
f 838/1431/194 839/1442/194 833/1420/194
f 839/1433/319 840/4143/319 834/1434/315
f 834/1434/318 840/4143/322 841/1435/322
f 835/1425/1 841/1449/1 842/1436/1
f 836/1427/317 842/4144/321 837/1429/321
f 837/1438/320 843/1453/324 844/1439/324
f 844/1441/194 845/1455/194 839/1442/194
f 845/1443/323 846/1457/323 840/1444/319
f 840/1444/322 846/1457/326 847/1446/326
f 847/1448/1 848/1460/1 842/1436/1
f 848/1450/325 843/1453/325 837/1438/321
f 849/1452/328 850/1463/328 844/1439/324
f 844/1441/194 850/1465/194 851/1454/194
f 851/1456/327 852/1467/327 846/1457/323
f 846/1457/326 852/1467/330 853/1458/330
f 853/1459/1 854/1469/1 848/1460/1
f 854/1461/329 849/1452/329 843/1453/325
f 855/1462/332 856/1471/332 850/1463/328
f 856/1464/194 857/1473/194 851/1454/194
f 851/1456/327 857/1474/331 858/1466/331
f 858/1466/334 859/1476/334 853/1458/330
f 859/1468/1 860/1478/1 854/1469/1
f 854/1461/329 860/1480/333 855/1462/333
f 861/1470/336 862/1481/336 856/1471/332
f 856/1464/194 862/1482/194 863/1472/194
f 857/1474/331 863/1483/335 864/1475/335
f 864/1475/338 865/1484/338 859/1476/334
f 865/1477/1 866/1485/1 860/1478/1
f 866/1479/337 861/1470/337 855/1462/333
f 579/995/244 580/994/244 862/1481/336
f 580/996/194 581/998/194 863/1472/194
f 581/1001/246 582/1000/246 864/1475/335
f 864/1475/338 582/1000/248 583/1003/248
f 583/1006/1 584/1005/1 866/1485/1
f 584/1008/250 579/995/250 861/1470/337
f 867/1486/339 868/1490/343 916/1487/340
f 869/1489/342 917/1492/345 916/1487/340
f 870/1491/344 918/1494/347 917/1492/345
f 871/1493/346 919/1496/349 918/1494/347
f 871/1493/346 872/1498/351 920/1495/348
f 873/1497/350 921/1500/353 920/1495/348
f 873/1497/350 874/4145/355 922/1499/352
f 875/1501/354 923/1505/357 922/1502/352
f 876/1504/356 924/1507/359 923/1505/357
f 877/1506/358 925/1509/361 924/1507/359
f 878/1508/360 926/1511/363 925/1509/361
f 878/1508/360 879/1512/364 927/1510/362
f 879/1512/364 880/1515/367 928/1513/365
f 881/1514/366 929/1517/369 928/1513/365
f 882/1516/368 930/1519/371 929/1517/369
f 883/1518/370 931/1521/373 930/1519/371
f 883/1518/370 884/1523/375 932/1520/372
f 885/1522/374 933/1525/377 932/1520/372
f 885/1522/374 886/4146/379 934/1524/376
f 887/1526/378 935/1530/381 934/1527/376
f 888/1529/380 936/1532/383 935/1530/381
f 889/1531/382 937/1534/385 936/1532/383
f 890/1533/384 938/1536/387 937/1534/385
f 890/1533/384 891/1537/388 939/1535/386
f 891/1537/388 892/1540/391 940/1538/389
f 893/1539/390 941/1542/393 940/1538/389
f 894/1541/392 942/1544/395 941/1542/393
f 895/1543/394 943/1546/397 942/1544/395
f 895/1543/394 896/1548/399 944/1545/396
f 897/1547/398 945/1550/401 944/1545/396
f 897/1547/398 898/4147/403 946/1549/400
f 899/1551/402 947/1555/405 946/1552/400
f 900/1554/404 948/1557/407 947/1555/405
f 901/1556/406 949/1559/409 948/1557/407
f 902/1558/408 950/1561/411 949/1559/409
f 902/1558/408 903/1562/412 951/1560/410
f 903/1562/412 904/1565/415 952/1563/413
f 905/1564/414 953/1567/417 952/1563/413
f 906/1566/416 954/1569/419 953/1567/417
f 907/1568/418 955/1571/421 954/1569/419
f 907/1568/418 908/1573/423 956/1570/420
f 909/1572/422 957/1575/425 956/1570/420
f 909/1572/422 910/4148/427 958/1574/424
f 911/1576/426 959/1580/429 958/1577/424
f 912/1579/428 960/1582/431 959/1580/429
f 913/1581/430 961/1584/433 960/1582/431
f 914/1583/432 962/1585/434 961/1584/433
f 914/1583/432 867/1486/339 915/1488/341
f 916/1487/340 964/1587/220 963/1586/219
f 917/1492/345 965/1589/221 964/1587/220
f 917/1492/345 918/1494/347 966/1588/222
f 919/1496/349 967/1591/223 966/1588/222
f 919/1496/349 920/1495/348 968/1590/224
f 921/1500/353 969/1592/225 968/1590/224
f 922/1499/352 970/1640/226 969/1592/225
f 923/1505/357 971/1594/227 970/1593/226
f 924/1507/359 972/1595/228 971/1594/227
f 925/1509/361 973/1596/229 972/1595/228
f 926/1511/363 974/1597/230 973/1596/229
f 927/1510/362 975/1598/231 974/1597/230
f 928/1513/365 976/1599/232 975/1598/231
f 929/1517/369 977/1601/233 976/1599/232
f 929/1517/369 930/1519/371 978/1600/234
f 931/1521/373 979/1603/235 978/1600/234
f 931/1521/373 932/1520/372 980/1602/236
f 933/1525/377 981/1604/237 980/1602/236
f 934/1524/376 982/1653/238 981/1604/237
f 935/1530/381 983/1606/239 982/1605/238
f 936/1532/383 984/1607/240 983/1606/239
f 937/1534/385 985/1608/241 984/1607/240
f 938/1536/387 986/1609/242 985/1608/241
f 939/1535/386 987/1610/196 986/1609/242
f 940/1538/389 988/1611/195 987/1610/196
f 941/1542/393 989/1613/197 988/1611/195
f 941/1542/393 942/1544/395 990/1612/198
f 943/1546/397 991/1615/199 990/1612/198
f 943/1546/397 944/1545/396 992/1614/200
f 945/1550/401 993/1616/201 992/1614/200
f 946/1549/400 994/1666/202 993/1616/201
f 947/1555/405 995/1618/203 994/1617/202
f 948/1557/407 996/1619/204 995/1618/203
f 949/1559/409 997/1620/205 996/1619/204
f 950/1561/411 998/1621/206 997/1620/205
f 951/1560/410 999/1622/207 998/1621/206
f 952/1563/413 1000/1623/208 999/1622/207
f 953/1567/417 1001/1625/209 1000/1623/208
f 953/1567/417 954/1569/419 1002/1624/210
f 955/1571/421 1003/1627/211 1002/1624/210
f 955/1571/421 956/1570/420 1004/1626/212
f 957/1575/425 1005/1628/213 1004/1626/212
f 958/1574/424 1006/1679/214 1005/1628/213
f 959/1580/429 1007/1630/215 1006/1629/214
f 960/1582/431 1008/1631/216 1007/1630/215
f 961/1584/433 1009/1632/217 1008/1631/216
f 962/1585/434 1010/1633/218 1009/1632/217
f 915/1488/341 963/1586/219 1010/1633/218
f 964/1587/220 1012/1635/436 1011/1634/435
f 965/1589/221 1013/1636/437 1012/1635/436
f 966/1588/222 1014/1637/438 1013/1636/437
f 967/1591/223 1015/1638/439 1014/1637/438
f 968/1590/224 1016/1639/440 1015/1638/439
f 969/1592/225 1017/1641/441 1016/1639/440
f 970/1640/226 1018/1693/442 1017/1641/441
f 971/1594/227 1019/1643/443 1018/1642/442
f 972/1595/228 1020/1644/444 1019/1643/443
f 973/1596/229 1021/1645/445 1020/1644/444
f 974/1597/230 1022/1647/447 1021/1645/445
f 974/1597/230 975/1598/231 1023/1646/446
f 976/1599/232 1024/1648/448 1023/1646/446
f 977/1601/233 1025/1649/449 1024/1648/448
f 978/1600/234 1026/1650/450 1025/1649/449
f 979/1603/235 1027/1651/451 1026/1650/450
f 980/1602/236 1028/1652/452 1027/1651/451
f 981/1604/237 1029/1654/453 1028/1652/452
f 982/1653/238 1030/1706/454 1029/1654/453
f 983/1606/239 1031/1656/455 1030/1655/454
f 984/1607/240 1032/1657/456 1031/1656/455
f 985/1608/241 1033/1658/457 1032/1657/456
f 986/1609/242 1034/1660/459 1033/1658/457
f 986/1609/242 987/1610/196 1035/1659/458
f 988/1611/195 1036/1661/460 1035/1659/458
f 989/1613/197 1037/1662/461 1036/1661/460
f 990/1612/198 1038/1663/462 1037/1662/461
f 991/1615/199 1039/1664/463 1038/1663/462
f 992/1614/200 1040/1665/464 1039/1664/463
f 993/1616/201 1041/1667/465 1040/1665/464
f 994/1666/202 1042/1719/466 1041/1667/465
f 995/1618/203 1043/1669/467 1042/1668/466
f 996/1619/204 1044/1670/468 1043/1669/467
f 997/1620/205 1045/1671/469 1044/1670/468
f 998/1621/206 1046/1673/471 1045/1671/469
f 998/1621/206 999/1622/207 1047/1672/470
f 1000/1623/208 1048/1674/472 1047/1672/470
f 1001/1625/209 1049/1675/473 1048/1674/472
f 1002/1624/210 1050/1676/474 1049/1675/473
f 1003/1627/211 1051/1677/475 1050/1676/474
f 1004/1626/212 1052/1678/476 1051/1677/475
f 1005/1628/213 1053/1680/477 1052/1678/476
f 1006/1679/214 1054/1732/478 1053/1680/477
f 1007/1630/215 1055/1682/479 1054/1681/478
f 1008/1631/216 1056/1683/480 1055/1682/479
f 1009/1632/217 1057/1684/481 1056/1683/480
f 1010/1633/218 1058/1685/482 1057/1684/481
f 1010/1633/218 963/1586/219 1011/1634/435
f 1012/1635/436 1060/1687/484 1059/1686/483
f 1013/1636/437 1061/1688/485 1060/1687/484
f 1014/1637/438 1062/1689/486 1061/1688/485
f 1015/1638/439 1063/1690/487 1062/1689/486
f 1016/1639/440 1064/1692/489 1063/1690/487
f 1016/1639/440 1017/1641/441 1065/1691/488
f 1018/1693/442 1066/4149/491 1065/1691/488
f 1018/1642/442 1019/1643/443 1067/1694/490
f 1020/1644/444 1068/1696/492 1067/1694/490
f 1021/1645/445 1069/1697/493 1068/1696/492
f 1022/1647/447 1070/1698/494 1069/1697/493
f 1023/1646/446 1071/1699/495 1070/1698/494
f 1024/1648/448 1072/1700/496 1071/1699/495
f 1025/1649/449 1073/1701/497 1072/1700/496
f 1026/1650/450 1074/1702/498 1073/1701/497
f 1027/1651/451 1075/1703/499 1074/1702/498
f 1028/1652/452 1076/1705/501 1075/1703/499
f 1028/1652/452 1029/1654/453 1077/1704/500
f 1030/1706/454 1078/4150/503 1077/1704/500
f 1030/1655/454 1031/1656/455 1079/1707/502
f 1032/1657/456 1080/1709/504 1079/1707/502
f 1033/1658/457 1081/1710/505 1080/1709/504
f 1034/1660/459 1082/1711/506 1081/1710/505
f 1035/1659/458 1083/1712/507 1082/1711/506
f 1036/1661/460 1084/1713/508 1083/1712/507
f 1037/1662/461 1085/1714/509 1084/1713/508
f 1038/1663/462 1086/1715/510 1085/1714/509
f 1039/1664/463 1087/1716/511 1086/1715/510
f 1040/1665/464 1088/1718/513 1087/1716/511
f 1040/1665/464 1041/1667/465 1089/1717/512
f 1042/1719/466 1090/4151/515 1089/1717/512
f 1042/1668/466 1043/1669/467 1091/1720/514
f 1044/1670/468 1092/1722/516 1091/1720/514
f 1045/1671/469 1093/1723/517 1092/1722/516
f 1046/1673/471 1094/1724/518 1093/1723/517
f 1047/1672/470 1095/1725/519 1094/1724/518
f 1048/1674/472 1096/1726/520 1095/1725/519
f 1049/1675/473 1097/1727/521 1096/1726/520
f 1050/1676/474 1098/1728/522 1097/1727/521
f 1051/1677/475 1099/1729/523 1098/1728/522
f 1052/1678/476 1100/1731/525 1099/1729/523
f 1052/1678/476 1053/1680/477 1101/1730/524
f 1054/1732/478 1102/4152/527 1101/1730/524
f 1054/1681/478 1055/1682/479 1103/1733/526
f 1056/1683/480 1104/1735/528 1103/1733/526
f 1057/1684/481 1105/1736/529 1104/1735/528
f 1058/1685/482 1106/1737/530 1105/1736/529
f 1011/1634/435 1059/1686/483 1106/1737/530
f 1107/1738/531 1108/4153/531 1110/1739/531
f 1109/1741/532 1110/4154/532 1112/1742/532
f 1112/1742/533 1114/4155/533 1113/1744/533
f 1114/1745/534 1116/1748/534 1115/1746/534
f 1116/1748/535 1118/4156/535 1117/1749/535
f 1118/1750/536 1120/1756/536 1119/1751/536
f 1112/1755/537 1110/4157/537 1108/4158/537
f 1108/4158/537 1122/4159/1349 1120/1753/537
f 1120/1753/537 1118/4160/537 1116/1754/537
f 1116/1754/537 1114/4161/537 1112/1755/537
f 1112/1755/537 1108/4158/537 1120/1753/537
f 1120/1756/538 1122/4162/538 1121/1757/538
f 1122/1758/539 1108/4153/539 1107/1738/539
f 1121/1762/540 1107/4163/1350 1109/4164/540
f 1109/4164/540 1111/4165/540 1113/1760/540
f 1113/1760/540 1115/4166/540 1117/1761/540
f 1117/1761/540 1119/4167/540 1121/1762/540
f 1121/1762/540 1109/4164/540 1113/1760/540
f 1123/1763/541 1124/4168/541 1126/1764/542
f 1125/1765/542 1126/1764/542 1128/1766/543
f 1127/1768/544 1128/4169/543 1130/1769/545
f 1130/1769/545 1132/4170/546 1131/1771/546
f 1131/1771/546 1132/4170/546 1134/1772/547
f 1133/1774/547 1134/4171/547 1136/1775/548
f 1136/1775/548 1138/1778/549 1137/1777/549
f 1138/1778/549 1140/4172/550 1139/1779/550
f 1139/1780/550 1140/4173/550 1142/1781/551
f 1142/1781/551 1144/4174/552 1143/1783/552
f 1128/1786/537 1126/4175/537 1124/4176/537
f 1124/4176/537 1146/4177/1349 1144/1784/537
f 1144/1784/537 1142/4178/537 1140/4179/537
f 1140/4179/537 1138/4180/537 1136/1785/537
f 1136/1785/537 1134/4181/537 1132/4182/537
f 1132/4182/537 1130/4183/537 1128/1786/537
f 1128/1786/537 1124/4176/537 1144/1784/537
f 1144/1784/537 1140/4179/537 1136/1785/537
f 1136/1785/537 1132/4182/537 1128/1786/537
f 1143/1783/552 1144/4174/552 1146/1787/553
f 1146/1789/553 1124/4168/541 1123/1763/541
f 1145/1793/540 1123/4184/540 1125/4185/540
f 1125/4185/540 1127/4186/540 1129/1791/540
f 1129/1791/540 1131/4187/540 1133/4188/540
f 1133/4188/540 1135/4189/540 1137/1792/540
f 1137/1792/540 1139/4190/540 1141/4191/540
f 1141/4191/540 1143/4192/540 1145/1793/540
f 1145/1793/540 1125/4185/540 1129/1791/540
f 1129/1791/540 1133/4188/540 1137/1792/540
f 1137/1792/540 1141/4191/540 1145/1793/540
f 1148/1794/554 1150/4193/554 1149/1795/554
f 1150/1797/555 1152/4194/555 1151/1798/555
f 1151/1798/556 1152/4194/556 1154/1800/556
f 1153/1802/557 1154/4195/558 1156/1803/558
f 1155/1804/559 1156/1803/559 1158/1805/559
f 1157/1807/560 1158/4196/560 1160/1808/560
f 1152/1812/561 1150/4197/561 1148/4198/561
f 1148/4198/561 1162/4199/561 1160/1810/561
f 1160/1810/561 1158/4200/561 1156/1811/561
f 1156/1811/561 1154/4201/561 1152/1812/561
f 1152/1812/561 1148/4198/561 1160/1810/561
f 1160/1808/562 1162/4202/562 1161/1813/562
f 1162/1814/563 1148/1794/563 1147/1796/564
f 1161/1818/565 1147/4203/565 1149/4204/565
f 1149/4204/565 1151/4205/565 1153/1816/565
f 1153/1816/565 1155/4206/565 1157/1817/565
f 1157/1817/565 1159/4207/1351 1161/1818/565
f 1161/1818/565 1149/4204/565 1153/1816/565
f 1163/1819/566 1164/4208/566 1166/1820/567
f 1166/1822/567 1168/1825/568 1167/1823/568
f 1168/1825/568 1170/4209/569 1169/1826/569
f 1169/1826/569 1170/4209/569 1172/1827/570
f 1171/1829/570 1172/4210/570 1174/1830/571
f 1173/1831/571 1174/1830/571 1176/1832/572
f 1176/1832/572 1178/4211/573 1177/1834/573
f 1178/1835/573 1180/1838/574 1179/1836/574
f 1180/1838/574 1182/1840/575 1181/1839/575
f 1182/1840/575 1184/4212/576 1183/1841/576
f 1168/1844/561 1166/4213/561 1164/4214/561
f 1164/4214/561 1186/4215/561 1184/1842/561
f 1184/1842/561 1182/4216/561 1180/4217/561
f 1180/4217/561 1178/4218/561 1176/1843/561
f 1176/1843/561 1174/4219/561 1172/4220/561
f 1172/4220/561 1170/4221/561 1168/1844/561
f 1168/1844/561 1164/4214/561 1184/1842/561
f 1184/1842/561 1180/4217/561 1176/1843/561
f 1176/1843/561 1172/4220/561 1168/1844/561
f 1183/1845/576 1184/4222/576 1186/1846/577
f 1186/1846/577 1164/4208/566 1163/1819/566
f 1185/1850/565 1163/4223/565 1165/4224/565
f 1165/4224/565 1167/4225/565 1169/1848/565
f 1169/1848/565 1171/4226/565 1173/4227/565
f 1173/4227/565 1175/4228/565 1177/1849/565
f 1177/1849/565 1179/4229/1351 1181/4230/565
f 1181/4230/565 1183/4231/565 1185/1850/565
f 1185/1850/565 1165/4224/565 1169/1848/565
f 1169/1848/565 1173/4227/565 1177/1849/565
f 1177/1849/565 1181/4230/565 1185/1850/565
f 1188/1851/578 1190/4232/578 1189/1852/579
f 1190/1854/580 1192/4233/580 1191/1855/580
f 1191/1855/581 1192/4233/582 1194/1857/582
f 1194/1859/583 1196/1862/583 1195/1860/583
f 1196/1862/584 1198/4234/584 1197/1863/584
f 1198/1864/585 1200/1870/585 1199/1865/585
f 1192/1869/586 1190/4235/586 1188/4236/586
f 1188/4236/586 1202/4237/1352 1200/1867/586
f 1200/1867/586 1198/4238/586 1196/1868/586
f 1196/1868/586 1194/4239/1352 1192/1869/586
f 1192/1869/586 1188/4236/586 1200/1867/586
f 1200/1870/587 1202/4240/587 1201/1871/588
f 1201/1872/589 1202/4241/589 1188/1851/589
f 1201/1875/590 1187/4242/590 1189/4243/590
f 1189/4243/590 1191/4244/590 1193/1873/590
f 1193/1873/590 1195/4245/590 1197/1874/590
f 1197/1874/590 1199/4246/590 1201/1875/590
f 1201/1875/590 1189/4243/590 1193/1873/590
f 1204/1876/591 1206/4247/592 1205/1877/592
f 1205/1877/592 1206/4247/592 1208/1879/593
f 1207/1881/593 1208/4248/593 1210/1882/594
f 1209/1883/594 1210/1882/594 1212/1884/595
f 1211/1885/595 1212/1884/595 1214/1886/596
f 1213/1888/596 1214/4249/596 1216/1889/597
f 1216/1889/597 1218/1892/598 1217/1891/598
f 1218/1892/598 1220/4250/599 1219/1893/599
f 1220/1894/599 1222/1897/600 1221/1895/600
f 1222/1897/600 1224/1902/601 1223/1898/601
f 1208/1901/586 1206/4251/586 1204/4252/586
f 1204/4252/586 1226/4253/586 1224/1899/586
f 1224/1899/586 1222/4254/586 1220/4255/586
f 1220/4255/586 1218/4256/586 1216/1900/586
f 1216/1900/586 1214/4257/586 1212/4258/586
f 1212/4258/586 1210/4259/586 1208/1901/586
f 1208/1901/586 1204/4252/586 1224/1899/586
f 1224/1899/586 1220/4255/586 1216/1900/586
f 1216/1900/586 1212/4258/586 1208/1901/586
f 1224/1902/601 1226/4260/602 1225/1903/602
f 1226/1904/602 1204/1876/591 1203/1878/591
f 1225/1908/590 1203/4261/590 1205/4262/590
f 1205/4262/590 1207/4263/590 1209/1906/590
f 1209/1906/590 1211/4264/590 1213/4265/590
f 1213/4265/590 1215/4266/590 1217/1907/590
f 1217/1907/590 1219/4267/590 1221/4268/590
f 1221/4268/590 1223/4269/590 1225/1908/590
f 1225/1908/590 1205/4262/590 1209/1906/590
f 1209/1906/590 1213/4265/590 1217/1907/590
f 1217/1907/590 1221/4268/590 1225/1908/590
f 1228/1909/603 1230/4270/603 1229/1910/603
f 1229/1912/604 1230/4271/604 1232/1913/604
f 1231/1914/605 1232/1913/605 1234/1915/605
f 1234/1917/606 1236/4272/606 1235/1918/606
f 1235/1918/607 1236/4272/607 1238/1920/607
f 1238/1922/608 1240/1928/608 1239/1923/608
f 1232/1927/609 1230/4273/609 1228/4274/609
f 1228/4274/609 1242/4275/609 1240/1925/609
f 1240/1925/609 1238/4276/609 1236/1926/609
f 1236/1926/609 1234/4277/609 1232/1927/609
f 1232/1927/609 1228/4274/609 1240/1925/609
f 1240/1928/610 1242/4278/610 1241/1929/610
f 1241/1930/611 1242/4279/611 1228/1909/611
f 1241/1933/612 1227/4280/612 1229/4281/612
f 1229/4281/612 1231/4282/612 1233/1931/612
f 1233/1931/612 1235/4283/612 1237/1932/612
f 1237/1932/612 1239/4284/612 1241/1933/612
f 1241/1933/612 1229/4281/612 1233/1931/612
f 1244/1934/613 1246/1937/614 1245/1935/614
f 1246/1937/614 1248/4285/615 1247/1938/615
f 1247/1939/615 1248/4286/615 1250/1940/616
f 1249/1941/616 1250/1940/616 1252/1942/617
f 1252/1942/617 1254/4287/619 1253/1944/619
f 1253/1945/619 1254/4288/619 1256/1946/620
f 1255/1947/620 1256/1946/620 1258/1948/621
f 1257/1949/621 1258/1948/621 1260/1950/622
f 1260/1952/622 1262/1955/623 1261/1953/623
f 1262/1955/623 1264/4289/624 1263/1956/624
f 1248/1959/609 1246/4290/609 1244/4291/609
f 1244/4291/609 1266/4292/609 1264/1957/609
f 1264/1957/609 1262/4293/609 1260/4294/609
f 1260/4294/609 1258/4295/609 1256/1958/609
f 1256/1958/609 1254/4296/609 1252/4297/609
f 1252/4297/609 1250/4298/609 1248/1959/609
f 1248/1959/609 1244/4291/609 1264/1957/609
f 1264/1957/609 1260/4294/609 1256/1958/609
f 1256/1958/609 1252/4297/609 1248/1959/609
f 1263/1956/624 1264/4289/624 1266/1960/625
f 1266/1962/625 1244/1934/613 1243/1936/613
f 1265/1966/612 1243/4299/612 1245/4300/612
f 1245/4300/612 1247/4301/612 1249/1964/612
f 1249/1964/612 1251/4302/612 1253/4303/612
f 1253/4303/612 1255/4304/612 1257/1965/612
f 1257/1965/612 1259/4305/612 1261/4306/612
f 1261/4306/612 1263/4307/612 1265/1966/612
f 1265/1966/612 1245/4300/612 1249/1964/612
f 1249/1964/612 1253/4303/612 1257/1965/612
f 1257/1965/612 1261/4306/612 1265/1966/612
f 1267/1967/626 1268/4308/626 1270/1968/626
f 1270/1968/627 1272/4309/627 1271/1970/627
f 1272/1971/628 1274/1974/628 1273/1972/628
f 1274/1974/629 1276/4310/629 1275/1975/629
f 1276/1976/630 1278/4311/630 1277/1977/630
f 1277/1977/631 1278/4311/631 1280/1979/631
f 1272/1983/632 1270/4312/632 1268/4313/632
f 1268/4313/632 1282/4314/632 1280/1981/632
f 1280/1981/632 1278/4315/632 1276/1982/632
f 1276/1982/632 1274/4316/632 1272/1983/632
f 1272/1983/632 1268/4313/632 1280/1981/632
f 1279/1984/633 1280/4317/633 1282/1985/633
f 1282/1985/634 1268/4318/634 1267/1987/634
f 1281/1990/635 1267/4319/635 1269/4320/635
f 1269/4320/635 1271/4321/635 1273/1988/635
f 1273/1988/635 1275/4322/635 1277/1989/635
f 1277/1989/635 1279/4323/635 1281/1990/635
f 1281/1990/635 1269/4320/635 1273/1988/635
f 1283/1991/636 1284/4324/636 1286/1992/637
f 1286/1992/637 1288/1995/638 1287/1994/638
f 1288/1995/638 1290/4325/639 1289/1996/639
f 1290/1997/639 1292/2000/640 1291/1998/640
f 1292/2000/640 1294/4326/641 1293/2001/641
f 1293/2001/641 1294/4326/641 1296/2002/642
f 1296/2004/642 1298/2007/643 1297/2005/643
f 1298/2007/643 1300/4327/644 1299/2008/644
f 1299/2008/644 1300/4327/644 1302/2009/645
f 1301/2011/645 1302/4328/645 1304/2012/646
f 1288/2016/632 1286/4329/632 1284/4330/632
f 1284/4330/632 1306/4331/632 1304/2014/632
f 1304/2014/632 1302/4332/632 1300/4333/632
f 1300/4333/632 1298/4334/632 1296/2015/632
f 1296/2015/632 1294/4335/632 1292/4336/632
f 1292/4336/632 1290/4337/632 1288/2016/632
f 1288/2016/632 1284/4330/632 1304/2014/632
f 1304/2014/632 1300/4333/632 1296/2015/632
f 1296/2015/632 1292/4336/632 1288/2016/632
f 1304/2012/646 1306/2018/647 1305/2017/647
f 1306/2018/647 1284/4338/636 1283/2019/636
f 1305/2022/635 1283/4339/635 1285/4340/635
f 1285/4340/635 1287/4341/635 1289/2020/635
f 1289/2020/635 1291/4342/635 1293/4343/635
f 1293/4343/635 1295/4344/635 1297/2021/635
f 1297/2021/635 1299/4345/635 1301/4346/635
f 1301/4346/635 1303/4347/635 1305/2022/635
f 1305/2022/635 1285/4340/635 1289/2020/635
f 1289/2020/635 1293/4343/635 1297/2021/635
f 1297/2021/635 1301/4346/635 1305/2022/635
f 1307/2023/648 1308/2044/648 1310/2024/648
f 1309/2026/649 1310/4348/649 1312/2027/649
f 1312/2027/650 1314/4349/650 1313/2029/650
f 1314/2030/651 1316/2033/651 1315/2031/651
f 1316/2033/652 1318/4350/652 1317/2034/652
f 1318/2035/653 1320/2041/653 1319/2036/653
f 1312/2040/654 1310/4351/654 1308/4352/654
f 1308/4352/654 1322/4353/654 1320/2038/654
f 1320/2038/654 1318/4354/654 1316/2039/654
f 1316/2039/654 1314/4355/654 1312/2040/654
f 1312/2040/654 1308/4352/654 1320/2038/654
f 1320/2041/655 1322/4356/655 1321/2042/655
f 1321/2043/656 1322/4357/656 1308/2044/656
f 1321/2047/657 1307/4358/657 1309/4359/657
f 1309/4359/657 1311/4360/657 1313/2045/657
f 1313/2045/657 1315/4361/657 1317/2046/657
f 1317/2046/657 1319/4362/657 1321/2047/657
f 1321/2047/657 1309/4359/657 1313/2045/657
f 1324/2048/658 1326/4363/659 1325/2049/659
f 1325/2049/659 1326/4363/659 1328/2051/660
f 1328/2053/660 1330/2056/661 1329/2054/661
f 1330/2056/661 1332/4364/662 1331/2057/662
f 1332/2058/662 1334/2061/663 1333/2059/663
f 1334/2061/663 1336/2063/664 1335/2062/664
f 1336/2063/664 1338/2065/665 1337/2064/665
f 1338/2065/665 1340/4365/666 1339/2066/666
f 1340/2067/666 1342/2070/667 1341/2068/667
f 1342/2070/667 1344/4366/668 1343/2071/668
f 1328/2074/654 1326/4367/654 1324/4368/654
f 1324/4368/654 1346/4369/654 1344/2072/654
f 1344/2072/654 1342/4370/654 1340/4371/654
f 1340/4371/654 1338/4372/654 1336/2073/654
f 1336/2073/654 1334/4373/654 1332/4374/654
f 1332/4374/654 1330/4375/654 1328/2074/654
f 1328/2074/654 1324/4368/654 1344/2072/654
f 1344/2072/654 1340/4371/654 1336/2073/654
f 1336/2073/654 1332/4374/654 1328/2074/654
f 1344/2075/668 1346/4376/669 1345/2076/669
f 1345/2076/669 1346/4376/669 1324/2048/658
f 1345/2080/657 1323/4377/657 1325/4378/657
f 1325/4378/657 1327/4379/657 1329/2078/657
f 1329/2078/657 1331/4380/657 1333/4381/657
f 1333/4381/657 1335/4382/657 1337/2079/657
f 1337/2079/657 1339/4383/657 1341/4384/657
f 1341/4384/657 1343/4385/657 1345/2080/657
f 1345/2080/657 1325/4378/657 1329/2078/657
f 1329/2078/657 1333/4381/657 1337/2079/657
f 1337/2079/657 1341/4384/657 1345/2080/657
f 1348/2081/670 1350/4386/670 1349/2082/670
f 1349/2084/671 1350/4387/671 1352/2085/671
f 1352/2085/672 1354/4388/672 1353/2087/672
f 1353/2088/673 1354/4389/673 1356/2089/673
f 1356/2089/674 1358/4390/674 1357/2091/674
f 1358/2092/675 1360/4391/675 1359/2093/675
f 1352/2097/676 1350/4392/676 1348/4393/676
f 1348/4393/676 1362/4394/676 1360/2095/676
f 1360/2095/676 1358/4395/676 1356/2096/676
f 1356/2096/676 1354/4396/676 1352/2097/676
f 1352/2097/676 1348/4393/676 1360/2095/676
f 1359/2093/677 1360/4391/677 1362/2098/677
f 1362/2100/678 1348/2081/678 1347/2083/678
f 1361/2104/679 1347/4397/679 1349/4398/679
f 1349/4398/679 1351/4399/679 1353/2102/679
f 1353/2102/679 1355/4400/679 1357/2103/679
f 1357/2103/679 1359/4401/679 1361/2104/679
f 1361/2104/679 1349/4398/679 1353/2102/679
f 1364/2105/680 1366/2108/681 1365/2106/681
f 1366/2108/681 1368/4402/682 1367/2109/682
f 1368/2110/682 1370/2113/683 1369/2111/683
f 1370/2113/683 1372/4403/684 1371/2114/684
f 1371/2115/684 1372/4404/684 1374/2116/685
f 1373/2117/685 1374/2116/685 1376/2118/686
f 1376/2118/686 1378/4405/687 1377/2120/687
f 1377/2120/687 1378/4405/687 1380/2121/688
f 1379/2123/688 1380/4406/688 1382/2124/689
f 1382/2124/689 1384/4407/690 1383/2126/690
f 1368/2129/676 1366/4408/676 1364/4409/676
f 1364/4409/676 1386/4410/676 1384/2127/676
f 1384/2127/676 1382/4411/676 1380/4412/676
f 1380/4412/676 1378/4413/676 1376/2128/676
f 1376/2128/676 1374/4414/676 1372/4415/676
f 1372/4415/676 1370/4416/676 1368/2129/676
f 1368/2129/676 1364/4409/676 1384/2127/676
f 1384/2127/676 1380/4412/676 1376/2128/676
f 1376/2128/676 1372/4415/676 1368/2129/676
f 1383/2130/690 1384/4417/690 1386/2131/691
f 1386/2131/691 1364/2105/680 1363/2107/680
f 1385/2135/679 1363/4418/679 1365/4419/679
f 1365/4419/679 1367/4420/679 1369/2133/679
f 1369/2133/679 1371/4421/679 1373/4422/679
f 1373/4422/679 1375/4423/679 1377/2134/679
f 1377/2134/679 1379/4424/679 1381/4425/679
f 1381/4425/679 1383/4426/679 1385/2135/679
f 1385/2135/679 1365/4419/679 1369/2133/679
f 1369/2133/679 1373/4422/679 1377/2134/679
f 1377/2134/679 1381/4425/679 1385/2135/679
f 1388/2136/692 1390/4427/692 1389/2137/693
f 1390/2139/694 1392/2142/694 1391/2140/694
f 1392/2142/695 1394/4428/695 1393/2143/695
f 1393/2144/696 1394/4429/696 1396/2145/696
f 1396/2145/697 1398/4430/697 1397/2147/697
f 1397/2148/698 1398/4431/698 1400/2149/698
f 1392/2153/699 1390/4432/699 1388/4433/699
f 1388/4433/699 1402/4434/699 1400/2151/699
f 1400/2151/699 1398/4435/699 1396/2152/699
f 1396/2152/699 1394/4436/699 1392/2153/699
f 1392/2153/699 1388/4433/699 1400/2151/699
f 1400/2149/700 1402/4437/700 1401/2154/700
f 1401/2155/701 1402/4438/701 1388/2136/701
f 1401/2158/702 1387/4439/702 1389/4440/702
f 1389/4440/702 1391/4441/702 1393/2156/702
f 1393/2156/702 1395/4442/702 1397/2157/702
f 1397/2157/702 1399/4443/702 1401/2158/702
f 1401/2158/702 1389/4440/702 1393/2156/702
f 1403/2159/703 1404/4444/703 1406/2160/704
f 1405/2161/704 1406/2160/704 1408/2162/705
f 1408/2164/705 1410/2167/706 1409/2165/706
f 1410/2167/706 1412/4445/707 1411/2168/707
f 1411/2169/707 1412/4446/707 1414/2170/708
f 1414/2170/708 1416/4447/709 1415/2172/709
f 1415/2172/709 1416/4447/709 1418/2173/710
f 1418/2173/710 1420/4448/711 1419/2175/711
f 1419/2176/711 1420/4449/711 1422/2177/712
f 1421/2178/712 1422/2177/712 1424/2179/713
f 1408/2183/699 1406/4450/699 1404/4451/699
f 1404/4451/699 1426/4452/699 1424/2181/699
f 1424/2181/699 1422/4453/699 1420/4454/699
f 1420/4454/699 1418/4455/699 1416/2182/699
f 1416/2182/699 1414/4456/699 1412/4457/699
f 1412/4457/699 1410/4458/699 1408/2183/699
f 1408/2183/699 1404/4451/699 1424/2181/699
f 1424/2181/699 1420/4454/699 1416/2182/699
f 1416/2182/699 1412/4457/699 1408/2183/699
f 1423/2184/713 1424/4459/713 1426/2185/714
f 1426/2185/714 1404/4444/703 1403/2159/703
f 1425/2189/702 1403/4460/702 1405/4461/702
f 1405/4461/702 1407/4462/702 1409/2187/702
f 1409/2187/702 1411/4463/702 1413/4464/702
f 1413/4464/702 1415/4465/702 1417/2188/702
f 1417/2188/702 1419/4466/702 1421/4467/702
f 1421/4467/702 1423/4468/702 1425/2189/702
f 1425/2189/702 1405/4461/702 1409/2187/702
f 1409/2187/702 1413/4464/702 1417/2188/702
f 1417/2188/702 1421/4467/702 1425/2189/702
f 1428/2190/715 1430/4469/715 1429/2191/715
f 1430/2193/716 1432/2196/716 1431/2194/716
f 1432/2196/717 1434/4470/717 1433/2197/717
f 1434/2198/718 1436/2201/718 1435/2199/718
f 1436/2201/719 1438/4471/719 1437/2202/719
f 1438/2203/720 1440/4472/720 1439/2204/720
f 1432/2208/721 1430/4473/721 1428/4474/721
f 1428/4474/721 1442/4475/721 1440/2206/721
f 1440/2206/721 1438/4476/721 1436/2207/721
f 1436/2207/721 1434/4477/721 1432/2208/721
f 1432/2208/721 1428/4474/721 1440/2206/721
f 1439/2204/722 1440/4472/722 1442/2209/722
f 1442/2211/723 1428/2190/723 1427/2192/724
f 1441/2215/725 1427/4478/725 1429/4479/725
f 1429/4479/725 1431/4480/725 1433/2213/725
f 1433/2213/725 1435/4481/725 1437/2214/725
f 1437/2214/725 1439/4482/725 1441/2215/725
f 1441/2215/725 1429/4479/725 1433/2213/725
f 1444/2216/726 1446/4483/727 1445/2217/727
f 1445/2217/727 1446/4483/727 1448/2219/728
f 1447/2221/728 1448/4484/728 1450/2222/729
f 1450/2222/729 1452/4485/730 1451/2224/730
f 1452/2225/730 1454/4486/731 1453/2226/731
f 1453/2226/731 1454/4486/731 1456/2228/732
f 1455/2229/732 1456/2228/732 1458/2230/733
f 1458/2230/733 1460/4487/735 1459/2232/735
f 1459/2233/735 1460/4488/735 1462/2234/736
f 1462/2234/736 1464/4489/737 1463/2236/737
f 1448/2239/721 1446/4490/721 1444/4491/721
f 1444/4491/721 1466/4492/721 1464/2237/721
f 1464/2237/721 1462/4493/721 1460/4494/721
f 1460/4494/721 1458/4495/721 1456/2238/721
f 1456/2238/721 1454/4496/721 1452/4497/721
f 1452/4497/721 1450/4498/721 1448/2239/721
f 1448/2239/721 1444/4491/721 1464/2237/721
f 1464/2237/721 1460/4494/721 1456/2238/721
f 1456/2238/721 1452/4497/721 1448/2239/721
f 1463/2240/737 1464/4499/737 1466/2241/738
f 1466/2241/738 1444/2216/726 1443/2218/726
f 1465/2245/725 1443/4500/725 1445/4501/725
f 1445/4501/725 1447/4502/725 1449/2243/725
f 1449/2243/725 1451/4503/725 1453/4504/725
f 1453/4504/725 1455/4505/725 1457/2244/725
f 1457/2244/725 1459/4506/725 1461/4507/725
f 1461/4507/725 1463/4508/725 1465/2245/725
f 1465/2245/725 1445/4501/725 1449/2243/725
f 1449/2243/725 1453/4504/725 1457/2244/725
f 1457/2244/725 1461/4507/725 1465/2245/725
f 1467/2246/739 1468/2268/739 1470/2247/739
f 1470/2249/740 1472/2252/740 1471/2250/740
f 1472/2252/741 1474/4509/741 1473/2253/741
f 1474/2254/742 1476/2257/742 1475/2255/742
f 1476/2257/743 1478/4510/743 1477/2258/743
f 1478/2259/744 1480/2265/744 1479/2260/744
f 1472/2264/745 1470/4511/1353 1468/4512/745
f 1468/4512/745 1482/4513/1353 1480/2262/745
f 1480/2262/745 1478/4514/745 1476/2263/745
f 1476/2263/745 1474/4515/745 1472/2264/745
f 1472/2264/745 1468/4512/745 1480/2262/745
f 1480/2265/746 1482/4516/746 1481/2266/746
f 1481/2267/747 1482/4517/747 1468/2268/747
f 1481/2271/748 1467/4518/748 1469/4519/748
f 1469/4519/748 1471/4520/748 1473/2269/748
f 1473/2269/748 1475/4521/748 1477/2270/748
f 1477/2270/748 1479/4522/748 1481/2271/748
f 1481/2271/748 1469/4519/748 1473/2269/748
f 1483/2272/749 1484/4523/749 1486/2273/750
f 1486/2273/750 1488/4524/751 1487/2275/751
f 1487/2276/751 1488/4525/751 1490/2277/752
f 1489/2278/752 1490/2277/752 1492/2279/753
f 1491/2281/753 1492/4526/753 1494/2282/754
f 1493/2283/754 1494/2282/754 1496/2284/755
f 1496/2284/755 1498/4527/756 1497/2286/756
f 1498/2287/756 1500/2290/757 1499/2288/757
f 1500/2290/757 1502/2292/758 1501/2291/758
f 1502/2292/758 1504/4528/759 1503/2293/759
f 1488/2296/745 1486/4529/745 1484/4530/745
f 1484/4530/745 1506/4531/745 1504/2294/745
f 1504/2294/745 1502/4532/745 1500/4533/745
f 1500/4533/745 1498/4534/745 1496/2295/745
f 1496/2295/745 1494/4535/745 1492/4536/745
f 1492/4536/745 1490/4537/745 1488/2296/745
f 1488/2296/745 1484/4530/745 1504/2294/745
f 1504/2294/745 1500/4533/745 1496/2295/745
f 1496/2295/745 1492/4536/745 1488/2296/745
f 1504/2297/759 1506/2300/760 1505/2298/760
f 1506/2300/760 1484/4523/749 1483/2272/749
f 1505/2303/748 1483/4538/748 1485/4539/748
f 1485/4539/748 1487/4540/748 1489/2301/748
f 1489/2301/748 1491/4541/748 1493/4542/748
f 1493/4542/748 1495/4543/748 1497/2302/748
f 1497/2302/748 1499/4544/748 1501/4545/748
f 1501/4545/748 1503/4546/748 1505/2303/748
f 1505/2303/748 1485/4539/748 1489/2301/748
f 1489/2301/748 1493/4542/748 1497/2302/748
f 1497/2302/748 1501/4545/748 1505/2303/748
f 1508/2304/761 1510/4547/761 1509/2305/761
f 1510/2307/762 1512/2310/762 1511/2308/762
f 1512/2310/763 1514/4548/763 1513/2311/763
f 1513/2312/764 1514/4549/764 1516/2313/764
f 1515/2314/765 1516/2313/766 1518/2315/766
f 1518/2317/767 1520/2323/767 1519/2318/767
f 1512/2322/768 1510/4550/768 1508/4551/768
f 1508/4551/768 1522/4552/768 1520/2320/768
f 1520/2320/768 1518/4553/768 1516/2321/768
f 1516/2321/768 1514/4554/768 1512/2322/768
f 1512/2322/768 1508/4551/768 1520/2320/768
f 1520/2323/769 1522/4555/769 1521/2324/769
f 1522/2325/770 1508/2304/770 1507/2306/770
f 1521/2329/771 1507/4556/771 1509/4557/771
f 1509/4557/771 1511/4558/771 1513/2327/771
f 1513/2327/771 1515/4559/1354 1517/2328/771
f 1517/2328/771 1519/4560/771 1521/2329/771
f 1521/2329/771 1509/4557/771 1513/2327/771
f 1524/2330/772 1526/4561/773 1525/2331/773
f 1525/2333/773 1526/4562/773 1528/2334/774
f 1527/2335/774 1528/2334/774 1530/2336/775
f 1530/2336/775 1532/4563/776 1531/2338/776
f 1532/2339/776 1534/4564/777 1533/2340/777
f 1533/2340/777 1534/4564/777 1536/2342/778
f 1535/2343/778 1536/2342/778 1538/2344/779
f 1538/2346/779 1540/2349/780 1539/2347/780
f 1540/2349/780 1542/2351/781 1541/2350/781
f 1542/2351/781 1544/4565/782 1543/2352/782
f 1528/2355/768 1526/4566/768 1524/4567/768
f 1524/4567/768 1546/4568/768 1544/2353/768
f 1544/2353/768 1542/4569/768 1540/4570/768
f 1540/4570/768 1538/4571/768 1536/2354/768
f 1536/2354/768 1534/4572/768 1532/4573/768
f 1532/4573/768 1530/4574/768 1528/2355/768
f 1528/2355/768 1524/4567/768 1544/2353/768
f 1544/2353/768 1540/4570/768 1536/2354/768
f 1536/2354/768 1532/4573/768 1528/2355/768
f 1543/2356/782 1544/4575/782 1546/2357/783
f 1545/2358/783 1546/2357/783 1524/2330/772
f 1545/2361/771 1523/4576/771 1525/4577/771
f 1525/4577/771 1527/4578/771 1529/2359/771
f 1529/2359/771 1531/4579/771 1533/4580/771
f 1533/4580/771 1535/4581/771 1537/2360/771
f 1537/2360/771 1539/4582/771 1541/4583/771
f 1541/4583/771 1543/4584/771 1545/2361/771
f 1545/2361/771 1525/4577/771 1529/2359/771
f 1529/2359/771 1533/4580/771 1537/2360/771
f 1537/2360/771 1541/4583/771 1545/2361/771
f 1548/2362/784 1550/4585/784 1549/2363/784
f 1550/2365/785 1552/2368/785 1551/2366/785
f 1552/2368/786 1554/4586/786 1553/2369/786
f 1554/2370/787 1556/4587/787 1555/2371/787
f 1555/2371/788 1556/4587/788 1558/2373/788
f 1558/2375/789 1560/4588/789 1559/2376/789
f 1552/2380/790 1550/4589/790 1548/4590/790
f 1548/4590/790 1562/4591/790 1560/2378/790
f 1560/2378/790 1558/4592/790 1556/2379/790
f 1556/2379/790 1554/4593/790 1552/2380/790
f 1552/2380/790 1548/4590/790 1560/2378/790
f 1560/2381/791 1562/4594/791 1561/2382/791
f 1561/2384/792 1562/4595/792 1548/2362/792
f 1561/2382/793 1547/4596/793 1549/4597/793
f 1549/4597/793 1551/4598/793 1553/2385/793
f 1553/2385/793 1555/4599/793 1557/2386/793
f 1557/2386/793 1559/2383/793 1561/2382/793
f 1561/2382/793 1549/4597/793 1553/2385/793
f 1563/2387/794 1564/2417/794 1566/2388/795
f 1566/2388/795 1568/4600/796 1567/2390/796
f 1568/2391/796 1570/4601/797 1569/2392/797
f 1569/2392/797 1570/4601/797 1572/2394/798
f 1572/2396/798 1574/2399/799 1573/2397/799
f 1574/2399/799 1576/4602/800 1575/2400/800
f 1575/2400/800 1576/4602/800 1578/2401/801
f 1577/2402/801 1578/2401/801 1580/2403/802
f 1580/2405/802 1582/4603/803 1581/2406/803
f 1581/2408/803 1582/4604/803 1584/2409/804
f 1568/2413/790 1566/4605/790 1564/4606/790
f 1564/4606/790 1586/4607/790 1584/2411/790
f 1584/2411/790 1582/4608/790 1580/4609/790
f 1580/4609/790 1578/4610/790 1576/2412/790
f 1576/2412/790 1574/4611/790 1572/4612/790
f 1572/4612/790 1570/4613/790 1568/2413/790
f 1568/2413/790 1564/4606/790 1584/2411/790
f 1584/2411/790 1580/4609/790 1576/2412/790
f 1576/2412/790 1572/4612/790 1568/2413/790
f 1584/2414/804 1586/4614/805 1585/2415/805
f 1585/2415/805 1586/4614/805 1564/2417/794
f 1585/2420/793 1563/4615/793 1565/4616/793
f 1565/4616/793 1567/4617/793 1569/2418/793
f 1569/2418/793 1571/4618/793 1573/4619/793
f 1573/4619/793 1575/4620/1355 1577/2419/793
f 1577/2419/793 1579/4621/793 1581/2408/793
f 1581/2408/793 1583/2410/793 1585/2420/793
f 1585/2420/793 1565/4616/793 1569/2418/793
f 1569/2418/793 1573/4619/793 1577/2419/793
f 1577/2419/793 1581/2408/793 1585/2420/793
f 1587/2421/806 1588/2442/806 1590/2422/806
f 1590/2424/807 1592/4622/807 1591/2425/807
f 1591/2425/808 1592/4622/808 1594/2427/808
f 1594/2429/809 1596/2432/809 1595/2430/809
f 1596/2432/810 1598/4623/1356 1597/2433/810
f 1597/2434/811 1598/4624/811 1600/2435/811
f 1592/2439/812 1590/4625/812 1588/4626/812
f 1588/4626/812 1602/4627/812 1600/2437/812
f 1600/2437/812 1598/4628/812 1596/2438/812
f 1596/2438/812 1594/4629/812 1592/2439/812
f 1592/2439/812 1588/4626/812 1600/2437/812
f 1600/2435/813 1602/4630/813 1601/2440/813
f 1601/2441/814 1602/4631/814 1588/2442/814
f 1601/2445/815 1587/4632/815 1589/4633/815
f 1589/4633/815 1591/4634/815 1593/2443/815
f 1593/2443/815 1595/4635/815 1597/2444/815
f 1597/2444/815 1599/4636/815 1601/2445/815
f 1601/2445/815 1589/4633/815 1593/2443/815
f 1604/2446/816 1606/2449/817 1605/2447/817
f 1606/2449/817 1608/4637/818 1607/2450/818
f 1607/2451/818 1608/4638/818 1610/2452/819
f 1609/2453/819 1610/2452/819 1612/2454/820
f 1611/2455/820 1612/2454/820 1614/2456/821
f 1614/2458/821 1616/2461/822 1615/2459/822
f 1616/2461/822 1618/4639/823 1617/2462/823
f 1618/2463/823 1620/2466/824 1619/2464/824
f 1620/2466/824 1622/2468/825 1621/2467/825
f 1622/2468/825 1624/4640/826 1623/2469/826
f 1608/2472/812 1606/4641/812 1604/4642/812
f 1604/4642/812 1626/4643/812 1624/2470/812
f 1624/2470/812 1622/4644/812 1620/4645/812
f 1620/4645/812 1618/4646/812 1616/2471/812
f 1616/2471/812 1614/4647/812 1612/4648/812
f 1612/4648/812 1610/4649/812 1608/2472/812
f 1608/2472/812 1604/4642/812 1624/2470/812
f 1624/2470/812 1620/4645/812 1616/2471/812
f 1616/2471/812 1612/4648/812 1608/2472/812
f 1623/2473/826 1624/4650/826 1626/2474/827
f 1625/2475/827 1626/2474/827 1604/2446/816
f 1625/2478/815 1603/4651/815 1605/4652/815
f 1605/4652/815 1607/4653/815 1609/2476/815
f 1609/2476/815 1611/4654/815 1613/4655/815
f 1613/4655/815 1615/4656/815 1617/2477/815
f 1617/2477/815 1619/4657/815 1621/4658/815
f 1621/4658/815 1623/4659/815 1625/2478/815
f 1625/2478/815 1605/4652/815 1609/2476/815
f 1609/2476/815 1613/4655/815 1617/2477/815
f 1617/2477/815 1621/4658/815 1625/2478/815
f 1628/2479/828 1630/4660/828 1629/2480/828
f 1630/2482/829 1632/2485/829 1631/2483/829
f 1632/2485/830 1634/4661/830 1633/2486/830
f 1633/2487/831 1634/4662/831 1636/2488/831
f 1636/2488/832 1638/4663/832 1637/2490/832
f 1637/2491/833 1638/4664/833 1640/2492/833
f 1632/2496/834 1630/4665/834 1628/4666/834
f 1628/4666/834 1642/4667/834 1640/2494/834
f 1640/2494/834 1638/4668/834 1636/2495/834
f 1636/2495/834 1634/4669/834 1632/2496/834
f 1632/2496/834 1628/4666/834 1640/2494/834
f 1640/2497/835 1642/4670/835 1641/2498/835
f 1642/2500/836 1628/2479/836 1627/2481/836
f 1641/2498/837 1627/4671/837 1629/4672/837
f 1629/4672/837 1631/4673/837 1633/2502/837
f 1633/2502/837 1635/4674/837 1637/2503/837
f 1637/2503/837 1639/2499/837 1641/2498/837
f 1641/2498/837 1629/4672/837 1633/2502/837
f 1643/2504/838 1644/4675/838 1646/2505/839
f 1645/2506/839 1646/2505/839 1648/2507/840
f 1647/2509/840 1648/4676/840 1650/2510/841
f 1650/2510/841 1652/4677/842 1651/2512/842
f 1652/2513/842 1654/2516/843 1653/2514/843
f 1654/2516/843 1656/2518/844 1655/2517/844
f 1656/2518/844 1658/2520/845 1657/2519/845
f 1658/2520/845 1660/4678/846 1659/2521/846
f 1660/2522/846 1662/2525/847 1661/2523/847
f 1662/2525/847 1664/4679/848 1663/2526/848
f 1648/2529/834 1646/4680/834 1644/4681/834
f 1644/4681/834 1666/4682/834 1664/2527/834
f 1664/2527/834 1662/4683/834 1660/4684/834
f 1660/4684/834 1658/4685/834 1656/2528/834
f 1656/2528/834 1654/4686/834 1652/4687/834
f 1652/4687/834 1650/4688/834 1648/2529/834
f 1648/2529/834 1644/4681/834 1664/2527/834
f 1664/2527/834 1660/4684/834 1656/2528/834
f 1656/2528/834 1652/4687/834 1648/2529/834
f 1664/2530/848 1666/2533/849 1665/2531/849
f 1666/2533/849 1644/4675/838 1643/2504/838
f 1665/2536/837 1643/4689/837 1645/4690/837
f 1645/4690/837 1647/4691/837 1649/2534/837
f 1649/2534/837 1651/4692/837 1653/4693/837
f 1653/4693/837 1655/4694/837 1657/2535/837
f 1657/2535/837 1659/4695/837 1661/4696/837
f 1661/4696/837 1663/4697/837 1665/2536/837
f 1665/2536/837 1645/4690/837 1649/2534/837
f 1649/2534/837 1653/4693/837 1657/2535/837
f 1657/2535/837 1661/4696/837 1665/2536/837
f 1673/2537/251 1674/2553/251 1668/2538/244
f 1674/2540/194 1675/2555/194 1669/2541/194
f 1675/2543/252 1676/2546/252 1670/2544/246
f 1676/2546/253 1677/2558/253 1671/2547/248
f 1671/2548/1 1677/2560/1 1678/2549/1
f 1672/2551/250 1678/2562/254 1673/2537/254
f 1673/2537/251 1679/2564/259 1680/2552/259
f 1674/2540/194 1680/2566/194 1681/2554/194
f 1681/2556/260 1682/2557/260 1676/2546/252
f 1682/2557/261 1683/2569/261 1677/2558/253
f 1683/2559/1 1684/2571/1 1678/2549/1
f 1684/2561/262 1679/2564/262 1673/2537/254
f 1685/2563/267 1686/4698/267 1680/2552/259
f 1686/2565/194 1687/2576/194 1681/2554/194
f 1687/2567/268 1688/2568/268 1682/2557/260
f 1688/2568/269 1689/2581/269 1683/2569/261
f 1689/2570/1 1690/2583/1 1684/2571/1
f 1684/2561/262 1690/4699/270 1685/2563/270
f 1691/2572/275 1692/2587/275 1686/2573/267
f 1686/2565/194 1692/2589/194 1693/2575/194
f 1693/2577/276 1694/2591/276 1688/2578/268
f 1688/2568/269 1694/4700/277 1695/2580/277
f 1695/2582/1 1696/2595/1 1690/2583/1
f 1696/2584/278 1691/2572/278 1685/2574/270
f 1697/2586/283 1698/2597/283 1692/2587/275
f 1698/2588/194 1699/2599/194 1693/2575/194
f 1699/2590/284 1700/2592/284 1694/2591/276
f 1700/2592/285 1701/2602/285 1695/2593/277
f 1701/2594/1 1702/2604/1 1696/2595/1
f 1696/2584/278 1702/2606/286 1697/2586/286
f 1703/2596/291 1704/2608/291 1698/2597/283
f 1704/2598/194 1705/2610/194 1699/2599/194
f 1705/2600/292 1706/2601/292 1700/2592/284
f 1706/2601/293 1707/2613/293 1701/2602/285
f 1707/2603/1 1708/2615/1 1702/2604/1
f 1708/2605/294 1703/2596/294 1697/2586/286
f 1703/2596/291 1709/2618/299 1710/2607/299
f 1710/2609/194 1711/2620/194 1705/2610/194
f 1711/2611/300 1712/2622/300 1706/2601/292
f 1706/2601/293 1712/2622/301 1713/2612/301
f 1713/2614/1 1714/2624/1 1708/2615/1
f 1714/2616/302 1709/2618/302 1703/2596/294
f 1715/2617/307 1716/2627/307 1710/2607/299
f 1710/2609/194 1716/2628/194 1717/2619/194
f 1711/2611/300 1717/2631/308 1718/2621/308
f 1718/2621/309 1719/2633/309 1713/2612/301
f 1719/2623/1 1720/2635/1 1714/2624/1
f 1720/2625/310 1715/2617/310 1709/2618/302
f 1721/2626/315 1722/4701/315 1716/2627/307
f 1716/2628/194 1722/2640/194 1723/2629/194
f 1723/2630/316 1724/2632/316 1718/2621/308
f 1724/2632/317 1725/4702/317 1719/2633/309
f 1719/2623/1 1725/2648/1 1726/2634/1
f 1726/2636/318 1721/2626/318 1715/2617/310
f 1727/2637/323 1728/2651/323 1722/2638/315
f 1722/2640/194 1728/2652/194 1729/2641/194
f 1729/2642/324 1730/2645/324 1724/2643/316
f 1730/2645/325 1731/2656/325 1725/2646/317
f 1731/2647/1 1732/2658/1 1726/2634/1
f 1732/2649/326 1727/4703/326 1721/2626/318
f 1733/2650/331 1734/2662/331 1728/2651/323
f 1728/2652/194 1734/2664/194 1735/2653/194
f 1735/2654/332 1736/2666/332 1730/2645/324
f 1730/2645/325 1736/2666/333 1737/2655/333
f 1737/2657/1 1738/2668/1 1732/2658/1
f 1738/2659/334 1733/2650/334 1727/2637/326
f 1739/2661/246 1740/2671/246 1734/2662/331
f 1740/2663/194 1741/2673/194 1735/2653/194
f 1735/2654/332 1741/2675/244 1742/2665/244
f 1742/2665/250 1743/2677/250 1737/2655/333
f 1743/2667/1 1744/2679/1 1738/2668/1
f 1744/2669/248 1739/2661/248 1733/2650/334
f 1745/2670/252 1746/2682/252 1740/2671/246
f 1746/2672/194 1747/2684/194 1741/2673/194
f 1747/2674/251 1748/2676/251 1742/2665/244
f 1748/2676/254 1749/2687/254 1743/2677/250
f 1743/2667/1 1749/2689/1 1750/2678/1
f 1750/2680/253 1745/2670/253 1739/2661/248
f 1751/2681/260 1752/2692/260 1746/2682/252
f 1752/2683/194 1753/2694/194 1747/2684/194
f 1753/2685/259 1754/2686/259 1748/2676/251
f 1754/2686/262 1755/2697/262 1749/2687/254
f 1755/2688/1 1756/2699/1 1750/2678/1
f 1756/2690/261 1751/2681/261 1745/2670/253
f 1757/2691/268 1758/4704/268 1752/2692/260
f 1758/2693/194 1759/2705/194 1753/2694/194
f 1759/2695/267 1760/2696/267 1754/2686/259
f 1760/2696/270 1761/4705/270 1755/2697/262
f 1755/2688/1 1761/2711/1 1762/2698/1
f 1762/2700/269 1757/2691/269 1751/2681/261
f 1763/2701/276 1764/2714/276 1758/2702/268
f 1758/2693/194 1764/2716/194 1765/2704/194
f 1759/2706/267 1765/2717/275 1766/2707/275
f 1766/2707/278 1767/2719/278 1761/2709/270
f 1767/2710/1 1768/2721/1 1762/2698/1
f 1768/2712/277 1763/4706/277 1757/2691/269
f 1769/2713/284 1770/2724/284 1764/2714/276
f 1770/2715/194 1771/2726/194 1765/2704/194
f 1765/2717/275 1771/2728/283 1772/2718/283
f 1772/2718/286 1773/2730/286 1767/2719/278
f 1773/2720/1 1774/2732/1 1768/2721/1
f 1768/2722/277 1774/2733/285 1769/2713/285
f 1769/2713/284 1775/2734/292 1776/2723/292
f 1776/2725/194 1777/2737/194 1771/2726/194
f 1777/2727/291 1778/2739/291 1772/2718/283
f 1772/2718/286 1778/2739/294 1779/2729/294
f 1773/2720/1 1779/2742/1 1780/2731/1
f 1774/2733/285 1780/2744/293 1775/2734/293
f 1781/2735/300 1782/2746/300 1776/2723/292
f 1776/2725/194 1782/2748/194 1783/2736/194
f 1783/2738/299 1784/2750/299 1778/2739/291
f 1778/2739/294 1784/2750/302 1785/2740/302
f 1785/2741/1 1786/2753/1 1780/2731/1
f 1786/2743/301 1781/2735/301 1775/2734/293
f 1787/2745/308 1788/2756/308 1782/2746/300
f 1788/2747/194 1789/2758/194 1783/2736/194
f 1789/2749/307 1790/2760/307 1784/2750/299
f 1784/2750/302 1790/2760/310 1791/2751/310
f 1791/2752/1 1792/2763/1 1786/2753/1
f 1792/2754/309 1787/2745/309 1781/2735/301
f 1793/2755/316 1794/4707/316 1788/2756/308
f 1794/2757/194 1795/2769/194 1789/2758/194
f 1795/2759/315 1796/2761/315 1790/2760/307
f 1796/2761/318 1797/2774/318 1791/2751/310
f 1791/2752/1 1797/2776/1 1798/2762/1
f 1798/2764/317 1793/2755/317 1787/2745/309
f 1799/2765/324 1800/2779/324 1794/2766/316
f 1800/2768/194 1801/2781/194 1795/2769/194
f 1801/2770/323 1802/2783/323 1796/2771/315
f 1802/2773/326 1803/4708/326 1797/2774/318
f 1803/2775/1 1804/2787/1 1798/2762/1
f 1798/2777/317 1804/2789/325 1799/2765/325
f 1805/2778/332 1806/2790/332 1800/2779/324
f 1800/2768/194 1806/2791/194 1807/2780/194
f 1807/2782/331 1808/2784/331 1802/2783/323
f 1808/2784/334 1809/2792/334 1803/2785/326
f 1809/2786/1 1810/2793/1 1804/2787/1
f 1810/2788/333 1805/2778/333 1799/2765/325
f 1667/2539/244 1668/2538/244 1806/2790/332
f 1668/2542/194 1669/2541/194 1807/2780/194
f 1669/2545/246 1670/2544/246 1808/2784/331
f 1670/2544/248 1671/2547/248 1809/2792/334
f 1671/2548/1 1672/2550/1 1810/2793/1
f 1672/2551/250 1667/2539/250 1805/2778/333
f 1817/2794/251 1818/2810/251 1812/2795/244
f 1818/2797/194 1819/2812/194 1813/2798/194
f 1819/2800/252 1820/2814/252 1814/2801/246
f 1814/2801/248 1820/2814/253 1821/2803/253
f 1815/2805/1 1821/2817/1 1822/2806/1
f 1816/2808/250 1822/2819/254 1817/2794/254
f 1817/2794/251 1823/2821/259 1824/2809/259
f 1818/2797/194 1824/2823/194 1825/2811/194
f 1825/2813/260 1826/2825/260 1820/2814/252
f 1820/2814/253 1826/2825/261 1827/2815/261
f 1827/2816/1 1828/2828/1 1822/2806/1
f 1828/2818/262 1823/2821/262 1817/2794/254
f 1829/2820/267 1830/4709/267 1824/2809/259
f 1830/2822/194 1831/2833/194 1825/2811/194
f 1831/2824/268 1832/2826/268 1826/2825/260
f 1832/2826/269 1833/2838/269 1827/2815/261
f 1833/2827/1 1834/2840/1 1828/2828/1
f 1828/2818/262 1834/4710/270 1829/2820/270
f 1835/2829/275 1836/2844/275 1830/2830/267
f 1830/2822/194 1836/2846/194 1837/2832/194
f 1837/2834/276 1838/2848/276 1832/2835/268
f 1832/2826/269 1838/4711/277 1839/2837/277
f 1839/2839/1 1840/2852/1 1834/2840/1
f 1840/2841/278 1835/2829/278 1829/2831/270
f 1841/2843/283 1842/2854/283 1836/2844/275
f 1842/2845/194 1843/2856/194 1837/2832/194
f 1843/2847/284 1844/2849/284 1838/2848/276
f 1844/2849/285 1845/2859/285 1839/2850/277
f 1845/2851/1 1846/2861/1 1840/2852/1
f 1840/2841/278 1846/2863/286 1841/2843/286
f 1841/2843/283 1847/2864/291 1848/2853/291
f 1848/2855/194 1849/2867/194 1843/2856/194
f 1849/2857/292 1850/2858/292 1844/2849/284
f 1850/2858/293 1851/2870/293 1845/2859/285
f 1851/2860/1 1852/2872/1 1846/2861/1
f 1852/2862/294 1847/2864/294 1841/2843/286
f 1847/2864/291 1853/2875/299 1854/2865/299
f 1854/2866/194 1855/2877/194 1849/2867/194
f 1855/2868/300 1856/2879/300 1850/2858/292
f 1850/2858/293 1856/2879/301 1857/2869/301
f 1857/2871/1 1858/2881/1 1852/2872/1
f 1858/2873/302 1853/2875/302 1847/2864/294
f 1859/2874/307 1860/2884/307 1854/2865/299
f 1854/2866/194 1860/2885/194 1861/2876/194
f 1855/2868/300 1861/2888/308 1862/2878/308
f 1862/2878/309 1863/2890/309 1857/2869/301
f 1863/2880/1 1864/2892/1 1858/2881/1
f 1864/2882/310 1859/2874/310 1853/2875/302
f 1865/2883/315 1866/4712/315 1860/2884/307
f 1860/2885/194 1866/2897/194 1867/2886/194
f 1867/2887/316 1868/2889/316 1862/2878/308
f 1868/2889/317 1869/4713/317 1863/2890/309
f 1863/2880/1 1869/2904/1 1870/2891/1
f 1870/2893/318 1865/2883/318 1859/2874/310
f 1871/2894/323 1872/2907/323 1866/2895/315
f 1866/2897/194 1872/2908/194 1873/2898/194
f 1867/2899/316 1873/2911/324 1874/2900/324
f 1874/2900/325 1875/2913/325 1869/2902/317
f 1875/2903/1 1876/2915/1 1870/2891/1
f 1876/2905/326 1871/4714/326 1865/2883/318
f 1877/2906/331 1878/2919/331 1872/2907/323
f 1872/2908/194 1878/2921/194 1879/2909/194
f 1879/2910/332 1880/2923/332 1874/2900/324
f 1874/2900/325 1880/2923/333 1881/2912/333
f 1881/2914/1 1882/2925/1 1876/2915/1
f 1882/2916/334 1877/2906/334 1871/2894/326
f 1883/2918/246 1884/2928/246 1878/2919/331
f 1884/2920/194 1885/2930/194 1879/2909/194
f 1879/2910/332 1885/2932/244 1886/2922/244
f 1886/2922/250 1887/2934/250 1881/2912/333
f 1887/2924/1 1888/2936/1 1882/2925/1
f 1888/2926/248 1883/2918/248 1877/2906/334
f 1889/2927/252 1890/2939/252 1884/2928/246
f 1890/2929/194 1891/2941/194 1885/2930/194
f 1891/2931/251 1892/2933/251 1886/2922/244
f 1892/2933/254 1893/2944/254 1887/2934/250
f 1887/2924/1 1893/2946/1 1894/2935/1
f 1894/2937/253 1889/2927/253 1883/2918/248
f 1895/2938/260 1896/2949/260 1890/2939/252
f 1896/2940/194 1897/2951/194 1891/2941/194
f 1897/2942/259 1898/2943/259 1892/2933/251
f 1898/2943/262 1899/2954/262 1893/2944/254
f 1899/2945/1 1900/2956/1 1894/2935/1
f 1900/2947/261 1895/2938/261 1889/2927/253
f 1901/2948/268 1902/4715/268 1896/2949/260
f 1902/2950/194 1903/2962/194 1897/2951/194
f 1903/2952/267 1904/2953/267 1898/2943/259
f 1904/2953/270 1905/4716/270 1899/2954/262
f 1899/2945/1 1905/2969/1 1906/2955/1
f 1906/2957/269 1901/2948/269 1895/2938/261
f 1907/2958/276 1908/2972/276 1902/2959/268
f 1902/2950/194 1908/2974/194 1909/2961/194
f 1909/2963/275 1910/2966/275 1904/2964/267
f 1910/2966/278 1911/2976/278 1905/2967/270
f 1911/2968/1 1912/2978/1 1906/2955/1
f 1912/2970/277 1907/4717/277 1901/2948/269
f 1913/2971/284 1914/2981/284 1908/2972/276
f 1914/2973/194 1915/2983/194 1909/2961/194
f 1909/2963/275 1915/2985/283 1916/2975/283
f 1916/2975/286 1917/2987/286 1911/2976/278
f 1917/2977/1 1918/2989/1 1912/2978/1
f 1912/2979/277 1918/2990/285 1913/2971/285
f 1919/2980/292 1920/2992/292 1914/2981/284
f 1920/2982/194 1921/2994/194 1915/2983/194
f 1921/2984/291 1922/2996/291 1916/2975/283
f 1916/2975/286 1922/2996/294 1923/2986/294
f 1917/2977/1 1923/2999/1 1924/2988/1
f 1918/2990/285 1924/3001/293 1919/2980/293
f 1925/2991/300 1926/3003/300 1920/2992/292
f 1920/2982/194 1926/3005/194 1927/2993/194
f 1927/2995/299 1928/3007/299 1922/2996/291
f 1922/2996/294 1928/3007/302 1929/2997/302
f 1929/2998/1 1930/3010/1 1924/2988/1
f 1930/3000/301 1925/2991/301 1919/2980/293
f 1931/3002/308 1932/3013/308 1926/3003/300
f 1932/3004/194 1933/3015/194 1927/2993/194
f 1933/3006/307 1934/3017/307 1928/3007/299
f 1928/3007/302 1934/3017/310 1935/3008/310
f 1935/3009/1 1936/3020/1 1930/3010/1
f 1936/3011/309 1931/3002/309 1925/2991/301
f 1937/3012/316 1938/4718/316 1932/3013/308
f 1938/3014/194 1939/3026/194 1933/3015/194
f 1939/3016/315 1940/3018/315 1934/3017/307
f 1940/3018/318 1941/3031/318 1935/3008/310
f 1935/3009/1 1941/3033/1 1942/3019/1
f 1942/3021/317 1937/3012/317 1931/3002/309
f 1943/3022/324 1944/3036/324 1938/3023/316
f 1944/3025/194 1945/3038/194 1939/3026/194
f 1945/3027/323 1946/3040/323 1940/3028/315
f 1946/3030/326 1947/4719/326 1941/3031/318
f 1947/3032/1 1948/3044/1 1942/3019/1
f 1942/3034/317 1948/3046/325 1943/3022/325
f 1949/3035/332 1950/3047/332 1944/3036/324
f 1944/3025/194 1950/3048/194 1951/3037/194
f 1951/3039/331 1952/3049/331 1946/3040/323
f 1946/3040/326 1952/3049/334 1953/3041/334
f 1953/3043/1 1954/3050/1 1948/3044/1
f 1954/3045/333 1949/3035/333 1943/3022/325
f 1811/2796/244 1812/2795/244 1950/3047/332
f 1812/2799/194 1813/2798/194 1951/3037/194
f 1951/3039/331 1813/2802/246 1814/2801/246
f 1814/2801/248 1815/2804/248 1953/3041/334
f 1815/2805/1 1816/2807/1 1954/3050/1
f 1816/2808/250 1811/2796/250 1949/3035/333
f 1961/3051/251 1962/3067/251 1956/3052/244
f 1962/3054/194 1963/3069/194 1957/3055/194
f 1963/3057/252 1964/3060/252 1958/3058/246
f 1964/3060/253 1965/3072/253 1959/3061/248
f 1959/3062/1 1965/3074/1 1966/3063/1
f 1960/3065/250 1966/3076/254 1961/3051/254
f 1961/3051/251 1967/3078/259 1968/3066/259
f 1962/3054/194 1968/3080/194 1969/3068/194
f 1969/3070/260 1970/3071/260 1964/3060/252
f 1970/3071/261 1971/3083/261 1965/3072/253
f 1971/3073/1 1972/3085/1 1966/3063/1
f 1972/3075/262 1967/3078/262 1961/3051/254
f 1973/3077/267 1974/4720/267 1968/3066/259
f 1974/3079/194 1975/3090/194 1969/3068/194
f 1975/3081/268 1976/3082/268 1970/3071/260
f 1976/3082/269 1977/3095/269 1971/3083/261
f 1977/3084/1 1978/3097/1 1972/3085/1
f 1972/3075/262 1978/4721/270 1973/3077/270
f 1979/3086/275 1980/3101/275 1974/3087/267
f 1974/3079/194 1980/3103/194 1981/3089/194
f 1981/3091/276 1982/3105/276 1976/3092/268
f 1982/3094/277 1983/4722/277 1977/3095/269
f 1983/3096/1 1984/3109/1 1978/3097/1
f 1984/3098/278 1979/3086/278 1973/3088/270
f 1985/3100/283 1986/3111/283 1980/3101/275
f 1986/3102/194 1987/3113/194 1981/3089/194
f 1987/3104/284 1988/3106/284 1982/3105/276
f 1988/3106/285 1989/3116/285 1983/3107/277
f 1989/3108/1 1990/3118/1 1984/3109/1
f 1984/3098/278 1990/3120/286 1985/3100/286
f 1985/3100/283 1991/3121/291 1992/3110/291
f 1992/3112/194 1993/3124/194 1987/3113/194
f 1993/3114/292 1994/3115/292 1988/3106/284
f 1994/3115/293 1995/3127/293 1989/3116/285
f 1995/3117/1 1996/3129/1 1990/3118/1
f 1996/3119/294 1991/3121/294 1985/3100/286
f 1991/3121/291 1997/3131/299 1998/3122/299
f 1998/3123/194 1999/3134/194 1993/3124/194
f 1999/3125/300 2000/3126/300 1994/3115/292
f 2000/3126/301 2001/3136/301 1995/3127/293
f 2001/3128/1 2002/3138/1 1996/3129/1
f 2002/3130/302 1997/3131/302 1991/3121/294
f 1997/3131/299 2003/3141/307 2004/3132/307
f 1998/3123/194 2004/3142/194 2005/3133/194
f 1999/3125/300 2005/3145/308 2006/3135/308
f 2006/3135/309 2007/3147/309 2001/3136/301
f 2007/3137/1 2008/3149/1 2002/3138/1
f 2008/3139/310 2003/3141/310 1997/3131/302
f 2009/3140/315 2010/4723/315 2004/3132/307
f 2004/3142/194 2010/3154/194 2011/3143/194
f 2011/3144/316 2012/3146/316 2006/3135/308
f 2012/3146/317 2013/4724/317 2007/3147/309
f 2007/3137/1 2013/3161/1 2014/3148/1
f 2014/3150/318 2009/3140/318 2003/3141/310
f 2015/3151/323 2016/3164/323 2010/3152/315
f 2010/3154/194 2016/3165/194 2017/3155/194
f 2011/3156/316 2017/3168/324 2018/3157/324
f 2018/3157/325 2019/3170/325 2013/3159/317
f 2019/3160/1 2020/3172/1 2014/3148/1
f 2020/3162/326 2015/4725/326 2009/3140/318
f 2021/3163/331 2022/3176/331 2016/3164/323
f 2016/3165/194 2022/3178/194 2023/3166/194
f 2023/3167/332 2024/3180/332 2018/3157/324
f 2018/3157/325 2024/3180/333 2025/3169/333
f 2025/3171/1 2026/3183/1 2020/3172/1
f 2026/3173/334 2021/3163/334 2015/3151/326
f 2027/3175/246 2028/3186/246 2022/3176/331
f 2028/3177/194 2029/3188/194 2023/3166/194
f 2029/3179/244 2030/3181/244 2024/3180/332
f 2030/3181/250 2031/3191/250 2025/3169/333
f 2031/3182/1 2032/3193/1 2026/3183/1
f 2032/3184/248 2027/3175/248 2021/3163/334
f 2033/3185/252 2034/3196/252 2028/3186/246
f 2034/3187/194 2035/3198/194 2029/3188/194
f 2035/3189/251 2036/3190/251 2030/3181/244
f 2036/3190/254 2037/3200/254 2031/3191/250
f 2031/3182/1 2037/3202/1 2038/3192/1
f 2038/3194/253 2033/3185/253 2027/3175/248
f 2039/3195/260 2040/3205/260 2034/3196/252
f 2040/3197/194 2041/3207/194 2035/3198/194
f 2035/3189/251 2041/3209/259 2042/3199/259
f 2042/3199/262 2043/3211/262 2037/3200/254
f 2043/3201/1 2044/3213/1 2038/3192/1
f 2044/3203/261 2039/3195/261 2033/3185/253
f 2039/3195/260 2045/3228/268 2046/3204/268
f 2046/3206/194 2047/3219/194 2041/3207/194
f 2047/3208/267 2048/3210/267 2042/3199/259
f 2048/3210/270 2049/4726/270 2043/3211/262
f 2043/3201/1 2049/3226/1 2050/3212/1
f 2050/3214/269 2045/3228/269 2039/3195/261
f 2051/3215/276 2052/3230/276 2046/3216/268
f 2046/3206/194 2052/3232/194 2053/3218/194
f 2053/3220/275 2054/3223/275 2048/3221/267
f 2054/3223/278 2055/3235/278 2049/3224/270
f 2055/3225/1 2056/3237/1 2050/3212/1
f 2056/3227/277 2051/4727/277 2045/3228/269
f 2057/3229/284 2058/3240/284 2052/3230/276
f 2058/3231/194 2059/3242/194 2053/3218/194
f 2059/3233/283 2060/3244/283 2054/3223/275
f 2054/3223/278 2060/3244/286 2061/3234/286
f 2061/3236/1 2062/3247/1 2056/3237/1
f 2056/3238/277 2062/3248/285 2057/3229/285
f 2063/3239/292 2064/3250/292 2058/3240/284
f 2064/3241/194 2065/3252/194 2059/3242/194
f 2065/3243/291 2066/3254/291 2060/3244/283
f 2060/3244/286 2066/3254/294 2067/3245/294
f 2061/3236/1 2067/3257/1 2068/3246/1
f 2062/3248/285 2068/3259/293 2063/3239/293
f 2069/3249/300 2070/3261/300 2064/3250/292
f 2064/3241/194 2070/3263/194 2071/3251/194
f 2071/3253/299 2072/3265/299 2066/3254/291
f 2066/3254/294 2072/3265/302 2073/3255/302
f 2073/3256/1 2074/3268/1 2068/3246/1
f 2074/3258/301 2069/3249/301 2063/3239/293
f 2075/3260/308 2076/3271/308 2070/3261/300
f 2076/3262/194 2077/3273/194 2071/3251/194
f 2077/3264/307 2078/3275/307 2072/3265/299
f 2072/3265/302 2078/3275/310 2079/3266/310
f 2079/3267/1 2080/3278/1 2074/3268/1
f 2080/3269/309 2075/3260/309 2069/3249/301
f 2081/3270/316 2082/4728/316 2076/3271/308
f 2082/3272/194 2083/3284/194 2077/3273/194
f 2083/3274/315 2084/3276/315 2078/3275/307
f 2084/3276/318 2085/3289/318 2079/3266/310
f 2079/3267/1 2085/3291/1 2086/3277/1
f 2086/3279/317 2081/3270/317 2075/3260/309
f 2087/3280/324 2088/3294/324 2082/3281/316
f 2088/3283/194 2089/3296/194 2083/3284/194
f 2089/3285/323 2090/3298/323 2084/3286/315
f 2090/3288/326 2091/4729/326 2085/3289/318
f 2091/3290/1 2092/3302/1 2086/3277/1
f 2086/3292/317 2092/3304/325 2087/3280/325
f 2093/3293/332 2094/3305/332 2088/3294/324
f 2088/3283/194 2094/3306/194 2095/3295/194
f 2095/3297/331 2096/3299/331 2090/3298/323
f 2096/3299/334 2097/3307/334 2091/3300/326
f 2097/3301/1 2098/3308/1 2092/3302/1
f 2098/3303/333 2093/3293/333 2087/3280/325
f 2093/3293/332 1955/3053/244 1956/3052/244
f 1956/3056/194 1957/3055/194 2095/3295/194
f 2095/3297/331 1957/3059/246 1958/3058/246
f 1958/3058/248 1959/3061/248 2097/3307/334
f 1959/3062/1 1960/3064/1 2098/3308/1
f 1960/3065/250 1955/3053/250 2093/3293/333
f 2105/3309/251 2106/3325/251 2100/3310/244
f 2106/3312/194 2107/3327/194 2101/3313/194
f 2107/3315/252 2108/3318/252 2102/3316/246
f 2108/3318/253 2109/3330/253 2103/3319/248
f 2103/3320/1 2109/3332/1 2110/3321/1
f 2104/3323/250 2110/3334/254 2105/3309/254
f 2105/3309/251 2111/3336/259 2112/3324/259
f 2106/3312/194 2112/3338/194 2113/3326/194
f 2113/3328/260 2114/3329/260 2108/3318/252
f 2114/3329/261 2115/3341/261 2109/3330/253
f 2115/3331/1 2116/3343/1 2110/3321/1
f 2116/3333/262 2111/3336/262 2105/3309/254
f 2117/3335/267 2118/4730/267 2112/3324/259
f 2118/3337/194 2119/3349/194 2113/3326/194
f 2119/3339/268 2120/3340/268 2114/3329/260
f 2120/3340/269 2121/3354/269 2115/3341/261
f 2121/3342/1 2122/3356/1 2116/3343/1
f 2122/3344/270 2117/3335/270 2111/3336/262
f 2123/3345/275 2124/3360/275 2118/3346/267
f 2118/3337/194 2124/3362/194 2125/3348/194
f 2125/3350/276 2126/3364/276 2120/3351/268
f 2120/3340/269 2126/4731/277 2127/3353/277
f 2127/3355/1 2128/3368/1 2122/3356/1
f 2128/3357/278 2123/3345/278 2117/3347/270
f 2129/3359/283 2130/3370/283 2124/3360/275
f 2130/3361/194 2131/3372/194 2125/3348/194
f 2131/3363/284 2132/3365/284 2126/3364/276
f 2132/3365/285 2133/3375/285 2127/3366/277
f 2133/3367/1 2134/3377/1 2128/3368/1
f 2128/3357/278 2134/3379/286 2129/3359/286
f 2129/3359/283 2135/3380/291 2136/3369/291
f 2136/3371/194 2137/3383/194 2131/3372/194
f 2137/3373/292 2138/3374/292 2132/3365/284
f 2138/3374/293 2139/3386/293 2133/3375/285
f 2139/3376/1 2140/3388/1 2134/3377/1
f 2140/3378/294 2135/3380/294 2129/3359/286
f 2135/3380/291 2141/3390/299 2142/3381/299
f 2142/3382/194 2143/3393/194 2137/3383/194
f 2143/3384/300 2144/3395/300 2138/3374/292
f 2138/3374/293 2144/3395/301 2145/3385/301
f 2145/3387/1 2146/3397/1 2140/3388/1
f 2146/3389/302 2141/3390/302 2135/3380/294
f 2141/3390/299 2147/3400/307 2148/3391/307
f 2142/3382/194 2148/3401/194 2149/3392/194
f 2143/3384/300 2149/3404/308 2150/3394/308
f 2150/3394/309 2151/3406/309 2145/3385/301
f 2151/3396/1 2152/3408/1 2146/3397/1
f 2152/3398/310 2147/3400/310 2141/3390/302
f 2153/3399/315 2154/4732/315 2148/3391/307
f 2148/3401/194 2154/3413/194 2155/3402/194
f 2155/3403/316 2156/3405/316 2150/3394/308
f 2156/3405/317 2157/4733/317 2151/3406/309
f 2151/3396/1 2157/3421/1 2158/3407/1
f 2158/3409/318 2153/3399/318 2147/3400/310
f 2159/3410/323 2160/3424/323 2154/3411/315
f 2154/3413/194 2160/3425/194 2161/3414/194
f 2161/3415/324 2162/3418/324 2156/3416/316
f 2162/3418/325 2163/3429/325 2157/3419/317
f 2163/3420/1 2164/3431/1 2158/3407/1
f 2164/3422/326 2159/4734/326 2153/3399/318
f 2165/3423/331 2166/3435/331 2160/3424/323
f 2160/3425/194 2166/3437/194 2167/3426/194
f 2167/3427/332 2168/3439/332 2162/3418/324
f 2162/3418/325 2168/3439/333 2169/3428/333
f 2169/3430/1 2170/3442/1 2164/3431/1
f 2170/3432/334 2165/3423/334 2159/3410/326
f 2171/3434/246 2172/3445/246 2166/3435/331
f 2172/3436/194 2173/3447/194 2167/3426/194
f 2173/3438/244 2174/3440/244 2168/3439/332
f 2174/3440/250 2175/3450/250 2169/3428/333
f 2175/3441/1 2176/3452/1 2170/3442/1
f 2176/3443/248 2171/3434/248 2165/3423/334
f 2177/3444/252 2178/3455/252 2172/3445/246
f 2178/3446/194 2179/3457/194 2173/3447/194
f 2179/3448/251 2180/3449/251 2174/3440/244
f 2180/3449/254 2181/3460/254 2175/3450/250
f 2175/3441/1 2181/3462/1 2182/3451/1
f 2182/3453/253 2177/3444/253 2171/3434/248
f 2183/3454/260 2184/3464/260 2178/3455/252
f 2184/3456/194 2185/3466/194 2179/3457/194
f 2185/3458/259 2186/3459/259 2180/3449/251
f 2186/3459/262 2187/3469/262 2181/3460/254
f 2187/3461/1 2188/3471/1 2182/3451/1
f 2182/3453/253 2188/3473/261 2183/3454/261
f 2183/3454/260 2189/3487/268 2190/3463/268
f 2190/3465/194 2191/3478/194 2185/3466/194
f 2191/3467/267 2192/3468/267 2186/3459/259
f 2192/3468/270 2193/4735/270 2187/3469/262
f 2187/3461/1 2193/3485/1 2194/3470/1
f 2194/3472/269 2189/3487/269 2183/3454/261
f 2195/3474/276 2196/3489/276 2190/3475/268
f 2190/3465/194 2196/3491/194 2197/3477/194
f 2197/3479/275 2198/3482/275 2192/3480/267
f 2198/3482/278 2199/3493/278 2193/3483/270
f 2199/3484/1 2200/3495/1 2194/3470/1
f 2200/3486/277 2195/4736/277 2189/3487/269
f 2201/3488/284 2202/3498/284 2196/3489/276
f 2202/3490/194 2203/3500/194 2197/3477/194
f 2197/3479/275 2203/3502/283 2204/3492/283
f 2204/3492/286 2205/3504/286 2199/3493/278
f 2205/3494/1 2206/3506/1 2200/3495/1
f 2200/3496/277 2206/3507/285 2201/3488/285
f 2201/3488/284 2207/3508/292 2208/3497/292
f 2208/3499/194 2209/3511/194 2203/3500/194
f 2209/3501/291 2210/3513/291 2204/3492/283
f 2204/3492/286 2210/3513/294 2211/3503/294
f 2205/3494/1 2211/3516/1 2212/3505/1
f 2206/3507/285 2212/3518/293 2207/3508/293
f 2213/3509/300 2214/3520/300 2208/3497/292
f 2208/3499/194 2214/3522/194 2215/3510/194
f 2215/3512/299 2216/3524/299 2210/3513/291
f 2210/3513/294 2216/3524/302 2217/3514/302
f 2217/3515/1 2218/3527/1 2212/3505/1
f 2218/3517/301 2213/3509/301 2207/3508/293
f 2219/3519/308 2220/3530/308 2214/3520/300
f 2220/3521/194 2221/3532/194 2215/3510/194
f 2221/3523/307 2222/3534/307 2216/3524/299
f 2216/3524/302 2222/3534/310 2223/3525/310
f 2223/3526/1 2224/3537/1 2218/3527/1
f 2224/3528/309 2219/3519/309 2213/3509/301
f 2225/3529/316 2226/4737/316 2220/3530/308
f 2226/3531/194 2227/3543/194 2221/3532/194
f 2227/3533/315 2228/3535/315 2222/3534/307
f 2228/3535/318 2229/3548/318 2223/3525/310
f 2223/3526/1 2229/3550/1 2230/3536/1
f 2230/3538/317 2225/3529/317 2219/3519/309
f 2231/3539/324 2232/3554/324 2226/3540/316
f 2232/3542/194 2233/3556/194 2227/3543/194
f 2233/3544/323 2234/3558/323 2228/3545/315
f 2234/3547/326 2235/4738/326 2229/3548/318
f 2235/3549/1 2236/3562/1 2230/3536/1
f 2236/3551/325 2231/3539/325 2225/3541/317
f 2237/3553/332 2238/3564/332 2232/3554/324
f 2232/3542/194 2238/3565/194 2239/3555/194
f 2239/3557/331 2240/3559/331 2234/3558/323
f 2240/3559/334 2241/3566/334 2235/3560/326
f 2241/3561/1 2242/3567/1 2236/3562/1
f 2242/3563/333 2237/3553/333 2231/3539/325
f 2237/3553/332 2099/3311/244 2100/3310/244
f 2100/3314/194 2101/3313/194 2239/3555/194
f 2239/3557/331 2101/3317/246 2102/3316/246
f 2102/3316/248 2103/3319/248 2241/3566/334
f 2103/3320/1 2104/3322/1 2242/3567/1
f 2104/3323/250 2099/3311/250 2237/3553/333
f 2244/3568/231 2246/3571/229 2245/3569/229
f 2246/3571/229 2248/3573/227 2247/3572/227
f 2248/3573/227 2250/4739/225 2249/3574/225
f 2250/3575/225 2252/3578/223 2251/3576/223
f 2252/3578/223 2254/3580/221 2253/3579/221
f 2254/3580/221 2256/3582/219 2255/3581/219
f 2256/3582/219 2258/3584/217 2257/3583/217
f 2258/3584/217 2260/3586/215 2259/3585/215
f 2260/3586/215 2262/4740/213 2261/3587/213
f 2262/3588/213 2264/3591/211 2263/3589/211
f 2264/3591/211 2266/3593/209 2265/3592/209
f 2266/3593/209 2268/3595/207 2267/3594/207
f 2268/3595/207 2270/3597/205 2269/3596/205
f 2270/3597/205 2272/3599/203 2271/3598/203
f 2272/3599/203 2274/4741/201 2273/3600/201
f 2274/3601/201 2276/3604/199 2275/3602/199
f 2276/3604/199 2278/3606/197 2277/3605/197
f 2278/3606/197 2280/3608/196 2279/3607/196
f 2280/3608/196 2282/3610/241 2281/3609/241
f 2282/3610/241 2284/3612/239 2283/3611/239
f 2284/3612/239 2286/4742/237 2285/3613/237
f 2286/3614/237 2288/3620/235 2287/3615/235
f 2248/3619/194 2246/4743/194 2244/4744/194
f 2244/4744/194 2290/4745/194 2288/4746/194
f 2288/4746/194 2286/4747/194 2284/4748/194
f 2284/4748/194 2282/4749/194 2280/3617/194
f 2280/3617/194 2278/4750/194 2276/4751/194
f 2276/4751/194 2274/4752/194 2272/4753/194
f 2272/4753/194 2270/4754/194 2268/4755/194
f 2268/4755/194 2266/4756/194 2264/3618/194
f 2264/3618/194 2262/4757/194 2260/4758/194
f 2260/4758/194 2258/4759/194 2256/4760/194
f 2256/4760/194 2254/4761/194 2252/4762/194
f 2252/4762/194 2250/4763/194 2248/3619/194
f 2248/3619/194 2244/4744/194 2288/4746/194
f 2288/4746/194 2284/4748/194 2280/3617/194
f 2280/3617/194 2276/4751/194 2272/4753/194
f 2272/4753/194 2268/4755/194 2264/3618/194
f 2264/3618/194 2260/4758/194 2256/4760/194
f 2256/4760/194 2252/4762/194 2248/3619/194
f 2248/3619/194 2288/4746/194 2280/3617/194
f 2280/3617/194 2272/4753/194 2264/3618/194
f 2264/3618/194 2256/4760/194 2248/3619/194
f 2288/3620/235 2290/3622/233 2289/3621/233
f 2290/3622/233 2244/3568/231 2243/3570/231
f 2289/3625/1 2243/4764/1 2245/4765/1
f 2245/4765/1 2247/4766/1 2249/4767/1
f 2249/4767/1 2251/4768/1 2253/4769/1
f 2253/4769/1 2255/4770/1 2257/3623/1
f 2257/3623/1 2259/4771/1 2261/4772/1
f 2261/4772/1 2263/4773/1 2265/4774/1
f 2265/4774/1 2267/4775/1 2269/4776/1
f 2269/4776/1 2271/4777/1 2273/3624/1
f 2273/3624/1 2275/4778/1 2277/4779/1
f 2277/4779/1 2279/4780/1 2281/4781/1
f 2281/4781/1 2283/4782/1 2285/4783/1
f 2285/4783/1 2287/4784/1 2289/3625/1
f 2289/3625/1 2245/4765/1 2249/4767/1
f 2249/4767/1 2253/4769/1 2257/3623/1
f 2257/3623/1 2261/4772/1 2265/4774/1
f 2265/4774/1 2269/4776/1 2273/3624/1
f 2273/3624/1 2277/4779/1 2281/4781/1
f 2281/4781/1 2285/4783/1 2289/3625/1
f 2289/3625/1 2249/4767/1 2257/3623/1
f 2257/3623/1 2265/4774/1 2273/3624/1
f 2273/3624/1 2281/4781/1 2289/3625/1
f 2307/3642/854 2315/3661/874 2322/3643/855
f 2308/3645/857 2316/3663/876 2315/3646/858
f 2317/3648/859 2316/3663/879 2308/3645/860
f 2318/3650/862 2317/3667/862 2309/3651/863
f 2319/3653/864 2318/3650/882 2310/3652/865
f 2320/3655/867 2319/3670/867 2311/3656/868
f 2313/3658/869 2321/3671/884 2320/3655/870
f 2314/3644/872 2322/3643/886 2321/3659/873
f 2315/3661/874 2323/3673/875 2330/3662/875
f 2316/3663/876 2324/3675/877 2323/3664/877
f 2325/3665/878 2324/3675/878 2316/3663/879
f 2326/3666/880 2325/3679/880 2317/3667/862
f 2327/3668/881 2326/3666/881 2318/3650/882
f 2328/3669/883 2327/3682/883 2319/3670/867
f 2321/3671/884 2329/3683/885 2328/3669/885
f 2322/3643/886 2330/3662/887 2329/3672/887
f 2323/3673/875 2331/3685/896 2338/3674/888
f 2324/3675/877 2332/3687/898 2331/3676/889
f 2333/3677/890 2332/3687/901 2324/3675/878
f 2334/3678/891 2333/3691/891 2325/3679/880
f 2335/3680/892 2334/3678/904 2326/3666/881
f 2336/3681/893 2335/3694/906 2327/3682/883
f 2329/3683/885 2337/3695/907 2336/3681/894
f 2330/3662/887 2338/3674/895 2337/3684/895
f 2331/3685/896 2339/3697/910 2346/3686/897
f 2332/3687/898 2340/3699/912 2339/3688/899
f 2341/3689/900 2340/3699/915 2332/3687/901
f 2342/3690/902 2341/3703/902 2333/3691/891
f 2343/3692/903 2342/3690/918 2334/3678/904
f 2344/3693/905 2343/3706/920 2335/3694/906
f 2337/3695/907 2345/3707/921 2344/3693/908
f 2338/3674/895 2346/3686/923 2345/3696/909
f 2339/3697/910 2347/3710/926 2354/3698/911
f 2340/3699/912 2348/3712/913 2347/3700/913
f 2349/3701/914 2348/3712/929 2340/3699/915
f 2350/3702/916 2349/3714/916 2341/3703/902
f 2351/3704/917 2350/3702/932 2342/3690/918
f 2352/3705/919 2351/3717/934 2343/3706/920
f 2345/3707/921 2353/3719/936 2352/3705/922
f 2346/3686/923 2354/3698/924 2353/3708/924
f 2355/3709/925 2362/3720/939 2354/3698/911
f 2356/3711/927 2355/3723/941 2347/3700/913
f 2349/3701/914 2357/3724/942 2356/3711/928
f 2350/3702/916 2358/3715/930 2357/3713/930
f 2351/3704/917 2359/3726/945 2358/3715/931
f 2352/3705/919 2360/3728/933 2359/3716/933
f 2361/3718/935 2360/3728/949 2352/3705/922
f 2362/3720/937 2361/3732/937 2353/3708/924
f 2363/3721/938 2370/3731/952 2362/3720/939
f 2364/3722/940 2363/4785/940 2355/3723/941
f 2357/3724/942 2365/4786/943 2364/3722/943
f 2358/3715/930 2366/3727/955 2365/3725/944
f 2359/3726/945 2367/3740/957 2366/3727/946
f 2360/3728/933 2368/4787/960 2367/3729/947
f 2369/3730/948 2368/4787/962 2360/3728/949
f 2370/3731/950 2369/3748/964 2361/3732/937
f 2371/3733/951 2378/3747/966 2370/3731/952
f 2364/3734/940 2372/3738/953 2371/3735/953
f 2365/3737/943 2373/3751/968 2372/3738/954
f 2366/3727/955 2374/3741/956 2373/3739/956
f 2367/3740/957 2375/3753/971 2374/3741/958
f 2376/3742/959 2375/3756/959 2367/3743/947
f 2377/3745/961 2376/3742/975 2368/3744/962
f 2378/3747/963 2377/3759/963 2369/3748/964
f 2379/3749/965 2386/3758/978 2378/3747/966
f 2380/3750/967 2379/3762/980 2371/3735/953
f 2373/3751/968 2381/3763/981 2380/3750/969
f 2374/3741/956 2382/3754/970 2381/3752/970
f 2375/3753/971 2383/3765/984 2382/3754/972
f 2376/3742/959 2384/3767/973 2383/3755/973
f 2385/3757/974 2384/3767/988 2376/3742/975
f 2386/3758/976 2385/3771/976 2377/3759/963
f 2387/3760/977 2394/3770/991 2386/3758/978
f 2388/3761/979 2387/3774/993 2379/3762/980
f 2381/3763/981 2389/3775/994 2388/3761/982
f 2382/3754/970 2390/3766/983 2389/3764/983
f 2383/3765/984 2391/3777/997 2390/3766/985
f 2384/3767/973 2392/3779/999 2391/3768/986
f 2393/3769/987 2392/3779/1002 2384/3767/988
f 2394/3770/989 2393/3783/989 2385/3771/976
f 2395/3772/990 2402/3782/990 2394/3770/991
f 2396/3773/992 2395/3786/992 2387/3774/993
f 2389/3775/994 2397/3788/1007 2396/3773/995
f 2390/3766/983 2398/3778/996 2397/3776/996
f 2391/3777/997 2399/3791/1010 2398/3778/998
f 2392/3779/999 2400/3793/1000 2399/3780/1000
f 2401/3781/1001 2400/3793/1013 2392/3779/1002
f 2402/3782/1003 2401/3795/1003 2393/3783/989
f 2395/3772/990 2403/3796/1015 2410/3784/1004
f 2396/3773/992 2404/3798/1005 2403/3785/1005
f 2405/3787/1006 2404/3798/1019 2396/3773/995
f 2406/3789/1008 2405/3802/1008 2397/3776/996
f 2407/3790/1009 2406/3789/1022 2398/3778/998
f 2408/3792/1011 2407/3805/1024 2399/3780/1000
f 2401/3781/1001 2409/3806/1025 2408/3792/1012
f 2402/3782/1003 2410/3784/1014 2409/3794/1014
f 2403/3796/1015 2411/3809/1029 2418/3797/1016
f 2404/3798/1005 2412/3811/1017 2411/3799/1017
f 2413/3800/1018 2412/3811/1032 2404/3798/1019
f 2414/3801/1020 2413/3813/1020 2405/3802/1008
f 2415/3803/1021 2414/3801/1035 2406/3789/1022
f 2416/3804/1023 2415/3816/1037 2407/3805/1024
f 2409/3806/1025 2417/3818/1039 2416/3804/1026
f 2410/3784/1014 2418/3797/1027 2417/3807/1027
f 2419/3808/1028 2426/3819/1042 2418/3797/1016
f 2420/3810/1030 2419/3822/1030 2411/3799/1017
f 2413/3800/1018 2421/3823/1044 2420/3810/1031
f 2414/3801/1020 2422/3814/1033 2421/3812/1033
f 2415/3803/1021 2423/3825/1047 2422/3814/1034
f 2416/3804/1023 2424/3827/1049 2423/3815/1036
f 2425/3817/1038 2424/3827/1052 2416/3804/1026
f 2426/3819/1040 2425/3831/1054 2417/3807/1027
f 2427/3820/1041 2434/3830/1056 2426/3819/1042
f 2428/3821/1043 2427/3834/1043 2419/3822/1030
f 2421/3823/1044 2429/3835/1058 2428/3821/1045
f 2422/3814/1033 2430/3826/1060 2429/3824/1046
f 2423/3825/1047 2431/3837/1062 2430/3826/1048
f 2424/3827/1049 2432/3839/1064 2431/3828/1050
f 2433/3829/1051 2432/3839/1067 2424/3827/1052
f 2434/3830/1053 2433/3843/1069 2425/3831/1054
f 2435/3832/1055 2442/3842/1055 2434/3830/1056
f 2436/3833/1057 2435/3846/1057 2427/3834/1043
f 2429/3835/1058 2437/3847/1059 2436/3833/1059
f 2430/3826/1060 2438/3838/1061 2437/3836/1061
f 2431/3837/1062 2439/3849/1063 2438/3838/1063
f 2432/3839/1064 2440/3851/1065 2439/3840/1065
f 2441/3841/1066 2440/3851/1066 2432/3839/1067
f 2442/3842/1068 2441/3855/1068 2433/3843/1069
f 2443/3844/1070 2450/3854/1079 2442/3842/1055
f 2444/3845/1071 2443/3858/1081 2435/3846/1057
f 2437/3847/1059 2445/3859/1082 2444/3845/1072
f 2438/3838/1061 2446/3850/1073 2445/3848/1073
f 2439/3849/1063 2447/3861/1085 2446/3850/1074
f 2440/3851/1065 2448/3863/1075 2447/3852/1075
f 2449/3853/1076 2448/3863/1089 2440/3851/1066
f 2450/3854/1077 2449/3867/1077 2441/3855/1068
f 2451/3856/1078 2458/3866/1357 2450/3854/1079
f 2452/3857/1080 2451/4788/1080 2443/3858/1081
f 2445/3859/1082 2453/4789/1083 2452/3857/1083
f 2446/3850/1073 2454/3862/1084 2453/3860/1084
f 2447/3861/1085 2455/4790/1358 2454/3862/1086
f 2448/3863/1075 2456/4791/1087 2455/3864/1087
f 2457/3865/1088 2456/4791/1088 2448/3863/1089
f 2458/3866/1090 2457/4792/1359 2449/3867/1077
f 2475/3884/1093 2483/3905/1113 2490/3885/1094
f 2484/3887/1096 2483/3908/1096 2475/3888/1097
f 2485/3890/1098 2484/3887/1117 2476/3889/1099
f 2486/3892/1101 2485/3911/1101 2477/3893/1102
f 2487/3895/1103 2486/4793/1120 2478/3896/1104
f 2480/3898/1106 2488/3902/1107 2487/3899/1107
f 2481/3901/1108 2489/3915/1122 2488/3902/1109
f 2482/3886/1111 2490/3885/1112 2489/3903/1112
f 2483/3905/1113 2491/3918/1114 2498/3906/1114
f 2492/3907/1115 2491/3921/1115 2483/3908/1096
f 2493/3909/1116 2492/3907/1116 2484/3887/1117
f 2494/3910/1118 2493/3924/1118 2485/3911/1101
f 2495/3912/1119 2494/3910/1119 2486/3892/1120
f 2488/3902/1107 2496/3916/1121 2495/3914/1121
f 2489/3915/1122 2497/3927/1123 2496/3916/1123
f 2490/3885/1112 2498/3906/1124 2497/3917/1124
f 2491/3918/1114 2499/3930/1133 2506/3919/1125
f 2500/3920/1126 2499/3933/1136 2491/3921/1115
f 2501/3922/1127 2500/3920/1138 2492/3907/1116
f 2502/3923/1128 2501/3936/1140 2493/3924/1118
f 2503/3925/1129 2502/3923/1142 2494/3910/1119
f 2496/3916/1121 2504/3928/1143 2503/3926/1130
f 2497/3927/1123 2505/3941/1145 2504/3928/1131
f 2498/3906/1124 2506/3919/1147 2505/3929/1132
f 2499/3930/1133 2507/3944/1149 2514/3931/1134
f 2508/3932/1135 2507/3947/1152 2499/3933/1136
f 2509/3934/1137 2508/3932/1154 2500/3920/1138
f 2510/3935/1139 2509/4794/1156 2501/3936/1140
f 2511/3937/1141 2510/3951/1158 2502/3938/1142
f 2504/3928/1143 2512/3942/1159 2511/3940/1144
f 2505/3941/1145 2513/3954/1161 2512/3942/1146
f 2506/3919/1147 2514/3931/1148 2513/3943/1148
f 2507/3944/1149 2515/3958/1165 2522/3945/1150
f 2516/3946/1151 2515/3960/1167 2507/3947/1152
f 2517/3948/1153 2516/3946/1169 2508/3932/1154
f 2518/3949/1155 2517/3963/1171 2509/3950/1156
f 2519/3952/1157 2518/3949/1173 2510/3951/1158
f 2512/3942/1159 2520/3955/1174 2519/3953/1160
f 2513/3954/1161 2521/3966/1176 2520/3955/1162
f 2514/3931/1148 2522/3945/1179 2521/3956/1163
f 2523/3957/1164 2530/3968/1181 2522/3945/1150
f 2524/3959/1166 2523/4795/1183 2515/3960/1167
f 2525/3961/1168 2524/3959/1185 2516/3946/1169
f 2518/3949/1155 2526/3964/1186 2525/3962/1170
f 2519/3952/1157 2527/3974/1188 2526/3964/1172
f 2520/3955/1174 2528/3967/1190 2527/3965/1175
f 2521/3966/1176 2529/3978/1192 2528/3967/1177
f 2530/3968/1178 2529/3981/1195 2521/3956/1163
f 2531/3969/1180 2538/3980/1197 2530/3968/1181
f 2532/3970/1182 2531/3969/1199 2523/3957/1183
f 2533/3972/1184 2532/4796/1201 2524/3959/1185
f 2526/3964/1186 2534/3975/1202 2533/3973/1187
f 2527/3974/1188 2535/3977/1205 2534/3975/1189
f 2528/3976/1190 2536/3990/1207 2535/3977/1191
f 2529/3978/1192 2537/4797/1209 2536/3979/1193
f 2538/3980/1194 2537/3994/1211 2529/3981/1195
f 2531/3969/1180 2539/3983/1212 2546/3982/1196
f 2532/3970/1182 2540/3996/1214 2539/3983/1198
f 2533/3984/1184 2541/3998/1216 2540/3985/1200
f 2534/3975/1202 2542/4000/1218 2541/3987/1203
f 2543/3988/1204 2542/4000/1221 2534/3975/1189
f 2544/3989/1206 2543/3988/1223 2535/3977/1191
f 2545/3991/1208 2544/4005/1225 2536/3992/1193
f 2546/3982/1210 2545/4006/1227 2537/3994/1211
f 2539/3983/1212 2547/3997/1229 2554/3995/1213
f 2540/3996/1214 2548/4798/1230 2547/3997/1215
f 2541/3998/1216 2549/4010/1232 2548/3999/1217
f 2542/4000/1218 2550/4012/1234 2549/4001/1219
f 2551/4002/1220 2550/4012/1237 2542/4000/1221
f 2552/4003/1222 2551/4002/1239 2543/3988/1223
f 2553/4004/1224 2552/4017/1241 2544/4005/1225
f 2554/3995/1226 2553/4020/1243 2545/4006/1227
f 2555/4007/1228 2562/4019/1245 2554/3995/1213
f 2548/3999/1230 2556/4011/1246 2555/4008/1231
f 2549/4010/1232 2557/4023/1248 2556/4011/1233
f 2550/4012/1234 2558/4014/1250 2557/4013/1235
f 2551/4002/1220 2559/4026/1252 2558/4014/1236
f 2560/4015/1238 2559/4029/1255 2551/4016/1239
f 2561/4018/1240 2560/4015/1240 2552/4017/1241
f 2562/4019/1242 2561/4032/1258 2553/4020/1243
f 2563/4021/1244 2570/4031/1260 2562/4019/1245
f 2556/4011/1246 2564/4024/1247 2563/4022/1247
f 2557/4023/1248 2565/4036/1263 2564/4024/1249
f 2558/4014/1250 2566/4027/1265 2565/4025/1251
f 2559/4026/1252 2567/4039/1267 2566/4027/1253
f 2568/4028/1254 2567/4041/1269 2559/4029/1255
f 2569/4030/1256 2568/4028/1271 2560/4015/1240
f 2570/4031/1257 2569/4043/1257 2561/4032/1258
f 2563/4021/1244 2571/4044/1273 2578/4033/1259
f 2564/4024/1247 2572/4047/1276 2571/4034/1261
f 2573/4035/1262 2572/4047/1278 2564/4024/1249
f 2574/4037/1264 2573/4050/1280 2565/4025/1251
f 2575/4038/1266 2574/4037/1282 2566/4027/1253
f 2576/4040/1268 2575/4053/1284 2567/4041/1269
f 2569/4030/1256 2577/4054/1285 2576/4040/1270
f 2570/4031/1257 2578/4033/1287 2577/4042/1272
f 2571/4044/1273 2579/4058/1290 2586/4045/1274
f 2580/4046/1275 2579/4060/1292 2571/4034/1261
f 2581/4048/1277 2580/4046/1294 2572/4047/1278
f 2582/4049/1279 2581/4062/1296 2573/4050/1280
f 2583/4051/1281 2582/4049/1298 2574/4037/1282
f 2576/4040/1268 2584/4055/1299 2583/4052/1283
f 2577/4054/1285 2585/4066/1302 2584/4055/1286
f 2578/4033/1287 2586/4045/1304 2585/4056/1288
f 2587/4057/1289 2594/4067/1289 2586/4045/1274
f 2588/4059/1291 2587/4070/1307 2579/4060/1292
f 2581/4048/1277 2589/4071/1293 2588/4059/1293
f 2582/4049/1279 2590/4063/1309 2589/4061/1295
f 2583/4051/1281 2591/4073/1297 2590/4063/1297
f 2584/4055/1299 2592/4075/1312 2591/4064/1300
f 2593/4065/1301 2592/4075/1301 2584/4055/1286
f 2594/4067/1303 2593/4079/1316 2585/4056/1288
f 2595/4068/1305 2602/4078/1305 2594/4067/1289
f 2596/4069/1306 2595/4082/1319 2587/4070/1307
f 2589/4071/1293 2597/4083/1308 2596/4069/1308
f 2590/4063/1309 2598/4074/1321 2597/4072/1310
f 2591/4073/1297 2599/4085/1311 2598/4074/1311
f 2592/4075/1312 2600/4087/1324 2599/4076/1313
f 2601/4077/1314 2600/4087/1314 2592/4075/1301
f 2602/4078/1315 2601/4091/1328 2593/4079/1316
f 2603/4080/1317 2610/4090/1317 2602/4078/1305
f 2604/4081/1318 2603/4094/1318 2595/4082/1319
f 2597/4083/1308 2605/4095/1320 2604/4081/1320
f 2598/4074/1321 2606/4086/1322 2605/4084/1322
f 2599/4085/1311 2607/4097/1323 2606/4086/1323
f 2600/4087/1324 2608/4099/1325 2607/4088/1325
f 2609/4089/1326 2608/4099/1326 2600/4087/1314
f 2610/4090/1327 2609/4103/1327 2601/4091/1328
f 2611/4092/1329 2618/4102/1329 2610/4090/1317
f 2612/4093/1330 2611/4106/1339 2603/4094/1318
f 2605/4095/1320 2613/4107/1331 2612/4093/1331
f 2606/4086/1322 2614/4098/1341 2613/4096/1332
f 2607/4097/1323 2615/4109/1333 2614/4098/1333
f 2608/4099/1325 2616/4111/1344 2615/4100/1334
f 2617/4101/1335 2616/4111/1335 2608/4099/1326
f 2618/4102/1336 2617/4115/1348 2609/4103/1327
f 2619/4104/1337 2626/4114/1337 2618/4102/1329
f 2620/4105/1338 2619/4799/1360 2611/4106/1339
f 2613/4107/1331 2621/4800/1340 2620/4105/1340
f 2614/4098/1341 2622/4110/1361 2621/4108/1342
f 2615/4109/1333 2623/4801/1343 2622/4110/1343
f 2616/4111/1344 2624/4802/1362 2623/4112/1345
f 2625/4113/1346 2624/4802/1346 2616/4111/1335
f 2626/4114/1347 2625/4803/1363 2617/4115/1348
