# Blender 4.2.23 LTS
# www.blender.org
o ap_charge
v 0.093077 0.132500 -0.008136
v 0.093077 0.132500 -0.005521
v 0.093077 0.132500 -0.002905
v 0.093077 0.132500 -0.000290
v 0.093077 0.132500 0.002325
v 0.093077 0.132500 0.004941
v 0.093077 0.132500 0.007556
v 0.093077 0.132500 0.010172
v 0.093077 0.132500 0.012787
v 0.093077 0.132500 0.015402
v 0.093077 0.132500 0.018018
v 0.093077 0.132500 0.020633
v 0.076154 0.132500 -0.002929
v 0.076154 0.132500 -0.000314
v 0.076154 0.132500 0.002302
v 0.076154 0.132500 0.004917
v 0.076154 0.132500 0.007533
v 0.076154 0.132500 0.010148
v 0.076154 0.132500 0.012763
v 0.076154 0.132500 0.015379
v 0.076154 0.132500 0.017994
v 0.076154 0.132500 0.020609
v 0.076154 0.132500 0.023225
v 0.076154 0.132500 0.025840
v 0.059231 0.132500 0.001237
v 0.059231 0.132500 0.003852
v 0.059231 0.132500 0.006467
v 0.059231 0.132500 0.009083
v 0.059231 0.132500 0.011698
v 0.059231 0.132500 0.014314
v 0.059231 0.132500 0.016929
v 0.059231 0.132500 0.019544
v 0.059231 0.132500 0.022160
v 0.059231 0.132500 0.024775
v 0.059231 0.132500 0.027391
v 0.059231 0.132500 0.030006
v 0.042308 0.132500 0.004361
v 0.042308 0.132500 0.006976
v 0.042308 0.132500 0.009592
v 0.042308 0.132500 0.012207
v 0.042308 0.132500 0.014822
v 0.042308 0.132500 0.017438
v 0.042308 0.132500 0.020053
v 0.042308 0.132500 0.022669
v 0.042308 0.132500 0.025284
v 0.042308 0.132500 0.027899
v 0.042308 0.132500 0.030515
v 0.042308 0.132500 0.033130
v 0.025385 0.132500 0.006444
v 0.025385 0.132500 0.009059
v 0.025385 0.132500 0.011675
v 0.025385 0.132500 0.014290
v 0.025385 0.132500 0.016905
v 0.025385 0.132500 0.019521
v 0.025385 0.132500 0.022136
v 0.025385 0.132500 0.024751
v 0.025385 0.132500 0.027367
v 0.025385 0.132500 0.029982
v 0.025385 0.132500 0.032598
v 0.025385 0.132500 0.035213
v 0.008462 0.132500 0.007485
v 0.008462 0.132500 0.010101
v 0.008462 0.132500 0.012716
v 0.008462 0.132500 0.015331
v 0.008462 0.132500 0.017947
v 0.008462 0.132500 0.020562
v 0.008462 0.132500 0.023178
v 0.008462 0.132500 0.025793
v 0.008462 0.132500 0.028408
v 0.008462 0.132500 0.031024
v 0.008462 0.132500 0.033639
v 0.008462 0.132500 0.036254
v -0.008462 0.132500 0.007485
v -0.008462 0.132500 0.010101
v -0.008462 0.132500 0.012716
v -0.008462 0.132500 0.015331
v -0.008462 0.132500 0.017947
v -0.008462 0.132500 0.020562
v -0.008462 0.132500 0.023178
v -0.008462 0.132500 0.025793
v -0.008462 0.132500 0.028408
v -0.008462 0.132500 0.031024
v -0.008462 0.132500 0.033639
v -0.008462 0.132500 0.036254
v -0.025385 0.132500 0.006444
v -0.025385 0.132500 0.009059
v -0.025385 0.132500 0.011675
v -0.025385 0.132500 0.014290
v -0.025385 0.132500 0.016905
v -0.025385 0.132500 0.019521
v -0.025385 0.132500 0.022136
v -0.025385 0.132500 0.024751
v -0.025385 0.132500 0.027367
v -0.025385 0.132500 0.029982
v -0.025385 0.132500 0.032598
v -0.025385 0.132500 0.035213
v -0.042308 0.132500 0.004361
v -0.042308 0.132500 0.006976
v -0.042308 0.132500 0.009592
v -0.042308 0.132500 0.012207
v -0.042308 0.132500 0.014822
v -0.042308 0.132500 0.017438
v -0.042308 0.132500 0.020053
v -0.042308 0.132500 0.022669
v -0.042308 0.132500 0.025284
v -0.042308 0.132500 0.027899
v -0.042308 0.132500 0.030515
v -0.042308 0.132500 0.033130
v -0.059231 0.132500 0.001237
v -0.059231 0.132500 0.003852
v -0.059231 0.132500 0.006467
v -0.059231 0.132500 0.009083
v -0.059231 0.132500 0.011698
v -0.059231 0.132500 0.014314
v -0.059231 0.132500 0.016929
v -0.059231 0.132500 0.019544
v -0.059231 0.132500 0.022160
v -0.059231 0.132500 0.024775
v -0.059231 0.132500 0.027391
v -0.059231 0.132500 0.030006
v -0.076154 0.132500 -0.002929
v -0.076154 0.132500 -0.000314
v -0.076154 0.132500 0.002302
v -0.076154 0.132500 0.004917
v -0.076154 0.132500 0.007533
v -0.076154 0.132500 0.010148
v -0.076154 0.132500 0.012763
v -0.076154 0.132500 0.015379
v -0.076154 0.132500 0.017994
v -0.076154 0.132500 0.020609
v -0.076154 0.132500 0.023225
v -0.076154 0.132500 0.025840
v -0.093077 0.132500 -0.008136
v -0.093077 0.132500 -0.005521
v -0.093077 0.132500 -0.002905
v -0.093077 0.132500 -0.000290
v -0.093077 0.132500 0.002325
v -0.093077 0.132500 0.004941
v -0.093077 0.132500 0.007556
v -0.093077 0.132500 0.010172
v -0.093077 0.132500 0.012787
v -0.093077 0.132500 0.015402
v -0.093077 0.132500 0.018018
v -0.093077 0.132500 0.020633
v -0.093077 0.047500 -0.008136
v -0.093077 0.047500 -0.005521
v -0.093077 0.047500 -0.002905
v -0.093077 0.047500 -0.000290
v -0.093077 0.047500 0.002325
v -0.093077 0.047500 0.004941
v -0.093077 0.047500 0.007556
v -0.093077 0.047500 0.010172
v -0.093077 0.047500 0.012787
v -0.093077 0.047500 0.015402
v -0.093077 0.047500 0.018018
v -0.093077 0.047500 0.020633
v -0.076154 0.047500 -0.002929
v -0.076154 0.047500 -0.000314
v -0.076154 0.047500 0.002302
v -0.076154 0.047500 0.004917
v -0.076154 0.047500 0.007533
v -0.076154 0.047500 0.010148
v -0.076154 0.047500 0.012763
v -0.076154 0.047500 0.015379
v -0.076154 0.047500 0.017994
v -0.076154 0.047500 0.020609
v -0.076154 0.047500 0.023225
v -0.076154 0.047500 0.025840
v -0.059231 0.047500 0.001237
v -0.059231 0.047500 0.003852
v -0.059231 0.047500 0.006467
v -0.059231 0.047500 0.009083
v -0.059231 0.047500 0.011698
v -0.059231 0.047500 0.014314
v -0.059231 0.047500 0.016929
v -0.059231 0.047500 0.019544
v -0.059231 0.047500 0.022160
v -0.059231 0.047500 0.024775
v -0.059231 0.047500 0.027391
v -0.059231 0.047500 0.030006
v -0.042308 0.047500 0.004361
v -0.042308 0.047500 0.006976
v -0.042308 0.047500 0.009592
v -0.042308 0.047500 0.012207
v -0.042308 0.047500 0.014822
v -0.042308 0.047500 0.017438
v -0.042308 0.047500 0.020053
v -0.042308 0.047500 0.022669
v -0.042308 0.047500 0.025284
v -0.042308 0.047500 0.027899
v -0.042308 0.047500 0.030515
v -0.042308 0.047500 0.033130
v -0.025385 0.047500 0.006444
v -0.025385 0.047500 0.009059
v -0.025385 0.047500 0.011675
v -0.025385 0.047500 0.014290
v -0.025385 0.047500 0.016905
v -0.025385 0.047500 0.019521
v -0.025385 0.047500 0.022136
v -0.025385 0.047500 0.024751
v -0.025385 0.047500 0.027367
v -0.025385 0.047500 0.029982
v -0.025385 0.047500 0.032598
v -0.025385 0.047500 0.035213
v -0.008462 0.047500 0.007485
v -0.008462 0.047500 0.010101
v -0.008462 0.047500 0.012716
v -0.008462 0.047500 0.015331
v -0.008462 0.047500 0.017947
v -0.008462 0.047500 0.020562
v -0.008462 0.047500 0.023178
v -0.008462 0.047500 0.025793
v -0.008462 0.047500 0.028408
v -0.008462 0.047500 0.031024
v -0.008462 0.047500 0.033639
v -0.008462 0.047500 0.036254
v 0.008462 0.047500 0.007485
v 0.008462 0.047500 0.010101
v 0.008462 0.047500 0.012716
v 0.008462 0.047500 0.015331
v 0.008462 0.047500 0.017947
v 0.008462 0.047500 0.020562
v 0.008462 0.047500 0.023178
v 0.008462 0.047500 0.025793
v 0.008462 0.047500 0.028408
v 0.008462 0.047500 0.031024
v 0.008462 0.047500 0.033639
v 0.008462 0.047500 0.036254
v 0.025385 0.047500 0.006444
v 0.025385 0.047500 0.009059
v 0.025385 0.047500 0.011675
v 0.025385 0.047500 0.014290
v 0.025385 0.047500 0.016905
v 0.025385 0.047500 0.019521
v 0.025385 0.047500 0.022136
v 0.025385 0.047500 0.024751
v 0.025385 0.047500 0.027367
v 0.025385 0.047500 0.029982
v 0.025385 0.047500 0.032598
v 0.025385 0.047500 0.035213
v 0.042308 0.047500 0.004361
v 0.042308 0.047500 0.006976
v 0.042308 0.047500 0.009592
v 0.042308 0.047500 0.012207
v 0.042308 0.047500 0.014822
v 0.042308 0.047500 0.017438
v 0.042308 0.047500 0.020053
v 0.042308 0.047500 0.022669
v 0.042308 0.047500 0.025284
v 0.042308 0.047500 0.027899
v 0.042308 0.047500 0.030515
v 0.042308 0.047500 0.033130
v 0.059231 0.047500 0.001237
v 0.059231 0.047500 0.003852
v 0.059231 0.047500 0.006467
v 0.059231 0.047500 0.009083
v 0.059231 0.047500 0.011698
v 0.059231 0.047500 0.014314
v 0.059231 0.047500 0.016929
v 0.059231 0.047500 0.019544
v 0.059231 0.047500 0.022160
v 0.059231 0.047500 0.024775
v 0.059231 0.047500 0.027391
v 0.059231 0.047500 0.030006
v 0.076154 0.047500 -0.002929
v 0.076154 0.047500 -0.000314
v 0.076154 0.047500 0.002302
v 0.076154 0.047500 0.004917
v 0.076154 0.047500 0.007533
v 0.076154 0.047500 0.010148
v 0.076154 0.047500 0.012763
v 0.076154 0.047500 0.015379
v 0.076154 0.047500 0.017994
v 0.076154 0.047500 0.020609
v 0.076154 0.047500 0.023225
v 0.076154 0.047500 0.025840
v 0.093077 0.047500 -0.008136
v 0.093077 0.047500 -0.005521
v 0.093077 0.047500 -0.002905
v 0.093077 0.047500 -0.000290
v 0.093077 0.047500 0.002325
v 0.093077 0.047500 0.004941
v 0.093077 0.047500 0.007556
v 0.093077 0.047500 0.010172
v 0.093077 0.047500 0.012787
v 0.093077 0.047500 0.015402
v 0.093077 0.047500 0.018018
v 0.093077 0.047500 0.020633
v 0.093077 0.054038 0.023249
v 0.076154 0.054038 0.028456
v 0.059231 0.054038 0.032621
v 0.042308 0.054038 0.035746
v 0.025385 0.054038 0.037828
v 0.008462 0.054038 0.038870
v -0.008462 0.054038 0.038870
v -0.025385 0.054038 0.037828
v -0.042308 0.054038 0.035746
v -0.059231 0.054038 0.032621
v -0.076154 0.054038 0.028456
v -0.093077 0.054038 0.023249
v 0.093077 0.060577 0.023249
v 0.076154 0.060577 0.028456
v 0.059231 0.060577 0.032621
v 0.042308 0.060577 0.035746
v 0.025385 0.060577 0.037828
v 0.008462 0.060577 0.038870
v -0.008462 0.060577 0.038870
v -0.025385 0.060577 0.037828
v -0.042308 0.060577 0.035746
v -0.059231 0.060577 0.032621
v -0.076154 0.060577 0.028456
v -0.093077 0.060577 0.023249
v 0.093077 0.067115 0.023249
v 0.076154 0.067115 0.028456
v 0.059231 0.067115 0.032621
v 0.042308 0.067115 0.035746
v 0.025385 0.067115 0.037828
v 0.008462 0.067115 0.038870
v -0.008462 0.067115 0.038870
v -0.025385 0.067115 0.037828
v -0.042308 0.067115 0.035746
v -0.059231 0.067115 0.032621
v -0.076154 0.067115 0.028456
v -0.093077 0.067115 0.023249
v 0.093077 0.073654 0.023249
v 0.076154 0.073654 0.028456
v 0.059231 0.073654 0.032621
v 0.042308 0.073654 0.035746
v 0.025385 0.073654 0.037828
v 0.008462 0.073654 0.038870
v -0.008462 0.073654 0.038870
v -0.025385 0.073654 0.037828
v -0.042308 0.073654 0.035746
v -0.059231 0.073654 0.032621
v -0.076154 0.073654 0.028456
v -0.093077 0.073654 0.023249
v 0.093077 0.080192 0.023249
v 0.076154 0.080192 0.028456
v 0.059231 0.080192 0.032621
v 0.042308 0.080192 0.035746
v 0.025385 0.080192 0.037828
v 0.008462 0.080192 0.038870
v -0.008462 0.080192 0.038870
v -0.025385 0.080192 0.037828
v -0.042308 0.080192 0.035746
v -0.059231 0.080192 0.032621
v -0.076154 0.080192 0.028456
v -0.093077 0.080192 0.023249
v 0.093077 0.086731 0.023249
v 0.076154 0.086731 0.028456
v 0.059231 0.086731 0.032621
v 0.042308 0.086731 0.035746
v 0.025385 0.086731 0.037828
v 0.008462 0.086731 0.038870
v -0.008462 0.086731 0.038870
v -0.025385 0.086731 0.037828
v -0.042308 0.086731 0.035746
v -0.059231 0.086731 0.032621
v -0.076154 0.086731 0.028456
v -0.093077 0.086731 0.023249
v 0.093077 0.093269 0.023249
v 0.076154 0.093269 0.028456
v 0.059231 0.093269 0.032621
v 0.042308 0.093269 0.035746
v 0.025385 0.093269 0.037828
v 0.008462 0.093269 0.038870
v -0.008462 0.093269 0.038870
v -0.025385 0.093269 0.037828
v -0.042308 0.093269 0.035746
v -0.059231 0.093269 0.032621
v -0.076154 0.093269 0.028456
v -0.093077 0.093269 0.023249
v 0.093077 0.099808 0.023249
v 0.076154 0.099808 0.028456
v 0.059231 0.099808 0.032621
v 0.042308 0.099808 0.035746
v 0.025385 0.099808 0.037828
v 0.008462 0.099808 0.038870
v -0.008462 0.099808 0.038870
v -0.025385 0.099808 0.037828
v -0.042308 0.099808 0.035746
v -0.059231 0.099808 0.032621
v -0.076154 0.099808 0.028456
v -0.093077 0.099808 0.023249
v 0.093077 0.106346 0.023249
v 0.076154 0.106346 0.028456
v 0.059231 0.106346 0.032621
v 0.042308 0.106346 0.035746
v 0.025385 0.106346 0.037828
v 0.008462 0.106346 0.038870
v -0.008462 0.106346 0.038870
v -0.025385 0.106346 0.037828
v -0.042308 0.106346 0.035746
v -0.059231 0.106346 0.032621
v -0.076154 0.106346 0.028456
v -0.093077 0.106346 0.023249
v 0.093077 0.112885 0.023249
v 0.076154 0.112885 0.028456
v 0.059231 0.112885 0.032621
v 0.042308 0.112885 0.035746
v 0.025385 0.112885 0.037828
v 0.008462 0.112885 0.038870
v -0.008462 0.112885 0.038870
v -0.025385 0.112885 0.037828
v -0.042308 0.112885 0.035746
v -0.059231 0.112885 0.032621
v -0.076154 0.112885 0.028456
v -0.093077 0.112885 0.023249
v 0.093077 0.119423 0.023249
v 0.076154 0.119423 0.028456
v 0.059231 0.119423 0.032621
v 0.042308 0.119423 0.035746
v 0.025385 0.119423 0.037828
v 0.008462 0.119423 0.038870
v -0.008462 0.119423 0.038870
v -0.025385 0.119423 0.037828
v -0.042308 0.119423 0.035746
v -0.059231 0.119423 0.032621
v -0.076154 0.119423 0.028456
v -0.093077 0.119423 0.023249
v 0.093077 0.125962 0.023249
v 0.076154 0.125962 0.028456
v 0.059231 0.125962 0.032621
v 0.042308 0.125962 0.035746
v 0.025385 0.125962 0.037828
v 0.008462 0.125962 0.038870
v -0.008462 0.125962 0.038870
v -0.025385 0.125962 0.037828
v -0.042308 0.125962 0.035746
v -0.059231 0.125962 0.032621
v -0.076154 0.125962 0.028456
v -0.093077 0.125962 0.023249
v 0.110000 0.054038 -0.014385
v 0.110000 0.054038 -0.011769
v 0.110000 0.054038 -0.009154
v 0.110000 0.054038 -0.006538
v 0.110000 0.054038 -0.003923
v 0.110000 0.054038 -0.001308
v 0.110000 0.054038 0.001308
v 0.110000 0.054038 0.003923
v 0.110000 0.054038 0.006538
v 0.110000 0.054038 0.009154
v 0.110000 0.054038 0.011769
v 0.110000 0.054038 0.014385
v 0.110000 0.060577 -0.014385
v 0.110000 0.060577 -0.011769
v 0.110000 0.060577 -0.009154
v 0.110000 0.060577 -0.006538
v 0.110000 0.060577 -0.003923
v 0.110000 0.060577 -0.001308
v 0.110000 0.060577 0.001308
v 0.110000 0.060577 0.003923
v 0.110000 0.060577 0.006538
v 0.110000 0.060577 0.009154
v 0.110000 0.060577 0.011769
v 0.110000 0.060577 0.014385
v 0.110000 0.067115 -0.014385
v 0.110000 0.067115 -0.011769
v 0.110000 0.067115 -0.009154
v 0.110000 0.067115 -0.006538
v 0.110000 0.067115 -0.003923
v 0.110000 0.067115 -0.001308
v 0.110000 0.067115 0.001308
v 0.110000 0.067115 0.003923
v 0.110000 0.067115 0.006538
v 0.110000 0.067115 0.009154
v 0.110000 0.067115 0.011769
v 0.110000 0.067115 0.014385
v 0.110000 0.073654 -0.014385
v 0.110000 0.073654 -0.011769
v 0.110000 0.073654 -0.009154
v 0.110000 0.073654 -0.006538
v 0.110000 0.073654 -0.003923
v 0.110000 0.073654 -0.001308
v 0.110000 0.073654 0.001308
v 0.110000 0.073654 0.003923
v 0.110000 0.073654 0.006538
v 0.110000 0.073654 0.009154
v 0.110000 0.073654 0.011769
v 0.110000 0.073654 0.014385
v 0.110000 0.080192 -0.014385
v 0.110000 0.080192 -0.011769
v 0.110000 0.080192 -0.009154
v 0.110000 0.080192 -0.006538
v 0.110000 0.080192 -0.003923
v 0.110000 0.080192 -0.001308
v 0.110000 0.080192 0.001308
v 0.110000 0.080192 0.003923
v 0.110000 0.080192 0.006538
v 0.110000 0.080192 0.009154
v 0.110000 0.080192 0.011769
v 0.110000 0.080192 0.014385
v 0.110000 0.086731 -0.014385
v 0.110000 0.086731 -0.011769
v 0.110000 0.086731 -0.009154
v 0.110000 0.086731 -0.006538
v 0.110000 0.086731 -0.003923
v 0.110000 0.086731 -0.001308
v 0.110000 0.086731 0.001308
v 0.110000 0.086731 0.003923
v 0.110000 0.086731 0.006538
v 0.110000 0.086731 0.009154
v 0.110000 0.086731 0.011769
v 0.110000 0.086731 0.014385
v 0.110000 0.093269 -0.014385
v 0.110000 0.093269 -0.011769
v 0.110000 0.093269 -0.009154
v 0.110000 0.093269 -0.006538
v 0.110000 0.093269 -0.003923
v 0.110000 0.093269 -0.001308
v 0.110000 0.093269 0.001308
v 0.110000 0.093269 0.003923
v 0.110000 0.093269 0.006538
v 0.110000 0.093269 0.009154
v 0.110000 0.093269 0.011769
v 0.110000 0.093269 0.014385
v 0.110000 0.099808 -0.014385
v 0.110000 0.099808 -0.011769
v 0.110000 0.099808 -0.009154
v 0.110000 0.099808 -0.006538
v 0.110000 0.099808 -0.003923
v 0.110000 0.099808 -0.001308
v 0.110000 0.099808 0.001308
v 0.110000 0.099808 0.003923
v 0.110000 0.099808 0.006538
v 0.110000 0.099808 0.009154
v 0.110000 0.099808 0.011769
v 0.110000 0.099808 0.014385
v 0.110000 0.106346 -0.014385
v 0.110000 0.106346 -0.011769
v 0.110000 0.106346 -0.009154
v 0.110000 0.106346 -0.006538
v 0.110000 0.106346 -0.003923
v 0.110000 0.106346 -0.001308
v 0.110000 0.106346 0.001308
v 0.110000 0.106346 0.003923
v 0.110000 0.106346 0.006538
v 0.110000 0.106346 0.009154
v 0.110000 0.106346 0.011769
v 0.110000 0.106346 0.014385
v 0.110000 0.112885 -0.014385
v 0.110000 0.112885 -0.011769
v 0.110000 0.112885 -0.009154
v 0.110000 0.112885 -0.006538
v 0.110000 0.112885 -0.003923
v 0.110000 0.112885 -0.001308
v 0.110000 0.112885 0.001308
v 0.110000 0.112885 0.003923
v 0.110000 0.112885 0.006538
v 0.110000 0.112885 0.009154
v 0.110000 0.112885 0.011769
v 0.110000 0.112885 0.014385
v 0.110000 0.119423 -0.014385
v 0.110000 0.119423 -0.011769
v 0.110000 0.119423 -0.009154
v 0.110000 0.119423 -0.006538
v 0.110000 0.119423 -0.003923
v 0.110000 0.119423 -0.001308
v 0.110000 0.119423 0.001308
v 0.110000 0.119423 0.003923
v 0.110000 0.119423 0.006538
v 0.110000 0.119423 0.009154
v 0.110000 0.119423 0.011769
v 0.110000 0.119423 0.014385
v 0.110000 0.125962 -0.014385
v 0.110000 0.125962 -0.011769
v 0.110000 0.125962 -0.009154
v 0.110000 0.125962 -0.006538
v 0.110000 0.125962 -0.003923
v 0.110000 0.125962 -0.001308
v 0.110000 0.125962 0.001308
v 0.110000 0.125962 0.003923
v 0.110000 0.125962 0.006538
v 0.110000 0.125962 0.009154
v 0.110000 0.125962 0.011769
v 0.110000 0.125962 0.014385
v -0.093077 0.054038 -0.010751
v -0.076154 0.054038 -0.005544
v -0.059231 0.054038 -0.001379
v -0.042308 0.054038 0.001746
v -0.025385 0.054038 0.003828
v -0.008462 0.054038 0.004870
v 0.008462 0.054038 0.004870
v 0.025385 0.054038 0.003828
v 0.042308 0.054038 0.001746
v 0.059231 0.054038 -0.001379
v 0.076154 0.054038 -0.005544
v 0.093077 0.054038 -0.010751
v -0.093077 0.060577 -0.010751
v -0.076154 0.060577 -0.005544
v -0.059231 0.060577 -0.001379
v -0.042308 0.060577 0.001746
v -0.025385 0.060577 0.003828
v -0.008462 0.060577 0.004870
v 0.008462 0.060577 0.004870
v 0.025385 0.060577 0.003828
v 0.042308 0.060577 0.001746
v 0.059231 0.060577 -0.001379
v 0.076154 0.060577 -0.005544
v 0.093077 0.060577 -0.010751
v -0.093077 0.067115 -0.010751
v -0.076154 0.067115 -0.005544
v -0.059231 0.067115 -0.001379
v -0.042308 0.067115 0.001746
v -0.025385 0.067115 0.003828
v -0.008462 0.067115 0.004870
v 0.008462 0.067115 0.004870
v 0.025385 0.067115 0.003828
v 0.042308 0.067115 0.001746
v 0.059231 0.067115 -0.001379
v 0.076154 0.067115 -0.005544
v 0.093077 0.067115 -0.010751
v -0.093077 0.073654 -0.010751
v -0.076154 0.073654 -0.005544
v -0.059231 0.073654 -0.001379
v -0.042308 0.073654 0.001746
v -0.025385 0.073654 0.003828
v -0.008462 0.073654 0.004870
v 0.008462 0.073654 0.004870
v 0.025385 0.073654 0.003828
v 0.042308 0.073654 0.001746
v 0.059231 0.073654 -0.001379
v 0.076154 0.073654 -0.005544
v 0.093077 0.073654 -0.010751
v -0.093077 0.080192 -0.010751
v -0.076154 0.080192 -0.005544
v -0.059231 0.080192 -0.001379
v -0.042308 0.080192 0.001746
v -0.025385 0.080192 0.003828
v -0.008462 0.080192 0.004870
v 0.008462 0.080192 0.004870
v 0.025385 0.080192 0.003828
v 0.042308 0.080192 0.001746
v 0.059231 0.080192 -0.001379
v 0.076154 0.080192 -0.005544
v 0.093077 0.080192 -0.010751
v -0.093077 0.086731 -0.010751
v -0.076154 0.086731 -0.005544
v -0.059231 0.086731 -0.001379
v -0.042308 0.086731 0.001746
v -0.025385 0.086731 0.003828
v -0.008462 0.086731 0.004870
v 0.008462 0.086731 0.004870
v 0.025385 0.086731 0.003828
v 0.042308 0.086731 0.001746
v 0.059231 0.086731 -0.001379
v 0.076154 0.086731 -0.005544
v 0.093077 0.086731 -0.010751
v -0.093077 0.093269 -0.010751
v -0.076154 0.093269 -0.005544
v -0.059231 0.093269 -0.001379
v -0.042308 0.093269 0.001746
v -0.025385 0.093269 0.003828
v -0.008462 0.093269 0.004870
v 0.008462 0.093269 0.004870
v 0.025385 0.093269 0.003828
v 0.042308 0.093269 0.001746
v 0.059231 0.093269 -0.001379
v 0.076154 0.093269 -0.005544
v 0.093077 0.093269 -0.010751
v -0.093077 0.099808 -0.010751
v -0.076154 0.099808 -0.005544
v -0.059231 0.099808 -0.001379
v -0.042308 0.099808 0.001746
v -0.025385 0.099808 0.003828
v -0.008462 0.099808 0.004870
v 0.008462 0.099808 0.004870
v 0.025385 0.099808 0.003828
v 0.042308 0.099808 0.001746
v 0.059231 0.099808 -0.001379
v 0.076154 0.099808 -0.005544
v 0.093077 0.099808 -0.010751
v -0.093077 0.106346 -0.010751
v -0.076154 0.106346 -0.005544
v -0.059231 0.106346 -0.001379
v -0.042308 0.106346 0.001746
v -0.025385 0.106346 0.003828
v -0.008462 0.106346 0.004870
v 0.008462 0.106346 0.004870
v 0.025385 0.106346 0.003828
v 0.042308 0.106346 0.001746
v 0.059231 0.106346 -0.001379
v 0.076154 0.106346 -0.005544
v 0.093077 0.106346 -0.010751
v -0.093077 0.112885 -0.010751
v -0.076154 0.112885 -0.005544
v -0.059231 0.112885 -0.001379
v -0.042308 0.112885 0.001746
v -0.025385 0.112885 0.003828
v -0.008462 0.112885 0.004870
v 0.008462 0.112885 0.004870
v 0.025385 0.112885 0.003828
v 0.042308 0.112885 0.001746
v 0.059231 0.112885 -0.001379
v 0.076154 0.112885 -0.005544
v 0.093077 0.112885 -0.010751
v -0.093077 0.119423 -0.010751
v -0.076154 0.119423 -0.005544
v -0.059231 0.119423 -0.001379
v -0.042308 0.119423 0.001746
v -0.025385 0.119423 0.003828
v -0.008462 0.119423 0.004870
v 0.008462 0.119423 0.004870
v 0.025385 0.119423 0.003828
v 0.042308 0.119423 0.001746
v 0.059231 0.119423 -0.001379
v 0.076154 0.119423 -0.005544
v 0.093077 0.119423 -0.010751
v -0.093077 0.125962 -0.010751
v -0.076154 0.125962 -0.005544
v -0.059231 0.125962 -0.001379
v -0.042308 0.125962 0.001746
v -0.025385 0.125962 0.003828
v -0.008462 0.125962 0.004870
v 0.008462 0.125962 0.004870
v 0.025385 0.125962 0.003828
v 0.042308 0.125962 0.001746
v 0.059231 0.125962 -0.001379
v 0.076154 0.125962 -0.005544
v 0.093077 0.125962 -0.010751
v -0.110000 0.054038 0.014385
v -0.110000 0.054038 0.011769
v -0.110000 0.054038 0.009154
v -0.110000 0.054038 0.006538
v -0.110000 0.054038 0.003923
v -0.110000 0.054038 0.001308
v -0.110000 0.054038 -0.001308
v -0.110000 0.054038 -0.003923
v -0.110000 0.054038 -0.006538
v -0.110000 0.054038 -0.009154
v -0.110000 0.054038 -0.011769
v -0.110000 0.054038 -0.014385
v -0.110000 0.060577 0.014385
v -0.110000 0.060577 0.011769
v -0.110000 0.060577 0.009154
v -0.110000 0.060577 0.006538
v -0.110000 0.060577 0.003923
v -0.110000 0.060577 0.001308
v -0.110000 0.060577 -0.001308
v -0.110000 0.060577 -0.003923
v -0.110000 0.060577 -0.006538
v -0.110000 0.060577 -0.009154
v -0.110000 0.060577 -0.011769
v -0.110000 0.060577 -0.014385
v -0.110000 0.067115 0.014385
v -0.110000 0.067115 0.011769
v -0.110000 0.067115 0.009154
v -0.110000 0.067115 0.006538
v -0.110000 0.067115 0.003923
v -0.110000 0.067115 0.001308
v -0.110000 0.067115 -0.001308
v -0.110000 0.067115 -0.003923
v -0.110000 0.067115 -0.006538
v -0.110000 0.067115 -0.009154
v -0.110000 0.067115 -0.011769
v -0.110000 0.067115 -0.014385
v -0.110000 0.073654 0.014385
v -0.110000 0.073654 0.011769
v -0.110000 0.073654 0.009154
v -0.110000 0.073654 0.006538
v -0.110000 0.073654 0.003923
v -0.110000 0.073654 0.001308
v -0.110000 0.073654 -0.001308
v -0.110000 0.073654 -0.003923
v -0.110000 0.073654 -0.006538
v -0.110000 0.073654 -0.009154
v -0.110000 0.073654 -0.011769
v -0.110000 0.073654 -0.014385
v -0.110000 0.080192 0.014385
v -0.110000 0.080192 0.011769
v -0.110000 0.080192 0.009154
v -0.110000 0.080192 0.006538
v -0.110000 0.080192 0.003923
v -0.110000 0.080192 0.001308
v -0.110000 0.080192 -0.001308
v -0.110000 0.080192 -0.003923
v -0.110000 0.080192 -0.006538
v -0.110000 0.080192 -0.009154
v -0.110000 0.080192 -0.011769
v -0.110000 0.080192 -0.014385
v -0.110000 0.086731 0.014385
v -0.110000 0.086731 0.011769
v -0.110000 0.086731 0.009154
v -0.110000 0.086731 0.006538
v -0.110000 0.086731 0.003923
v -0.110000 0.086731 0.001308
v -0.110000 0.086731 -0.001308
v -0.110000 0.086731 -0.003923
v -0.110000 0.086731 -0.006538
v -0.110000 0.086731 -0.009154
v -0.110000 0.086731 -0.011769
v -0.110000 0.086731 -0.014385
v -0.110000 0.093269 0.014385
v -0.110000 0.093269 0.011769
v -0.110000 0.093269 0.009154
v -0.110000 0.093269 0.006538
v -0.110000 0.093269 0.003923
v -0.110000 0.093269 0.001308
v -0.110000 0.093269 -0.001308
v -0.110000 0.093269 -0.003923
v -0.110000 0.093269 -0.006538
v -0.110000 0.093269 -0.009154
v -0.110000 0.093269 -0.011769
v -0.110000 0.093269 -0.014385
v -0.110000 0.099808 0.014385
v -0.110000 0.099808 0.011769
v -0.110000 0.099808 0.009154
v -0.110000 0.099808 0.006538
v -0.110000 0.099808 0.003923
v -0.110000 0.099808 0.001308
v -0.110000 0.099808 -0.001308
v -0.110000 0.099808 -0.003923
v -0.110000 0.099808 -0.006538
v -0.110000 0.099808 -0.009154
v -0.110000 0.099808 -0.011769
v -0.110000 0.099808 -0.014385
v -0.110000 0.106346 0.014385
v -0.110000 0.106346 0.011769
v -0.110000 0.106346 0.009154
v -0.110000 0.106346 0.006538
v -0.110000 0.106346 0.003923
v -0.110000 0.106346 0.001308
v -0.110000 0.106346 -0.001308
v -0.110000 0.106346 -0.003923
v -0.110000 0.106346 -0.006538
v -0.110000 0.106346 -0.009154
v -0.110000 0.106346 -0.011769
v -0.110000 0.106346 -0.014385
v -0.110000 0.112885 0.014385
v -0.110000 0.112885 0.011769
v -0.110000 0.112885 0.009154
v -0.110000 0.112885 0.006538
v -0.110000 0.112885 0.003923
v -0.110000 0.112885 0.001308
v -0.110000 0.112885 -0.001308
v -0.110000 0.112885 -0.003923
v -0.110000 0.112885 -0.006538
v -0.110000 0.112885 -0.009154
v -0.110000 0.112885 -0.011769
v -0.110000 0.112885 -0.014385
v -0.110000 0.119423 0.014385
v -0.110000 0.119423 0.011769
v -0.110000 0.119423 0.009154
v -0.110000 0.119423 0.006538
v -0.110000 0.119423 0.003923
v -0.110000 0.119423 0.001308
v -0.110000 0.119423 -0.001308
v -0.110000 0.119423 -0.003923
v -0.110000 0.119423 -0.006538
v -0.110000 0.119423 -0.009154
v -0.110000 0.119423 -0.011769
v -0.110000 0.119423 -0.014385
v -0.110000 0.125962 0.014385
v -0.110000 0.125962 0.011769
v -0.110000 0.125962 0.009154
v -0.110000 0.125962 0.006538
v -0.110000 0.125962 0.003923
v -0.110000 0.125962 0.001308
v -0.110000 0.125962 -0.001308
v -0.110000 0.125962 -0.003923
v -0.110000 0.125962 -0.006538
v -0.110000 0.125962 -0.009154
v -0.110000 0.125962 -0.011769
v -0.110000 0.125962 -0.014385
v -0.107547 0.047500 0.015370
v -0.107698 0.049953 0.017850
v -0.110000 0.049953 0.014547
v -0.110000 0.130047 0.014547
v -0.107698 0.130047 0.017850
v -0.107547 0.132500 0.015370
v -0.110000 0.049953 -0.014547
v -0.107698 0.049953 -0.016150
v -0.107547 0.047500 -0.013558
v -0.107547 0.132500 -0.013558
v -0.107698 0.130047 -0.016150
v -0.110000 0.130047 -0.014547
v 0.110000 0.049953 0.014547
v 0.107698 0.049953 0.017850
v 0.107547 0.047500 0.015370
v 0.107547 0.132500 0.015370
v 0.107698 0.130047 0.017850
v 0.110000 0.130047 0.014547
v 0.107698 0.049953 -0.016150
v 0.110000 0.049953 -0.014547
v 0.107547 0.047500 -0.013558
v 0.107547 0.132500 -0.013558
v 0.110000 0.130047 -0.014547
v 0.107698 0.130047 -0.016150
v -0.107547 0.047500 -0.013479
v -0.110000 0.049953 -0.014385
v -0.107547 0.047500 -0.010863
v -0.110000 0.049953 -0.011769
v -0.107547 0.047500 -0.008248
v -0.110000 0.049953 -0.009154
v -0.107547 0.047500 -0.005633
v -0.110000 0.049953 -0.006538
v -0.107547 0.047500 -0.003017
v -0.110000 0.049953 -0.003923
v -0.107547 0.047500 -0.000402
v -0.110000 0.049953 -0.001308
v -0.107547 0.047500 0.002214
v -0.110000 0.049953 0.001308
v -0.107547 0.047500 0.004829
v -0.110000 0.049953 0.003923
v -0.107547 0.047500 0.007444
v -0.110000 0.049953 0.006538
v -0.107547 0.047500 0.010060
v -0.110000 0.049953 0.009154
v -0.107547 0.047500 0.012675
v -0.110000 0.049953 0.011769
v -0.110000 0.049953 0.014385
v -0.107547 0.047500 0.015291
v -0.107698 0.054038 0.017850
v -0.110000 0.054038 0.014547
v -0.107698 0.060577 0.017850
v -0.110000 0.060577 0.014547
v -0.107698 0.067115 0.017850
v -0.110000 0.067115 0.014547
v -0.107698 0.073654 0.017850
v -0.110000 0.073654 0.014547
v -0.107698 0.080192 0.017850
v -0.110000 0.080192 0.014547
v -0.107698 0.086731 0.017850
v -0.110000 0.086731 0.014547
v -0.107698 0.093269 0.017850
v -0.110000 0.093269 0.014547
v -0.107698 0.099808 0.017850
v -0.110000 0.099808 0.014547
v -0.107698 0.106346 0.017850
v -0.110000 0.106346 0.014547
v -0.107698 0.112885 0.017850
v -0.110000 0.112885 0.014547
v -0.107698 0.119423 0.017850
v -0.110000 0.119423 0.014547
v -0.110000 0.125962 0.014547
v -0.107698 0.125962 0.017850
v -0.107547 0.132500 0.015291
v -0.110000 0.130047 0.014385
v -0.107547 0.132500 0.012675
v -0.110000 0.130047 0.011769
v -0.107547 0.132500 0.010060
v -0.110000 0.130047 0.009154
v -0.107547 0.132500 0.007444
v -0.110000 0.130047 0.006538
v -0.107547 0.132500 0.004829
v -0.110000 0.130047 0.003923
v -0.107547 0.132500 0.002214
v -0.110000 0.130047 0.001308
v -0.107547 0.132500 -0.000402
v -0.110000 0.130047 -0.001308
v -0.107547 0.132500 -0.003017
v -0.110000 0.130047 -0.003923
v -0.107547 0.132500 -0.005633
v -0.110000 0.130047 -0.006538
v -0.107547 0.132500 -0.008248
v -0.110000 0.130047 -0.009154
v -0.107547 0.132500 -0.010863
v -0.110000 0.130047 -0.011769
v -0.110000 0.130047 -0.014385
v -0.107547 0.132500 -0.013479
v -0.107698 0.125962 -0.016150
v -0.110000 0.125962 -0.014547
v -0.107698 0.119423 -0.016150
v -0.110000 0.119423 -0.014547
v -0.107698 0.112885 -0.016150
v -0.110000 0.112885 -0.014547
v -0.107698 0.106346 -0.016150
v -0.110000 0.106346 -0.014547
v -0.107698 0.099808 -0.016150
v -0.110000 0.099808 -0.014547
v -0.107698 0.093269 -0.016150
v -0.110000 0.093269 -0.014547
v -0.107698 0.086731 -0.016150
v -0.110000 0.086731 -0.014547
v -0.107698 0.080192 -0.016150
v -0.110000 0.080192 -0.014547
v -0.107698 0.073654 -0.016150
v -0.110000 0.073654 -0.014547
v -0.107698 0.067115 -0.016150
v -0.110000 0.067115 -0.014547
v -0.107698 0.060577 -0.016150
v -0.110000 0.060577 -0.014547
v -0.110000 0.054038 -0.014547
v -0.107698 0.054038 -0.016150
v 0.093077 0.047500 -0.008219
v 0.093077 0.049953 -0.010751
v 0.076154 0.047500 -0.003019
v 0.076154 0.049953 -0.005544
v 0.059231 0.047500 0.001137
v 0.059231 0.049953 -0.001379
v 0.042308 0.047500 0.004253
v 0.042308 0.049953 0.001746
v 0.025385 0.047500 0.006330
v 0.025385 0.049953 0.003828
v 0.008462 0.047500 0.007368
v 0.008462 0.049953 0.004870
v -0.008462 0.047500 0.007368
v -0.008462 0.049953 0.004870
v -0.025385 0.047500 0.006330
v -0.025385 0.049953 0.003828
v -0.042308 0.047500 0.004253
v -0.042308 0.049953 0.001746
v -0.059231 0.047500 0.001137
v -0.059231 0.049953 -0.001379
v -0.076154 0.047500 -0.003019
v -0.076154 0.049953 -0.005544
v -0.093077 0.049953 -0.010751
v -0.093077 0.047500 -0.008219
v -0.093077 0.132500 -0.008219
v -0.093077 0.130047 -0.010751
v -0.076154 0.132500 -0.003019
v -0.076154 0.130047 -0.005544
v -0.059231 0.132500 0.001137
v -0.059231 0.130047 -0.001379
v -0.042308 0.132500 0.004253
v -0.042308 0.130047 0.001746
v -0.025385 0.132500 0.006330
v -0.025385 0.130047 0.003828
v -0.008462 0.132500 0.007368
v -0.008462 0.130047 0.004870
v 0.008462 0.132500 0.007368
v 0.008462 0.130047 0.004870
v 0.025385 0.132500 0.006330
v 0.025385 0.130047 0.003828
v 0.042308 0.132500 0.004253
v 0.042308 0.130047 0.001746
v 0.059231 0.132500 0.001137
v 0.059231 0.130047 -0.001379
v 0.076154 0.132500 -0.003019
v 0.076154 0.130047 -0.005544
v 0.093077 0.130047 -0.010751
v 0.093077 0.132500 -0.008219
v 0.110000 0.125962 -0.014547
v 0.107698 0.125962 -0.016150
v 0.110000 0.119423 -0.014547
v 0.107698 0.119423 -0.016150
v 0.110000 0.112885 -0.014547
v 0.107698 0.112885 -0.016150
v 0.110000 0.106346 -0.014547
v 0.107698 0.106346 -0.016150
v 0.110000 0.099808 -0.014547
v 0.107698 0.099808 -0.016150
v 0.110000 0.093269 -0.014547
v 0.107698 0.093269 -0.016150
v 0.110000 0.086731 -0.014547
v 0.107698 0.086731 -0.016150
v 0.110000 0.080192 -0.014547
v 0.107698 0.080192 -0.016150
v 0.110000 0.073654 -0.014547
v 0.107698 0.073654 -0.016150
v 0.110000 0.067115 -0.014547
v 0.107698 0.067115 -0.016150
v 0.110000 0.060577 -0.014547
v 0.107698 0.060577 -0.016150
v 0.107698 0.054038 -0.016150
v 0.110000 0.054038 -0.014547
v 0.107547 0.047500 0.015291
v 0.110000 0.049953 0.014385
v 0.107547 0.047500 0.012675
v 0.110000 0.049953 0.011769
v 0.107547 0.047500 0.010060
v 0.110000 0.049953 0.009154
v 0.107547 0.047500 0.007444
v 0.110000 0.049953 0.006538
v 0.107547 0.047500 0.004829
v 0.110000 0.049953 0.003923
v 0.107547 0.047500 0.002214
v 0.110000 0.049953 0.001308
v 0.107547 0.047500 -0.000402
v 0.110000 0.049953 -0.001308
v 0.107547 0.047500 -0.003017
v 0.110000 0.049953 -0.003923
v 0.107547 0.047500 -0.005633
v 0.110000 0.049953 -0.006538
v 0.107547 0.047500 -0.008248
v 0.110000 0.049953 -0.009154
v 0.107547 0.047500 -0.010863
v 0.110000 0.049953 -0.011769
v 0.110000 0.049953 -0.014385
v 0.107547 0.047500 -0.013479
v 0.107547 0.132500 -0.013479
v 0.110000 0.130047 -0.014385
v 0.107547 0.132500 -0.010863
v 0.110000 0.130047 -0.011769
v 0.107547 0.132500 -0.008248
v 0.110000 0.130047 -0.009154
v 0.107547 0.132500 -0.005633
v 0.110000 0.130047 -0.006538
v 0.107547 0.132500 -0.003017
v 0.110000 0.130047 -0.003923
v 0.107547 0.132500 -0.000402
v 0.110000 0.130047 -0.001308
v 0.107547 0.132500 0.002214
v 0.110000 0.130047 0.001308
v 0.107547 0.132500 0.004829
v 0.110000 0.130047 0.003923
v 0.107547 0.132500 0.007444
v 0.110000 0.130047 0.006538
v 0.107547 0.132500 0.010060
v 0.110000 0.130047 0.009154
v 0.107547 0.132500 0.012675
v 0.110000 0.130047 0.011769
v 0.110000 0.130047 0.014385
v 0.107547 0.132500 0.015291
v 0.107698 0.125962 0.017850
v 0.110000 0.125962 0.014547
v 0.107698 0.119423 0.017850
v 0.110000 0.119423 0.014547
v 0.107698 0.112885 0.017850
v 0.110000 0.112885 0.014547
v 0.107698 0.106346 0.017850
v 0.110000 0.106346 0.014547
v 0.107698 0.099808 0.017850
v 0.110000 0.099808 0.014547
v 0.107698 0.093269 0.017850
v 0.110000 0.093269 0.014547
v 0.107698 0.086731 0.017850
v 0.110000 0.086731 0.014547
v 0.107698 0.080192 0.017850
v 0.110000 0.080192 0.014547
v 0.107698 0.073654 0.017850
v 0.110000 0.073654 0.014547
v 0.107698 0.067115 0.017850
v 0.110000 0.067115 0.014547
v 0.107698 0.060577 0.017850
v 0.110000 0.060577 0.014547
v 0.110000 0.054038 0.014547
v 0.107698 0.054038 0.017850
v -0.093077 0.047500 0.020716
v -0.093077 0.049953 0.023249
v -0.076154 0.047500 0.025931
v -0.076154 0.049953 0.028456
v -0.059231 0.047500 0.030105
v -0.059231 0.049953 0.032621
v -0.042308 0.047500 0.033238
v -0.042308 0.049953 0.035746
v -0.025385 0.047500 0.035327
v -0.025385 0.049953 0.037828
v -0.008462 0.047500 0.036372
v -0.008462 0.049953 0.038870
v 0.008462 0.047500 0.036372
v 0.008462 0.049953 0.038870
v 0.025385 0.047500 0.035327
v 0.025385 0.049953 0.037828
v 0.042308 0.047500 0.033238
v 0.042308 0.049953 0.035746
v 0.059231 0.047500 0.030105
v 0.059231 0.049953 0.032621
v 0.076154 0.047500 0.025931
v 0.076154 0.049953 0.028456
v 0.093077 0.049953 0.023249
v 0.093077 0.047500 0.020716
v 0.093077 0.132500 0.020716
v 0.093077 0.130047 0.023249
v 0.076154 0.132500 0.025931
v 0.076154 0.130047 0.028456
v 0.059231 0.132500 0.030105
v 0.059231 0.130047 0.032621
v 0.042308 0.132500 0.033238
v 0.042308 0.130047 0.035746
v 0.025385 0.132500 0.035327
v 0.025385 0.130047 0.037828
v 0.008462 0.132500 0.036372
v 0.008462 0.130047 0.038870
v -0.008462 0.132500 0.036372
v -0.008462 0.130047 0.038870
v -0.025385 0.132500 0.035327
v -0.025385 0.130047 0.037828
v -0.042308 0.132500 0.033238
v -0.042308 0.130047 0.035746
v -0.059231 0.132500 0.030105
v -0.059231 0.130047 0.032621
v -0.076154 0.132500 0.025931
v -0.076154 0.130047 0.028456
v -0.093077 0.130047 0.023249
v -0.093077 0.132500 0.020716
v -0.070000 0.000863 0.003962
v -0.070000 0.066642 0.027903
v -0.068444 0.000643 0.004567
v -0.068444 0.066421 0.028509
v -0.067800 0.000111 0.006029
v -0.067800 0.065889 0.029971
v -0.068444 -0.000421 0.007491
v -0.068444 0.065357 0.031433
v -0.070000 -0.000642 0.008097
v -0.070000 0.065137 0.032038
v -0.071556 -0.000421 0.007491
v -0.071556 0.065357 0.031433
v -0.072200 0.000111 0.006029
v -0.072200 0.065889 0.029971
v -0.071556 0.000643 0.004567
v -0.071556 0.066421 0.028509
v -0.070000 -0.000642 -0.008097
v -0.070000 0.065137 -0.032038
v -0.068444 -0.000421 -0.007491
v -0.068444 0.065357 -0.031433
v -0.067800 0.000111 -0.006029
v -0.067800 0.065889 -0.029971
v -0.068444 0.000643 -0.004567
v -0.068444 0.066421 -0.028509
v -0.070000 0.000863 -0.003962
v -0.070000 0.066642 -0.027903
v -0.071556 0.000643 -0.004567
v -0.071556 0.066421 -0.028509
v -0.072200 0.000111 -0.006029
v -0.072200 0.065889 -0.029971
v -0.071556 -0.000421 -0.007491
v -0.071556 0.065357 -0.031433
v 0.070000 0.000863 0.003962
v 0.070000 0.066642 0.027903
v 0.071556 0.000643 0.004567
v 0.071556 0.066421 0.028509
v 0.072200 0.000111 0.006029
v 0.072200 0.065889 0.029971
v 0.071556 -0.000421 0.007491
v 0.071556 0.065357 0.031433
v 0.070000 -0.000642 0.008097
v 0.070000 0.065137 0.032038
v 0.068444 -0.000421 0.007491
v 0.068444 0.065357 0.031433
v 0.067800 0.000111 0.006029
v 0.067800 0.065889 0.029971
v 0.068444 0.000643 0.004567
v 0.068444 0.066421 0.028509
v 0.070000 -0.000642 -0.008097
v 0.070000 0.065137 -0.032038
v 0.071556 -0.000421 -0.007491
v 0.071556 0.065357 -0.031433
v 0.072200 0.000111 -0.006029
v 0.072200 0.065889 -0.029971
v 0.071556 0.000643 -0.004567
v 0.071556 0.066421 -0.028509
v 0.070000 0.000863 -0.003962
v 0.070000 0.066642 -0.027903
v 0.068444 0.000643 -0.004567
v 0.068444 0.066421 -0.028509
v 0.067800 0.000111 -0.006029
v 0.067800 0.065889 -0.029971
v 0.068444 -0.000421 -0.007491
v 0.068444 0.065357 -0.031433
v -0.022000 0.132500 0.010000
v -0.022000 0.135500 0.013000
v -0.025000 0.135500 0.010000
v -0.022000 0.133379 0.012121
v -0.023732 0.133768 0.011732
v -0.024121 0.135500 0.012121
v -0.024121 0.133379 0.010000
v -0.022000 0.149500 0.013000
v -0.022000 0.152500 0.010000
v -0.025000 0.149500 0.010000
v -0.022000 0.151621 0.012121
v -0.023732 0.151232 0.011732
v -0.024121 0.151621 0.010000
v -0.024121 0.149500 0.012121
v -0.022000 0.132500 -0.018000
v -0.025000 0.135500 -0.018000
v -0.022000 0.135500 -0.021000
v -0.024121 0.133379 -0.018000
v -0.023732 0.133768 -0.019732
v -0.024121 0.135500 -0.020121
v -0.022000 0.133379 -0.020121
v -0.022000 0.152500 -0.018000
v -0.022000 0.149500 -0.021000
v -0.025000 0.149500 -0.018000
v -0.022000 0.151621 -0.020121
v -0.023732 0.151232 -0.019732
v -0.024121 0.149500 -0.020121
v -0.024121 0.151621 -0.018000
v 0.022000 0.132500 0.010000
v 0.025000 0.135500 0.010000
v 0.022000 0.135500 0.013000
v 0.024121 0.133379 0.010000
v 0.023732 0.133768 0.011732
v 0.024121 0.135500 0.012121
v 0.022000 0.133379 0.012121
v 0.022000 0.152500 0.010000
v 0.022000 0.149500 0.013000
v 0.025000 0.149500 0.010000
v 0.022000 0.151621 0.012121
v 0.023732 0.151232 0.011732
v 0.024121 0.149500 0.012121
v 0.024121 0.151621 0.010000
v 0.022000 0.132500 -0.018000
v 0.022000 0.135500 -0.021000
v 0.025000 0.135500 -0.018000
v 0.022000 0.133379 -0.020121
v 0.023732 0.133768 -0.019732
v 0.024121 0.135500 -0.020121
v 0.024121 0.133379 -0.018000
v 0.022000 0.152500 -0.018000
v 0.025000 0.149500 -0.018000
v 0.022000 0.149500 -0.021000
v 0.024121 0.151621 -0.018000
v 0.023732 0.151232 -0.019732
v 0.024121 0.149500 -0.020121
v 0.022000 0.151621 -0.020121
v 0.018000 0.152500 -0.005400
v 0.018000 0.227500 -0.005400
v 0.018990 0.152500 -0.004990
v 0.018990 0.227500 -0.004990
v 0.019400 0.152500 -0.004000
v 0.019400 0.227500 -0.004000
v 0.018990 0.152500 -0.003010
v 0.018990 0.227500 -0.003010
v 0.018000 0.152500 -0.002600
v 0.018000 0.227500 -0.002600
v 0.017010 0.152500 -0.003010
v 0.017010 0.227500 -0.003010
v 0.016600 0.152500 -0.004000
v 0.016600 0.227500 -0.004000
v 0.017010 0.152500 -0.004990
v 0.017010 0.227500 -0.004990
v 0.018000 0.225500 -0.006600
v 0.018000 0.229500 -0.006600
v 0.019528 0.225500 -0.006103
v 0.019528 0.229500 -0.006103
v 0.020473 0.225500 -0.004803
v 0.020473 0.229500 -0.004803
v 0.020473 0.225500 -0.003197
v 0.020473 0.229500 -0.003197
v 0.019528 0.225500 -0.001897
v 0.019528 0.229500 -0.001897
v 0.018000 0.225500 -0.001400
v 0.018000 0.229500 -0.001400
v 0.016472 0.225500 -0.001897
v 0.016472 0.229500 -0.001897
v 0.015527 0.225500 -0.003197
v 0.015527 0.229500 -0.003197
v 0.015527 0.225500 -0.004803
v 0.015527 0.229500 -0.004803
v 0.016472 0.225500 -0.006103
v 0.016472 0.229500 -0.006103
v -0.014000 0.156734 0.006661
v -0.014000 0.153500 0.004500
v -0.013330 0.156734 0.006840
v -0.012763 0.155975 0.005857
v -0.012383 0.154839 0.005200
v -0.012250 0.153500 0.004969
v -0.012383 0.152161 0.005200
v -0.012763 0.151025 0.005857
v -0.013330 0.150266 0.006840
v -0.012840 0.156734 0.007330
v -0.011857 0.155975 0.006763
v -0.011200 0.154839 0.006383
v -0.010969 0.153500 0.006250
v -0.011200 0.152161 0.006383
v -0.011857 0.151025 0.006763
v -0.012840 0.150266 0.007330
v -0.012661 0.156734 0.008000
v -0.011525 0.155975 0.008000
v -0.010766 0.154839 0.008000
v -0.010500 0.153500 0.008000
v -0.010766 0.152161 0.008000
v -0.011525 0.151025 0.008000
v -0.012661 0.150266 0.008000
v -0.012840 0.156734 0.008670
v -0.011857 0.155975 0.009237
v -0.011200 0.154839 0.009617
v -0.010969 0.153500 0.009750
v -0.011200 0.152161 0.009617
v -0.011857 0.151025 0.009237
v -0.012840 0.150266 0.008670
v -0.013330 0.156734 0.009160
v -0.012763 0.155975 0.010143
v -0.012383 0.154839 0.010800
v -0.012250 0.153500 0.011031
v -0.012383 0.152161 0.010800
v -0.012763 0.151025 0.010143
v -0.013330 0.150266 0.009160
v -0.014000 0.156734 0.009339
v -0.014000 0.155975 0.010475
v -0.014000 0.154839 0.011234
v -0.014000 0.153500 0.011500
v -0.014000 0.152161 0.011234
v -0.014000 0.151025 0.010475
v -0.014000 0.150266 0.009339
v -0.014670 0.156734 0.009160
v -0.015237 0.155975 0.010143
v -0.015617 0.154839 0.010800
v -0.015750 0.153500 0.011031
v -0.015617 0.152161 0.010800
v -0.015237 0.151025 0.010143
v -0.014670 0.150266 0.009160
v -0.014000 0.150000 0.008000
v -0.014000 0.157000 0.008000
v -0.015160 0.156734 0.008670
v -0.016143 0.155975 0.009237
v -0.016800 0.154839 0.009617
v -0.017031 0.153500 0.009750
v -0.016800 0.152161 0.009617
v -0.016143 0.151025 0.009237
v -0.015160 0.150266 0.008670
v -0.015339 0.156734 0.008000
v -0.016475 0.155975 0.008000
v -0.017234 0.154839 0.008000
v -0.017500 0.153500 0.008000
v -0.017234 0.152161 0.008000
v -0.016475 0.151025 0.008000
v -0.015339 0.150266 0.008000
v -0.015160 0.156734 0.007330
v -0.016143 0.155975 0.006763
v -0.016800 0.154839 0.006383
v -0.017031 0.153500 0.006250
v -0.016800 0.152161 0.006383
v -0.016143 0.151025 0.006763
v -0.015160 0.150266 0.007330
v -0.014670 0.156734 0.006840
v -0.015237 0.155975 0.005857
v -0.015617 0.154839 0.005200
v -0.015750 0.153500 0.004969
v -0.015617 0.152161 0.005200
v -0.015237 0.151025 0.005857
v -0.014670 0.150266 0.006840
v -0.014000 0.155975 0.005525
v -0.014000 0.154839 0.004766
v -0.014000 0.152161 0.004766
v -0.014000 0.151025 0.005525
v -0.014000 0.150266 0.006661
v -0.050829 0.120543 -0.004744
v -0.051457 0.120629 -0.005792
v -0.051231 0.120346 -0.006962
v -0.050285 0.119860 -0.007568
v -0.049171 0.119457 -0.007256
v -0.048543 0.119371 -0.006208
v -0.048769 0.119654 -0.005038
v -0.049715 0.120140 -0.004432
v -0.024708 0.141593 -0.008869
v -0.024588 0.142046 -0.010000
v -0.024708 0.141593 -0.011131
v -0.025000 0.140500 -0.011600
v -0.025292 0.139407 -0.011131
v -0.025412 0.138954 -0.010000
v -0.025292 0.139407 -0.008869
v -0.025000 0.140500 -0.008400
v -0.024708 0.141593 -0.008869
v -0.024588 0.142046 -0.010000
v -0.024708 0.141593 -0.011131
v -0.025000 0.140500 -0.011600
v -0.025292 0.139407 -0.011131
v -0.025412 0.138954 -0.010000
v -0.025292 0.139407 -0.008869
v -0.025000 0.140500 -0.008400
v -0.027338 0.142567 -0.008909
v -0.027124 0.142987 -0.010039
v -0.027288 0.142550 -0.011171
v -0.027733 0.141511 -0.011641
v -0.028199 0.140479 -0.011175
v -0.028413 0.140059 -0.010045
v -0.028250 0.140496 -0.008913
v -0.027804 0.141536 -0.008442
v -0.029800 0.143838 -0.008999
v -0.029548 0.144240 -0.010128
v -0.029729 0.143811 -0.011261
v -0.030239 0.142802 -0.011733
v -0.030777 0.141805 -0.011269
v -0.031030 0.141404 -0.010140
v -0.030848 0.141833 -0.009008
v -0.030339 0.142841 -0.008535
v -0.032223 0.145121 -0.009093
v -0.032001 0.145537 -0.010223
v -0.032168 0.145101 -0.011355
v -0.032627 0.144068 -0.011826
v -0.033109 0.143044 -0.011360
v -0.033331 0.142627 -0.010230
v -0.033164 0.143063 -0.009098
v -0.032705 0.144096 -0.008627
v -0.034738 0.146090 -0.009137
v -0.034633 0.146547 -0.010268
v -0.034747 0.146092 -0.011400
v -0.035012 0.144993 -0.011868
v -0.035275 0.143892 -0.011400
v -0.035380 0.143435 -0.010268
v -0.035266 0.143890 -0.009137
v -0.035001 0.144990 -0.008668
v -0.037455 0.146357 -0.009070
v -0.037556 0.146829 -0.010195
v -0.037574 0.146367 -0.011329
v -0.037500 0.145242 -0.011807
v -0.037377 0.144113 -0.011350
v -0.037276 0.143641 -0.010224
v -0.037258 0.144103 -0.009090
v -0.037332 0.145228 -0.008612
v -0.040375 0.145528 -0.008833
v -0.040699 0.145938 -0.009940
v -0.040614 0.145505 -0.011083
v -0.040169 0.144484 -0.011591
v -0.039625 0.143472 -0.011167
v -0.039301 0.143062 -0.010060
v -0.039386 0.143495 -0.008917
v -0.039831 0.144516 -0.008409
v -0.044363 0.142579 -0.008242
v -0.044873 0.142850 -0.009322
v -0.044702 0.142481 -0.010477
v -0.043950 0.141689 -0.011031
v -0.043058 0.140938 -0.010659
v -0.042547 0.140667 -0.009579
v -0.042718 0.141036 -0.008424
v -0.043470 0.141828 -0.007870
v -0.046692 0.138803 -0.007595
v -0.047314 0.138902 -0.008645
v -0.047092 0.138613 -0.009814
v -0.046155 0.138103 -0.010416
v -0.045053 0.137672 -0.010100
v -0.044432 0.137573 -0.009050
v -0.044654 0.137862 -0.007881
v -0.045590 0.138372 -0.007278
v -0.047912 0.134510 -0.006915
v -0.048571 0.134493 -0.007946
v -0.048331 0.134257 -0.009124
v -0.047332 0.133940 -0.009757
v -0.046160 0.133728 -0.009476
v -0.045500 0.133744 -0.008444
v -0.045740 0.133980 -0.007267
v -0.046739 0.134297 -0.006633
v -0.048631 0.129927 -0.006212
v -0.049297 0.129878 -0.007238
v -0.049054 0.129657 -0.008418
v -0.048045 0.129394 -0.009060
v -0.046861 0.129243 -0.008788
v -0.046195 0.129292 -0.007761
v -0.046438 0.129513 -0.006582
v -0.047447 0.129776 -0.005940
v -0.049425 0.125222 -0.005488
v -0.050082 0.125214 -0.006521
v -0.049843 0.124974 -0.007698
v -0.048848 0.124643 -0.008329
v -0.047679 0.124414 -0.008045
v -0.047021 0.124422 -0.007012
v -0.047260 0.124661 -0.005835
v -0.048256 0.124993 -0.005204
v -0.050829 0.120543 -0.004744
v -0.051457 0.120629 -0.005792
v -0.051231 0.120346 -0.006962
v -0.050285 0.119860 -0.007568
v -0.049171 0.119457 -0.007256
v -0.048543 0.119371 -0.006208
v -0.048769 0.119654 -0.005038
v -0.049715 0.120140 -0.004432
v -0.050829 0.120543 0.007256
v -0.051457 0.120629 0.006208
v -0.051231 0.120346 0.005038
v -0.050285 0.119860 0.004432
v -0.049171 0.119457 0.004744
v -0.048543 0.119371 0.005792
v -0.048769 0.119654 0.006962
v -0.049715 0.120140 0.007568
v -0.024708 0.141593 0.003131
v -0.024588 0.142046 0.002000
v -0.024708 0.141593 0.000869
v -0.025000 0.140500 0.000400
v -0.025292 0.139407 0.000869
v -0.025412 0.138954 0.002000
v -0.025292 0.139407 0.003131
v -0.025000 0.140500 0.003600
v -0.024708 0.141593 0.003131
v -0.024588 0.142046 0.002000
v -0.024708 0.141593 0.000869
v -0.025000 0.140500 0.000400
v -0.025292 0.139407 0.000869
v -0.025412 0.138954 0.002000
v -0.025292 0.139407 0.003131
v -0.025000 0.140500 0.003600
v -0.027338 0.142567 0.003091
v -0.027124 0.142987 0.001961
v -0.027288 0.142550 0.000829
v -0.027733 0.141511 0.000359
v -0.028199 0.140479 0.000825
v -0.028413 0.140059 0.001955
v -0.028250 0.140496 0.003087
v -0.027804 0.141536 0.003558
v -0.029800 0.143838 0.003001
v -0.029548 0.144240 0.001872
v -0.029729 0.143811 0.000739
v -0.030239 0.142802 0.000267
v -0.030777 0.141805 0.000731
v -0.031030 0.141404 0.001860
v -0.030848 0.141833 0.002992
v -0.030339 0.142841 0.003465
v -0.032223 0.145121 0.002907
v -0.032001 0.145537 0.001777
v -0.032168 0.145101 0.000645
v -0.032627 0.144068 0.000174
v -0.033109 0.143044 0.000640
v -0.033331 0.142627 0.001770
v -0.033164 0.143063 0.002902
v -0.032705 0.144096 0.003373
v -0.034738 0.146090 0.002863
v -0.034633 0.146547 0.001732
v -0.034747 0.146092 0.000600
v -0.035012 0.144993 0.000132
v -0.035275 0.143892 0.000600
v -0.035380 0.143435 0.001732
v -0.035266 0.143890 0.002863
v -0.035001 0.144990 0.003332
v -0.037455 0.146357 0.002930
v -0.037556 0.146829 0.001805
v -0.037574 0.146367 0.000671
v -0.037500 0.145242 0.000193
v -0.037377 0.144113 0.000650
v -0.037276 0.143641 0.001776
v -0.037258 0.144103 0.002910
v -0.037332 0.145228 0.003388
v -0.040375 0.145528 0.003167
v -0.040699 0.145938 0.002060
v -0.040614 0.145505 0.000917
v -0.040169 0.144484 0.000409
v -0.039625 0.143472 0.000833
v -0.039301 0.143062 0.001940
v -0.039386 0.143495 0.003083
v -0.039831 0.144516 0.003591
v -0.044363 0.142579 0.003758
v -0.044873 0.142850 0.002678
v -0.044702 0.142481 0.001523
v -0.043950 0.141689 0.000969
v -0.043058 0.140938 0.001341
v -0.042547 0.140667 0.002421
v -0.042718 0.141036 0.003576
v -0.043470 0.141828 0.004130
v -0.046692 0.138803 0.004405
v -0.047314 0.138902 0.003355
v -0.047092 0.138613 0.002186
v -0.046155 0.138103 0.001584
v -0.045053 0.137672 0.001900
v -0.044432 0.137573 0.002950
v -0.044654 0.137862 0.004119
v -0.045590 0.138372 0.004722
v -0.047912 0.134510 0.005085
v -0.048571 0.134493 0.004054
v -0.048331 0.134257 0.002876
v -0.047332 0.133940 0.002243
v -0.046160 0.133728 0.002524
v -0.045500 0.133744 0.003556
v -0.045740 0.133980 0.004733
v -0.046739 0.134297 0.005367
v -0.048631 0.129927 0.005788
v -0.049297 0.129878 0.004762
v -0.049054 0.129657 0.003582
v -0.048045 0.129394 0.002940
v -0.046861 0.129243 0.003212
v -0.046195 0.129292 0.004239
v -0.046438 0.129513 0.005418
v -0.047447 0.129776 0.006060
v -0.049425 0.125222 0.006512
v -0.050082 0.125214 0.005479
v -0.049843 0.124974 0.004302
v -0.048848 0.124643 0.003671
v -0.047679 0.124414 0.003955
v -0.047021 0.124422 0.004988
v -0.047260 0.124661 0.006165
v -0.048256 0.124993 0.006796
v -0.050829 0.120543 0.007256
v -0.051457 0.120629 0.006208
v -0.051231 0.120346 0.005038
v -0.050285 0.119860 0.004432
v -0.049171 0.119457 0.004744
v -0.048543 0.119371 0.005792
v -0.048769 0.119654 0.006962
v -0.049715 0.120140 0.007568
vn 0.3464 -0.0000 -0.9381
vn 0.3204 -0.0000 -0.9473
vn 1.0000 -0.0000 -0.0000
vn 0.5568 0.3313 0.7617
vn 0.3204 -0.0000 0.9473
vn 0.6115 -0.0000 0.7912
vn -0.0000 1.0000 -0.0000
vn -0.0001 1.0000 -0.0000
vn -1.0000 -0.0000 -0.0000
vn 0.9541 -0.0000 0.2996
vn 0.2667 -0.0000 0.9638
vn 0.2104 -0.0000 0.9776
vn 0.1519 -0.0000 0.9884
vn 0.0918 -0.0000 0.9958
vn 0.0307 -0.0000 0.9995
vn -0.0307 -0.0000 0.9995
vn -0.0918 -0.0000 0.9958
vn -0.1519 -0.0000 0.9884
vn -0.2104 -0.0000 0.9776
vn -0.2667 -0.0000 0.9638
vn -0.3204 -0.0000 0.9473
vn -0.3204 -0.0000 -0.9473
vn -0.3464 -0.0000 -0.9381
vn -0.2667 -0.0000 -0.9638
vn -0.2104 -0.0000 -0.9776
vn -0.1519 -0.0000 -0.9884
vn -0.0918 -0.0000 -0.9958
vn -0.0307 -0.0000 -0.9995
vn 0.0307 -0.0000 -0.9995
vn 0.0918 -0.0000 -0.9958
vn 0.1519 -0.0000 -0.9884
vn 0.2104 -0.0000 -0.9776
vn 0.2667 -0.0000 -0.9638
vn -0.9061 0.3365 0.2565
vn -0.9541 -0.0000 0.2996
vn -0.0000 -1.0000 -0.0000
vn 0.5568 -0.3313 0.7617
vn 0.9061 -0.3365 0.2565
vn -0.5568 -0.3313 0.7617
vn -0.6115 -0.0000 0.7912
vn -0.5846 -0.6980 0.4136
vn -0.9061 -0.3365 0.2565
vn -0.5568 0.3313 0.7617
vn -0.5846 0.6980 0.4136
vn -0.6090 -0.7320 -0.3055
vn -0.0797 -0.7263 -0.6828
vn -0.3127 -0.8304 -0.4612
vn -0.3127 0.8304 -0.4612
vn -0.0797 0.7263 -0.6828
vn -0.6090 0.7320 -0.3055
vn 0.5846 -0.6980 0.4136
vn 0.5846 0.6980 0.4136
vn 0.9061 0.3365 0.2565
vn 0.0797 -0.7263 -0.6828
vn 0.6090 -0.7320 -0.3055
vn 0.3127 -0.8304 -0.4612
vn 0.3127 0.8304 -0.4612
vn 0.6090 0.7320 -0.3055
vn 0.0797 0.7263 -0.6828
vn -0.7071 -0.7071 -0.0000
vn -0.7071 0.7071 -0.0000
vn -0.5717 -0.0000 -0.8205
vn 0.2319 -0.6987 -0.6768
vn 0.2261 -0.6996 -0.6778
vn -0.2319 0.6987 -0.6768
vn -0.2261 0.6996 -0.6778
vn 0.5717 -0.0000 -0.8205
vn 0.7071 -0.7071 -0.0000
vn 0.7071 0.7071 -0.0000
vn 0.2321 -0.6987 0.6767
vn 0.2263 -0.6995 0.6778
vn -0.2321 0.6987 0.6767
vn -0.2263 0.6995 0.6778
vn -0.2319 -0.6987 -0.6768
vn -0.2261 -0.6996 -0.6778
vn -0.1917 -0.7040 -0.6839
vn -0.1868 -0.7045 -0.6847
vn -0.1504 -0.7079 -0.6901
vn -0.1464 -0.7082 -0.6907
vn -0.1082 -0.7107 -0.6952
vn -0.1053 -0.7108 -0.6955
vn -0.0652 -0.7124 -0.6987
vn -0.0634 -0.7124 -0.6989
vn -0.0218 -0.7133 -0.7005
vn -0.0212 -0.7133 -0.7006
vn 0.0218 -0.7133 -0.7005
vn 0.0634 -0.7124 -0.6989
vn 0.0212 -0.7133 -0.7006
vn 0.1053 -0.7108 -0.6955
vn 0.0652 -0.7124 -0.6987
vn 0.1464 -0.7082 -0.6907
vn 0.1082 -0.7107 -0.6952
vn 0.1868 -0.7045 -0.6847
vn 0.1504 -0.7079 -0.6901
vn 0.1917 -0.7040 -0.6839
vn 0.2319 0.6987 -0.6768
vn 0.2261 0.6996 -0.6778
vn 0.1917 0.7040 -0.6839
vn 0.1868 0.7045 -0.6847
vn 0.1504 0.7079 -0.6901
vn 0.1464 0.7082 -0.6907
vn 0.1082 0.7107 -0.6952
vn 0.1053 0.7108 -0.6955
vn 0.0652 0.7124 -0.6987
vn 0.0634 0.7124 -0.6989
vn 0.0218 0.7133 -0.7005
vn -0.0212 0.7133 -0.7006
vn 0.0212 0.7133 -0.7006
vn -0.0634 0.7124 -0.6989
vn -0.0218 0.7133 -0.7005
vn -0.1053 0.7108 -0.6955
vn -0.0652 0.7124 -0.6987
vn -0.1464 0.7082 -0.6907
vn -0.1082 0.7107 -0.6952
vn -0.1868 0.7045 -0.6847
vn -0.1504 0.7079 -0.6901
vn -0.1917 0.7040 -0.6839
vn -0.2321 -0.6987 0.6767
vn -0.1920 -0.7039 0.6838
vn -0.2263 -0.6995 0.6778
vn -0.1508 -0.7078 0.6901
vn -0.1871 -0.7045 0.6846
vn -0.1085 -0.7106 0.6951
vn -0.1468 -0.7081 0.6907
vn -0.0654 -0.7124 0.6987
vn -0.1056 -0.7107 0.6955
vn -0.0219 -0.7133 0.7005
vn -0.0636 -0.7124 0.6989
vn 0.0212 -0.7133 0.7006
vn -0.0212 -0.7133 0.7006
vn 0.0219 -0.7133 0.7005
vn 0.0636 -0.7124 0.6989
vn 0.0654 -0.7124 0.6987
vn 0.1056 -0.7107 0.6955
vn 0.1085 -0.7106 0.6951
vn 0.1468 -0.7081 0.6907
vn 0.1508 -0.7078 0.6901
vn 0.1871 -0.7045 0.6846
vn 0.1920 -0.7039 0.6838
vn 0.2321 0.6987 0.6767
vn 0.1920 0.7039 0.6838
vn 0.2263 0.6995 0.6778
vn 0.1508 0.7078 0.6901
vn 0.1871 0.7045 0.6846
vn 0.1085 0.7106 0.6951
vn 0.1468 0.7081 0.6907
vn 0.0654 0.7124 0.6987
vn 0.1056 0.7107 0.6955
vn 0.0219 0.7133 0.7005
vn 0.0636 0.7124 0.6989
vn -0.0219 0.7133 0.7005
vn 0.0212 0.7133 0.7006
vn -0.0636 0.7124 0.6989
vn -0.0212 0.7133 0.7006
vn -0.0654 0.7124 0.6987
vn -0.1056 0.7107 0.6955
vn -0.1085 0.7106 0.6951
vn -0.1468 0.7081 0.6907
vn -0.1508 0.7078 0.6901
vn -0.1871 0.7045 0.6846
vn -0.1920 0.7039 0.6838
vn 0.3827 0.3160 -0.8682
vn 0.9239 0.1309 -0.3596
vn 0.9239 -0.1309 0.3596
vn 0.3827 -0.3160 0.8682
vn -0.3827 -0.3160 0.8682
vn -0.9239 -0.1309 0.3596
vn -0.0000 0.9397 0.3420
vn -0.9239 0.1309 -0.3596
vn -0.3827 0.3160 -0.8682
vn -0.0000 -0.9397 -0.3420
vn 0.3827 -0.3160 -0.8682
vn 0.9239 -0.1309 -0.3596
vn 0.9239 0.1309 0.3596
vn 0.3827 0.3160 0.8682
vn -0.3827 0.3160 0.8682
vn -0.9239 0.1309 0.3596
vn -0.0000 0.9397 -0.3420
vn -0.9239 -0.1309 -0.3596
vn -0.3827 -0.3160 -0.8682
vn -0.0000 -0.9397 0.3420
vn 0.1794 0.1794 0.9673
vn -0.1794 -0.1794 0.9673
vn 0.1794 -0.1794 0.9673
vn 0.9673 0.1794 -0.1794
vn 0.9673 -0.1794 0.1794
vn 0.9673 -0.1794 -0.1794
vn -0.1794 0.9673 -0.1794
vn 0.1794 0.9673 0.1794
vn 0.1794 0.9673 -0.1794
vn -0.9673 0.1794 0.1794
vn -0.9673 -0.1794 -0.1794
vn -0.9673 -0.1794 0.1794
vn -0.1794 0.1794 -0.9673
vn 0.1794 -0.1794 -0.9673
vn -0.1794 -0.1794 -0.9673
vn -0.1794 -0.9673 0.1794
vn -0.3251 -0.8881 0.3251
vn -0.3791 -0.9152 0.1369
vn -0.3251 -0.3251 0.8881
vn -0.1369 -0.3791 0.9152
vn -0.8881 -0.3251 0.3251
vn -0.9152 -0.1369 0.3791
vn -0.1794 0.1794 0.9673
vn -0.3251 0.3251 0.8881
vn -0.3791 0.1369 0.9152
vn -0.1794 0.9673 0.1794
vn -0.3251 0.8881 0.3251
vn -0.1369 0.9152 0.3791
vn -0.8881 0.3251 0.3251
vn -0.9152 0.3791 0.1369
vn -0.1794 -0.9673 -0.1794
vn -0.3251 -0.8881 -0.3251
vn -0.1369 -0.9152 -0.3791
vn -0.8881 -0.3251 -0.3251
vn -0.9152 -0.3791 -0.1369
vn -0.3251 -0.3251 -0.8881
vn -0.3791 -0.1369 -0.9152
vn -0.3251 0.8881 -0.3251
vn -0.3791 0.9152 -0.1369
vn -0.3251 0.3251 -0.8881
vn -0.1369 0.3791 -0.9152
vn -0.9673 0.1794 -0.1794
vn -0.8881 0.3251 -0.3251
vn -0.9152 0.1369 -0.3791
vn 0.1794 -0.9673 0.1794
vn 0.3251 -0.8881 0.3251
vn 0.1369 -0.9152 0.3791
vn 0.8881 -0.3251 0.3251
vn 0.9152 -0.3791 0.1369
vn 0.3251 -0.3251 0.8881
vn 0.3791 -0.1369 0.9152
vn 0.3251 0.8881 0.3251
vn 0.3791 0.9152 0.1369
vn 0.3251 0.3251 0.8881
vn 0.1369 0.3791 0.9152
vn 0.9673 0.1794 0.1794
vn 0.8881 0.3251 0.3251
vn 0.9152 0.1369 0.3791
vn 0.1794 -0.9673 -0.1794
vn 0.3251 -0.8881 -0.3251
vn 0.3791 -0.9152 -0.1369
vn 0.3251 -0.3251 -0.8881
vn 0.1369 -0.3791 -0.9152
vn 0.8881 -0.3251 -0.3251
vn 0.9152 -0.1369 -0.3791
vn 0.3251 0.8881 -0.3251
vn 0.1369 0.9152 -0.3791
vn 0.8881 0.3251 -0.3251
vn 0.9152 0.3791 -0.1369
vn 0.1794 0.1794 -0.9673
vn 0.3251 0.3251 -0.8881
vn 0.3791 0.1369 -0.9152
vn -0.3791 -0.9152 -0.1369
vn -0.9152 -0.3791 0.1369
vn -0.3791 -0.1369 0.9152
vn -0.9152 0.1369 0.3791
vn -0.3791 0.9152 0.1369
vn -0.9152 0.3791 -0.1369
vn -0.3791 0.1369 -0.9152
vn -0.9152 -0.1369 -0.3791
vn 0.1369 -0.9152 -0.3791
vn -0.1369 -0.3791 -0.9152
vn -0.1369 0.9152 -0.3791
vn 0.1369 0.3791 -0.9152
vn 0.9152 0.1369 -0.3791
vn 0.3791 -0.1369 -0.9152
vn 0.3791 -0.9152 0.1369
vn 0.9152 -0.3791 -0.1369
vn 0.3791 0.9152 -0.1369
vn 0.9152 0.3791 0.1369
vn 0.3791 0.1369 0.9152
vn 0.9152 -0.1369 0.3791
vn -0.1369 -0.9152 0.3791
vn 0.1369 -0.3791 0.9152
vn 0.1369 0.9152 0.3791
vn -0.1369 0.3791 0.9152
vn 0.3827 -0.0000 -0.9239
vn 0.9239 -0.0000 -0.3827
vn 0.9239 -0.0000 0.3827
vn 0.3827 -0.0000 0.9239
vn -0.3827 -0.0000 0.9239
vn -0.9239 -0.0000 0.3827
vn -0.9239 -0.0000 -0.3827
vn -0.3827 -0.0000 -0.9239
vn -0.0000 -0.0000 -1.0000
vn 0.5878 -0.0000 -0.8090
vn 0.9511 -0.0000 -0.3090
vn 0.9511 -0.0000 0.3090
vn 0.5878 -0.0000 0.8090
vn -0.0000 -0.0000 1.0000
vn -0.5878 -0.0000 0.8090
vn -0.9511 -0.0000 0.3090
vn -0.9511 -0.0000 -0.3090
vn -0.5878 -0.0000 -0.8090
vn -0.0000 -0.6913 -0.7226
vn 0.2049 -0.9122 -0.3548
vn -0.0000 -0.9122 -0.4097
vn 0.4642 -0.3718 -0.8040
vn -0.0000 -0.3718 -0.9283
vn -0.0000 0.6913 -0.7226
vn 0.4642 0.3718 -0.8040
vn -0.0000 0.3718 -0.9283
vn -0.0000 0.9122 -0.4097
vn 0.2049 0.9122 -0.3548
vn 0.3613 -0.6913 -0.6258
vn 0.5000 -0.0000 -0.8660
vn 0.3613 0.6913 -0.6258
vn 0.3548 0.9122 -0.2048
vn 0.3548 -0.9122 -0.2049
vn 0.8040 -0.3718 -0.4642
vn 0.6258 -0.6913 -0.3613
vn 0.8660 -0.0000 -0.5000
vn 0.6258 0.6913 -0.3613
vn 0.8040 0.3718 -0.4642
vn 0.9283 -0.3718 -0.0000
vn 0.7226 -0.6913 -0.0000
vn 0.7226 0.6913 -0.0000
vn 0.4097 -0.9122 -0.0000
vn 0.9283 0.3718 -0.0000
vn 0.4097 0.9122 -0.0000
vn 0.3548 -0.9122 0.2049
vn 0.8040 -0.3718 0.4642
vn 0.8040 0.3718 0.4642
vn 0.3548 0.9122 0.2049
vn 0.6258 -0.6913 0.3613
vn 0.8660 -0.0000 0.5000
vn 0.6258 0.6913 0.3613
vn 0.5000 -0.0000 0.8660
vn 0.4642 -0.3718 0.8040
vn 0.3613 0.6913 0.6258
vn 0.4642 0.3718 0.8040
vn 0.2048 0.9122 0.3548
vn 0.2048 -0.9122 0.3548
vn 0.3613 -0.6913 0.6258
vn -0.0000 -0.9122 0.4097
vn -0.0000 -0.6913 0.7226
vn -0.0000 0.6913 0.7226
vn -0.0000 -0.3718 0.9283
vn -0.0000 0.3718 0.9283
vn -0.0000 0.9122 0.4097
vn -0.4642 0.3718 0.8040
vn -0.5000 -0.0000 0.8660
vn -0.2049 0.9122 0.3548
vn -0.3613 0.6913 0.6258
vn -0.2049 -0.9122 0.3548
vn -0.4642 -0.3718 0.8040
vn -0.3613 -0.6913 0.6258
vn -0.6258 -0.6913 0.3613
vn -0.3548 -0.9122 0.2049
vn -0.8040 -0.3718 0.4642
vn -0.8040 0.3718 0.4642
vn -0.3548 0.9122 0.2049
vn -0.8660 -0.0000 0.5000
vn -0.6258 0.6913 0.3613
vn -0.9283 0.3718 -0.0000
vn -0.4097 0.9122 -0.0000
vn -0.4097 -0.9122 -0.0000
vn -0.7226 -0.6913 -0.0000
vn -0.7226 0.6913 -0.0000
vn -0.9283 -0.3718 -0.0000
vn -0.3548 -0.9122 -0.2049
vn -0.8040 -0.3718 -0.4642
vn -0.6258 -0.6913 -0.3613
vn -0.8040 0.3718 -0.4642
vn -0.8660 -0.0000 -0.5000
vn -0.6258 0.6913 -0.3613
vn -0.3548 0.9122 -0.2049
vn -0.3613 0.6913 -0.6258
vn -0.2049 -0.9122 -0.3548
vn -0.4642 -0.3718 -0.8040
vn -0.4642 0.3718 -0.8040
vn -0.2048 0.9122 -0.3548
vn -0.3613 -0.6913 -0.6258
vn -0.5000 -0.0000 -0.8660
vn -0.3736 -0.9154 0.1495
vn -0.3737 -0.9154 0.1495
vn 0.9662 -0.2577 -0.0000
vn 0.1204 0.3637 0.9237
vn 0.1338 0.3575 0.9243
vn 0.1204 0.3638 0.9236
vn 0.3161 0.8685 0.3817
vn 0.3647 0.8482 0.3841
vn 0.3160 0.8687 0.3814
vn 0.3819 0.8421 -0.3808
vn 0.3267 0.8648 -0.3812
vn 0.3266 0.8649 -0.3810
vn 0.1750 0.3431 -0.9229
vn 0.1459 0.3564 -0.9229
vn 0.1459 0.3567 -0.9228
vn -0.1337 -0.3575 -0.9243
vn -0.1203 -0.3637 -0.9237
vn -0.1203 -0.3639 -0.9236
vn -0.3632 -0.8489 -0.3841
vn -0.3144 -0.8692 -0.3817
vn -0.3143 -0.8693 -0.3815
vn -0.3244 -0.8657 0.3812
vn -0.3799 -0.8430 0.3809
vn -0.3244 -0.8657 0.3811
vn -0.1453 -0.3566 0.9229
vn -0.1745 -0.3433 0.9229
vn -0.1453 -0.3569 0.9228
vn 0.1339 0.3573 0.9243
vn 0.1484 0.3504 0.9248
vn 0.3648 0.8481 0.3844
vn 0.4161 0.8234 0.3858
vn 0.4400 0.8141 -0.3790
vn 0.3819 0.8420 -0.3809
vn 0.2063 0.3279 -0.9219
vn 0.1750 0.3428 -0.9230
vn -0.1484 -0.3504 -0.9248
vn -0.1337 -0.3574 -0.9243
vn -0.4161 -0.8234 -0.3858
vn -0.3632 -0.8488 -0.3843
vn -0.3799 -0.8429 0.3810
vn -0.4400 -0.8141 0.3790
vn -0.1745 -0.3430 0.9230
vn -0.2063 -0.3279 0.9219
vn 0.1369 0.3560 0.9244
vn 0.3736 0.8441 0.3846
vn 0.3915 0.8378 -0.3807
vn 0.1811 0.3401 -0.9228
vn -0.1372 -0.3558 -0.9244
vn -0.3774 -0.8423 -0.3847
vn -0.3963 -0.8356 0.3805
vn -0.1825 -0.3394 0.9228
vn 0.1369 0.3563 0.9243
vn 0.0926 0.3711 0.9240
vn 0.3735 0.8444 0.3841
vn 0.2141 0.8986 0.3831
vn 0.2104 0.8996 -0.3828
vn 0.3914 0.8379 -0.3804
vn 0.0848 0.3728 -0.9240
vn 0.1811 0.3406 -0.9226
vn -0.0932 -0.3709 -0.9240
vn -0.1372 -0.3562 -0.9243
vn -0.2219 -0.8966 -0.3832
vn -0.3771 -0.8428 -0.3841
vn -0.3961 -0.8358 0.3802
vn -0.2200 -0.8972 0.3829
vn -0.1824 -0.3401 0.9225
vn -0.0878 -0.3720 0.9241
vn 0.0925 0.3716 0.9238
vn 0.0150 0.3767 0.9262
vn 0.2141 0.8989 0.3823
vn -0.0621 0.9182 0.3912
vn -0.1026 0.9218 -0.3739
vn 0.2104 0.8997 -0.3824
vn -0.0827 0.3848 -0.9193
vn 0.0848 0.3737 -0.9237
vn -0.0152 -0.3766 -0.9262
vn -0.0930 -0.3715 -0.9238
vn 0.0586 -0.9183 -0.3914
vn -0.2208 -0.8974 -0.3819
vn -0.2194 -0.8976 0.3822
vn 0.0983 -0.9221 0.3743
vn -0.0872 -0.3734 0.9236
vn 0.0814 -0.3847 0.9195
vn -0.0695 0.3535 0.9328
vn 0.0149 0.3770 0.9261
vn -0.3632 0.8343 0.4148
vn -0.0620 0.9184 0.3907
vn -0.4441 0.8264 -0.3461
vn -0.1025 0.9219 -0.3736
vn -0.2651 0.3346 -0.9043
vn -0.0827 0.3854 -0.9191
vn 0.0695 -0.3535 -0.9328
vn -0.0151 -0.3770 -0.9261
vn 0.3635 -0.8342 -0.4147
vn 0.0592 -0.9187 -0.3905
vn 0.4445 -0.8263 0.3460
vn 0.0986 -0.9222 0.3738
vn 0.2652 -0.3346 0.9043
vn 0.0818 -0.3854 0.9191
vn -0.1393 0.3011 0.9434
vn -0.0695 0.3534 0.9329
vn -0.6131 0.6475 0.4525
vn -0.3632 0.8343 0.4149
vn -0.7280 0.6145 -0.3040
vn -0.4161 0.2212 -0.8820
vn -0.2650 0.3344 -0.9044
vn 0.1393 -0.3009 -0.9434
vn 0.0695 -0.3534 -0.9329
vn 0.6144 -0.6461 -0.4529
vn 0.3635 -0.8341 -0.4149
vn 0.7296 -0.6127 0.3037
vn 0.4446 -0.8262 0.3461
vn 0.4165 -0.2206 0.8819
vn 0.2652 -0.3343 0.9044
vn -0.1817 0.2368 0.9544
vn -0.1394 0.3012 0.9433
vn -0.7640 0.4178 0.4917
vn -0.6133 0.6476 0.4522
vn -0.8988 0.3541 -0.2586
vn -0.7280 0.6146 -0.3038
vn -0.5077 0.0823 -0.8576
vn -0.4164 0.2214 -0.8818
vn 0.1818 -0.2365 -0.9545
vn 0.1395 -0.3011 -0.9433
vn 0.7657 -0.4142 -0.4922
vn 0.6144 -0.6464 -0.4524
vn 0.9009 -0.3493 0.2577
vn 0.7295 -0.6129 0.3035
vn 0.5084 -0.0810 0.8573
vn 0.4167 -0.2210 0.8817
vn -0.1960 0.1927 0.9615
vn -0.1814 0.2366 0.9545
vn -0.8156 0.2599 0.5170
vn -0.7637 0.4178 0.4922
vn -0.8987 0.3540 -0.2589
vn -0.9574 0.1749 -0.2299
vn -0.5073 0.0820 -0.8579
vn -0.5388 -0.0131 -0.8423
vn 0.1816 -0.2363 -0.9546
vn 0.1961 -0.1926 -0.9615
vn 0.7655 -0.4137 -0.4929
vn 0.8161 -0.2577 -0.5173
vn 0.9580 -0.1721 0.2295
vn 0.9009 -0.3490 0.2581
vn 0.5390 0.0139 0.8422
vn 0.5080 -0.0804 0.8576
vn -0.1983 0.1803 0.9634
vn -0.1958 0.1926 0.9615
vn -0.8241 0.2146 0.5242
vn -0.8154 0.2599 0.5173
vn -0.9573 0.1749 -0.2301
vn -0.9672 0.1233 -0.2220
vn -0.5385 -0.0133 -0.8425
vn -0.5438 -0.0403 -0.8382
vn 0.1959 -0.1925 -0.9616
vn 0.1983 -0.1803 -0.9634
vn 0.8159 -0.2576 -0.5176
vn 0.8241 -0.2146 -0.5242
vn 0.9672 -0.1233 0.2220
vn 0.9580 -0.1720 0.2296
vn 0.5438 0.0403 0.8382
vn 0.5387 0.0141 0.8424
vn -0.1951 0.1959 0.9610
vn -0.8131 0.2702 0.5157
vn -0.9547 0.1863 -0.2319
vn -0.5370 -0.0066 -0.8435
vn 0.1951 -0.1960 -0.9610
vn 0.8128 -0.2712 -0.5155
vn 0.9545 -0.1875 0.2321
vn 0.5369 0.0062 0.8436
vn -0.1923 0.2103 0.9586
vn -0.1952 0.1959 0.9610
vn -0.8006 0.3207 0.5061
vn -0.8131 0.2703 0.5155
vn -0.9547 0.1863 -0.2318
vn -0.9397 0.2436 -0.2399
vn -0.5371 -0.0065 -0.8435
vn -0.5304 0.0245 -0.8474
vn 0.1952 -0.1960 -0.9610
vn 0.1922 -0.2103 -0.9585
vn 0.8129 -0.2712 -0.5154
vn 0.8003 -0.3217 -0.5060
vn 0.9393 -0.2449 0.2402
vn 0.9545 -0.1875 0.2320
vn 0.5303 -0.0249 0.8475
vn 0.5371 0.0062 0.8435
vn -0.1744 -0.3430 0.9230
vn 0.0001 1.0000 -0.0000
vn -0.1923 0.2103 0.9585
vn -0.8007 0.3207 0.5060
vn -0.9397 0.2436 -0.2398
vn -0.5305 0.0246 -0.8473
vn 0.1923 -0.2104 -0.9585
vn 0.8004 -0.3217 -0.5058
vn 0.9393 -0.2450 0.2401
vn 0.5304 -0.0250 0.8474
vt 0.249593 0.015072
vt 0.237152 0.058110
vt 0.237293 0.015078
vt 0.409467 0.679286
vt 0.409955 0.691582
vt 0.409467 0.691583
vt 0.265348 0.656251
vt 0.277796 0.611806
vt 0.277648 0.656254
vt 0.633606 0.058764
vt 0.617757 0.015195
vt 0.633855 0.058764
vt 0.633606 0.619289
vt 0.617757 0.662858
vt 0.617518 0.662858
vt 0.362345 0.908382
vt 0.362832 0.920683
vt 0.362345 0.920683
vt 0.496579 0.679261
vt 0.497067 0.691557
vt 0.496579 0.691557
vt 0.265639 0.560442
vt 0.278053 0.509168
vt 0.277939 0.560445
vt 0.265753 0.509165
vt 0.278139 0.457976
vt 0.265838 0.457973
vt 0.278196 0.406867
vt 0.265895 0.406864
vt 0.278224 0.355842
vt 0.265924 0.355839
vt 0.278224 0.304901
vt 0.265924 0.304898
vt 0.278196 0.254045
vt 0.265895 0.254042
vt 0.278139 0.203272
vt 0.265838 0.203269
vt 0.278053 0.152583
vt 0.265753 0.152580
vt 0.277939 0.101978
vt 0.265639 0.101975
vt 0.277796 0.051458
vt 0.249453 0.617744
vt 0.237293 0.662632
vt 0.237152 0.617750
vt 0.417830 0.679283
vt 0.425705 0.691578
vt 0.417830 0.691580
vt 0.425705 0.679281
vt 0.433580 0.691575
vt 0.433580 0.679279
vt 0.441454 0.691573
vt 0.441454 0.679277
vt 0.449329 0.691571
vt 0.449329 0.679274
vt 0.457204 0.691569
vt 0.457204 0.679272
vt 0.465079 0.691566
vt 0.465079 0.679270
vt 0.472954 0.691564
vt 0.472954 0.679267
vt 0.480829 0.691562
vt 0.480829 0.679265
vt 0.488704 0.691559
vt 0.488704 0.679263
vt 0.497067 0.711239
vt 0.496579 0.711239
vt 0.217605 0.662642
vt 0.217464 0.617760
vt 0.562655 0.568332
vt 0.554851 0.619289
vt 0.546975 0.619289
vt 0.570531 0.568332
vt 0.562726 0.619289
vt 0.578406 0.568332
vt 0.570602 0.619289
vt 0.586282 0.568332
vt 0.578477 0.619289
vt 0.594157 0.568332
vt 0.586353 0.619289
vt 0.602033 0.568332
vt 0.594228 0.619289
vt 0.609908 0.568332
vt 0.602104 0.619289
vt 0.617784 0.568332
vt 0.609979 0.619289
vt 0.625659 0.568332
vt 0.617855 0.619289
vt 0.633534 0.568332
vt 0.625730 0.619289
vt 0.641410 0.568332
vt 0.249317 0.565975
vt 0.237017 0.565982
vt 0.575199 0.517375
vt 0.583074 0.517375
vt 0.590950 0.517375
vt 0.598825 0.517375
vt 0.606701 0.517375
vt 0.614576 0.517375
vt 0.622452 0.517375
vt 0.630327 0.517375
vt 0.638203 0.517375
vt 0.646078 0.517375
vt 0.653954 0.517375
vt 0.649285 0.568332
vt 0.249208 0.514385
vt 0.236908 0.514391
vt 0.584607 0.466418
vt 0.592482 0.466418
vt 0.600358 0.466418
vt 0.608233 0.466418
vt 0.616109 0.466418
vt 0.623984 0.466418
vt 0.631860 0.466418
vt 0.639735 0.466418
vt 0.647611 0.466418
vt 0.655486 0.466418
vt 0.663362 0.466418
vt 0.661829 0.517375
vt 0.249127 0.462973
vt 0.236827 0.462980
vt 0.590879 0.415462
vt 0.598754 0.415462
vt 0.606630 0.415462
vt 0.614505 0.415462
vt 0.622381 0.415462
vt 0.630256 0.415462
vt 0.638131 0.415462
vt 0.646007 0.415461
vt 0.653882 0.415461
vt 0.661758 0.415461
vt 0.669633 0.415461
vt 0.671237 0.466418
vt 0.249073 0.411740
vt 0.236772 0.411746
vt 0.594015 0.364505
vt 0.601890 0.364505
vt 0.609765 0.364505
vt 0.617641 0.364505
vt 0.625516 0.364505
vt 0.633392 0.364505
vt 0.641267 0.364505
vt 0.649143 0.364505
vt 0.657018 0.364505
vt 0.664894 0.364505
vt 0.672769 0.364505
vt 0.677509 0.415461
vt 0.249046 0.360685
vt 0.236745 0.360691
vt 0.594015 0.313548
vt 0.601890 0.313548
vt 0.609765 0.313548
vt 0.617641 0.313548
vt 0.625516 0.313548
vt 0.633392 0.313548
vt 0.641267 0.313548
vt 0.649143 0.313548
vt 0.657018 0.313548
vt 0.664894 0.313548
vt 0.672769 0.313548
vt 0.680645 0.364505
vt 0.249046 0.309809
vt 0.236745 0.309815
vt 0.598754 0.262591
vt 0.606630 0.262591
vt 0.614505 0.262591
vt 0.622380 0.262591
vt 0.630256 0.262591
vt 0.638131 0.262591
vt 0.646007 0.262591
vt 0.653882 0.262591
vt 0.661758 0.262591
vt 0.669633 0.262591
vt 0.677509 0.262591
vt 0.680645 0.313548
vt 0.249073 0.259111
vt 0.236772 0.259117
vt 0.590879 0.262591
vt 0.592482 0.211635
vt 0.600358 0.211635
vt 0.608233 0.211635
vt 0.616109 0.211635
vt 0.623984 0.211635
vt 0.631860 0.211635
vt 0.639735 0.211635
vt 0.647611 0.211635
vt 0.655486 0.211634
vt 0.663362 0.211634
vt 0.671237 0.211634
vt 0.249127 0.208591
vt 0.236827 0.208597
vt 0.584607 0.211635
vt 0.583074 0.160678
vt 0.590950 0.160678
vt 0.598825 0.160678
vt 0.606701 0.160678
vt 0.614576 0.160678
vt 0.622452 0.160678
vt 0.630327 0.160678
vt 0.638203 0.160678
vt 0.646078 0.160678
vt 0.653954 0.160678
vt 0.661829 0.160678
vt 0.249208 0.158250
vt 0.236908 0.158256
vt 0.575199 0.160678
vt 0.570531 0.109721
vt 0.578406 0.109721
vt 0.586282 0.109721
vt 0.594157 0.109721
vt 0.602033 0.109721
vt 0.609908 0.109721
vt 0.617783 0.109721
vt 0.625659 0.109721
vt 0.633534 0.109721
vt 0.641410 0.109721
vt 0.649285 0.109721
vt 0.249317 0.108088
vt 0.237017 0.108094
vt 0.562655 0.109721
vt 0.554851 0.058765
vt 0.562726 0.058765
vt 0.570602 0.058765
vt 0.578477 0.058765
vt 0.586353 0.058764
vt 0.594228 0.058764
vt 0.602104 0.058764
vt 0.609979 0.058764
vt 0.617855 0.058764
vt 0.625730 0.058764
vt 0.362345 0.679512
vt 0.362832 0.691812
vt 0.362345 0.691812
vt 0.362832 0.711500
vt 0.362345 0.711500
vt 0.354469 0.679511
vt 0.354469 0.691812
vt 0.346594 0.679511
vt 0.346594 0.691811
vt 0.338719 0.679510
vt 0.338719 0.691810
vt 0.330844 0.679510
vt 0.330844 0.691810
vt 0.322969 0.679509
vt 0.322969 0.691809
vt 0.315094 0.679508
vt 0.315094 0.691809
vt 0.307219 0.679508
vt 0.307219 0.691808
vt 0.299343 0.679507
vt 0.299343 0.691808
vt 0.291468 0.679507
vt 0.291468 0.691807
vt 0.283593 0.679506
vt 0.283593 0.691807
vt 0.275231 0.679506
vt 0.275718 0.691806
vt 0.275231 0.691806
vt 0.494620 0.152636
vt 0.506806 0.102034
vt 0.506920 0.152639
vt 0.494705 0.203325
vt 0.507006 0.203328
vt 0.494762 0.254097
vt 0.507063 0.254100
vt 0.494791 0.304954
vt 0.507091 0.304957
vt 0.494791 0.355895
vt 0.507091 0.355898
vt 0.494762 0.406920
vt 0.507063 0.406923
vt 0.494705 0.458028
vt 0.507006 0.458031
vt 0.494620 0.509221
vt 0.506920 0.509224
vt 0.494506 0.560498
vt 0.506806 0.560501
vt 0.494363 0.611858
vt 0.506663 0.611861
vt 0.265496 0.611803
vt 0.546727 0.058765
vt 0.530888 0.015196
vt 0.546975 0.058765
vt 0.346594 0.908381
vt 0.354469 0.920682
vt 0.346594 0.920681
vt 0.338719 0.908381
vt 0.338719 0.920681
vt 0.330844 0.908380
vt 0.330844 0.920680
vt 0.322969 0.908379
vt 0.322969 0.920680
vt 0.315094 0.908379
vt 0.315094 0.920679
vt 0.307219 0.908378
vt 0.307219 0.920679
vt 0.299343 0.908378
vt 0.299343 0.920678
vt 0.291468 0.908377
vt 0.291468 0.920678
vt 0.283593 0.908377
vt 0.283593 0.920677
vt 0.275718 0.908376
vt 0.275718 0.920677
vt 0.275231 0.888688
vt 0.275231 0.908376
vt 0.249453 0.058104
vt 0.830197 0.109977
vt 0.838001 0.059039
vt 0.845876 0.059037
vt 0.822322 0.109979
vt 0.830126 0.059041
vt 0.814446 0.109981
vt 0.822250 0.059042
vt 0.806571 0.109983
vt 0.814375 0.059044
vt 0.798696 0.109985
vt 0.806500 0.059046
vt 0.790821 0.109986
vt 0.798625 0.059048
vt 0.782945 0.109988
vt 0.790749 0.059050
vt 0.775070 0.109990
vt 0.782874 0.059051
vt 0.767195 0.109992
vt 0.774999 0.059053
vt 0.759320 0.109994
vt 0.767124 0.059055
vt 0.751444 0.109995
vt 0.759248 0.059057
vt 0.020585 0.058216
vt 0.008149 0.108206
vt 0.008285 0.058222
vt 0.817653 0.160917
vt 0.809778 0.160919
vt 0.801903 0.160921
vt 0.794028 0.160922
vt 0.786152 0.160924
vt 0.778277 0.160926
vt 0.770402 0.160928
vt 0.762527 0.160930
vt 0.754652 0.160931
vt 0.746776 0.160933
vt 0.738901 0.160935
vt 0.743569 0.109997
vt 0.020449 0.108200
vt 0.008040 0.158369
vt 0.808246 0.211856
vt 0.800371 0.211858
vt 0.792495 0.211859
vt 0.784620 0.211861
vt 0.776745 0.211863
vt 0.768870 0.211865
vt 0.760994 0.211867
vt 0.753119 0.211869
vt 0.745244 0.211870
vt 0.737369 0.211872
vt 0.729493 0.211874
vt 0.731026 0.160937
vt 0.020341 0.158363
vt 0.007959 0.208710
vt 0.801974 0.262794
vt 0.794099 0.262796
vt 0.786224 0.262798
vt 0.778349 0.262800
vt 0.770473 0.262801
vt 0.762598 0.262803
vt 0.754723 0.262805
vt 0.746848 0.262807
vt 0.738972 0.262809
vt 0.731097 0.262810
vt 0.723222 0.262812
vt 0.721618 0.211876
vt 0.020259 0.208704
vt 0.007905 0.259230
vt 0.798838 0.313732
vt 0.790963 0.313733
vt 0.783088 0.313735
vt 0.775213 0.313737
vt 0.767337 0.313739
vt 0.759462 0.313741
vt 0.751587 0.313742
vt 0.743712 0.313744
vt 0.735836 0.313746
vt 0.727961 0.313748
vt 0.720086 0.313750
vt 0.715347 0.262814
vt 0.020205 0.259224
vt 0.007877 0.309928
vt 0.798838 0.364668
vt 0.790963 0.364670
vt 0.783088 0.364672
vt 0.775213 0.364674
vt 0.767337 0.364676
vt 0.759462 0.364677
vt 0.751587 0.364679
vt 0.743712 0.364681
vt 0.735836 0.364683
vt 0.727961 0.364685
vt 0.720086 0.364686
vt 0.712211 0.313752
vt 0.020178 0.309922
vt 0.007877 0.360804
vt 0.794099 0.415606
vt 0.786224 0.415608
vt 0.778349 0.415610
vt 0.770473 0.415612
vt 0.762598 0.415613
vt 0.754723 0.415615
vt 0.746848 0.415617
vt 0.738972 0.415619
vt 0.731097 0.415621
vt 0.723222 0.415623
vt 0.715347 0.415624
vt 0.712211 0.364688
vt 0.020178 0.360798
vt 0.007905 0.411859
vt 0.801974 0.415604
vt 0.800371 0.466541
vt 0.792495 0.466543
vt 0.784620 0.466545
vt 0.776745 0.466547
vt 0.768870 0.466549
vt 0.760994 0.466551
vt 0.753119 0.466552
vt 0.745244 0.466554
vt 0.737369 0.466556
vt 0.729493 0.466558
vt 0.721618 0.466560
vt 0.020205 0.411853
vt 0.007959 0.463092
vt 0.808246 0.466540
vt 0.809778 0.517476
vt 0.801903 0.517478
vt 0.794028 0.517480
vt 0.786152 0.517482
vt 0.778277 0.517483
vt 0.770402 0.517485
vt 0.762527 0.517487
vt 0.754652 0.517489
vt 0.746776 0.517491
vt 0.738901 0.517492
vt 0.731026 0.517494
vt 0.020259 0.463086
vt 0.008040 0.514504
vt 0.817653 0.517474
vt 0.822322 0.568410
vt 0.814446 0.568412
vt 0.806571 0.568414
vt 0.798696 0.568415
vt 0.790821 0.568417
vt 0.782945 0.568419
vt 0.775070 0.568421
vt 0.767195 0.568423
vt 0.759320 0.568424
vt 0.751444 0.568426
vt 0.743569 0.568428
vt 0.020341 0.514498
vt 0.008149 0.566094
vt 0.830197 0.568408
vt 0.838001 0.619343
vt 0.830126 0.619345
vt 0.822250 0.619347
vt 0.814375 0.619349
vt 0.806500 0.619350
vt 0.798625 0.619352
vt 0.790749 0.619354
vt 0.782874 0.619356
vt 0.774999 0.619358
vt 0.767124 0.619359
vt 0.759248 0.619361
vt 0.546727 0.619289
vt 0.530888 0.662858
vt 0.530648 0.662858
vt 0.409955 0.679286
vt 0.409955 0.908086
vt 0.417830 0.920381
vt 0.409955 0.920383
vt 0.417830 0.908084
vt 0.425705 0.920379
vt 0.425705 0.908082
vt 0.433580 0.920376
vt 0.433580 0.908080
vt 0.441454 0.920374
vt 0.441454 0.908077
vt 0.449329 0.920372
vt 0.449329 0.908075
vt 0.457204 0.920369
vt 0.457204 0.908073
vt 0.465079 0.920367
vt 0.465079 0.908070
vt 0.472954 0.920365
vt 0.472954 0.908068
vt 0.480829 0.920363
vt 0.480829 0.908066
vt 0.488704 0.920360
vt 0.775096 0.015501
vt 0.775336 0.015501
vt 0.275231 0.869000
vt 0.275718 0.888688
vt 0.275231 0.849312
vt 0.275718 0.869000
vt 0.275231 0.829623
vt 0.275718 0.849312
vt 0.275231 0.809935
vt 0.275718 0.829624
vt 0.275231 0.790247
vt 0.275718 0.809935
vt 0.275231 0.770559
vt 0.275718 0.790247
vt 0.275231 0.750871
vt 0.275718 0.770559
vt 0.275231 0.731183
vt 0.275718 0.750871
vt 0.275231 0.711494
vt 0.275718 0.731183
vt 0.275718 0.711494
vt 0.275718 0.679506
vt 0.775096 0.662910
vt 0.759000 0.619361
vt 0.743297 0.568428
vt 0.730727 0.517494
vt 0.721294 0.466560
vt 0.715003 0.415624
vt 0.711857 0.364688
vt 0.711857 0.313752
vt 0.715003 0.262814
vt 0.721294 0.211876
vt 0.730727 0.160937
vt 0.743297 0.109997
vt 0.759000 0.059057
vt 0.494506 0.102031
vt 0.506663 0.051513
vt 0.474675 0.611854
vt 0.474818 0.560493
vt 0.474932 0.509216
vt 0.475018 0.458024
vt 0.475075 0.406915
vt 0.475103 0.355890
vt 0.475103 0.304949
vt 0.475075 0.254093
vt 0.475018 0.203320
vt 0.474932 0.152631
vt 0.474818 0.102026
vt 0.494363 0.051510
vt 0.496579 0.888379
vt 0.497067 0.908061
vt 0.496579 0.908061
vt 0.454987 0.611849
vt 0.455130 0.560488
vt 0.455244 0.509211
vt 0.455330 0.458019
vt 0.455387 0.406910
vt 0.455415 0.355885
vt 0.455415 0.304945
vt 0.455387 0.254088
vt 0.455330 0.203315
vt 0.455244 0.152626
vt 0.455130 0.102022
vt 0.474675 0.051506
vt 0.496579 0.868697
vt 0.497067 0.888379
vt 0.435299 0.611844
vt 0.435442 0.560483
vt 0.435556 0.509207
vt 0.435642 0.458014
vt 0.435699 0.406905
vt 0.435727 0.355880
vt 0.435727 0.304940
vt 0.435699 0.254083
vt 0.435642 0.203310
vt 0.435556 0.152622
vt 0.435442 0.102017
vt 0.454987 0.051501
vt 0.496579 0.849015
vt 0.497067 0.868697
vt 0.415612 0.611839
vt 0.415754 0.560479
vt 0.415868 0.509202
vt 0.415954 0.458009
vt 0.416011 0.406900
vt 0.416039 0.355876
vt 0.416039 0.304935
vt 0.416011 0.254078
vt 0.415954 0.203305
vt 0.415868 0.152617
vt 0.415754 0.102012
vt 0.435299 0.051496
vt 0.496579 0.829333
vt 0.497067 0.849015
vt 0.395924 0.611834
vt 0.396066 0.560474
vt 0.396180 0.509197
vt 0.396266 0.458004
vt 0.396323 0.406896
vt 0.396352 0.355871
vt 0.396352 0.304930
vt 0.396323 0.254073
vt 0.396266 0.203301
vt 0.396180 0.152612
vt 0.396066 0.102007
vt 0.415612 0.051491
vt 0.496579 0.809650
vt 0.497067 0.829332
vt 0.376236 0.611830
vt 0.376378 0.560469
vt 0.376493 0.509192
vt 0.376578 0.458000
vt 0.376635 0.406891
vt 0.376664 0.355866
vt 0.376664 0.304925
vt 0.376635 0.254069
vt 0.376578 0.203296
vt 0.376493 0.152607
vt 0.376378 0.102002
vt 0.395924 0.051486
vt 0.496579 0.789968
vt 0.497067 0.809650
vt 0.356548 0.611825
vt 0.356690 0.560464
vt 0.356805 0.509187
vt 0.356890 0.457995
vt 0.356947 0.406886
vt 0.356976 0.355861
vt 0.356976 0.304921
vt 0.356947 0.254064
vt 0.356890 0.203291
vt 0.356805 0.152602
vt 0.356691 0.101998
vt 0.376236 0.051482
vt 0.496579 0.770286
vt 0.497067 0.789968
vt 0.336860 0.611820
vt 0.337003 0.560459
vt 0.337117 0.509183
vt 0.337202 0.457990
vt 0.337259 0.406881
vt 0.337288 0.355857
vt 0.337288 0.304916
vt 0.337259 0.254059
vt 0.337202 0.203286
vt 0.337117 0.152598
vt 0.337003 0.101993
vt 0.356548 0.051477
vt 0.496579 0.750604
vt 0.497067 0.770286
vt 0.317172 0.611815
vt 0.317315 0.560455
vt 0.317429 0.509178
vt 0.317514 0.457985
vt 0.317571 0.406876
vt 0.317600 0.355852
vt 0.317600 0.304911
vt 0.317571 0.254054
vt 0.317514 0.203281
vt 0.317429 0.152593
vt 0.317315 0.101988
vt 0.336860 0.051472
vt 0.496579 0.730922
vt 0.497067 0.750604
vt 0.297484 0.611810
vt 0.297627 0.560450
vt 0.297741 0.509173
vt 0.297827 0.457980
vt 0.297884 0.406872
vt 0.297912 0.355847
vt 0.297912 0.304906
vt 0.297884 0.254049
vt 0.297827 0.203277
vt 0.297741 0.152588
vt 0.297627 0.101983
vt 0.317172 0.051467
vt 0.497067 0.730921
vt 0.297484 0.051462
vt 0.020585 0.617857
vt 0.008425 0.662745
vt 0.008285 0.617863
vt 0.633855 0.619289
vt 0.649557 0.568332
vt 0.662128 0.517375
vt 0.671561 0.466418
vt 0.677852 0.415461
vt 0.680999 0.364505
vt 0.677852 0.262591
vt 0.680999 0.313548
vt 0.671561 0.211634
vt 0.662128 0.160678
vt 0.649557 0.109721
vt 0.494215 0.656306
vt 0.506515 0.656309
vt 0.474527 0.656302
vt 0.454839 0.656297
vt 0.435152 0.656292
vt 0.415464 0.656287
vt 0.395776 0.656282
vt 0.376088 0.656278
vt 0.356400 0.656273
vt 0.336712 0.656268
vt 0.317024 0.656263
vt 0.297336 0.656258
vt 0.846125 0.619341
vt 0.861963 0.662890
vt 0.845876 0.619341
vt 0.854088 0.662891
vt 0.846213 0.662893
vt 0.838338 0.662895
vt 0.830462 0.662897
vt 0.822587 0.662899
vt 0.814712 0.662901
vt 0.806837 0.662902
vt 0.798961 0.662904
vt 0.791086 0.662906
vt 0.783211 0.662908
vt 0.775336 0.662910
vt 0.488704 0.908064
vt 0.496579 0.920358
vt 0.409955 0.888404
vt 0.417830 0.888402
vt 0.425705 0.888400
vt 0.433580 0.888397
vt 0.441454 0.888395
vt 0.449329 0.888393
vt 0.457204 0.888391
vt 0.465079 0.888388
vt 0.472954 0.888386
vt 0.480829 0.888384
vt 0.488704 0.888381
vt 0.040273 0.617847
vt 0.020725 0.662739
vt 0.409955 0.868722
vt 0.417830 0.868720
vt 0.425705 0.868717
vt 0.433580 0.868715
vt 0.441454 0.868713
vt 0.449329 0.868711
vt 0.457204 0.868708
vt 0.465079 0.868706
vt 0.472954 0.868704
vt 0.480829 0.868702
vt 0.488704 0.868699
vt 0.059961 0.617837
vt 0.040413 0.662729
vt 0.409955 0.849040
vt 0.417830 0.849038
vt 0.425705 0.849035
vt 0.433580 0.849033
vt 0.441454 0.849031
vt 0.449329 0.849028
vt 0.457204 0.849026
vt 0.465079 0.849024
vt 0.472954 0.849022
vt 0.480829 0.849019
vt 0.488704 0.849017
vt 0.079649 0.617828
vt 0.060101 0.662720
vt 0.409955 0.829358
vt 0.417830 0.829355
vt 0.425705 0.829353
vt 0.433580 0.829351
vt 0.441454 0.829349
vt 0.449329 0.829346
vt 0.457204 0.829344
vt 0.465079 0.829342
vt 0.472954 0.829339
vt 0.480829 0.829337
vt 0.488704 0.829335
vt 0.099337 0.617818
vt 0.079789 0.662710
vt 0.409955 0.809676
vt 0.417830 0.809673
vt 0.425705 0.809671
vt 0.433580 0.809669
vt 0.441454 0.809666
vt 0.449329 0.809664
vt 0.457204 0.809662
vt 0.465079 0.809660
vt 0.472954 0.809657
vt 0.480829 0.809655
vt 0.488704 0.809653
vt 0.119025 0.617808
vt 0.099477 0.662700
vt 0.409955 0.789993
vt 0.417830 0.789991
vt 0.425705 0.789989
vt 0.433580 0.789986
vt 0.441454 0.789984
vt 0.449329 0.789982
vt 0.457204 0.789980
vt 0.465079 0.789977
vt 0.472954 0.789975
vt 0.480829 0.789973
vt 0.488704 0.789970
vt 0.138713 0.617799
vt 0.119165 0.662691
vt 0.409955 0.770311
vt 0.417830 0.770309
vt 0.425705 0.770307
vt 0.433580 0.770304
vt 0.441454 0.770302
vt 0.449329 0.770300
vt 0.457204 0.770297
vt 0.465079 0.770295
vt 0.472954 0.770293
vt 0.480829 0.770291
vt 0.488704 0.770288
vt 0.158401 0.617789
vt 0.138853 0.662681
vt 0.409955 0.750629
vt 0.417830 0.750627
vt 0.425705 0.750624
vt 0.433580 0.750622
vt 0.441454 0.750620
vt 0.449329 0.750618
vt 0.457204 0.750615
vt 0.465079 0.750613
vt 0.472954 0.750611
vt 0.480829 0.750608
vt 0.488704 0.750606
vt 0.178089 0.617779
vt 0.158541 0.662671
vt 0.409955 0.730947
vt 0.417830 0.730944
vt 0.425705 0.730942
vt 0.433580 0.730940
vt 0.441454 0.730938
vt 0.449329 0.730935
vt 0.457204 0.730933
vt 0.465079 0.730931
vt 0.472954 0.730928
vt 0.480829 0.730926
vt 0.488704 0.730924
vt 0.197777 0.617770
vt 0.178229 0.662661
vt 0.409955 0.711265
vt 0.417830 0.711262
vt 0.425705 0.711260
vt 0.433580 0.711258
vt 0.441454 0.711255
vt 0.449329 0.711253
vt 0.457204 0.711251
vt 0.465079 0.711249
vt 0.472954 0.711246
vt 0.480829 0.711244
vt 0.488704 0.711242
vt 0.197917 0.662652
vt 0.354469 0.908382
vt 0.538763 0.662858
vt 0.546639 0.662858
vt 0.554514 0.662858
vt 0.562390 0.662858
vt 0.570265 0.662858
vt 0.578141 0.662858
vt 0.586016 0.662858
vt 0.593892 0.662858
vt 0.601767 0.662858
vt 0.609643 0.662858
vt 0.409467 0.908087
vt 0.409467 0.920383
vt 0.409467 0.888404
vt 0.409467 0.868722
vt 0.409467 0.849040
vt 0.409467 0.829358
vt 0.409467 0.809676
vt 0.409467 0.789993
vt 0.409467 0.770311
vt 0.409467 0.750629
vt 0.409467 0.730947
vt 0.409467 0.711265
vt 0.846125 0.059037
vt 0.861963 0.015481
vt 0.862203 0.015481
vt 0.830469 0.109977
vt 0.817953 0.160917
vt 0.808570 0.211856
vt 0.802318 0.262794
vt 0.799192 0.313731
vt 0.799192 0.364668
vt 0.802318 0.415604
vt 0.808570 0.466540
vt 0.817953 0.517474
vt 0.830469 0.568408
vt 0.020449 0.566088
vt 0.040273 0.058207
vt 0.040137 0.108191
vt 0.040028 0.158353
vt 0.039947 0.208694
vt 0.039893 0.259214
vt 0.039866 0.309912
vt 0.039866 0.360788
vt 0.039893 0.411843
vt 0.039947 0.463077
vt 0.040028 0.514488
vt 0.040137 0.566079
vt 0.362345 0.888694
vt 0.362832 0.908382
vt 0.059961 0.058197
vt 0.059825 0.108181
vt 0.059716 0.158344
vt 0.059635 0.208685
vt 0.059581 0.259204
vt 0.059554 0.309902
vt 0.059554 0.360779
vt 0.059581 0.411833
vt 0.059635 0.463067
vt 0.059716 0.514479
vt 0.059825 0.566069
vt 0.362345 0.869006
vt 0.362832 0.888694
vt 0.079649 0.058187
vt 0.079513 0.108171
vt 0.079404 0.158334
vt 0.079323 0.208675
vt 0.079269 0.259195
vt 0.079242 0.309893
vt 0.079242 0.360769
vt 0.079269 0.411824
vt 0.079323 0.463057
vt 0.079404 0.514469
vt 0.079513 0.566059
vt 0.362345 0.849318
vt 0.362832 0.869006
vt 0.099337 0.058177
vt 0.099201 0.108162
vt 0.099092 0.158324
vt 0.099011 0.208665
vt 0.098957 0.259185
vt 0.098930 0.309883
vt 0.098930 0.360759
vt 0.098957 0.411814
vt 0.099011 0.463047
vt 0.099092 0.514459
vt 0.099201 0.566049
vt 0.362345 0.829629
vt 0.362832 0.849318
vt 0.119025 0.058168
vt 0.118889 0.108152
vt 0.118780 0.158315
vt 0.118699 0.208656
vt 0.118645 0.259175
vt 0.118618 0.309873
vt 0.118618 0.360750
vt 0.118645 0.411804
vt 0.118699 0.463038
vt 0.118780 0.514450
vt 0.118889 0.566040
vt 0.362345 0.809941
vt 0.362832 0.829629
vt 0.138713 0.058158
vt 0.138577 0.108142
vt 0.138468 0.158305
vt 0.138387 0.208646
vt 0.138333 0.259165
vt 0.138306 0.309863
vt 0.138306 0.360740
vt 0.138333 0.411795
vt 0.138387 0.463028
vt 0.138468 0.514440
vt 0.138577 0.566030
vt 0.362345 0.790253
vt 0.362832 0.809941
vt 0.158401 0.058148
vt 0.158265 0.108133
vt 0.158156 0.158295
vt 0.158075 0.208636
vt 0.158021 0.259156
vt 0.157993 0.309854
vt 0.157993 0.360730
vt 0.158021 0.411785
vt 0.158075 0.463018
vt 0.158156 0.514430
vt 0.158265 0.566020
vt 0.362345 0.770565
vt 0.362832 0.790253
vt 0.178089 0.058139
vt 0.177953 0.108123
vt 0.177844 0.158285
vt 0.177763 0.208627
vt 0.177709 0.259146
vt 0.177681 0.309844
vt 0.177681 0.360720
vt 0.177709 0.411775
vt 0.177763 0.463009
vt 0.177844 0.514420
vt 0.177953 0.566011
vt 0.362345 0.750877
vt 0.362832 0.770565
vt 0.197777 0.058129
vt 0.197641 0.108113
vt 0.197532 0.158276
vt 0.197451 0.208617
vt 0.197397 0.259136
vt 0.197369 0.309834
vt 0.197369 0.360711
vt 0.197397 0.411766
vt 0.197451 0.462999
vt 0.197532 0.514411
vt 0.197641 0.566001
vt 0.362345 0.731188
vt 0.362832 0.750877
vt 0.217464 0.058119
vt 0.217329 0.108103
vt 0.217220 0.158266
vt 0.217139 0.208607
vt 0.217084 0.259127
vt 0.217057 0.309825
vt 0.217057 0.360701
vt 0.217084 0.411756
vt 0.217139 0.462989
vt 0.217220 0.514401
vt 0.217329 0.565991
vt 0.362832 0.731188
vt 0.497067 0.920358
vt 0.562383 0.109721
vt 0.574900 0.160678
vt 0.584282 0.211635
vt 0.590535 0.262591
vt 0.593661 0.313548
vt 0.593661 0.364505
vt 0.590535 0.415462
vt 0.584282 0.466418
vt 0.574900 0.517375
vt 0.562383 0.568332
vt 0.020726 0.015184
vt 0.008425 0.015190
vt 0.040413 0.015175
vt 0.060101 0.015165
vt 0.079789 0.015155
vt 0.099477 0.015146
vt 0.119165 0.015136
vt 0.138853 0.015126
vt 0.158541 0.015116
vt 0.178229 0.015107
vt 0.197917 0.015097
vt 0.217605 0.015087
vt 0.506516 0.007936
vt 0.783211 0.015499
vt 0.791086 0.015498
vt 0.798961 0.015496
vt 0.806837 0.015494
vt 0.814712 0.015492
vt 0.822587 0.015490
vt 0.830462 0.015488
vt 0.838338 0.015487
vt 0.846213 0.015485
vt 0.854088 0.015483
vt 0.494215 0.007933
vt 0.283593 0.888689
vt 0.291468 0.888689
vt 0.299343 0.888690
vt 0.307219 0.888690
vt 0.315094 0.888691
vt 0.322969 0.888691
vt 0.330844 0.888692
vt 0.338719 0.888692
vt 0.346594 0.888693
vt 0.354469 0.888693
vt 0.474527 0.007928
vt 0.283593 0.869000
vt 0.291468 0.869001
vt 0.299343 0.869001
vt 0.307219 0.869002
vt 0.315094 0.869003
vt 0.322969 0.869003
vt 0.330844 0.869004
vt 0.338719 0.869004
vt 0.346594 0.869005
vt 0.354469 0.869005
vt 0.454840 0.007924
vt 0.283593 0.849312
vt 0.291468 0.849313
vt 0.299343 0.849313
vt 0.307219 0.849314
vt 0.315094 0.849314
vt 0.322969 0.849315
vt 0.330844 0.849315
vt 0.338719 0.849316
vt 0.346594 0.849316
vt 0.354469 0.849317
vt 0.435152 0.007919
vt 0.283593 0.829624
vt 0.291468 0.829625
vt 0.299343 0.829625
vt 0.307219 0.829626
vt 0.315094 0.829626
vt 0.322969 0.829627
vt 0.330844 0.829627
vt 0.338719 0.829628
vt 0.346594 0.829628
vt 0.354469 0.829629
vt 0.415464 0.007914
vt 0.283593 0.809936
vt 0.291468 0.809936
vt 0.299343 0.809937
vt 0.307219 0.809937
vt 0.315094 0.809938
vt 0.322969 0.809938
vt 0.330844 0.809939
vt 0.338719 0.809940
vt 0.346594 0.809940
vt 0.354469 0.809941
vt 0.395776 0.007909
vt 0.283593 0.790248
vt 0.291468 0.790248
vt 0.299343 0.790249
vt 0.307219 0.790249
vt 0.315094 0.790250
vt 0.322969 0.790250
vt 0.330844 0.790251
vt 0.338719 0.790251
vt 0.346594 0.790252
vt 0.354469 0.790252
vt 0.376088 0.007904
vt 0.283593 0.770559
vt 0.291468 0.770560
vt 0.299343 0.770561
vt 0.307219 0.770561
vt 0.315094 0.770562
vt 0.322969 0.770562
vt 0.330844 0.770563
vt 0.338719 0.770563
vt 0.346594 0.770564
vt 0.354469 0.770564
vt 0.356400 0.007900
vt 0.283593 0.750871
vt 0.291468 0.750872
vt 0.299343 0.750872
vt 0.307219 0.750873
vt 0.315094 0.750873
vt 0.322969 0.750874
vt 0.330844 0.750874
vt 0.338719 0.750875
vt 0.346594 0.750876
vt 0.354469 0.750876
vt 0.336712 0.007895
vt 0.283593 0.731183
vt 0.291468 0.731184
vt 0.299343 0.731184
vt 0.307219 0.731185
vt 0.315094 0.731185
vt 0.322969 0.731186
vt 0.330844 0.731186
vt 0.338719 0.731187
vt 0.346594 0.731187
vt 0.354469 0.731188
vt 0.317024 0.007890
vt 0.283593 0.711495
vt 0.291468 0.711495
vt 0.299343 0.711496
vt 0.307219 0.711496
vt 0.315094 0.711497
vt 0.322969 0.711498
vt 0.330844 0.711498
vt 0.338719 0.711499
vt 0.346594 0.711499
vt 0.297336 0.007885
vt 0.354469 0.711500
vt 0.265496 0.051455
vt 0.277649 0.007880
vt 0.617518 0.015195
vt 0.609643 0.015195
vt 0.601767 0.015195
vt 0.593892 0.015195
vt 0.586016 0.015195
vt 0.578141 0.015195
vt 0.570265 0.015195
vt 0.562390 0.015195
vt 0.554514 0.015195
vt 0.546639 0.015196
vt 0.538763 0.015196
vt 0.272819 0.928011
vt 0.265348 0.920626
vt 0.275231 0.920677
vt 0.265348 0.679455
vt 0.272819 0.672064
vt 0.865121 0.007877
vt 0.869950 0.014804
vt 0.530648 0.015196
vt 0.522846 0.014808
vt 0.527675 0.007877
vt 0.507091 0.920533
vt 0.499630 0.927933
vt 0.499630 0.672064
vt 0.507091 0.679436
vt 0.497067 0.679260
vt 0.869950 0.663127
vt 0.865121 0.670055
vt 0.862203 0.662890
vt 0.527675 0.670315
vt 0.522846 0.663385
vt 0.777518 0.007898
vt 0.778006 0.007898
vt 0.265348 0.691755
vt 0.359925 0.672070
vt 0.359685 0.672070
vt 0.020684 0.007990
vt 0.853694 0.058817
vt 0.539103 0.619358
vt 0.008383 0.669390
vt 0.020684 0.669384
vt 0.412526 0.927958
vt 0.412765 0.927958
vt 0.615280 0.670315
vt 0.614793 0.670315
vt 0.507091 0.908237
vt 0.767572 0.663150
vt 0.751315 0.619145
vt 0.625227 0.014807
vt 0.641484 0.058834
vt 0.864633 0.007878
vt 0.856758 0.007879
vt 0.848883 0.007881
vt 0.841008 0.007883
vt 0.833132 0.007885
vt 0.825257 0.007887
vt 0.817382 0.007888
vt 0.809507 0.007890
vt 0.801632 0.007892
vt 0.793756 0.007894
vt 0.785881 0.007896
vt 0.265348 0.908325
vt 0.265348 0.888637
vt 0.265348 0.868949
vt 0.265348 0.849261
vt 0.265348 0.829573
vt 0.265348 0.809884
vt 0.265348 0.790196
vt 0.265348 0.770508
vt 0.265348 0.750820
vt 0.265348 0.731132
vt 0.265348 0.711443
vt 0.273059 0.672064
vt 0.280934 0.672065
vt 0.288809 0.672065
vt 0.296684 0.672066
vt 0.304559 0.672066
vt 0.312434 0.672067
vt 0.320310 0.672067
vt 0.328185 0.672068
vt 0.336060 0.672068
vt 0.343935 0.672069
vt 0.351810 0.672069
vt 0.249552 0.007877
vt 0.237251 0.007883
vt 0.217563 0.007893
vt 0.197875 0.007903
vt 0.178187 0.007913
vt 0.158499 0.007922
vt 0.138812 0.007932
vt 0.119124 0.007942
vt 0.099436 0.007951
vt 0.079748 0.007961
vt 0.040372 0.007980
vt 0.060060 0.007971
vt 0.853694 0.619121
vt 0.838014 0.568188
vt 0.825471 0.517254
vt 0.816064 0.466320
vt 0.809792 0.415384
vt 0.806656 0.364448
vt 0.806656 0.313511
vt 0.809792 0.262574
vt 0.816064 0.211636
vt 0.825471 0.160697
vt 0.838014 0.109757
vt 0.539103 0.058834
vt 0.554782 0.109791
vt 0.567326 0.160748
vt 0.576734 0.211704
vt 0.583006 0.262661
vt 0.586142 0.313618
vt 0.586142 0.364574
vt 0.583006 0.415531
vt 0.576734 0.466488
vt 0.567326 0.517445
vt 0.554782 0.568402
vt 0.237251 0.669277
vt 0.249593 0.662626
vt 0.249552 0.669271
vt 0.217563 0.669287
vt 0.197875 0.669296
vt 0.178187 0.669306
vt 0.158499 0.669316
vt 0.138812 0.669325
vt 0.119124 0.669335
vt 0.099436 0.669345
vt 0.079748 0.669354
vt 0.060060 0.669364
vt 0.040372 0.669374
vt 0.499390 0.927933
vt 0.491515 0.927935
vt 0.483640 0.927937
vt 0.475765 0.927940
vt 0.467890 0.927942
vt 0.460015 0.927944
vt 0.452140 0.927946
vt 0.444265 0.927949
vt 0.436390 0.927951
vt 0.428515 0.927953
vt 0.420640 0.927956
vt 0.528163 0.670315
vt 0.536038 0.670315
vt 0.543914 0.670315
vt 0.551789 0.670315
vt 0.559664 0.670315
vt 0.567540 0.670315
vt 0.575415 0.670315
vt 0.583291 0.670315
vt 0.591166 0.670315
vt 0.599042 0.670315
vt 0.606917 0.670315
vt 0.507091 0.691732
vt 0.507091 0.711415
vt 0.507091 0.731097
vt 0.507091 0.750779
vt 0.507091 0.770461
vt 0.507091 0.790143
vt 0.507091 0.809826
vt 0.507091 0.829508
vt 0.507091 0.849190
vt 0.507091 0.868872
vt 0.507091 0.888554
vt 0.767572 0.014828
vt 0.751315 0.058840
vt 0.735636 0.109781
vt 0.723093 0.160720
vt 0.713685 0.211659
vt 0.707414 0.262598
vt 0.704278 0.364472
vt 0.704278 0.313535
vt 0.707414 0.415408
vt 0.713685 0.466343
vt 0.723093 0.517278
vt 0.735636 0.568212
vt 0.625227 0.663384
vt 0.641484 0.619358
vt 0.657164 0.568401
vt 0.669707 0.517444
vt 0.679115 0.466488
vt 0.685387 0.415531
vt 0.688523 0.364574
vt 0.685387 0.262661
vt 0.688523 0.313617
vt 0.679115 0.211704
vt 0.669707 0.160747
vt 0.657164 0.109790
vt 0.940745 0.234460
vt 0.945302 0.432723
vt 0.940745 0.431947
vt 0.679156 0.896853
vt 0.683802 0.686070
vt 0.683802 0.896811
vt 0.688523 0.896849
vt 0.956105 0.883323
vt 0.960842 0.686537
vt 0.960842 0.883956
vt 0.965469 0.883229
vt 0.885705 0.234426
vt 0.890367 0.445217
vt 0.885705 0.445210
vt 0.753007 0.908350
vt 0.756402 0.916800
vt 0.748206 0.920698
vt 0.895073 0.234427
vt 0.895073 0.445210
vt 0.935951 0.235038
vt 0.935951 0.432524
vt 0.054705 0.927718
vt 0.051328 0.918984
vt 0.059480 0.915728
vt 0.935791 0.686550
vt 0.940350 0.884540
vt 0.935791 0.885280
vt 0.910828 0.218634
vt 0.915509 0.007877
vt 0.915509 0.218580
vt 0.920197 0.007932
vt 0.920197 0.218634
vt 0.885705 0.461574
vt 0.890442 0.659702
vt 0.885705 0.660304
vt 0.895070 0.461663
vt 0.895070 0.660392
vt 0.885705 0.007877
vt 0.890377 0.218672
vt 0.885705 0.218652
vt 0.778357 0.910088
vt 0.786550 0.913987
vt 0.783156 0.922437
vt 0.890377 0.007897
vt 0.895073 0.218652
vt 0.930998 0.884729
vt 0.676934 0.921500
vt 0.680328 0.912772
vt 0.688523 0.916058
vt 0.940745 0.205364
vt 0.945303 0.008654
vt 0.945303 0.206140
vt 0.905876 0.685851
vt 0.910522 0.896552
vt 0.905876 0.896593
vt 0.910522 0.685810
vt 0.915243 0.896589
vt 0.961051 0.658485
vt 0.965789 0.461699
vt 0.965789 0.659118
vt 0.970416 0.658391
vt 0.240225 0.895928
vt 0.244888 0.685152
vt 0.244888 0.895935
vt 0.817210 0.908705
vt 0.820605 0.917156
vt 0.812410 0.921054
vt 0.249593 0.685145
vt 0.249593 0.895929
vt 0.935951 0.008455
vt 0.935951 0.205941
vt 0.607573 0.928134
vt 0.604196 0.919399
vt 0.612349 0.916143
vt 0.940737 0.461712
vt 0.945296 0.659702
vt 0.940737 0.660442
vt 0.910828 0.234515
vt 0.915508 0.445163
vt 0.910828 0.445217
vt 0.920196 0.234515
vt 0.920196 0.445217
vt 0.910828 0.461574
vt 0.915565 0.659702
vt 0.910828 0.660304
vt 0.915565 0.460972
vt 0.920193 0.660392
vt 0.378587 0.882839
vt 0.383259 0.672084
vt 0.383259 0.882858
vt 0.241400 0.911690
vt 0.249593 0.915590
vt 0.246199 0.924039
vt 0.387956 0.882839
vt 0.935944 0.659890
vt 0.905876 0.921240
vt 0.909271 0.912512
vt 0.917465 0.915798
vt 0.710689 0.824571
vt 0.752845 0.692135
vt 0.752845 0.824581
vt 0.599849 0.776796
vt 0.641992 0.692499
vt 0.641992 0.776808
vt 0.014264 0.691508
vt 0.098578 0.823995
vt 0.014264 0.823995
vt 0.571370 0.692433
vt 0.529214 0.776746
vt 0.529215 0.692436
vt 0.823529 0.692338
vt 0.781373 0.824638
vt 0.781373 0.692359
vt 0.127130 0.691627
vt 0.121885 0.686302
vt 0.127109 0.685164
vt 0.758025 0.687025
vt 0.759208 0.692208
vt 0.524027 0.687256
vt 0.529234 0.686073
vt 0.710689 0.692125
vt 0.705439 0.687012
vt 0.710665 0.685810
vt 0.098578 0.691507
vt 0.103795 0.686328
vt 0.104967 0.691532
vt 0.576613 0.687253
vt 0.577777 0.692457
vt 0.211441 0.691608
vt 0.216627 0.686280
vt 0.217808 0.691528
vt 0.524027 0.781997
vt 0.522846 0.776771
vt 0.776125 0.686937
vt 0.781350 0.685831
vt 0.009050 0.686328
vt 0.014265 0.685145
vt 0.828711 0.686911
vt 0.829893 0.692184
vt 0.571370 0.776743
vt 0.576613 0.781994
vt 0.571389 0.783155
vt 0.127130 0.824063
vt 0.121885 0.829164
vt 0.120722 0.823986
vt 0.647304 0.687242
vt 0.648446 0.692471
vt 0.758025 0.829898
vt 0.752821 0.831037
vt 0.103795 0.829246
vt 0.098579 0.830407
vt 0.705439 0.829885
vt 0.704278 0.824640
vt 0.599849 0.692487
vt 0.594734 0.687227
vt 0.599917 0.686070
vt 0.211441 0.824043
vt 0.216627 0.829143
vt 0.211421 0.830350
vt 0.776125 0.829630
vt 0.774963 0.824490
vt 0.647305 0.781982
vt 0.642061 0.783165
vt 0.009050 0.829246
vt 0.007877 0.824020
vt 0.594734 0.781966
vt 0.593532 0.776764
vt 0.823529 0.824617
vt 0.828711 0.829604
vt 0.823506 0.830844
vt 0.211421 0.685144
vt 0.522846 0.692461
vt 0.752821 0.685821
vt 0.571390 0.686070
vt 0.098579 0.685145
vt 0.577777 0.776767
vt 0.823506 0.685810
vt 0.529234 0.783158
vt 0.217808 0.823964
vt 0.774963 0.692212
vt 0.007877 0.691532
vt 0.829893 0.824463
vt 0.599917 0.783153
vt 0.781350 0.830864
vt 0.127109 0.830369
vt 0.648446 0.776780
vt 0.014265 0.830407
vt 0.593532 0.692455
vt 0.710665 0.831027
vt 0.642060 0.686082
vt 0.120722 0.691550
vt 0.759208 0.824653
vt 0.104967 0.824020
vt 0.704278 0.692194
vt 0.989217 0.433273
vt 0.992123 0.659118
vt 0.989217 0.659106
vt 0.982774 0.007910
vt 0.985741 0.233644
vt 0.982774 0.233676
vt 0.985741 0.007877
vt 0.988736 0.233675
vt 0.981224 0.685812
vt 0.984237 0.911654
vt 0.981224 0.911643
vt 0.984237 0.685822
vt 0.987184 0.911642
vt 0.961058 0.007877
vt 0.964027 0.233722
vt 0.961058 0.233712
vt 0.189966 0.925297
vt 0.195473 0.923016
vt 0.197755 0.928524
vt 0.964027 0.007887
vt 0.967019 0.233713
vt 0.986170 0.433282
vt 0.986170 0.659115
vt 0.219015 0.930805
vt 0.213510 0.928524
vt 0.215791 0.923016
vt 0.527526 0.917479
vt 0.532035 0.929538
vt 0.527526 0.929523
vt 0.390628 0.898613
vt 0.378661 0.902496
vt 0.378587 0.898613
vt 0.390702 0.902496
vt 0.378663 0.907334
vt 0.390704 0.907334
vt 0.378591 0.911280
vt 0.639246 0.915964
vt 0.643886 0.928021
vt 0.639246 0.928009
vt 0.643886 0.915977
vt 0.648446 0.928007
vt 0.726034 0.908145
vt 0.713968 0.912033
vt 0.713989 0.908145
vt 0.726013 0.912033
vt 0.713968 0.916872
vt 0.813159 0.846619
vt 0.817761 0.860782
vt 0.808557 0.860782
vt 0.726013 0.916872
vt 0.713988 0.920812
vt 0.522846 0.917489
vt 0.522846 0.929534
vt 0.747160 0.860948
vt 0.751762 0.846792
vt 0.759208 0.852200
vt 0.784086 0.879936
vt 0.785078 0.884283
vt 0.783271 0.883239
vt 0.723381 0.854218
vt 0.728114 0.858280
vt 0.723328 0.858258
vt 0.723218 0.846792
vt 0.728128 0.850214
vt 0.723342 0.850192
vt 0.750945 0.889287
vt 0.751981 0.885390
vt 0.753033 0.889287
vt 0.782252 0.887135
vt 0.726855 0.861713
vt 0.723191 0.861696
vt 0.728561 0.854242
vt 0.750081 0.892595
vt 0.753938 0.892595
vt 0.754841 0.888243
vt 0.786122 0.886091
vt 0.789958 0.861493
vt 0.786419 0.859959
vt 0.789888 0.858796
vt 0.778447 0.863481
vt 0.782370 0.860367
vt 0.782469 0.864181
vt 0.757279 0.890666
vt 0.789353 0.885206
vt 0.786511 0.863483
vt 0.775059 0.861488
vt 0.778356 0.859957
vt 0.786386 0.855106
vt 0.789863 0.855081
vt 0.782333 0.855114
vt 0.759208 0.887325
vt 0.786122 0.888179
vt 0.774988 0.858792
vt 0.778322 0.855104
vt 0.755884 0.886435
vt 0.789353 0.889063
vt 0.785078 0.889987
vt 0.786419 0.850223
vt 0.774963 0.855077
vt 0.778356 0.850221
vt 0.755884 0.884348
vt 0.789888 0.851344
vt 0.782370 0.849829
vt 0.759208 0.883467
vt 0.714661 0.888968
vt 0.717928 0.884966
vt 0.718319 0.888992
vt 0.714643 0.880902
vt 0.719383 0.877486
vt 0.718301 0.880926
vt 0.754841 0.882540
vt 0.783271 0.891030
vt 0.789958 0.848586
vt 0.713968 0.884940
vt 0.757279 0.880127
vt 0.784086 0.894333
vt 0.781184 0.891030
vt 0.723167 0.892390
vt 0.719415 0.892390
vt 0.723233 0.884966
vt 0.753939 0.878198
vt 0.780230 0.894333
vt 0.723221 0.888992
vt 0.723134 0.877486
vt 0.723203 0.880926
vt 0.753033 0.881496
vt 0.728035 0.880902
vt 0.728463 0.884940
vt 0.750945 0.881496
vt 0.750081 0.878198
vt 0.779377 0.889987
vt 0.728052 0.888968
vt 0.726865 0.892372
vt 0.774963 0.889063
vt 0.778334 0.888179
vt 0.806245 0.885500
vt 0.810482 0.889548
vt 0.806951 0.889529
vt 0.808917 0.878032
vt 0.810466 0.881482
vt 0.806935 0.881463
vt 0.749137 0.882540
vt 0.808947 0.892936
vt 0.811650 0.892951
vt 0.810066 0.885521
vt 0.746741 0.880127
vt 0.811620 0.878046
vt 0.815322 0.881482
vt 0.748093 0.884348
vt 0.778334 0.886091
vt 0.815366 0.892951
vt 0.815323 0.885521
vt 0.744812 0.883467
vt 0.815338 0.889548
vt 0.779377 0.884283
vt 0.820219 0.889529
vt 0.819102 0.892936
vt 0.820202 0.881463
vt 0.820605 0.885500
vt 0.744812 0.887325
vt 0.776891 0.881865
vt 0.815336 0.878046
vt 0.748093 0.886435
vt 0.746740 0.890666
vt 0.781184 0.883239
vt 0.713968 0.854242
vt 0.718393 0.858258
vt 0.714632 0.858280
vt 0.716563 0.846809
vt 0.718407 0.850192
vt 0.714646 0.850214
vt 0.749137 0.888243
vt 0.719414 0.861696
vt 0.716536 0.861713
vt 0.718039 0.854218
vt 0.780230 0.879936
vt 0.719441 0.846792
vt 0.171788 0.931902
vt 0.174211 0.925559
vt 0.174211 0.929240
vt 0.171788 0.923016
vt 0.168363 0.931985
vt 0.168363 0.923099
vt 0.165941 0.929441
vt 0.165941 0.925761
vt 0.558635 0.920033
vt 0.561179 0.926353
vt 0.558635 0.923709
vt 0.561179 0.917479
vt 0.564776 0.926417
vt 0.564776 0.917542
vt 0.567320 0.923863
vt 0.567320 0.920187
vt 0.608111 0.798920
vt 0.613982 0.806202
vt 0.606168 0.801745
vt 0.171194 0.907261
vt 0.174214 0.898866
vt 0.174589 0.906802
vt 0.167410 0.899234
vt 0.167778 0.907019
vt 0.880602 0.692887
vt 0.886176 0.685810
vt 0.888191 0.688517
vt 0.882055 0.696019
vt 0.890121 0.691363
vt 0.034234 0.890255
vt 0.037273 0.899792
vt 0.033886 0.899381
vt 0.030462 0.899615
vt 0.612434 0.809203
vt 0.604196 0.804496
vt 0.615445 0.803093
vt 0.621897 0.809511
vt 0.170832 0.899606
vt 0.173703 0.891428
vt 0.166904 0.891858
vt 0.872804 0.696183
vt 0.879008 0.689929
vt 0.874038 0.699415
vt 0.034698 0.882270
vt 0.037610 0.890950
vt 0.030805 0.890621
vt 0.620542 0.812599
vt 0.623140 0.806302
vt 0.629368 0.812528
vt 0.170328 0.892284
vt 0.173186 0.884109
vt 0.166383 0.884491
vt 0.865289 0.699259
vt 0.871404 0.693137
vt 0.866696 0.702413
vt 0.035124 0.875242
vt 0.038068 0.883082
vt 0.031266 0.882690
vt 0.627860 0.815549
vt 0.630785 0.809397
vt 0.635872 0.816089
vt 0.169806 0.884874
vt 0.172811 0.876516
vt 0.166000 0.876707
vt 0.858569 0.702990
vt 0.863736 0.696280
vt 0.860573 0.705783
vt 0.035384 0.869009
vt 0.038499 0.875962
vt 0.031694 0.875619
vt 0.633835 0.818793
vt 0.637888 0.813316
vt 0.640935 0.821007
vt 0.169415 0.876928
vt 0.172753 0.868325
vt 0.165941 0.868183
vt 0.853207 0.708271
vt 0.856490 0.700330
vt 0.856019 0.710225
vt 0.035396 0.863282
vt 0.038772 0.869373
vt 0.031960 0.869222
vt 0.638182 0.822975
vt 0.647511 0.827422
vt 0.643764 0.819069
vt 0.169822 0.858657
vt 0.169355 0.868117
vt 0.846550 0.715074
vt 0.850415 0.706350
vt 0.849817 0.715935
vt 0.038423 0.856302
vt 0.038782 0.863025
vt 0.031631 0.856845
vt 0.031971 0.863208
vt 0.644137 0.828160
vt 0.644997 0.841797
vt 0.174589 0.847564
vt 0.173187 0.859539
vt 0.167830 0.846759
vt 0.166392 0.859034
vt 0.848977 0.730134
vt 0.852400 0.729571
vt 0.853169 0.716686
vt 0.033933 0.847637
vt 0.035072 0.857229
vt 0.641697 0.841553
vt 0.640904 0.829071
vt 0.644264 0.855103
vt 0.648446 0.842370
vt 0.123781 0.858248
vt 0.120894 0.847433
vt 0.123962 0.846124
vt 0.127576 0.846663
vt 0.849962 0.743496
vt 0.845648 0.730431
vt 0.852995 0.742221
vt 0.101208 0.847439
vt 0.098287 0.856297
vt 0.098138 0.846162
vt 0.104967 0.856756
vt 0.104822 0.846906
vt 0.641147 0.853422
vt 0.636744 0.866277
vt 0.123786 0.871722
vt 0.120722 0.859032
vt 0.127400 0.858544
vt 0.857609 0.754840
vt 0.856082 0.740549
vt 0.860320 0.753047
vt 0.101349 0.857042
vt 0.098287 0.868409
vt 0.104967 0.868675
vt 0.633992 0.864007
vt 0.638141 0.852202
vt 0.627588 0.876863
vt 0.123875 0.885802
vt 0.120728 0.872150
vt 0.127405 0.871854
vt 0.866816 0.765465
vt 0.863040 0.750786
vt 0.869422 0.763542
vt 0.101349 0.868797
vt 0.098211 0.882124
vt 0.104891 0.882336
vt 0.624955 0.874446
vt 0.631308 0.862268
vt 0.618294 0.887856
vt 0.123957 0.900029
vt 0.120816 0.886130
vt 0.127494 0.885887
vt 0.876086 0.776401
vt 0.872023 0.761134
vt 0.878823 0.774643
vt 0.101273 0.882411
vt 0.098138 0.896898
vt 0.104817 0.897178
vt 0.615512 0.885627
vt 0.622376 0.872578
vt 0.610242 0.900207
vt 0.123953 0.914046
vt 0.120899 0.900484
vt 0.127576 0.900173
vt 0.884078 0.788621
vt 0.881574 0.772422
vt 0.887075 0.787276
vt 0.101199 0.897312
vt 0.098152 0.912129
vt 0.104832 0.912563
vt 0.607166 0.898447
vt 0.612801 0.883923
vt 0.851496 0.930303
vt 0.853918 0.923961
vt 0.853918 0.927642
vt 0.851496 0.921418
vt 0.848070 0.930387
vt 0.848070 0.921501
vt 0.845648 0.927843
vt 0.845648 0.924163
vt 0.881214 0.923972
vt 0.883757 0.930292
vt 0.881214 0.927648
vt 0.883757 0.921418
vt 0.887355 0.930356
vt 0.887354 0.921481
vt 0.889898 0.927802
vt 0.889898 0.924126
vt 0.849562 0.804376
vt 0.855434 0.811657
vt 0.847620 0.807201
vt 0.214414 0.907261
vt 0.217433 0.898866
vt 0.217808 0.906802
vt 0.210630 0.899234
vt 0.210998 0.907019
vt 0.557800 0.805990
vt 0.563374 0.798913
vt 0.565389 0.801620
vt 0.559253 0.809122
vt 0.567320 0.804466
vt 0.058309 0.890255
vt 0.061348 0.899792
vt 0.057962 0.899381
vt 0.054537 0.899615
vt 0.853886 0.814658
vt 0.845648 0.809952
vt 0.856897 0.808548
vt 0.863349 0.814966
vt 0.214051 0.899606
vt 0.216923 0.891428
vt 0.210123 0.891858
vt 0.550002 0.809286
vt 0.556206 0.803031
vt 0.551236 0.812518
vt 0.058774 0.882270
vt 0.061686 0.890950
vt 0.054880 0.890621
vt 0.861994 0.818055
vt 0.864591 0.811758
vt 0.870820 0.817984
vt 0.213548 0.892284
vt 0.216406 0.884109
vt 0.209603 0.884491
vt 0.542487 0.812361
vt 0.548602 0.806239
vt 0.543894 0.815516
vt 0.059199 0.875242
vt 0.062144 0.883082
vt 0.055342 0.882690
vt 0.869312 0.821005
vt 0.872237 0.814853
vt 0.877324 0.821544
vt 0.213025 0.884874
vt 0.216030 0.876516
vt 0.209220 0.876707
vt 0.535768 0.816092
vt 0.540934 0.809383
vt 0.537771 0.818885
vt 0.059460 0.869009
vt 0.062574 0.875962
vt 0.055769 0.875619
vt 0.875287 0.824248
vt 0.879340 0.818772
vt 0.882386 0.826462
vt 0.212635 0.876928
vt 0.215972 0.868325
vt 0.209160 0.868183
vt 0.530405 0.821374
vt 0.533688 0.813433
vt 0.533217 0.823328
vt 0.059472 0.863282
vt 0.062847 0.869373
vt 0.056035 0.869222
vt 0.879634 0.828431
vt 0.888963 0.832877
vt 0.885215 0.824525
vt 0.213041 0.858657
vt 0.212574 0.868117
vt 0.523748 0.828177
vt 0.527613 0.819453
vt 0.527015 0.829038
vt 0.062498 0.856302
vt 0.062858 0.863025
vt 0.055706 0.856845
vt 0.056047 0.863208
vt 0.885589 0.833615
vt 0.886449 0.847253
vt 0.217808 0.847564
vt 0.216406 0.859539
vt 0.211049 0.846760
vt 0.209612 0.859034
vt 0.526175 0.843237
vt 0.529598 0.842674
vt 0.530367 0.829789
vt 0.058009 0.847637
vt 0.059147 0.857229
vt 0.883149 0.847009
vt 0.882356 0.834527
vt 0.885716 0.860558
vt 0.889898 0.847826
vt 0.146391 0.858248
vt 0.143503 0.847433
vt 0.146571 0.846124
vt 0.150186 0.846663
vt 0.527160 0.856598
vt 0.522846 0.843534
vt 0.530193 0.855324
vt 0.010948 0.847439
vt 0.008027 0.856297
vt 0.007877 0.846162
vt 0.014707 0.856756
vt 0.014562 0.846906
vt 0.882599 0.858877
vt 0.878196 0.871732
vt 0.146396 0.871722
vt 0.143331 0.859031
vt 0.150009 0.858544
vt 0.534807 0.867943
vt 0.533280 0.853652
vt 0.537518 0.866149
vt 0.011089 0.857042
vt 0.008027 0.868409
vt 0.014707 0.868675
vt 0.875444 0.869462
vt 0.879593 0.857657
vt 0.869040 0.882318
vt 0.146484 0.885802
vt 0.143337 0.872150
vt 0.150015 0.871853
vt 0.544015 0.878568
vt 0.540238 0.863888
vt 0.546620 0.876644
vt 0.011088 0.868797
vt 0.007951 0.882124
vt 0.014631 0.882336
vt 0.866407 0.879902
vt 0.872760 0.867723
vt 0.859745 0.893311
vt 0.146567 0.900029
vt 0.143425 0.886130
vt 0.150103 0.885887
vt 0.553284 0.889504
vt 0.549221 0.874237
vt 0.556021 0.887746
vt 0.011012 0.882411
vt 0.007877 0.896898
vt 0.014557 0.897178
vt 0.856964 0.891082
vt 0.863828 0.878033
vt 0.851694 0.905663
vt 0.146563 0.914046
vt 0.143508 0.900484
vt 0.150186 0.900173
vt 0.561276 0.901724
vt 0.558772 0.885525
vt 0.564274 0.900378
vt 0.010938 0.897312
vt 0.007892 0.912129
vt 0.014572 0.912563
vt 0.848618 0.903902
vt 0.854252 0.889379
vt 0.362832 0.679512
vt 0.265348 0.007877
vt 0.008383 0.007996
vt 0.945302 0.235237
vt 0.679156 0.686111
vt 0.688523 0.686107
vt 0.956105 0.685904
vt 0.965469 0.685810
vt 0.890367 0.234434
vt 0.744812 0.917280
vt 0.744812 0.912248
vt 0.748206 0.908549
vt 0.756402 0.911767
vt 0.753007 0.920499
vt 0.062857 0.919421
vt 0.062857 0.924462
vt 0.059480 0.927899
vt 0.051328 0.924025
vt 0.054705 0.915547
vt 0.940350 0.685810
vt 0.910828 0.007932
vt 0.890442 0.460972
vt 0.778357 0.922237
vt 0.774963 0.918537
vt 0.774963 0.913505
vt 0.783156 0.910288
vt 0.786550 0.919020
vt 0.895073 0.007878
vt 0.930998 0.685999
vt 0.688523 0.921103
vt 0.685129 0.924786
vt 0.680328 0.924950
vt 0.676934 0.916455
vt 0.685129 0.912607
vt 0.940745 0.007877
vt 0.915243 0.685848
vt 0.961051 0.461066
vt 0.970416 0.460972
vt 0.240225 0.685145
vt 0.809015 0.917636
vt 0.809015 0.912604
vt 0.812410 0.908905
vt 0.820605 0.912123
vt 0.817210 0.920855
vt 0.615726 0.919836
vt 0.615726 0.924878
vt 0.612349 0.928315
vt 0.604196 0.924441
vt 0.607573 0.915962
vt 0.945296 0.460972
vt 0.915508 0.234460
vt 0.920193 0.461663
vt 0.378587 0.672064
vt 0.241400 0.923839
vt 0.238006 0.920139
vt 0.238006 0.915107
vt 0.246199 0.911890
vt 0.249593 0.920622
vt 0.387955 0.672065
vt 0.935944 0.461160
vt 0.917465 0.920843
vt 0.914071 0.924526
vt 0.909271 0.924691
vt 0.905876 0.916196
vt 0.914071 0.912348
vt 0.992123 0.433285
vt 0.988736 0.007908
vt 0.987184 0.685810
vt 0.195473 0.930805
vt 0.192247 0.930805
vt 0.189966 0.928524
vt 0.192247 0.923016
vt 0.197755 0.925297
vt 0.967019 0.007878
vt 0.219016 0.923016
vt 0.221296 0.925297
vt 0.221296 0.928524
vt 0.215790 0.930805
vt 0.213510 0.925297
vt 0.532035 0.917494
vt 0.390632 0.911280
vt 0.648446 0.915962
vt 0.805713 0.856867
vt 0.805713 0.852029
vt 0.808557 0.848114
vt 0.817761 0.848114
vt 0.820605 0.852029
vt 0.820605 0.856867
vt 0.813159 0.862277
vt 0.726033 0.920812
vt 0.759208 0.857036
vt 0.756364 0.860949
vt 0.751762 0.862443
vt 0.744316 0.857036
vt 0.744316 0.852199
vt 0.747160 0.848287
vt 0.756364 0.848287
vt 0.787425 0.881865
vt 0.726882 0.846809
vt 0.787425 0.892404
vt 0.774989 0.851340
vt 0.716583 0.877468
vt 0.786511 0.846619
vt 0.776891 0.892404
vt 0.726832 0.877468
vt 0.774963 0.885206
vt 0.819072 0.878032
vt 0.171289 0.846124
vt 0.037218 0.846162
vt 0.030462 0.847000
vt 0.120894 0.914785
vt 0.127572 0.914321
vt 0.890121 0.785523
vt 0.101214 0.912829
vt 0.604196 0.897156
vt 0.214509 0.846124
vt 0.061293 0.846162
vt 0.054537 0.847000
vt 0.143504 0.914785
vt 0.150182 0.914321
vt 0.567320 0.898626
vt 0.010954 0.912829
vt 0.845648 0.902611
s 1
f 875/1/1 709/2/2 961/3/1
f 887/4/3 565/5/3 1033/6/3
f 881/7/4 421/8/5 1105/9/6
f 144/10/7 870/11/8 1176/12/7
f 12/13/7 880/14/7 1104/15/7
f 732/16/9 871/17/9 890/18/9
f 1103/19/3 1106/20/10 576/21/3
f 1156/22/11 423/23/12 422/24/11
f 1158/25/12 424/26/13 423/23/12
f 1160/27/13 425/28/14 424/26/13
f 1162/29/14 426/30/15 425/28/14
f 1164/31/15 427/32/16 426/30/15
f 1166/33/16 428/34/17 427/32/16
f 1168/35/17 429/36/18 428/34/17
f 1170/37/18 430/38/19 429/36/18
f 1172/39/19 431/40/20 430/38/19
f 1174/41/20 432/42/21 431/40/20
f 1031/43/22 1034/44/23 720/45/22
f 1084/46/3 567/47/3 566/48/3
f 1086/49/3 568/50/3 567/47/3
f 1088/51/3 569/52/3 568/50/3
f 1090/53/3 570/54/3 569/52/3
f 1092/55/3 571/56/3 570/54/3
f 1094/57/3 572/58/3 571/56/3
f 1096/59/3 573/60/3 572/58/3
f 1098/61/3 574/62/3 573/60/3
f 1100/63/3 575/64/3 574/62/3
f 1102/65/3 576/21/3 575/64/3
f 576/21/3 1108/66/10 564/67/3
f 720/45/22 1036/68/23 708/69/22
f 13/70/7 2/71/7 1/72/7
f 14/73/7 3/74/7 2/71/7
f 15/75/7 4/76/7 3/74/7
f 16/77/7 5/78/7 4/76/7
f 17/79/7 6/80/7 5/78/7
f 18/81/7 7/82/7 6/80/7
f 19/83/7 8/84/7 7/82/7
f 20/85/7 9/86/7 8/84/7
f 21/87/7 10/88/7 9/86/7
f 22/89/7 11/90/7 10/88/7
f 23/91/7 12/13/7 11/90/7
f 1030/92/24 720/45/22 719/93/24
f 25/94/7 14/73/7 13/70/7
f 26/95/7 15/75/7 14/73/7
f 27/96/7 16/77/7 15/75/7
f 28/97/7 17/79/7 16/77/7
f 29/98/7 18/81/7 17/79/7
f 30/99/7 19/83/7 18/81/7
f 31/100/7 20/85/7 19/83/7
f 32/101/7 21/87/7 20/85/7
f 33/102/7 22/89/7 21/87/7
f 34/103/7 23/91/7 22/89/7
f 35/104/7 24/105/7 23/91/7
f 1028/106/25 719/93/24 718/107/25
f 37/108/7 26/95/7 25/94/7
f 38/109/7 27/96/7 26/95/7
f 39/110/7 28/97/7 27/96/7
f 40/111/7 29/98/7 28/97/7
f 41/112/7 30/99/7 29/98/7
f 42/113/7 31/100/7 30/99/7
f 43/114/7 32/101/7 31/100/7
f 44/115/7 33/102/7 32/101/7
f 45/116/7 34/103/7 33/102/7
f 46/117/7 35/104/7 34/103/7
f 47/118/7 36/119/7 35/104/7
f 1026/120/26 718/107/25 717/121/26
f 49/122/7 38/109/7 37/108/7
f 50/123/7 39/110/7 38/109/7
f 51/124/7 40/111/7 39/110/7
f 52/125/7 41/112/7 40/111/7
f 53/126/7 42/113/7 41/112/7
f 54/127/7 43/114/7 42/113/7
f 55/128/7 44/115/7 43/114/7
f 56/129/7 45/116/7 44/115/7
f 57/130/7 46/117/7 45/116/7
f 58/131/7 47/118/7 46/117/7
f 59/132/7 48/133/7 47/118/7
f 1024/134/27 717/121/26 716/135/27
f 61/136/7 50/123/7 49/122/7
f 62/137/7 51/124/7 50/123/7
f 63/138/7 52/125/7 51/124/7
f 64/139/7 53/126/7 52/125/7
f 65/140/7 54/127/7 53/126/7
f 66/141/7 55/128/7 54/127/7
f 67/142/7 56/129/7 55/128/7
f 68/143/7 57/130/7 56/129/7
f 69/144/7 58/131/7 57/130/7
f 70/145/7 59/132/7 58/131/7
f 71/146/7 60/147/7 59/132/7
f 1022/148/28 716/135/27 715/149/28
f 73/150/7 62/137/7 61/136/7
f 74/151/7 63/138/7 62/137/7
f 75/152/7 64/139/7 63/138/7
f 76/153/7 65/140/7 64/139/7
f 77/154/7 66/141/7 65/140/7
f 78/155/7 67/142/7 66/141/7
f 79/156/7 68/143/7 67/142/7
f 80/157/7 69/144/7 68/143/7
f 81/158/7 70/145/7 69/144/7
f 82/159/7 71/146/7 70/145/7
f 83/160/7 72/161/7 71/146/7
f 1020/162/29 715/149/28 714/163/29
f 73/150/7 86/164/7 74/151/7
f 74/151/7 87/165/7 75/152/7
f 75/152/7 88/166/7 76/153/7
f 76/153/7 89/167/7 77/154/7
f 77/154/7 90/168/7 78/155/7
f 78/155/7 91/169/7 79/156/7
f 79/156/7 92/170/7 80/157/7
f 80/157/7 93/171/7 81/158/7
f 81/158/7 94/172/7 82/159/7
f 82/159/7 95/173/7 83/160/7
f 83/160/7 96/174/7 84/175/7
f 1018/176/30 714/163/29 713/177/30
f 85/178/7 98/179/7 86/164/7
f 86/164/7 99/180/7 87/165/7
f 87/165/7 100/181/7 88/166/7
f 88/166/7 101/182/7 89/167/7
f 89/167/7 102/183/7 90/168/7
f 90/168/7 103/184/7 91/169/7
f 91/169/7 104/185/7 92/170/7
f 92/170/7 105/186/7 93/171/7
f 93/171/7 106/187/7 94/172/7
f 94/172/7 107/188/7 95/173/7
f 95/173/7 108/189/7 96/174/7
f 1016/190/31 713/177/30 712/191/31
f 97/192/7 110/193/7 98/179/7
f 98/179/7 111/194/7 99/180/7
f 99/180/7 112/195/7 100/181/7
f 100/181/7 113/196/7 101/182/7
f 101/182/7 114/197/7 102/183/7
f 102/183/7 115/198/7 103/184/7
f 103/184/7 116/199/7 104/185/7
f 104/185/7 117/200/7 105/186/7
f 105/186/7 118/201/7 106/187/7
f 106/187/7 119/202/7 107/188/7
f 107/188/7 120/203/7 108/189/7
f 1014/204/32 712/191/31 711/205/32
f 109/206/7 122/207/7 110/193/7
f 110/193/7 123/208/7 111/194/7
f 111/194/7 124/209/7 112/195/7
f 112/195/7 125/210/7 113/196/7
f 113/196/7 126/211/7 114/197/7
f 114/197/7 127/212/7 115/198/7
f 115/198/7 128/213/7 116/199/7
f 116/199/7 129/214/7 117/200/7
f 117/200/7 130/215/7 118/201/7
f 118/201/7 131/216/7 119/202/7
f 119/202/7 132/217/7 120/203/7
f 1012/218/33 711/205/32 710/219/33
f 121/220/7 134/221/7 122/207/7
f 122/207/7 135/222/7 123/208/7
f 123/208/7 136/223/7 124/209/7
f 124/209/7 137/224/7 125/210/7
f 125/210/7 138/225/7 126/211/7
f 126/211/7 139/226/7 127/212/7
f 127/212/7 140/227/7 128/213/7
f 128/213/7 141/228/7 129/214/7
f 129/214/7 142/229/7 130/215/7
f 130/215/7 143/230/7 131/216/7
f 131/216/7 144/10/7 132/217/7
f 959/231/9 962/232/9 864/233/9
f 864/233/9 964/234/9 852/235/9
f 958/236/9 864/233/9 863/237/9
f 956/238/9 863/237/9 862/239/9
f 954/240/9 862/239/9 861/241/9
f 952/242/9 861/241/9 860/243/9
f 950/244/9 860/243/9 859/245/9
f 948/246/9 859/245/9 858/247/9
f 946/248/9 858/247/9 857/249/9
f 944/250/9 857/249/9 856/251/9
f 942/252/9 856/251/9 855/253/9
f 940/254/9 855/253/9 854/255/9
f 868/256/34 853/257/9 935/258/35
f 298/259/19 1132/260/20 1134/261/19
f 297/262/18 1134/261/19 1136/263/18
f 296/264/17 1136/263/18 1138/265/17
f 295/266/16 1138/265/17 1140/267/16
f 294/268/15 1140/267/16 1142/269/15
f 293/270/14 1142/269/15 1144/271/14
f 292/272/13 1144/271/14 1146/273/13
f 291/274/12 1146/273/13 1148/275/12
f 290/276/11 1148/275/12 1150/277/11
f 289/278/5 1150/277/11 1151/279/5
f 1154/280/5 422/24/11 421/8/5
f 1009/281/7 960/282/7 133/283/7
f 730/284/9 892/285/9 894/286/9
f 729/287/9 894/286/9 896/288/9
f 728/289/9 896/288/9 898/290/9
f 727/291/9 898/290/9 900/292/9
f 726/293/9 900/292/9 902/294/9
f 725/295/9 902/294/9 904/296/9
f 724/297/9 904/296/9 906/298/9
f 723/299/9 906/298/9 908/300/9
f 722/301/9 908/300/9 910/302/9
f 721/303/9 910/302/9 911/304/9
f 916/305/35 721/303/9 914/306/35
f 1010/307/2 710/219/33 709/2/2
f 157/308/36 146/309/36 145/310/36
f 158/311/36 147/312/36 146/309/36
f 159/313/36 148/314/36 147/312/36
f 160/315/36 149/316/36 148/314/36
f 161/317/36 150/318/36 149/316/36
f 162/319/36 151/320/36 150/318/36
f 163/321/36 152/322/36 151/320/36
f 164/323/36 153/324/36 152/322/36
f 165/325/36 154/326/36 153/324/36
f 166/327/36 155/328/36 154/326/36
f 167/329/36 156/330/36 155/328/36
f 577/331/2 1006/332/33 1007/333/2
f 169/334/36 158/311/36 157/308/36
f 170/335/36 159/313/36 158/311/36
f 171/336/36 160/315/36 159/313/36
f 172/337/36 161/317/36 160/315/36
f 173/338/36 162/319/36 161/317/36
f 174/339/36 163/321/36 162/319/36
f 175/340/36 164/323/36 163/321/36
f 176/341/36 165/325/36 164/323/36
f 177/342/36 166/327/36 165/325/36
f 178/343/36 167/329/36 166/327/36
f 179/344/36 168/345/36 167/329/36
f 578/346/33 1004/347/32 1006/332/33
f 181/348/36 170/335/36 169/334/36
f 182/349/36 171/336/36 170/335/36
f 183/350/36 172/337/36 171/336/36
f 184/351/36 173/338/36 172/337/36
f 185/352/36 174/339/36 173/338/36
f 186/353/36 175/340/36 174/339/36
f 187/354/36 176/341/36 175/340/36
f 188/355/36 177/342/36 176/341/36
f 189/356/36 178/343/36 177/342/36
f 190/357/36 179/344/36 178/343/36
f 191/358/36 180/359/36 179/344/36
f 579/360/32 1002/361/31 1004/347/32
f 193/362/36 182/349/36 181/348/36
f 194/363/36 183/350/36 182/349/36
f 195/364/36 184/351/36 183/350/36
f 196/365/36 185/352/36 184/351/36
f 197/366/36 186/353/36 185/352/36
f 198/367/36 187/354/36 186/353/36
f 199/368/36 188/355/36 187/354/36
f 200/369/36 189/356/36 188/355/36
f 201/370/36 190/357/36 189/356/36
f 202/371/36 191/358/36 190/357/36
f 203/372/36 192/373/36 191/358/36
f 580/374/31 1000/375/30 1002/361/31
f 205/376/36 194/363/36 193/362/36
f 206/377/36 195/364/36 194/363/36
f 207/378/36 196/365/36 195/364/36
f 208/379/36 197/366/36 196/365/36
f 209/380/36 198/367/36 197/366/36
f 210/381/36 199/368/36 198/367/36
f 211/382/36 200/369/36 199/368/36
f 212/383/36 201/370/36 200/369/36
f 213/384/36 202/371/36 201/370/36
f 214/385/36 203/372/36 202/371/36
f 215/386/36 204/387/36 203/372/36
f 581/388/30 998/389/29 1000/375/30
f 217/390/36 206/377/36 205/376/36
f 218/391/36 207/378/36 206/377/36
f 219/392/36 208/379/36 207/378/36
f 220/393/36 209/380/36 208/379/36
f 221/394/36 210/381/36 209/380/36
f 222/395/36 211/382/36 210/381/36
f 223/396/36 212/383/36 211/382/36
f 224/397/36 213/384/36 212/383/36
f 225/398/36 214/385/36 213/384/36
f 226/399/36 215/386/36 214/385/36
f 227/400/36 216/401/36 215/386/36
f 582/402/29 996/403/28 998/389/29
f 217/390/36 230/404/36 218/391/36
f 218/391/36 231/405/36 219/392/36
f 219/392/36 232/406/36 220/393/36
f 220/393/36 233/407/36 221/394/36
f 221/394/36 234/408/36 222/395/36
f 222/395/36 235/409/36 223/396/36
f 223/396/36 236/410/36 224/397/36
f 224/397/36 237/411/36 225/398/36
f 225/398/36 238/412/36 226/399/36
f 226/399/36 239/413/36 227/400/36
f 227/400/36 240/414/36 228/415/36
f 583/416/28 994/417/27 996/403/28
f 229/418/36 242/419/36 230/404/36
f 230/404/36 243/420/36 231/405/36
f 231/405/36 244/421/36 232/406/36
f 232/406/36 245/422/36 233/407/36
f 233/407/36 246/423/36 234/408/36
f 234/408/36 247/424/36 235/409/36
f 235/409/36 248/425/36 236/410/36
f 236/410/36 249/426/36 237/411/36
f 237/411/36 250/427/36 238/412/36
f 238/412/36 251/428/36 239/413/36
f 239/413/36 252/429/36 240/414/36
f 584/430/27 992/431/26 994/417/27
f 241/432/36 254/433/36 242/419/36
f 242/419/36 255/434/36 243/420/36
f 243/420/36 256/435/36 244/421/36
f 244/421/36 257/436/36 245/422/36
f 245/422/36 258/437/36 246/423/36
f 246/423/36 259/438/36 247/424/36
f 247/424/36 260/439/36 248/425/36
f 248/425/36 261/440/36 249/426/36
f 249/426/36 262/441/36 250/427/36
f 250/427/36 263/442/36 251/428/36
f 251/428/36 264/443/36 252/429/36
f 585/444/26 990/445/25 992/431/26
f 253/446/36 266/447/36 254/433/36
f 254/433/36 267/448/36 255/434/36
f 255/434/36 268/449/36 256/435/36
f 256/435/36 269/450/36 257/436/36
f 257/436/36 270/451/36 258/437/36
f 258/437/36 271/452/36 259/438/36
f 259/438/36 272/453/36 260/439/36
f 260/439/36 273/454/36 261/440/36
f 261/440/36 274/455/36 262/441/36
f 262/441/36 275/456/36 263/442/36
f 263/442/36 276/457/36 264/443/36
f 586/458/25 988/459/24 990/445/25
f 265/460/36 278/461/36 266/447/36
f 266/447/36 279/462/36 267/448/36
f 267/448/36 280/463/36 268/449/36
f 268/449/36 281/464/36 269/450/36
f 269/450/36 282/465/36 270/451/36
f 270/451/36 283/466/36 271/452/36
f 271/452/36 284/467/36 272/453/36
f 272/453/36 285/468/36 273/454/36
f 273/454/36 286/469/36 274/455/36
f 274/455/36 287/470/36 275/456/36
f 275/456/36 288/471/36 276/457/36
f 1032/472/8 1081/473/7 886/474/7
f 1082/475/3 566/48/3 565/5/3
f 433/476/3 1078/477/3 1079/478/3
f 434/479/3 1076/480/3 1078/477/3
f 435/481/3 1074/482/3 1076/480/3
f 436/483/3 1072/484/3 1074/482/3
f 437/485/3 1070/486/3 1072/484/3
f 438/487/3 1068/488/3 1070/486/3
f 439/489/3 1066/490/3 1068/488/3
f 440/491/3 1064/492/3 1066/490/3
f 441/493/3 1062/494/3 1064/492/3
f 442/495/3 1060/496/3 1062/494/3
f 156/330/36 865/497/36 912/498/36
f 918/499/35 733/500/9 916/305/35
f 920/501/35 745/502/9 918/499/35
f 922/503/35 757/504/9 920/501/35
f 924/505/35 769/506/9 922/503/35
f 926/507/35 781/508/9 924/505/35
f 928/509/35 793/510/9 926/507/35
f 930/511/35 805/512/9 928/509/35
f 932/513/35 817/514/9 930/511/35
f 934/515/35 829/516/9 932/513/35
f 935/258/35 841/517/9 934/515/35
f 938/518/9 854/255/9 853/257/9
f 288/471/36 879/519/36 1152/520/36
f 276/457/36 1152/520/36 1149/521/36
f 264/443/36 1149/521/36 1147/522/36
f 252/429/36 1147/522/36 1145/523/36
f 240/414/36 1145/523/36 1143/524/36
f 228/415/36 1143/524/36 1141/525/36
f 228/415/36 1139/526/36 216/401/36
f 216/401/36 1137/527/36 204/387/36
f 204/387/36 1135/528/36 192/373/36
f 192/373/36 1133/529/36 180/359/36
f 180/359/36 1131/530/36 168/345/36
f 168/345/36 1129/531/36 156/330/36
f 299/532/20 1130/533/21 1132/260/20
f 301/534/5 290/276/11 289/278/5
f 302/535/11 291/274/12 290/276/11
f 303/536/12 292/272/13 291/274/12
f 304/537/13 293/270/14 292/272/13
f 305/538/14 294/268/15 293/270/14
f 306/539/15 295/266/16 294/268/15
f 307/540/16 296/264/17 295/266/16
f 308/541/17 297/262/18 296/264/17
f 309/542/18 298/259/19 297/262/18
f 310/543/19 299/532/20 298/259/19
f 311/544/20 300/545/21 299/532/20
f 456/546/3 1127/547/10 444/548/3
f 313/549/5 302/535/11 301/534/5
f 314/550/11 303/536/12 302/535/11
f 315/551/12 304/537/13 303/536/12
f 316/552/13 305/538/14 304/537/13
f 317/553/14 306/539/15 305/538/14
f 318/554/15 307/540/16 306/539/15
f 319/555/16 308/541/17 307/540/16
f 320/556/17 309/542/18 308/541/17
f 321/557/18 310/543/19 309/542/18
f 322/558/19 311/544/20 310/543/19
f 323/559/20 312/560/21 311/544/20
f 468/561/3 1126/562/10 456/546/3
f 325/563/5 314/550/11 313/549/5
f 326/564/11 315/551/12 314/550/11
f 327/565/12 316/552/13 315/551/12
f 328/566/13 317/553/14 316/552/13
f 329/567/14 318/554/15 317/553/14
f 330/568/15 319/555/16 318/554/15
f 331/569/16 320/556/17 319/555/16
f 332/570/17 321/557/18 320/556/17
f 333/571/18 322/558/19 321/557/18
f 334/572/19 323/559/20 322/558/19
f 335/573/20 324/574/21 323/559/20
f 480/575/3 1124/576/10 468/561/3
f 337/577/5 326/564/11 325/563/5
f 338/578/11 327/565/12 326/564/11
f 339/579/12 328/566/13 327/565/12
f 340/580/13 329/567/14 328/566/13
f 341/581/14 330/568/15 329/567/14
f 342/582/15 331/569/16 330/568/15
f 343/583/16 332/570/17 331/569/16
f 344/584/17 333/571/18 332/570/17
f 345/585/18 334/572/19 333/571/18
f 346/586/19 335/573/20 334/572/19
f 347/587/20 336/588/21 335/573/20
f 492/589/3 1122/590/10 480/575/3
f 349/591/5 338/578/11 337/577/5
f 350/592/11 339/579/12 338/578/11
f 351/593/12 340/580/13 339/579/12
f 352/594/13 341/581/14 340/580/13
f 353/595/14 342/582/15 341/581/14
f 354/596/15 343/583/16 342/582/15
f 355/597/16 344/584/17 343/583/16
f 356/598/17 345/585/18 344/584/17
f 357/599/18 346/586/19 345/585/18
f 358/600/19 347/587/20 346/586/19
f 359/601/20 348/602/21 347/587/20
f 504/603/3 1120/604/10 492/589/3
f 361/605/5 350/592/11 349/591/5
f 362/606/11 351/593/12 350/592/11
f 363/607/12 352/594/13 351/593/12
f 364/608/13 353/595/14 352/594/13
f 365/609/14 354/596/15 353/595/14
f 366/610/15 355/597/16 354/596/15
f 367/611/16 356/598/17 355/597/16
f 368/612/17 357/599/18 356/598/17
f 369/613/18 358/600/19 357/599/18
f 370/614/19 359/601/20 358/600/19
f 371/615/20 360/616/21 359/601/20
f 516/617/3 1118/618/10 504/603/3
f 373/619/5 362/606/11 361/605/5
f 374/620/11 363/607/12 362/606/11
f 375/621/12 364/608/13 363/607/12
f 376/622/13 365/609/14 364/608/13
f 377/623/14 366/610/15 365/609/14
f 378/624/15 367/611/16 366/610/15
f 379/625/16 368/612/17 367/611/16
f 380/626/17 369/613/18 368/612/17
f 381/627/18 370/614/19 369/613/18
f 382/628/19 371/615/20 370/614/19
f 383/629/20 372/630/21 371/615/20
f 528/631/3 1116/632/10 516/617/3
f 385/633/5 374/620/11 373/619/5
f 386/634/11 375/621/12 374/620/11
f 387/635/12 376/622/13 375/621/12
f 388/636/13 377/623/14 376/622/13
f 389/637/14 378/624/15 377/623/14
f 390/638/15 379/625/16 378/624/15
f 391/639/16 380/626/17 379/625/16
f 392/640/17 381/627/18 380/626/17
f 393/641/18 382/628/19 381/627/18
f 394/642/19 383/629/20 382/628/19
f 395/643/20 384/644/21 383/629/20
f 540/645/3 1114/646/10 528/631/3
f 397/647/5 386/634/11 385/633/5
f 398/648/11 387/635/12 386/634/11
f 399/649/12 388/636/13 387/635/12
f 400/650/13 389/637/14 388/636/13
f 401/651/14 390/638/15 389/637/14
f 402/652/15 391/639/16 390/638/15
f 403/653/16 392/640/17 391/639/16
f 404/654/17 393/641/18 392/640/17
f 405/655/18 394/642/19 393/641/18
f 406/656/19 395/643/20 394/642/19
f 407/657/20 396/658/21 395/643/20
f 552/659/3 1112/660/10 540/645/3
f 409/661/5 398/648/11 397/647/5
f 410/662/11 399/649/12 398/648/11
f 411/663/12 400/650/13 399/649/12
f 412/664/13 401/651/14 400/650/13
f 413/665/14 402/652/15 401/651/14
f 414/666/15 403/653/16 402/652/15
f 415/667/16 404/654/17 403/653/16
f 416/668/17 405/655/18 404/654/17
f 417/669/18 406/656/19 405/655/18
f 418/670/19 407/657/20 406/656/19
f 419/671/20 408/672/21 407/657/20
f 564/67/3 1110/673/10 552/659/3
f 421/8/5 410/662/11 409/661/5
f 422/24/11 411/663/12 410/662/11
f 423/23/12 412/664/13 411/663/12
f 424/26/13 413/665/14 412/664/13
f 425/28/14 414/666/15 413/665/14
f 426/30/15 415/667/16 414/666/15
f 427/32/16 416/668/17 415/667/16
f 428/34/17 417/669/18 416/668/17
f 429/36/18 418/670/19 417/669/18
f 430/38/19 419/671/20 418/670/19
f 431/40/20 420/674/21 419/671/20
f 588/675/22 883/676/23 986/677/22
f 24/105/7 1153/678/7 12/13/7
f 36/119/7 1155/679/7 24/105/7
f 48/133/7 1157/680/7 36/119/7
f 60/147/7 1159/681/7 48/133/7
f 72/161/7 1161/682/7 60/147/7
f 84/175/7 1163/683/7 72/161/7
f 84/175/7 1167/684/7 1165/685/7
f 96/174/7 1169/686/7 1167/684/7
f 108/189/7 1171/687/7 1169/686/7
f 120/203/7 1173/688/7 1171/687/7
f 132/217/7 1176/12/7 1173/688/7
f 1128/689/6 1151/279/5 878/690/37
f 1125/691/6 289/278/5 1128/689/6
f 1123/692/6 301/534/5 1125/691/6
f 1121/693/6 313/549/5 1123/692/6
f 1119/694/6 325/563/5 1121/693/6
f 1117/695/6 337/577/5 1119/694/6
f 1115/696/6 349/591/5 1117/695/6
f 1113/697/6 361/605/5 1115/696/6
f 1111/698/6 373/619/5 1113/697/6
f 1109/699/6 385/633/5 1111/698/6
f 1107/700/6 397/647/5 1109/699/6
f 1105/9/6 409/661/5 1107/700/6
f 985/701/36 1080/702/36 277/703/36
f 277/703/36 1077/704/36 278/461/36
f 278/461/36 1075/705/36 279/462/36
f 279/462/36 1073/706/36 280/463/36
f 280/463/36 1071/707/36 281/464/36
f 281/464/36 1069/708/36 282/465/36
f 282/465/36 1067/709/36 283/466/36
f 283/466/36 1065/710/36 284/467/36
f 284/467/36 1063/711/36 285/468/36
f 285/468/36 1061/712/36 286/469/36
f 286/469/36 1059/713/36 287/470/36
f 287/470/36 1057/714/36 288/471/36
f 443/715/3 1058/716/3 1060/496/3
f 445/717/3 434/479/3 433/476/3
f 446/718/3 435/481/3 434/479/3
f 447/719/3 436/483/3 435/481/3
f 448/720/3 437/485/3 436/483/3
f 449/721/3 438/487/3 437/485/3
f 450/722/3 439/489/3 438/487/3
f 451/723/3 440/491/3 439/489/3
f 452/724/3 441/493/3 440/491/3
f 453/725/3 442/495/3 441/493/3
f 454/726/3 443/715/3 442/495/3
f 455/727/3 444/548/3 443/715/3
f 600/728/22 1055/729/23 588/675/22
f 457/730/3 446/718/3 445/717/3
f 458/731/3 447/719/3 446/718/3
f 459/732/3 448/720/3 447/719/3
f 460/733/3 449/721/3 448/720/3
f 461/734/3 450/722/3 449/721/3
f 462/735/3 451/723/3 450/722/3
f 463/736/3 452/724/3 451/723/3
f 464/737/3 453/725/3 452/724/3
f 465/738/3 454/726/3 453/725/3
f 466/739/3 455/727/3 454/726/3
f 467/740/3 456/546/3 455/727/3
f 612/741/22 1054/742/23 600/728/22
f 469/743/3 458/731/3 457/730/3
f 470/744/3 459/732/3 458/731/3
f 471/745/3 460/733/3 459/732/3
f 472/746/3 461/734/3 460/733/3
f 473/747/3 462/735/3 461/734/3
f 474/748/3 463/736/3 462/735/3
f 475/749/3 464/737/3 463/736/3
f 476/750/3 465/738/3 464/737/3
f 477/751/3 466/739/3 465/738/3
f 478/752/3 467/740/3 466/739/3
f 479/753/3 468/561/3 467/740/3
f 624/754/22 1052/755/23 612/741/22
f 481/756/3 470/744/3 469/743/3
f 482/757/3 471/745/3 470/744/3
f 483/758/3 472/746/3 471/745/3
f 484/759/3 473/747/3 472/746/3
f 485/760/3 474/748/3 473/747/3
f 486/761/3 475/749/3 474/748/3
f 487/762/3 476/750/3 475/749/3
f 488/763/3 477/751/3 476/750/3
f 489/764/3 478/752/3 477/751/3
f 490/765/3 479/753/3 478/752/3
f 491/766/3 480/575/3 479/753/3
f 636/767/22 1050/768/23 624/754/22
f 493/769/3 482/757/3 481/756/3
f 494/770/3 483/758/3 482/757/3
f 495/771/3 484/759/3 483/758/3
f 496/772/3 485/760/3 484/759/3
f 497/773/3 486/761/3 485/760/3
f 498/774/3 487/762/3 486/761/3
f 499/775/3 488/763/3 487/762/3
f 500/776/3 489/764/3 488/763/3
f 501/777/3 490/765/3 489/764/3
f 502/778/3 491/766/3 490/765/3
f 503/779/3 492/589/3 491/766/3
f 648/780/22 1048/781/23 636/767/22
f 505/782/3 494/770/3 493/769/3
f 506/783/3 495/771/3 494/770/3
f 507/784/3 496/772/3 495/771/3
f 508/785/3 497/773/3 496/772/3
f 509/786/3 498/774/3 497/773/3
f 510/787/3 499/775/3 498/774/3
f 511/788/3 500/776/3 499/775/3
f 512/789/3 501/777/3 500/776/3
f 513/790/3 502/778/3 501/777/3
f 514/791/3 503/779/3 502/778/3
f 515/792/3 504/603/3 503/779/3
f 660/793/22 1046/794/23 648/780/22
f 517/795/3 506/783/3 505/782/3
f 518/796/3 507/784/3 506/783/3
f 519/797/3 508/785/3 507/784/3
f 520/798/3 509/786/3 508/785/3
f 521/799/3 510/787/3 509/786/3
f 522/800/3 511/788/3 510/787/3
f 523/801/3 512/789/3 511/788/3
f 524/802/3 513/790/3 512/789/3
f 525/803/3 514/791/3 513/790/3
f 526/804/3 515/792/3 514/791/3
f 527/805/3 516/617/3 515/792/3
f 672/806/22 1044/807/23 660/793/22
f 529/808/3 518/796/3 517/795/3
f 530/809/3 519/797/3 518/796/3
f 531/810/3 520/798/3 519/797/3
f 532/811/3 521/799/3 520/798/3
f 533/812/3 522/800/3 521/799/3
f 534/813/3 523/801/3 522/800/3
f 535/814/3 524/802/3 523/801/3
f 536/815/3 525/803/3 524/802/3
f 537/816/3 526/804/3 525/803/3
f 538/817/3 527/805/3 526/804/3
f 539/818/3 528/631/3 527/805/3
f 684/819/22 1042/820/23 672/806/22
f 541/821/3 530/809/3 529/808/3
f 542/822/3 531/810/3 530/809/3
f 543/823/3 532/811/3 531/810/3
f 544/824/3 533/812/3 532/811/3
f 545/825/3 534/813/3 533/812/3
f 546/826/3 535/814/3 534/813/3
f 547/827/3 536/815/3 535/814/3
f 548/828/3 537/816/3 536/815/3
f 549/829/3 538/817/3 537/816/3
f 550/830/3 539/818/3 538/817/3
f 551/831/3 540/645/3 539/818/3
f 696/832/22 1040/833/23 684/819/22
f 553/834/3 542/822/3 541/821/3
f 554/835/3 543/823/3 542/822/3
f 555/836/3 544/824/3 543/823/3
f 556/837/3 545/825/3 544/824/3
f 557/838/3 546/826/3 545/825/3
f 558/839/3 547/827/3 546/826/3
f 559/840/3 548/828/3 547/827/3
f 560/841/3 549/829/3 548/828/3
f 561/842/3 550/830/3 549/829/3
f 562/843/3 551/831/3 550/830/3
f 563/844/3 552/659/3 551/831/3
f 708/69/22 1038/845/23 696/832/22
f 565/5/3 554/835/3 553/834/3
f 566/48/3 555/836/3 554/835/3
f 567/47/3 556/837/3 555/836/3
f 568/50/3 557/838/3 556/837/3
f 569/52/3 558/839/3 557/838/3
f 570/54/3 559/840/3 558/839/3
f 571/56/3 560/841/3 559/840/3
f 572/58/3 561/842/3 560/841/3
f 573/60/3 562/843/3 561/842/3
f 574/62/3 563/844/3 562/843/3
f 575/64/3 564/67/3 563/844/3
f 731/846/9 890/18/9 892/285/9
f 1/72/7 1083/847/7 1081/473/7
f 2/71/7 1085/848/7 1083/847/7
f 3/74/7 1087/849/7 1085/848/7
f 4/76/7 1089/850/7 1087/849/7
f 5/78/7 1091/851/7 1089/850/7
f 6/80/7 1093/852/7 1091/851/7
f 7/82/7 1095/853/7 1093/852/7
f 8/84/7 1097/854/7 1095/853/7
f 9/86/7 1099/855/7 1097/854/7
f 10/88/7 1101/856/7 1099/855/7
f 11/90/7 1104/15/7 1101/856/7
f 1056/857/3 1079/478/3 884/858/3
f 1053/859/3 433/476/3 1056/857/3
f 1051/860/3 445/717/3 1053/859/3
f 1049/861/3 457/730/3 1051/860/3
f 1047/862/3 469/743/3 1049/861/3
f 1045/863/3 481/756/3 1047/862/3
f 1043/864/3 493/769/3 1045/863/3
f 1041/865/3 505/782/3 1043/864/3
f 1039/866/3 517/795/3 1041/865/3
f 1037/867/3 529/808/3 1039/866/3
f 1035/868/3 541/821/3 1037/867/3
f 1033/6/3 553/834/3 1035/868/3
f 1008/869/36 889/870/36 873/871/36
f 1005/872/36 145/310/36 1008/869/36
f 1003/873/36 157/308/36 1005/872/36
f 1001/874/36 169/334/36 1003/873/36
f 999/875/36 181/348/36 1001/874/36
f 997/876/36 193/362/36 999/875/36
f 995/877/36 205/376/36 997/876/36
f 995/877/36 229/418/36 217/390/36
f 993/878/36 241/432/36 229/418/36
f 991/879/36 253/446/36 241/432/36
f 989/880/36 265/460/36 253/446/36
f 987/881/36 277/703/36 265/460/36
f 587/882/24 986/677/22 988/459/24
f 589/883/2 578/346/33 577/331/2
f 590/884/33 579/360/32 578/346/33
f 591/885/32 580/374/31 579/360/32
f 592/886/31 581/388/30 580/374/31
f 593/887/30 582/402/29 581/388/30
f 594/888/29 583/416/28 582/402/29
f 595/889/28 584/430/27 583/416/28
f 596/890/27 585/444/26 584/430/27
f 597/891/26 586/458/25 585/444/26
f 598/892/25 587/882/24 586/458/25
f 599/893/24 588/675/22 587/882/24
f 744/894/9 983/895/9 732/16/9
f 601/896/2 590/884/33 589/883/2
f 602/897/33 591/885/32 590/884/33
f 603/898/32 592/886/31 591/885/32
f 604/899/31 593/887/30 592/886/31
f 605/900/30 594/888/29 593/887/30
f 606/901/29 595/889/28 594/888/29
f 607/902/28 596/890/27 595/889/28
f 608/903/27 597/891/26 596/890/27
f 609/904/26 598/892/25 597/891/26
f 610/905/25 599/893/24 598/892/25
f 611/906/24 600/728/22 599/893/24
f 756/907/9 982/908/9 744/894/9
f 613/909/2 602/897/33 601/896/2
f 614/910/33 603/898/32 602/897/33
f 615/911/32 604/899/31 603/898/32
f 616/912/31 605/900/30 604/899/31
f 617/913/30 606/901/29 605/900/30
f 618/914/29 607/902/28 606/901/29
f 619/915/28 608/903/27 607/902/28
f 620/916/27 609/904/26 608/903/27
f 621/917/26 610/905/25 609/904/26
f 622/918/25 611/906/24 610/905/25
f 623/919/24 612/741/22 611/906/24
f 768/920/9 980/921/9 756/907/9
f 625/922/2 614/910/33 613/909/2
f 626/923/33 615/911/32 614/910/33
f 627/924/32 616/912/31 615/911/32
f 628/925/31 617/913/30 616/912/31
f 629/926/30 618/914/29 617/913/30
f 630/927/29 619/915/28 618/914/29
f 631/928/28 620/916/27 619/915/28
f 632/929/27 621/917/26 620/916/27
f 633/930/26 622/918/25 621/917/26
f 634/931/25 623/919/24 622/918/25
f 635/932/24 624/754/22 623/919/24
f 780/933/9 978/934/9 768/920/9
f 637/935/2 626/923/33 625/922/2
f 638/936/33 627/924/32 626/923/33
f 639/937/32 628/925/31 627/924/32
f 640/938/31 629/926/30 628/925/31
f 641/939/30 630/927/29 629/926/30
f 642/940/29 631/928/28 630/927/29
f 643/941/28 632/929/27 631/928/28
f 644/942/27 633/930/26 632/929/27
f 645/943/26 634/931/25 633/930/26
f 646/944/25 635/932/24 634/931/25
f 647/945/24 636/767/22 635/932/24
f 792/946/9 976/947/9 780/933/9
f 649/948/2 638/936/33 637/935/2
f 650/949/33 639/937/32 638/936/33
f 651/950/32 640/938/31 639/937/32
f 652/951/31 641/939/30 640/938/31
f 653/952/30 642/940/29 641/939/30
f 654/953/29 643/941/28 642/940/29
f 655/954/28 644/942/27 643/941/28
f 656/955/27 645/943/26 644/942/27
f 657/956/26 646/944/25 645/943/26
f 658/957/25 647/945/24 646/944/25
f 659/958/24 648/780/22 647/945/24
f 804/959/9 974/960/9 792/946/9
f 661/961/2 650/949/33 649/948/2
f 662/962/33 651/950/32 650/949/33
f 663/963/32 652/951/31 651/950/32
f 664/964/31 653/952/30 652/951/31
f 665/965/30 654/953/29 653/952/30
f 666/966/29 655/954/28 654/953/29
f 667/967/28 656/955/27 655/954/28
f 668/968/27 657/956/26 656/955/27
f 669/969/26 658/957/25 657/956/26
f 670/970/25 659/958/24 658/957/25
f 671/971/24 660/793/22 659/958/24
f 816/972/9 972/973/9 804/959/9
f 673/974/2 662/962/33 661/961/2
f 674/975/33 663/963/32 662/962/33
f 675/976/32 664/964/31 663/963/32
f 676/977/31 665/965/30 664/964/31
f 677/978/30 666/966/29 665/965/30
f 678/979/29 667/967/28 666/966/29
f 679/980/28 668/968/27 667/967/28
f 680/981/27 669/969/26 668/968/27
f 681/982/26 670/970/25 669/969/26
f 682/983/25 671/971/24 670/970/25
f 683/984/24 672/806/22 671/971/24
f 828/985/9 970/986/9 816/972/9
f 685/987/2 674/975/33 673/974/2
f 686/988/33 675/976/32 674/975/33
f 687/989/32 676/977/31 675/976/32
f 688/990/31 677/978/30 676/977/31
f 689/991/30 678/979/29 677/978/30
f 690/992/29 679/980/28 678/979/29
f 691/993/28 680/981/27 679/980/28
f 692/994/27 681/982/26 680/981/27
f 693/995/26 682/983/25 681/982/26
f 694/996/25 683/984/24 682/983/25
f 695/997/24 684/819/22 683/984/24
f 840/998/9 968/999/9 828/985/9
f 697/1000/2 686/988/33 685/987/2
f 698/1001/33 687/989/32 686/988/33
f 699/1002/32 688/990/31 687/989/32
f 700/1003/31 689/991/30 688/990/31
f 701/1004/30 690/992/29 689/991/30
f 702/1005/29 691/993/28 690/992/29
f 703/1006/28 692/994/27 691/993/28
f 704/1007/27 693/995/26 692/994/27
f 705/1008/26 694/996/25 693/995/26
f 706/1009/25 695/997/24 694/996/25
f 707/1010/24 696/832/22 695/997/24
f 852/235/9 966/1011/9 840/998/9
f 709/2/2 698/1001/33 697/1000/2
f 710/219/33 699/1002/32 698/1001/33
f 711/205/32 700/1003/31 699/1002/32
f 712/191/31 701/1004/30 700/1003/31
f 713/177/30 702/1005/29 701/1004/30
f 714/163/29 703/1006/28 702/1005/29
f 715/149/28 704/1007/27 703/1006/28
f 716/135/27 705/1008/26 704/1007/27
f 717/121/26 706/1009/25 705/1008/26
f 718/107/25 707/1010/24 706/1009/25
f 719/93/24 708/69/22 707/1010/24
f 444/548/3 877/1012/38 1058/716/3
f 1011/1013/7 133/283/7 121/220/7
f 1013/1014/7 121/220/7 109/206/7
f 1015/1015/7 109/206/7 97/192/7
f 1017/1016/7 97/192/7 85/178/7
f 1019/1017/7 85/178/7 73/150/7
f 1019/1017/7 61/136/7 1021/1018/7
f 1021/1018/7 49/122/7 1023/1019/7
f 1023/1019/7 37/108/7 1025/1020/7
f 1025/1020/7 25/94/7 1027/1021/7
f 1027/1021/7 13/70/7 1029/1022/8
f 1029/1022/8 1/72/7 1032/472/8
f 984/1023/1 1007/333/2 872/1024/1
f 981/1025/1 577/331/2 984/1023/1
f 979/1026/1 589/883/2 981/1025/1
f 977/1027/1 601/896/2 979/1026/1
f 975/1028/1 613/909/2 977/1027/1
f 973/1029/1 625/922/2 975/1028/1
f 971/1030/1 637/935/2 973/1029/1
f 969/1031/1 649/948/2 971/1030/1
f 967/1032/1 661/961/2 969/1031/1
f 965/1033/1 673/974/2 967/1032/1
f 963/1034/1 685/987/2 965/1033/1
f 961/3/1 697/1000/2 963/1034/1
f 300/545/21 866/1035/39 1130/533/21
f 155/328/36 912/498/36 909/1036/36
f 154/326/36 909/1036/36 907/1037/36
f 153/324/36 907/1037/36 905/1038/36
f 152/322/36 905/1038/36 903/1039/36
f 151/320/36 903/1039/36 901/1040/36
f 150/318/36 901/1040/36 899/1041/36
f 149/316/36 899/1041/36 897/1042/36
f 148/314/36 897/1042/36 895/1043/36
f 147/312/36 895/1043/36 893/1044/36
f 146/309/36 893/1044/36 891/1045/36
f 145/310/36 891/1045/36 889/870/36
f 312/560/21 913/1046/40 300/545/21
f 733/500/9 722/301/9 721/303/9
f 734/1047/9 723/299/9 722/301/9
f 735/1048/9 724/297/9 723/299/9
f 736/1049/9 725/295/9 724/297/9
f 737/1050/9 726/293/9 725/295/9
f 738/1051/9 727/291/9 726/293/9
f 739/1052/9 728/289/9 727/291/9
f 740/1053/9 729/287/9 728/289/9
f 741/1054/9 730/284/9 729/287/9
f 742/1055/9 731/846/9 730/284/9
f 743/1056/9 732/16/9 731/846/9
f 324/574/21 915/1057/40 312/560/21
f 745/502/9 734/1047/9 733/500/9
f 746/1058/9 735/1048/9 734/1047/9
f 747/1059/9 736/1049/9 735/1048/9
f 748/1060/9 737/1050/9 736/1049/9
f 749/1061/9 738/1051/9 737/1050/9
f 750/1062/9 739/1052/9 738/1051/9
f 751/1063/9 740/1053/9 739/1052/9
f 752/1064/9 741/1054/9 740/1053/9
f 753/1065/9 742/1055/9 741/1054/9
f 754/1066/9 743/1056/9 742/1055/9
f 755/1067/9 744/894/9 743/1056/9
f 336/588/21 917/1068/40 324/574/21
f 757/504/9 746/1058/9 745/502/9
f 758/1069/9 747/1059/9 746/1058/9
f 759/1070/9 748/1060/9 747/1059/9
f 760/1071/9 749/1061/9 748/1060/9
f 761/1072/9 750/1062/9 749/1061/9
f 762/1073/9 751/1063/9 750/1062/9
f 763/1074/9 752/1064/9 751/1063/9
f 764/1075/9 753/1065/9 752/1064/9
f 765/1076/9 754/1066/9 753/1065/9
f 766/1077/9 755/1067/9 754/1066/9
f 767/1078/9 756/907/9 755/1067/9
f 348/602/21 919/1079/40 336/588/21
f 769/506/9 758/1069/9 757/504/9
f 770/1080/9 759/1070/9 758/1069/9
f 771/1081/9 760/1071/9 759/1070/9
f 772/1082/9 761/1072/9 760/1071/9
f 773/1083/9 762/1073/9 761/1072/9
f 774/1084/9 763/1074/9 762/1073/9
f 775/1085/9 764/1075/9 763/1074/9
f 776/1086/9 765/1076/9 764/1075/9
f 777/1087/9 766/1077/9 765/1076/9
f 778/1088/9 767/1078/9 766/1077/9
f 779/1089/9 768/920/9 767/1078/9
f 360/616/21 921/1090/40 348/602/21
f 781/508/9 770/1080/9 769/506/9
f 782/1091/9 771/1081/9 770/1080/9
f 783/1092/9 772/1082/9 771/1081/9
f 784/1093/9 773/1083/9 772/1082/9
f 785/1094/9 774/1084/9 773/1083/9
f 786/1095/9 775/1085/9 774/1084/9
f 787/1096/9 776/1086/9 775/1085/9
f 788/1097/9 777/1087/9 776/1086/9
f 789/1098/9 778/1088/9 777/1087/9
f 790/1099/9 779/1089/9 778/1088/9
f 791/1100/9 780/933/9 779/1089/9
f 372/630/21 923/1101/40 360/616/21
f 793/510/9 782/1091/9 781/508/9
f 794/1102/9 783/1092/9 782/1091/9
f 795/1103/9 784/1093/9 783/1092/9
f 796/1104/9 785/1094/9 784/1093/9
f 797/1105/9 786/1095/9 785/1094/9
f 798/1106/9 787/1096/9 786/1095/9
f 799/1107/9 788/1097/9 787/1096/9
f 800/1108/9 789/1098/9 788/1097/9
f 801/1109/9 790/1099/9 789/1098/9
f 802/1110/9 791/1100/9 790/1099/9
f 803/1111/9 792/946/9 791/1100/9
f 384/644/21 925/1112/40 372/630/21
f 805/512/9 794/1102/9 793/510/9
f 806/1113/9 795/1103/9 794/1102/9
f 807/1114/9 796/1104/9 795/1103/9
f 808/1115/9 797/1105/9 796/1104/9
f 809/1116/9 798/1106/9 797/1105/9
f 810/1117/9 799/1107/9 798/1106/9
f 811/1118/9 800/1108/9 799/1107/9
f 812/1119/9 801/1109/9 800/1108/9
f 813/1120/9 802/1110/9 801/1109/9
f 814/1121/9 803/1111/9 802/1110/9
f 815/1122/9 804/959/9 803/1111/9
f 396/658/21 927/1123/40 384/644/21
f 817/514/9 806/1113/9 805/512/9
f 818/1124/9 807/1114/9 806/1113/9
f 819/1125/9 808/1115/9 807/1114/9
f 820/1126/9 809/1116/9 808/1115/9
f 821/1127/9 810/1117/9 809/1116/9
f 822/1128/9 811/1118/9 810/1117/9
f 823/1129/9 812/1119/9 811/1118/9
f 824/1130/9 813/1120/9 812/1119/9
f 825/1131/9 814/1121/9 813/1120/9
f 826/1132/9 815/1122/9 814/1121/9
f 827/1133/9 816/972/9 815/1122/9
f 408/672/21 929/1134/40 396/658/21
f 829/516/9 818/1124/9 817/514/9
f 830/1135/9 819/1125/9 818/1124/9
f 831/1136/9 820/1126/9 819/1125/9
f 832/1137/9 821/1127/9 820/1126/9
f 833/1138/9 822/1128/9 821/1127/9
f 834/1139/9 823/1129/9 822/1128/9
f 835/1140/9 824/1130/9 823/1129/9
f 836/1141/9 825/1131/9 824/1130/9
f 837/1142/9 826/1132/9 825/1131/9
f 838/1143/9 827/1133/9 826/1132/9
f 839/1144/9 828/985/9 827/1133/9
f 420/674/21 931/1145/40 408/672/21
f 841/517/9 830/1135/9 829/516/9
f 842/1146/9 831/1136/9 830/1135/9
f 843/1147/9 832/1137/9 831/1136/9
f 844/1148/9 833/1138/9 832/1137/9
f 845/1149/9 834/1139/9 833/1138/9
f 846/1150/9 835/1140/9 834/1139/9
f 847/1151/9 836/1141/9 835/1140/9
f 848/1152/9 837/1142/9 836/1141/9
f 849/1153/9 838/1143/9 837/1142/9
f 850/1154/9 839/1144/9 838/1143/9
f 839/1144/9 852/235/9 840/998/9
f 432/42/21 933/1155/40 420/674/21
f 853/257/9 842/1146/9 841/517/9
f 854/255/9 843/1147/9 842/1146/9
f 855/253/9 844/1148/9 843/1147/9
f 856/251/9 845/1149/9 844/1148/9
f 857/249/9 846/1150/9 845/1149/9
f 858/247/9 847/1151/9 846/1150/9
f 859/245/9 848/1152/9 847/1151/9
f 860/243/9 849/1153/9 848/1152/9
f 861/241/9 850/1154/9 849/1153/9
f 862/239/9 851/1156/9 850/1154/9
f 851/1156/9 864/233/9 852/235/9
f 1175/1157/21 936/1158/40 432/42/21
f 143/230/7 937/1159/7 144/10/7
f 142/229/7 939/1160/7 143/230/7
f 141/228/7 941/1161/7 142/229/7
f 140/227/7 943/1162/7 141/228/7
f 139/226/7 945/1163/7 140/227/7
f 138/225/7 947/1164/7 139/226/7
f 137/224/7 949/1165/7 138/225/7
f 136/223/7 951/1166/7 137/224/7
f 135/222/7 953/1167/7 136/223/7
f 134/221/7 955/1168/7 135/222/7
f 133/283/7 957/1169/7 134/221/7
f 865/1170/41 866/1171/39 867/1172/42
f 868/256/34 869/1173/43 870/1174/44
f 871/1175/45 872/1176/46 873/871/47
f 874/1177/48 875/1178/49 876/1179/50
f 877/1012/38 878/1180/37 879/1181/51
f 880/1182/52 881/1183/4 882/1184/53
f 883/1185/54 884/1186/55 885/1187/56
f 886/474/57 887/1188/58 888/1189/59
f 912/498/60 867/1190/42 911/1191/60
f 869/1173/43 935/258/35 936/1192/40
f 874/1193/48 959/231/61 960/1194/61
f 872/1024/62 983/1195/62 984/1023/62
f 873/871/47 1007/1196/63 1008/869/64
f 886/474/57 1031/1197/65 1032/472/66
f 884/1198/67 1055/729/67 1056/1199/67
f 885/1200/56 1079/478/68 1080/1201/68
f 1104/15/69 882/1202/53 1103/1203/69
f 878/1180/37 1127/547/10 1128/1204/6
f 1152/520/70 878/1205/37 1151/1206/71
f 1176/12/72 869/1207/43 1175/1208/73
f 873/871/47 890/1209/60 871/1175/45
f 889/870/60 892/1210/60 890/1209/60
f 891/1045/60 894/1211/60 892/1210/60
f 893/1044/60 896/1212/60 894/1211/60
f 895/1043/60 898/1213/60 896/1212/60
f 897/1042/60 900/1214/60 898/1213/60
f 899/1041/60 902/1215/60 900/1214/60
f 901/1040/60 904/1216/60 902/1215/60
f 903/1039/60 906/1217/60 904/1216/60
f 905/1038/60 908/1218/60 906/1217/60
f 907/1037/60 910/1219/60 908/1218/60
f 909/1036/60 911/1191/60 910/1219/60
f 913/1220/40 867/1172/42 866/1171/39
f 915/1221/40 914/306/35 913/1220/40
f 917/1222/40 916/305/35 915/1221/40
f 919/1223/40 918/499/35 917/1222/40
f 921/1224/40 920/501/35 919/1223/40
f 923/1225/40 922/503/35 921/1224/40
f 925/1226/40 924/505/35 923/1225/40
f 927/1227/40 926/507/35 925/1226/40
f 929/1228/40 928/509/35 927/1227/40
f 931/1229/40 930/511/35 929/1228/40
f 933/1230/40 932/513/35 931/1229/40
f 936/1192/40 934/515/35 933/1230/40
f 937/1231/61 868/256/34 870/1174/44
f 939/1232/61 938/518/61 937/1231/61
f 941/1233/61 940/254/61 939/1232/61
f 943/1234/61 942/252/61 941/1233/61
f 945/1235/61 944/250/61 943/1234/61
f 947/1236/61 946/248/61 945/1235/61
f 949/1237/61 948/246/61 947/1236/61
f 951/1238/61 950/244/61 949/1237/61
f 953/1239/61 952/242/61 951/1238/61
f 955/1240/61 954/240/61 953/1239/61
f 957/1241/61 956/238/61 955/1240/61
f 960/1194/61 958/236/61 957/1241/61
f 961/3/62 876/1242/62 875/1/62
f 963/1034/62 962/1243/62 961/3/62
f 965/1033/62 964/1244/62 963/1034/62
f 967/1032/62 966/1245/62 965/1033/62
f 969/1031/62 968/1246/62 967/1032/62
f 971/1030/62 970/1247/62 969/1031/62
f 973/1029/62 972/1248/62 971/1030/62
f 975/1028/62 974/1249/62 973/1029/62
f 977/1027/62 976/1250/62 975/1028/62
f 979/1026/62 978/1251/62 977/1027/62
f 979/1026/62 982/1252/62 980/1253/62
f 981/1025/62 983/1195/62 982/1252/62
f 885/1187/56 986/1254/74 883/1185/54
f 985/701/75 988/1255/76 986/1254/74
f 987/881/77 990/1256/78 988/1255/76
f 989/880/79 992/1257/80 990/1256/78
f 991/879/81 994/1258/82 992/1257/80
f 993/878/83 996/1259/84 994/1258/82
f 995/877/85 998/1260/86 996/1259/84
f 999/875/87 998/1260/86 997/876/88
f 1001/874/89 1000/1261/90 999/875/87
f 1003/873/91 1002/1262/92 1001/874/89
f 1005/872/93 1004/1263/94 1003/873/91
f 1008/869/64 1006/1264/95 1005/872/93
f 874/1177/48 1010/1265/96 875/1178/49
f 1009/281/97 1012/1266/98 1010/1265/96
f 1011/1013/99 1014/1267/100 1012/1266/98
f 1013/1014/101 1016/1268/102 1014/1267/100
f 1015/1015/103 1018/1269/104 1016/1268/102
f 1017/1016/105 1020/1270/106 1018/1269/104
f 1021/1018/107 1020/1270/106 1019/1017/108
f 1023/1019/109 1022/1271/110 1021/1018/107
f 1025/1020/111 1024/1272/112 1023/1019/109
f 1027/1021/113 1026/1273/114 1025/1020/111
f 1029/1022/115 1028/1274/116 1027/1021/113
f 1032/472/66 1030/1275/117 1029/1022/115
f 1033/1276/67 888/1277/67 887/1278/67
f 1035/1279/67 1034/44/67 1033/1276/67
f 1037/1280/67 1036/68/67 1035/1279/67
f 1039/1281/67 1038/845/67 1037/1280/67
f 1041/1282/67 1040/833/67 1039/1281/67
f 1043/1283/67 1042/820/67 1041/1282/67
f 1045/1284/67 1044/807/67 1043/1283/67
f 1047/1285/67 1046/794/67 1045/1284/67
f 1049/1286/67 1048/781/67 1047/1285/67
f 1051/1287/67 1050/768/67 1049/1286/67
f 1053/1288/67 1052/755/67 1051/1287/67
f 1056/1199/67 1054/742/67 1053/1288/67
f 1057/1289/68 877/1012/38 879/1181/51
f 1059/1290/68 1058/716/68 1057/1289/68
f 1061/1291/68 1060/496/68 1059/1290/68
f 1063/1292/68 1062/494/68 1061/1291/68
f 1065/1293/68 1064/492/68 1063/1292/68
f 1067/1294/68 1066/490/68 1065/1293/68
f 1069/1295/68 1068/488/68 1067/1294/68
f 1071/1296/68 1070/486/68 1069/1295/68
f 1073/1297/68 1072/484/68 1071/1296/68
f 1075/1298/68 1074/482/68 1073/1297/68
f 1077/1299/68 1076/480/68 1075/1298/68
f 1080/1201/68 1078/477/68 1077/1299/68
f 886/474/57 1082/1300/69 887/1188/58
f 1081/473/69 1084/1301/69 1082/1300/69
f 1083/847/69 1086/1302/69 1084/1301/69
f 1085/848/69 1088/1303/69 1086/1302/69
f 1087/849/69 1090/1304/69 1088/1303/69
f 1089/850/69 1092/1305/69 1090/1304/69
f 1091/851/69 1094/1306/69 1092/1305/69
f 1093/852/69 1096/1307/69 1094/1306/69
f 1095/853/69 1098/1308/69 1096/1307/69
f 1097/854/69 1100/1309/69 1098/1308/69
f 1099/855/69 1102/1310/69 1100/1309/69
f 1101/856/69 1103/1203/69 1102/1310/69
f 1105/1311/6 882/1184/53 881/1183/4
f 1107/1312/6 1106/20/10 1105/1311/6
f 1109/1313/6 1108/66/10 1107/1312/6
f 1111/1314/6 1110/673/10 1109/1313/6
f 1113/1315/6 1112/660/10 1111/1314/6
f 1115/1316/6 1114/646/10 1113/1315/6
f 1117/1317/6 1116/632/10 1115/1316/6
f 1119/1318/6 1118/618/10 1117/1317/6
f 1121/1319/6 1120/604/10 1119/1318/6
f 1123/1320/6 1122/590/10 1121/1319/6
f 1125/1321/6 1124/576/10 1123/1320/6
f 1128/1204/6 1126/562/10 1125/1321/6
f 1129/531/118 866/1322/39 865/497/41
f 1131/530/119 1130/1323/120 1129/531/118
f 1133/529/121 1132/1324/122 1131/530/119
f 1135/528/123 1134/1325/124 1133/529/121
f 1137/527/125 1136/1326/126 1135/528/123
f 1139/526/127 1138/1327/128 1137/527/125
f 1139/526/127 1142/1328/129 1140/1329/130
f 1141/525/131 1144/1330/132 1142/1328/129
f 1143/524/133 1146/1331/134 1144/1330/132
f 1145/523/135 1148/1332/136 1146/1331/134
f 1147/522/137 1150/1333/138 1148/1332/136
f 1149/521/139 1151/1206/71 1150/1333/138
f 1153/678/140 881/1334/4 880/14/52
f 1155/679/141 1154/1335/142 1153/678/140
f 1157/680/143 1156/1336/144 1155/679/141
f 1159/681/145 1158/1337/146 1157/680/143
f 1161/682/147 1160/1338/148 1159/681/145
f 1163/683/149 1162/1339/150 1161/682/147
f 1165/685/151 1164/1340/152 1163/683/149
f 1165/685/151 1168/1341/153 1166/1342/154
f 1167/684/155 1170/1343/156 1168/1341/153
f 1169/686/157 1172/1344/158 1170/1343/156
f 1171/687/159 1174/1345/160 1172/1344/158
f 1173/688/161 1175/1208/73 1174/1345/160
f 914/306/35 911/304/9 867/1172/42
f 1178/1346/162 1179/1347/162 1177/1348/162
f 1179/1349/163 1182/1350/163 1181/1351/163
f 1182/1350/164 1183/1352/164 1181/1351/164
f 1183/1353/165 1186/1354/165 1185/1355/165
f 1186/1354/166 1187/1356/166 1185/1355/166
f 1188/1357/167 1189/1358/167 1187/1359/167
f 1190/1360/168 1186/1361/168 1182/1362/168
f 1189/1358/169 1192/1363/169 1191/1364/169
f 1192/1365/170 1177/1348/170 1191/1366/170
f 1183/1367/171 1187/1368/171 1191/1369/171
f 1194/1370/172 1195/1371/172 1193/1372/172
f 1195/1373/173 1198/1374/173 1197/1375/173
f 1197/1375/174 1200/1376/174 1199/1377/174
f 1200/1378/175 1201/1379/175 1199/1380/175
f 1201/1379/176 1204/1381/176 1203/1382/176
f 1204/1383/177 1205/1384/177 1203/1385/177
f 1206/1386/178 1202/1387/178 1198/1388/178
f 1206/1389/179 1207/1390/179 1205/1384/179
f 1207/1391/180 1194/1370/180 1193/1372/180
f 1199/1392/181 1203/1393/181 1207/1394/181
f 1209/1395/162 1212/1396/162 1211/1397/162
f 1212/1398/163 1213/1399/163 1211/1400/163
f 1214/1401/164 1215/1402/164 1213/1399/164
f 1215/1403/165 1218/1404/165 1217/1405/165
f 1218/1404/166 1219/1406/166 1217/1405/166
f 1219/1407/167 1222/1408/167 1221/1409/167
f 1222/1410/168 1218/1411/168 1214/1412/168
f 1221/1409/169 1224/1413/169 1223/1414/169
f 1224/1415/170 1209/1395/170 1223/1416/170
f 1215/1417/171 1219/1418/171 1223/1419/171
f 1226/1420/172 1227/1421/172 1225/1422/172
f 1228/1423/173 1229/1424/173 1227/1425/173
f 1229/1424/174 1232/1426/174 1231/1427/174
f 1232/1428/175 1233/1429/175 1231/1430/175
f 1234/1431/176 1235/1432/176 1233/1429/176
f 1235/1433/177 1238/1434/177 1237/1435/177
f 1238/1436/178 1234/1437/178 1230/1438/178
f 1238/1434/179 1239/1439/179 1237/1435/179
f 1239/1440/180 1226/1420/180 1225/1422/180
f 1231/1441/181 1235/1442/181 1239/1443/181
f 1277/1444/182 1242/1445/183 1271/1446/184
f 1291/1447/185 1270/1448/186 1285/1449/187
f 1262/1450/188 1276/1451/189 1290/1452/190
f 1250/1453/191 1256/1454/192 1243/1455/193
f 1263/1456/194 1284/1457/195 1257/1458/196
f 1241/1459/197 1245/1460/198 1247/1461/199
f 1242/1445/183 1245/1462/200 1244/1463/201
f 1243/1455/193 1245/1464/202 1246/1465/203
f 1248/1466/204 1252/1467/205 1254/1468/206
f 1249/1469/207 1252/1470/208 1251/1471/209
f 1250/1453/191 1252/1472/210 1253/1473/211
f 1255/1474/212 1259/1475/213 1261/1476/214
f 1256/1454/192 1259/1477/215 1258/1478/216
f 1257/1458/196 1259/1479/217 1260/1480/218
f 1262/1450/188 1266/1481/219 1268/1482/220
f 1263/1456/194 1266/1483/221 1265/1484/222
f 1264/1485/223 1266/1486/224 1267/1487/225
f 1269/1488/226 1273/1489/227 1275/1490/228
f 1270/1448/186 1273/1491/229 1272/1492/230
f 1271/1446/184 1273/1493/231 1274/1494/232
f 1276/1451/189 1280/1495/233 1282/1496/234
f 1277/1444/182 1280/1497/235 1279/1498/236
f 1278/1499/237 1280/1500/238 1281/1501/239
f 1283/1502/240 1287/1503/241 1289/1504/242
f 1284/1457/195 1287/1505/243 1286/1506/244
f 1285/1449/187 1287/1507/245 1288/1508/246
f 1290/1452/190 1294/1509/247 1296/1510/248
f 1291/1447/185 1294/1511/249 1293/1512/250
f 1292/1513/251 1294/1514/252 1295/1515/253
f 1241/1459/197 1258/1516/254 1255/1474/212
f 1247/1517/255 1256/1454/192 1258/1478/216
f 1248/1466/204 1246/1518/256 1242/1445/183
f 1254/1519/257 1243/1455/193 1246/1465/203
f 1262/1450/188 1253/1520/258 1249/1469/207
f 1268/1521/259 1250/1453/191 1253/1473/211
f 1257/1458/196 1267/1522/260 1263/1456/194
f 1260/1523/261 1264/1485/223 1267/1487/225
f 1255/1474/212 1286/1524/262 1283/1502/240
f 1261/1525/263 1284/1457/195 1286/1506/244
f 1290/1452/190 1265/1526/264 1262/1450/188
f 1296/1527/265 1263/1456/194 1265/1484/222
f 1285/1449/187 1295/1528/266 1291/1447/185
f 1288/1529/267 1292/1513/251 1295/1515/253
f 1283/1502/240 1272/1530/268 1269/1488/226
f 1289/1531/269 1270/1448/186 1272/1492/230
f 1276/1451/189 1293/1532/270 1290/1452/190
f 1282/1533/271 1291/1447/185 1293/1512/250
f 1271/1446/184 1281/1534/272 1277/1444/182
f 1274/1535/273 1278/1499/237 1281/1501/239
f 1269/1488/226 1244/1536/274 1241/1459/197
f 1275/1537/275 1242/1445/183 1244/1463/201
f 1249/1469/207 1279/1538/276 1276/1451/189
f 1251/1539/277 1277/1444/182 1279/1498/236
f 1283/1502/240 1241/1459/197 1255/1474/212
f 1298/1540/278 1299/1541/278 1297/1542/278
f 1300/1543/279 1301/1544/279 1299/1545/279
f 1302/1546/280 1303/1547/280 1301/1544/280
f 1304/1548/281 1305/1549/281 1303/1550/281
f 1306/1551/282 1307/1552/282 1305/1549/282
f 1308/1553/283 1309/1554/283 1307/1555/283
f 1310/1556/7 1306/1557/7 1302/1558/7
f 1310/1559/284 1311/1560/284 1309/1554/284
f 1312/1561/285 1297/1542/285 1311/1562/285
f 1303/1563/36 1307/1564/36 1311/1565/36
f 1314/1566/286 1315/1567/287 1313/1568/286
f 1316/1569/287 1317/1570/288 1315/1571/287
f 1318/1572/288 1319/1573/289 1317/1570/288
f 1320/1574/289 1321/1575/290 1319/1573/289
f 1322/1576/290 1323/1577/291 1321/1578/290
f 1324/1579/291 1325/1580/292 1323/1577/291
f 1326/1581/292 1327/1582/293 1325/1583/292
f 1328/1584/293 1329/1585/294 1327/1582/293
f 1330/1586/7 1322/1587/7 1318/1588/7
f 1330/1589/294 1331/1590/295 1329/1585/294
f 1332/1591/295 1313/1568/286 1331/1592/295
f 1319/1593/36 1327/1594/36 1331/1595/36
f 1417/1596/296 1341/1597/297 1418/1598/298
f 1334/1599/286 1339/1600/299 1416/1601/300
f 1414/1602/301 1337/1603/302 1415/1604/303
f 1333/1605/304 1385/1606/7 1335/1607/305
f 1384/1608/36 1418/1598/298 1341/1597/297
f 1416/1601/300 1340/1609/306 1417/1610/296
f 1334/1599/286 1337/1603/302 1338/1611/307
f 1414/1612/301 1335/1607/305 1336/1613/308
f 1335/1607/305 1385/1606/7 1342/1614/309
f 1384/1608/36 1341/1597/297 1348/1615/310
f 1340/1616/306 1346/1617/311 1347/1618/312
f 1337/1619/302 1345/1620/313 1338/1621/307
f 1335/1607/305 1343/1622/314 1336/1613/308
f 1341/1597/297 1347/1623/312 1348/1615/310
f 1338/1621/307 1346/1617/311 1339/1624/299
f 1336/1625/308 1344/1626/315 1337/1619/302
f 1347/1618/312 1353/1627/316 1354/1628/317
f 1344/1626/315 1352/1629/3 1345/1620/313
f 1342/1614/309 1350/1630/318 1343/1622/314
f 1347/1623/312 1355/1631/319 1348/1615/310
f 1345/1620/313 1353/1627/316 1346/1617/311
f 1343/1632/314 1351/1633/320 1344/1626/315
f 1342/1614/309 1385/1606/7 1349/1634/321
f 1384/1608/36 1348/1615/310 1355/1631/319
f 1354/1635/317 1362/1636/322 1355/1631/319
f 1352/1629/3 1360/1637/323 1353/1627/316
f 1350/1638/318 1358/1639/324 1351/1633/320
f 1349/1634/321 1385/1606/7 1356/1640/325
f 1384/1608/36 1355/1631/319 1362/1636/322
f 1353/1627/316 1361/1641/326 1354/1628/317
f 1352/1629/3 1358/1639/324 1359/1642/327
f 1349/1634/321 1357/1643/328 1350/1630/318
f 1360/1644/323 1366/1645/329 1367/1646/330
f 1358/1647/324 1364/1648/331 1365/1649/332
f 1356/1640/325 1385/1606/7 1363/1650/333
f 1384/1608/36 1362/1636/322 1369/1651/334
f 1360/1637/323 1368/1652/335 1361/1641/326
f 1358/1647/324 1366/1645/329 1359/1653/327
f 1356/1640/325 1364/1654/331 1357/1643/328
f 1362/1636/322 1368/1655/335 1369/1651/334
f 1384/1608/36 1369/1651/334 1376/1656/336
f 1367/1646/330 1375/1657/337 1368/1658/335
f 1365/1649/332 1373/1659/291 1366/1645/329
f 1363/1650/333 1371/1660/338 1364/1654/331
f 1369/1651/334 1375/1661/337 1376/1656/336
f 1367/1646/330 1373/1659/291 1374/1662/339
f 1365/1649/332 1371/1663/338 1372/1664/340
f 1363/1650/333 1385/1606/7 1370/1665/341
f 1373/1659/291 1379/1666/342 1380/1667/343
f 1371/1660/338 1377/1668/344 1378/1669/345
f 1375/1661/337 1383/1670/346 1376/1656/336
f 1373/1659/291 1381/1671/347 1374/1662/339
f 1371/1663/338 1379/1666/342 1372/1664/340
f 1370/1665/341 1385/1606/7 1377/1668/344
f 1384/1608/36 1376/1656/336 1383/1670/346
f 1375/1657/337 1381/1671/347 1382/1672/348
f 1383/1670/346 1391/1673/349 1392/1674/350
f 1380/1675/343 1390/1676/351 1381/1677/347
f 1378/1678/345 1388/1679/352 1379/1680/342
f 1377/1668/344 1385/1606/7 1386/1681/353
f 1384/1608/36 1383/1670/346 1392/1674/350
f 1382/1682/348 1390/1676/351 1391/1683/349
f 1379/1680/342 1389/1684/354 1380/1675/343
f 1377/1668/344 1387/1685/355 1378/1669/345
f 1387/1686/355 1395/1687/356 1388/1679/352
f 1386/1681/353 1385/1606/7 1393/1688/357
f 1384/1608/36 1392/1674/350 1399/1689/358
f 1390/1676/351 1398/1690/359 1391/1683/349
f 1389/1684/354 1395/1687/356 1396/1691/9
f 1387/1685/355 1393/1688/357 1394/1692/360
f 1391/1673/349 1399/1689/358 1392/1674/350
f 1389/1684/354 1397/1693/361 1390/1676/351
f 1384/1608/36 1399/1689/358 1406/1694/362
f 1398/1690/359 1404/1695/363 1405/1696/364
f 1396/1691/9 1402/1697/365 1403/1698/366
f 1393/1688/357 1401/1699/367 1394/1692/360
f 1399/1689/358 1405/1700/364 1406/1694/362
f 1396/1691/9 1404/1695/363 1397/1693/361
f 1394/1701/360 1402/1697/365 1395/1687/356
f 1393/1688/357 1385/1606/7 1400/1702/368
f 1400/1702/368 1408/1703/369 1401/1699/367
f 1405/1700/364 1413/1704/370 1406/1694/362
f 1403/1705/366 1411/1706/371 1404/1707/363
f 1401/1708/367 1409/1709/372 1402/1710/365
f 1400/1702/368 1385/1606/7 1407/1711/373
f 1384/1608/36 1406/1694/362 1413/1704/370
f 1404/1707/363 1412/1712/374 1405/1713/364
f 1402/1710/365 1410/1714/375 1403/1705/366
f 1412/1715/374 1418/1598/298 1413/1704/370
f 1410/1714/375 1416/1601/300 1411/1706/371
f 1408/1716/369 1415/1604/303 1409/1709/372
f 1407/1711/373 1385/1606/7 1333/1605/304
f 1384/1608/36 1413/1704/370 1418/1598/298
f 1411/1706/371 1417/1610/296 1412/1712/374
f 1410/1714/375 1415/1604/303 1334/1599/286
f 1407/1711/373 1414/1612/301 1408/1703/369
f 1425/1717/376 1423/1718/377 1424/1719/377
f 1425/1717/376 1422/1720/377 1423/1718/377
f 1426/1721/377 1422/1720/377 1425/1717/376
f 1426/1721/377 1421/1722/377 1422/1720/377
f 1419/1723/377 1421/1722/377 1426/1721/377
f 1419/1723/377 1420/1724/377 1421/1722/377
f 1431/1725/378 1433/1726/378 1432/1727/378
f 1430/1728/378 1433/1726/378 1431/1725/378
f 1430/1728/378 1434/1729/378 1433/1726/378
f 1429/1730/378 1434/1729/378 1430/1728/378
f 1429/1730/378 1427/1731/378 1434/1729/378
f 1428/1732/378 1427/1731/378 1429/1730/378
f 1435/1733/379 1450/1734/380 1442/1735/381
f 1436/1736/382 1443/1737/383 1435/1738/384
f 1445/1739/385 1436/1736/386 1437/1740/387
f 1446/1741/388 1437/1742/389 1438/1743/390
f 1447/1744/391 1438/1743/392 1439/1745/393
f 1448/1746/394 1439/1747/395 1440/1748/396
f 1441/1749/397 1448/1746/398 1440/1748/399
f 1442/1735/400 1449/1750/401 1441/1751/402
f 1443/1752/403 1458/1753/404 1450/1734/380
f 1444/1754/405 1451/1755/406 1443/1737/383
f 1453/1756/407 1444/1754/408 1445/1739/385
f 1454/1757/409 1445/1758/410 1446/1741/388
f 1455/1759/411 1446/1741/412 1447/1744/391
f 1456/1760/413 1447/1761/414 1448/1746/394
f 1449/1762/415 1456/1760/416 1448/1746/398
f 1450/1734/417 1457/1763/418 1449/1750/401
f 1451/1764/404 1466/1765/419 1458/1753/404
f 1452/1766/406 1459/1767/420 1451/1755/406
f 1461/1768/421 1452/1766/407 1453/1756/407
f 1462/1769/422 1453/1770/409 1454/1757/409
f 1463/1771/423 1454/1757/411 1455/1759/411
f 1464/1772/424 1455/1773/413 1456/1760/413
f 1457/1774/416 1464/1772/425 1456/1760/416
f 1458/1753/418 1465/1775/426 1457/1763/418
f 1459/1776/427 1474/1777/428 1466/1765/419
f 1460/1778/429 1467/1779/430 1459/1767/420
f 1469/1780/431 1460/1778/432 1461/1768/421
f 1470/1781/433 1461/1782/434 1462/1769/422
f 1471/1783/435 1462/1769/436 1463/1771/423
f 1472/1784/437 1463/1785/438 1464/1772/424
f 1465/1786/439 1472/1784/440 1464/1772/425
f 1466/1765/441 1473/1787/442 1465/1775/426
f 1467/1788/443 1482/1789/444 1474/1777/428
f 1468/1790/445 1475/1791/446 1467/1779/430
f 1477/1792/447 1468/1790/448 1469/1780/431
f 1478/1793/449 1469/1794/450 1470/1781/433
f 1479/1795/451 1470/1781/452 1471/1783/435
f 1480/1796/453 1471/1797/454 1472/1784/437
f 1473/1798/455 1480/1796/456 1472/1784/440
f 1474/1777/457 1481/1799/458 1473/1787/442
f 1483/1800/459 1482/1789/444 1475/1801/460
f 1484/1802/461 1475/1791/446 1476/1803/462
f 1477/1792/447 1484/1802/463 1476/1803/464
f 1478/1793/449 1485/1804/465 1477/1805/466
f 1479/1795/451 1486/1806/467 1478/1793/468
f 1480/1796/453 1487/1807/469 1479/1808/470
f 1489/1809/471 1480/1796/456 1481/1810/472
f 1490/1811/473 1481/1799/458 1482/1789/474
f 1483/1800/459 1498/1812/475 1490/1811/476
f 1484/1802/461 1491/1813/477 1483/1814/478
f 1493/1815/479 1484/1802/463 1485/1816/463
f 1494/1817/480 1485/1804/465 1486/1806/481
f 1495/1818/482 1486/1806/467 1487/1819/483
f 1496/1820/484 1487/1807/469 1488/1821/485
f 1489/1809/471 1496/1820/486 1488/1821/487
f 1490/1811/473 1497/1822/488 1489/1823/489
f 1499/1824/490 1498/1812/475 1491/1825/491
f 1500/1826/492 1491/1827/477 1492/1828/493
f 1493/1829/479 1500/1826/494 1492/1828/495
f 1494/1817/480 1501/1830/496 1493/1831/497
f 1495/1818/482 1502/1832/498 1494/1817/499
f 1496/1833/484 1503/1834/500 1495/1835/501
f 1505/1836/502 1496/1833/486 1497/1837/503
f 1506/1838/504 1497/1822/488 1498/1812/505
f 1507/1839/506 1506/1838/507 1499/1824/490
f 1508/1840/508 1499/1841/509 1500/1826/492
f 1501/1842/510 1508/1840/511 1500/1826/494
f 1502/1832/512 1509/1843/513 1501/1830/496
f 1503/1844/514 1510/1845/515 1502/1832/498
f 1504/1846/516 1511/1847/517 1503/1834/500
f 1513/1848/518 1504/1846/519 1505/1836/502
f 1514/1849/520 1505/1850/521 1506/1838/504
f 1515/1851/522 1514/1849/523 1507/1839/506
f 1516/1852/524 1507/1853/525 1508/1840/508
f 1509/1854/526 1516/1852/527 1508/1840/511
f 1510/1845/528 1517/1855/529 1509/1843/513
f 1511/1856/530 1518/1857/531 1510/1845/515
f 1512/1858/532 1519/1859/533 1511/1847/517
f 1521/1860/534 1512/1858/535 1513/1848/518
f 1522/1861/536 1513/1862/537 1514/1849/520
f 1523/1863/538 1522/1861/522 1515/1851/522
f 1524/1864/539 1515/1865/524 1516/1852/524
f 1517/1866/527 1524/1864/540 1516/1852/527
f 1518/1857/529 1525/1867/541 1517/1855/529
f 1519/1868/531 1526/1869/542 1518/1857/531
f 1520/1870/533 1527/1871/543 1519/1859/533
f 1529/1872/544 1520/1870/534 1521/1860/534
f 1530/1873/545 1521/1874/536 1522/1861/536
f 1531/1875/546 1530/1873/547 1523/1863/538
f 1532/1876/548 1523/1877/549 1524/1864/539
f 1525/1878/550 1532/1876/551 1524/1864/540
f 1526/1869/552 1533/1879/553 1525/1867/541
f 1527/1880/554 1534/1881/555 1526/1869/542
f 1528/1882/556 1535/1883/557 1527/1871/543
f 1537/1884/558 1528/1882/559 1529/1872/544
f 1538/1885/560 1529/1886/561 1530/1873/545
f 1545/1887/376 1543/1888/377 1544/1889/377
f 1545/1887/376 1542/1890/377 1543/1888/377
f 1546/1891/377 1542/1890/377 1545/1887/376
f 1546/1891/377 1541/1892/377 1542/1890/377
f 1539/1893/377 1541/1892/377 1546/1891/377
f 1539/1893/377 1540/1894/377 1541/1892/377
f 1551/1895/378 1553/1896/378 1552/1897/378
f 1550/1898/378 1553/1896/378 1551/1895/378
f 1550/1898/378 1554/1899/378 1553/1896/378
f 1549/1900/378 1554/1899/378 1550/1898/378
f 1549/1900/378 1547/1901/378 1554/1899/378
f 1548/1902/378 1547/1901/378 1549/1900/378
f 1555/1903/379 1570/1904/380 1562/1905/381
f 1556/1906/382 1563/1907/383 1555/1908/384
f 1565/1909/385 1556/1906/386 1557/1910/387
f 1566/1911/388 1557/1912/389 1558/1913/390
f 1567/1914/391 1558/1913/392 1559/1915/393
f 1568/1916/394 1559/1917/395 1560/1918/396
f 1561/1919/397 1568/1916/398 1560/1918/399
f 1562/1905/400 1569/1920/401 1561/1921/402
f 1563/1922/403 1578/1923/404 1570/1904/380
f 1564/1924/405 1571/1925/406 1563/1907/383
f 1573/1926/407 1564/1924/408 1565/1909/385
f 1574/1927/409 1565/1928/410 1566/1911/388
f 1575/1929/411 1566/1911/412 1567/1914/391
f 1576/1930/413 1567/1931/414 1568/1916/394
f 1569/1932/415 1576/1930/416 1568/1916/398
f 1570/1904/562 1577/1933/418 1569/1920/401
f 1571/1934/404 1586/1935/419 1578/1923/404
f 1572/1936/406 1579/1937/420 1571/1925/406
f 1581/1938/421 1572/1936/407 1573/1926/407
f 1582/1939/422 1573/1940/409 1574/1927/409
f 1583/1941/423 1574/1927/411 1575/1929/411
f 1584/1942/424 1575/1943/413 1576/1930/413
f 1577/1944/416 1584/1942/425 1576/1930/416
f 1578/1923/418 1585/1945/426 1577/1933/418
f 1579/1946/427 1594/1947/428 1586/1935/419
f 1580/1948/429 1587/1949/430 1579/1937/420
f 1589/1950/431 1580/1948/432 1581/1938/421
f 1590/1951/433 1581/1952/434 1582/1939/422
f 1591/1953/435 1582/1939/436 1583/1941/423
f 1592/1954/437 1583/1955/438 1584/1942/424
f 1585/1956/439 1592/1954/440 1584/1942/425
f 1586/1935/441 1593/1957/442 1585/1945/426
f 1587/1958/443 1602/1959/444 1594/1947/428
f 1588/1960/445 1595/1961/446 1587/1949/430
f 1597/1962/447 1588/1960/448 1589/1950/431
f 1598/1963/449 1589/1964/450 1590/1951/433
f 1599/1965/451 1590/1951/452 1591/1953/435
f 1600/1966/453 1591/1967/454 1592/1954/437
f 1593/1968/455 1600/1966/456 1592/1954/440
f 1594/1947/457 1601/1969/458 1593/1957/442
f 1603/1970/459 1602/1959/444 1595/1971/460
f 1604/1972/461 1595/1961/446 1596/1973/462
f 1597/1962/447 1604/1972/463 1596/1973/464
f 1598/1963/449 1605/1974/465 1597/1975/466
f 1599/1965/451 1606/1976/467 1598/1963/468
f 1600/1966/453 1607/1977/469 1599/1978/470
f 1609/1979/471 1600/1966/456 1601/1980/472
f 1610/1981/473 1601/1969/458 1602/1959/474
f 1603/1970/459 1618/1982/475 1610/1981/476
f 1604/1972/461 1611/1983/477 1603/1984/478
f 1613/1985/479 1604/1972/463 1605/1986/463
f 1614/1987/480 1605/1974/465 1606/1976/481
f 1615/1988/482 1606/1976/467 1607/1989/483
f 1616/1990/484 1607/1977/469 1608/1991/485
f 1609/1979/471 1616/1990/486 1608/1991/487
f 1610/1981/473 1617/1992/488 1609/1993/489
f 1619/1994/490 1618/1982/475 1611/1995/491
f 1620/1996/492 1611/1997/477 1612/1998/493
f 1613/1999/479 1620/1996/494 1612/1998/495
f 1614/1987/480 1621/2000/496 1613/2001/497
f 1615/1988/482 1622/2002/498 1614/1987/499
f 1616/2003/484 1623/2004/500 1615/2005/501
f 1625/2006/502 1616/2003/486 1617/2007/503
f 1626/2008/504 1617/1992/488 1618/1982/505
f 1627/2009/506 1626/2008/507 1619/1994/490
f 1628/2010/508 1619/2011/509 1620/1996/492
f 1621/2012/510 1628/2010/511 1620/1996/494
f 1622/2002/512 1629/2013/513 1621/2000/496
f 1623/2014/514 1630/2015/515 1622/2002/498
f 1624/2016/516 1631/2017/517 1623/2004/500
f 1633/2018/518 1624/2016/519 1625/2006/502
f 1634/2019/520 1625/2020/521 1626/2008/504
f 1635/2021/522 1634/2019/523 1627/2009/506
f 1636/2022/524 1627/2023/525 1628/2010/508
f 1629/2024/526 1636/2022/527 1628/2010/511
f 1630/2015/528 1637/2025/529 1629/2013/513
f 1631/2026/530 1638/2027/531 1630/2015/515
f 1632/2028/532 1639/2029/533 1631/2017/517
f 1641/2030/534 1632/2028/535 1633/2018/518
f 1642/2031/536 1633/2032/537 1634/2019/520
f 1643/2033/538 1642/2031/522 1635/2021/522
f 1644/2034/539 1635/2035/524 1636/2022/524
f 1637/2036/527 1644/2034/540 1636/2022/527
f 1638/2027/529 1645/2037/541 1637/2025/529
f 1639/2038/531 1646/2039/542 1638/2027/531
f 1640/2040/533 1647/2041/543 1639/2029/533
f 1649/2042/544 1640/2040/534 1641/2030/534
f 1650/2043/545 1641/2044/536 1642/2031/536
f 1651/2045/546 1650/2043/547 1643/2033/538
f 1652/2046/548 1643/2047/549 1644/2034/539
f 1645/2048/550 1652/2046/551 1644/2034/540
f 1646/2039/552 1653/2049/553 1645/2037/541
f 1647/2050/554 1654/2051/555 1646/2039/542
f 1648/2052/556 1655/2053/557 1647/2041/543
f 1657/2054/558 1648/2052/559 1649/2042/544
f 1658/2055/560 1649/2056/561 1650/2043/545
f 875/1/1 1010/307/2 709/2/2
f 887/4/3 1082/475/3 565/5/3
f 881/7/4 1154/280/5 421/8/5
f 144/10/7 937/1159/7 870/11/8
f 12/13/7 1153/678/7 880/14/7
f 732/16/9 983/895/9 871/17/9
f 1103/19/3 882/1184/53 1106/20/10
f 1156/22/11 1158/25/12 423/23/12
f 1158/25/12 1160/27/13 424/26/13
f 1160/27/13 1162/29/14 425/28/14
f 1162/29/14 1164/31/15 426/30/15
f 1164/31/15 1166/33/16 427/32/16
f 1166/33/16 1168/35/17 428/34/17
f 1168/35/17 1170/37/18 429/36/18
f 1170/37/18 1172/39/19 430/38/19
f 1172/39/19 1174/41/20 431/40/20
f 1174/41/20 1175/1157/21 432/42/21
f 1031/43/22 888/1277/23 1034/44/23
f 1084/46/3 1086/49/3 567/47/3
f 1086/49/3 1088/51/3 568/50/3
f 1088/51/3 1090/53/3 569/52/3
f 1090/53/3 1092/55/3 570/54/3
f 1092/55/3 1094/57/3 571/56/3
f 1094/57/3 1096/59/3 572/58/3
f 1096/59/3 1098/61/3 573/60/3
f 1098/61/3 1100/63/3 574/62/3
f 1100/63/3 1102/65/3 575/64/3
f 1102/65/3 1103/19/3 576/21/3
f 576/21/3 1106/20/10 1108/66/10
f 720/45/22 1034/44/23 1036/68/23
f 13/70/7 14/73/7 2/71/7
f 14/73/7 15/75/7 3/74/7
f 15/75/7 16/77/7 4/76/7
f 16/77/7 17/79/7 5/78/7
f 17/79/7 18/81/7 6/80/7
f 18/81/7 19/83/7 7/82/7
f 19/83/7 20/85/7 8/84/7
f 20/85/7 21/87/7 9/86/7
f 21/87/7 22/89/7 10/88/7
f 22/89/7 23/91/7 11/90/7
f 23/91/7 24/105/7 12/13/7
f 1030/92/24 1031/43/22 720/45/22
f 25/94/7 26/95/7 14/73/7
f 26/95/7 27/96/7 15/75/7
f 27/96/7 28/97/7 16/77/7
f 28/97/7 29/98/7 17/79/7
f 29/98/7 30/99/7 18/81/7
f 30/99/7 31/100/7 19/83/7
f 31/100/7 32/101/7 20/85/7
f 32/101/7 33/102/7 21/87/7
f 33/102/7 34/103/7 22/89/7
f 34/103/7 35/104/7 23/91/7
f 35/104/7 36/119/7 24/105/7
f 1028/106/25 1030/92/24 719/93/24
f 37/108/7 38/109/7 26/95/7
f 38/109/7 39/110/7 27/96/7
f 39/110/7 40/111/7 28/97/7
f 40/111/7 41/112/7 29/98/7
f 41/112/7 42/113/7 30/99/7
f 42/113/7 43/114/7 31/100/7
f 43/114/7 44/115/7 32/101/7
f 44/115/7 45/116/7 33/102/7
f 45/116/7 46/117/7 34/103/7
f 46/117/7 47/118/7 35/104/7
f 47/118/7 48/133/7 36/119/7
f 1026/120/26 1028/106/25 718/107/25
f 49/122/7 50/123/7 38/109/7
f 50/123/7 51/124/7 39/110/7
f 51/124/7 52/125/7 40/111/7
f 52/125/7 53/126/7 41/112/7
f 53/126/7 54/127/7 42/113/7
f 54/127/7 55/128/7 43/114/7
f 55/128/7 56/129/7 44/115/7
f 56/129/7 57/130/7 45/116/7
f 57/130/7 58/131/7 46/117/7
f 58/131/7 59/132/7 47/118/7
f 59/132/7 60/147/7 48/133/7
f 1024/134/27 1026/120/26 717/121/26
f 61/136/7 62/137/7 50/123/7
f 62/137/7 63/138/7 51/124/7
f 63/138/7 64/139/7 52/125/7
f 64/139/7 65/140/7 53/126/7
f 65/140/7 66/141/7 54/127/7
f 66/141/7 67/142/7 55/128/7
f 67/142/7 68/143/7 56/129/7
f 68/143/7 69/144/7 57/130/7
f 69/144/7 70/145/7 58/131/7
f 70/145/7 71/146/7 59/132/7
f 71/146/7 72/161/7 60/147/7
f 1022/148/28 1024/134/27 716/135/27
f 73/150/7 74/151/7 62/137/7
f 74/151/7 75/152/7 63/138/7
f 75/152/7 76/153/7 64/139/7
f 76/153/7 77/154/7 65/140/7
f 77/154/7 78/155/7 66/141/7
f 78/155/7 79/156/7 67/142/7
f 79/156/7 80/157/7 68/143/7
f 80/157/7 81/158/7 69/144/7
f 81/158/7 82/159/7 70/145/7
f 82/159/7 83/160/7 71/146/7
f 83/160/7 84/175/7 72/161/7
f 1020/162/29 1022/148/28 715/149/28
f 73/150/7 85/178/7 86/164/7
f 74/151/7 86/164/7 87/165/7
f 75/152/7 87/165/7 88/166/7
f 76/153/7 88/166/7 89/167/7
f 77/154/7 89/167/7 90/168/7
f 78/155/7 90/168/7 91/169/7
f 79/156/7 91/169/7 92/170/7
f 80/157/7 92/170/7 93/171/7
f 81/158/7 93/171/7 94/172/7
f 82/159/7 94/172/7 95/173/7
f 83/160/7 95/173/7 96/174/7
f 1018/176/30 1020/162/29 714/163/29
f 85/178/7 97/192/7 98/179/7
f 86/164/7 98/179/7 99/180/7
f 87/165/7 99/180/7 100/181/7
f 88/166/7 100/181/7 101/182/7
f 89/167/7 101/182/7 102/183/7
f 90/168/7 102/183/7 103/184/7
f 91/169/7 103/184/7 104/185/7
f 92/170/7 104/185/7 105/186/7
f 93/171/7 105/186/7 106/187/7
f 94/172/7 106/187/7 107/188/7
f 95/173/7 107/188/7 108/189/7
f 1016/190/31 1018/176/30 713/177/30
f 97/192/7 109/206/7 110/193/7
f 98/179/7 110/193/7 111/194/7
f 99/180/7 111/194/7 112/195/7
f 100/181/7 112/195/7 113/196/7
f 101/182/7 113/196/7 114/197/7
f 102/183/7 114/197/7 115/198/7
f 103/184/7 115/198/7 116/199/7
f 104/185/7 116/199/7 117/200/7
f 105/186/7 117/200/7 118/201/7
f 106/187/7 118/201/7 119/202/7
f 107/188/7 119/202/7 120/203/7
f 1014/204/32 1016/190/31 712/191/31
f 109/206/7 121/220/7 122/207/7
f 110/193/7 122/207/7 123/208/7
f 111/194/7 123/208/7 124/209/7
f 112/195/7 124/209/7 125/210/7
f 113/196/7 125/210/7 126/211/7
f 114/197/7 126/211/7 127/212/7
f 115/198/7 127/212/7 128/213/7
f 116/199/7 128/213/7 129/214/7
f 117/200/7 129/214/7 130/215/7
f 118/201/7 130/215/7 131/216/7
f 119/202/7 131/216/7 132/217/7
f 1012/218/33 1014/204/32 711/205/32
f 121/220/7 133/283/7 134/221/7
f 122/207/7 134/221/7 135/222/7
f 123/208/7 135/222/7 136/223/7
f 124/209/7 136/223/7 137/224/7
f 125/210/7 137/224/7 138/225/7
f 126/211/7 138/225/7 139/226/7
f 127/212/7 139/226/7 140/227/7
f 128/213/7 140/227/7 141/228/7
f 129/214/7 141/228/7 142/229/7
f 130/215/7 142/229/7 143/230/7
f 131/216/7 143/230/7 144/10/7
f 959/231/9 876/2057/9 962/232/9
f 864/233/9 962/232/9 964/234/9
f 958/236/9 959/231/9 864/233/9
f 956/238/9 958/236/9 863/237/9
f 954/240/9 956/238/9 862/239/9
f 952/242/9 954/240/9 861/241/9
f 950/244/9 952/242/9 860/243/9
f 948/246/9 950/244/9 859/245/9
f 946/248/9 948/246/9 858/247/9
f 944/250/9 946/248/9 857/249/9
f 942/252/9 944/250/9 856/251/9
f 940/254/9 942/252/9 855/253/9
f 868/256/34 938/518/9 853/257/9
f 298/259/19 299/532/20 1132/260/20
f 297/262/18 298/259/19 1134/261/19
f 296/264/17 297/262/18 1136/263/18
f 295/266/16 296/264/17 1138/265/17
f 294/268/15 295/266/16 1140/267/16
f 293/270/14 294/268/15 1142/269/15
f 292/272/13 293/270/14 1144/271/14
f 291/274/12 292/272/13 1146/273/13
f 290/276/11 291/274/12 1148/275/12
f 289/278/5 290/276/11 1150/277/11
f 1154/280/5 1156/22/11 422/24/11
f 1009/281/7 874/1177/563 960/282/7
f 730/284/9 731/846/9 892/285/9
f 729/287/9 730/284/9 894/286/9
f 728/289/9 729/287/9 896/288/9
f 727/291/9 728/289/9 898/290/9
f 726/293/9 727/291/9 900/292/9
f 725/295/9 726/293/9 902/294/9
f 724/297/9 725/295/9 904/296/9
f 723/299/9 724/297/9 906/298/9
f 722/301/9 723/299/9 908/300/9
f 721/303/9 722/301/9 910/302/9
f 916/305/35 733/500/9 721/303/9
f 1010/307/2 1012/218/33 710/219/33
f 157/308/36 158/311/36 146/309/36
f 158/311/36 159/313/36 147/312/36
f 159/313/36 160/315/36 148/314/36
f 160/315/36 161/317/36 149/316/36
f 161/317/36 162/319/36 150/318/36
f 162/319/36 163/321/36 151/320/36
f 163/321/36 164/323/36 152/322/36
f 164/323/36 165/325/36 153/324/36
f 165/325/36 166/327/36 154/326/36
f 166/327/36 167/329/36 155/328/36
f 167/329/36 168/345/36 156/330/36
f 577/331/2 578/346/33 1006/332/33
f 169/334/36 170/335/36 158/311/36
f 170/335/36 171/336/36 159/313/36
f 171/336/36 172/337/36 160/315/36
f 172/337/36 173/338/36 161/317/36
f 173/338/36 174/339/36 162/319/36
f 174/339/36 175/340/36 163/321/36
f 175/340/36 176/341/36 164/323/36
f 176/341/36 177/342/36 165/325/36
f 177/342/36 178/343/36 166/327/36
f 178/343/36 179/344/36 167/329/36
f 179/344/36 180/359/36 168/345/36
f 578/346/33 579/360/32 1004/347/32
f 181/348/36 182/349/36 170/335/36
f 182/349/36 183/350/36 171/336/36
f 183/350/36 184/351/36 172/337/36
f 184/351/36 185/352/36 173/338/36
f 185/352/36 186/353/36 174/339/36
f 186/353/36 187/354/36 175/340/36
f 187/354/36 188/355/36 176/341/36
f 188/355/36 189/356/36 177/342/36
f 189/356/36 190/357/36 178/343/36
f 190/357/36 191/358/36 179/344/36
f 191/358/36 192/373/36 180/359/36
f 579/360/32 580/374/31 1002/361/31
f 193/362/36 194/363/36 182/349/36
f 194/363/36 195/364/36 183/350/36
f 195/364/36 196/365/36 184/351/36
f 196/365/36 197/366/36 185/352/36
f 197/366/36 198/367/36 186/353/36
f 198/367/36 199/368/36 187/354/36
f 199/368/36 200/369/36 188/355/36
f 200/369/36 201/370/36 189/356/36
f 201/370/36 202/371/36 190/357/36
f 202/371/36 203/372/36 191/358/36
f 203/372/36 204/387/36 192/373/36
f 580/374/31 581/388/30 1000/375/30
f 205/376/36 206/377/36 194/363/36
f 206/377/36 207/378/36 195/364/36
f 207/378/36 208/379/36 196/365/36
f 208/379/36 209/380/36 197/366/36
f 209/380/36 210/381/36 198/367/36
f 210/381/36 211/382/36 199/368/36
f 211/382/36 212/383/36 200/369/36
f 212/383/36 213/384/36 201/370/36
f 213/384/36 214/385/36 202/371/36
f 214/385/36 215/386/36 203/372/36
f 215/386/36 216/401/36 204/387/36
f 581/388/30 582/402/29 998/389/29
f 217/390/36 218/391/36 206/377/36
f 218/391/36 219/392/36 207/378/36
f 219/392/36 220/393/36 208/379/36
f 220/393/36 221/394/36 209/380/36
f 221/394/36 222/395/36 210/381/36
f 222/395/36 223/396/36 211/382/36
f 223/396/36 224/397/36 212/383/36
f 224/397/36 225/398/36 213/384/36
f 225/398/36 226/399/36 214/385/36
f 226/399/36 227/400/36 215/386/36
f 227/400/36 228/415/36 216/401/36
f 582/402/29 583/416/28 996/403/28
f 217/390/36 229/418/36 230/404/36
f 218/391/36 230/404/36 231/405/36
f 219/392/36 231/405/36 232/406/36
f 220/393/36 232/406/36 233/407/36
f 221/394/36 233/407/36 234/408/36
f 222/395/36 234/408/36 235/409/36
f 223/396/36 235/409/36 236/410/36
f 224/397/36 236/410/36 237/411/36
f 225/398/36 237/411/36 238/412/36
f 226/399/36 238/412/36 239/413/36
f 227/400/36 239/413/36 240/414/36
f 583/416/28 584/430/27 994/417/27
f 229/418/36 241/432/36 242/419/36
f 230/404/36 242/419/36 243/420/36
f 231/405/36 243/420/36 244/421/36
f 232/406/36 244/421/36 245/422/36
f 233/407/36 245/422/36 246/423/36
f 234/408/36 246/423/36 247/424/36
f 235/409/36 247/424/36 248/425/36
f 236/410/36 248/425/36 249/426/36
f 237/411/36 249/426/36 250/427/36
f 238/412/36 250/427/36 251/428/36
f 239/413/36 251/428/36 252/429/36
f 584/430/27 585/444/26 992/431/26
f 241/432/36 253/446/36 254/433/36
f 242/419/36 254/433/36 255/434/36
f 243/420/36 255/434/36 256/435/36
f 244/421/36 256/435/36 257/436/36
f 245/422/36 257/436/36 258/437/36
f 246/423/36 258/437/36 259/438/36
f 247/424/36 259/438/36 260/439/36
f 248/425/36 260/439/36 261/440/36
f 249/426/36 261/440/36 262/441/36
f 250/427/36 262/441/36 263/442/36
f 251/428/36 263/442/36 264/443/36
f 585/444/26 586/458/25 990/445/25
f 253/446/36 265/460/36 266/447/36
f 254/433/36 266/447/36 267/448/36
f 255/434/36 267/448/36 268/449/36
f 256/435/36 268/449/36 269/450/36
f 257/436/36 269/450/36 270/451/36
f 258/437/36 270/451/36 271/452/36
f 259/438/36 271/452/36 272/453/36
f 260/439/36 272/453/36 273/454/36
f 261/440/36 273/454/36 274/455/36
f 262/441/36 274/455/36 275/456/36
f 263/442/36 275/456/36 276/457/36
f 586/458/25 587/882/24 988/459/24
f 265/460/36 277/703/36 278/461/36
f 266/447/36 278/461/36 279/462/36
f 267/448/36 279/462/36 280/463/36
f 268/449/36 280/463/36 281/464/36
f 269/450/36 281/464/36 282/465/36
f 270/451/36 282/465/36 283/466/36
f 271/452/36 283/466/36 284/467/36
f 272/453/36 284/467/36 285/468/36
f 273/454/36 285/468/36 286/469/36
f 274/455/36 286/469/36 287/470/36
f 275/456/36 287/470/36 288/471/36
f 1032/472/8 1/72/7 1081/473/7
f 1082/475/3 1084/46/3 566/48/3
f 433/476/3 434/479/3 1078/477/3
f 434/479/3 435/481/3 1076/480/3
f 435/481/3 436/483/3 1074/482/3
f 436/483/3 437/485/3 1072/484/3
f 437/485/3 438/487/3 1070/486/3
f 438/487/3 439/489/3 1068/488/3
f 439/489/3 440/491/3 1066/490/3
f 440/491/3 441/493/3 1064/492/3
f 441/493/3 442/495/3 1062/494/3
f 442/495/3 443/715/3 1060/496/3
f 156/330/36 1129/531/36 865/497/36
f 918/499/35 745/502/9 733/500/9
f 920/501/35 757/504/9 745/502/9
f 922/503/35 769/506/9 757/504/9
f 924/505/35 781/508/9 769/506/9
f 926/507/35 793/510/9 781/508/9
f 928/509/35 805/512/9 793/510/9
f 930/511/35 817/514/9 805/512/9
f 932/513/35 829/516/9 817/514/9
f 934/515/35 841/517/9 829/516/9
f 935/258/35 853/257/9 841/517/9
f 938/518/9 940/254/9 854/255/9
f 288/471/36 1057/714/36 879/519/36
f 276/457/36 288/471/36 1152/520/36
f 264/443/36 276/457/36 1149/521/36
f 252/429/36 264/443/36 1147/522/36
f 240/414/36 252/429/36 1145/523/36
f 228/415/36 240/414/36 1143/524/36
f 228/415/36 1141/525/36 1139/526/36
f 216/401/36 1139/526/36 1137/527/36
f 204/387/36 1137/527/36 1135/528/36
f 192/373/36 1135/528/36 1133/529/36
f 180/359/36 1133/529/36 1131/530/36
f 168/345/36 1131/530/36 1129/531/36
f 299/532/20 300/545/21 1130/533/21
f 301/534/5 302/535/11 290/276/11
f 302/535/11 303/536/12 291/274/12
f 303/536/12 304/537/13 292/272/13
f 304/537/13 305/538/14 293/270/14
f 305/538/14 306/539/15 294/268/15
f 306/539/15 307/540/16 295/266/16
f 307/540/16 308/541/17 296/264/17
f 308/541/17 309/542/18 297/262/18
f 309/542/18 310/543/19 298/259/19
f 310/543/19 311/544/20 299/532/20
f 311/544/20 312/560/21 300/545/21
f 456/546/3 1126/562/10 1127/547/10
f 313/549/5 314/550/11 302/535/11
f 314/550/11 315/551/12 303/536/12
f 315/551/12 316/552/13 304/537/13
f 316/552/13 317/553/14 305/538/14
f 317/553/14 318/554/15 306/539/15
f 318/554/15 319/555/16 307/540/16
f 319/555/16 320/556/17 308/541/17
f 320/556/17 321/557/18 309/542/18
f 321/557/18 322/558/19 310/543/19
f 322/558/19 323/559/20 311/544/20
f 323/559/20 324/574/21 312/560/21
f 468/561/3 1124/576/10 1126/562/10
f 325/563/5 326/564/11 314/550/11
f 326/564/11 327/565/12 315/551/12
f 327/565/12 328/566/13 316/552/13
f 328/566/13 329/567/14 317/553/14
f 329/567/14 330/568/15 318/554/15
f 330/568/15 331/569/16 319/555/16
f 331/569/16 332/570/17 320/556/17
f 332/570/17 333/571/18 321/557/18
f 333/571/18 334/572/19 322/558/19
f 334/572/19 335/573/20 323/559/20
f 335/573/20 336/588/21 324/574/21
f 480/575/3 1122/590/10 1124/576/10
f 337/577/5 338/578/11 326/564/11
f 338/578/11 339/579/12 327/565/12
f 339/579/12 340/580/13 328/566/13
f 340/580/13 341/581/14 329/567/14
f 341/581/14 342/582/15 330/568/15
f 342/582/15 343/583/16 331/569/16
f 343/583/16 344/584/17 332/570/17
f 344/584/17 345/585/18 333/571/18
f 345/585/18 346/586/19 334/572/19
f 346/586/19 347/587/20 335/573/20
f 347/587/20 348/602/21 336/588/21
f 492/589/3 1120/604/10 1122/590/10
f 349/591/5 350/592/11 338/578/11
f 350/592/11 351/593/12 339/579/12
f 351/593/12 352/594/13 340/580/13
f 352/594/13 353/595/14 341/581/14
f 353/595/14 354/596/15 342/582/15
f 354/596/15 355/597/16 343/583/16
f 355/597/16 356/598/17 344/584/17
f 356/598/17 357/599/18 345/585/18
f 357/599/18 358/600/19 346/586/19
f 358/600/19 359/601/20 347/587/20
f 359/601/20 360/616/21 348/602/21
f 504/603/3 1118/618/10 1120/604/10
f 361/605/5 362/606/11 350/592/11
f 362/606/11 363/607/12 351/593/12
f 363/607/12 364/608/13 352/594/13
f 364/608/13 365/609/14 353/595/14
f 365/609/14 366/610/15 354/596/15
f 366/610/15 367/611/16 355/597/16
f 367/611/16 368/612/17 356/598/17
f 368/612/17 369/613/18 357/599/18
f 369/613/18 370/614/19 358/600/19
f 370/614/19 371/615/20 359/601/20
f 371/615/20 372/630/21 360/616/21
f 516/617/3 1116/632/10 1118/618/10
f 373/619/5 374/620/11 362/606/11
f 374/620/11 375/621/12 363/607/12
f 375/621/12 376/622/13 364/608/13
f 376/622/13 377/623/14 365/609/14
f 377/623/14 378/624/15 366/610/15
f 378/624/15 379/625/16 367/611/16
f 379/625/16 380/626/17 368/612/17
f 380/626/17 381/627/18 369/613/18
f 381/627/18 382/628/19 370/614/19
f 382/628/19 383/629/20 371/615/20
f 383/629/20 384/644/21 372/630/21
f 528/631/3 1114/646/10 1116/632/10
f 385/633/5 386/634/11 374/620/11
f 386/634/11 387/635/12 375/621/12
f 387/635/12 388/636/13 376/622/13
f 388/636/13 389/637/14 377/623/14
f 389/637/14 390/638/15 378/624/15
f 390/638/15 391/639/16 379/625/16
f 391/639/16 392/640/17 380/626/17
f 392/640/17 393/641/18 381/627/18
f 393/641/18 394/642/19 382/628/19
f 394/642/19 395/643/20 383/629/20
f 395/643/20 396/658/21 384/644/21
f 540/645/3 1112/660/10 1114/646/10
f 397/647/5 398/648/11 386/634/11
f 398/648/11 399/649/12 387/635/12
f 399/649/12 400/650/13 388/636/13
f 400/650/13 401/651/14 389/637/14
f 401/651/14 402/652/15 390/638/15
f 402/652/15 403/653/16 391/639/16
f 403/653/16 404/654/17 392/640/17
f 404/654/17 405/655/18 393/641/18
f 405/655/18 406/656/19 394/642/19
f 406/656/19 407/657/20 395/643/20
f 407/657/20 408/672/21 396/658/21
f 552/659/3 1110/673/10 1112/660/10
f 409/661/5 410/662/11 398/648/11
f 410/662/11 411/663/12 399/649/12
f 411/663/12 412/664/13 400/650/13
f 412/664/13 413/665/14 401/651/14
f 413/665/14 414/666/15 402/652/15
f 414/666/15 415/667/16 403/653/16
f 415/667/16 416/668/17 404/654/17
f 416/668/17 417/669/18 405/655/18
f 417/669/18 418/670/19 406/656/19
f 418/670/19 419/671/20 407/657/20
f 419/671/20 420/674/21 408/672/21
f 564/67/3 1108/66/10 1110/673/10
f 421/8/5 422/24/11 410/662/11
f 422/24/11 423/23/12 411/663/12
f 423/23/12 424/26/13 412/664/13
f 424/26/13 425/28/14 413/665/14
f 425/28/14 426/30/15 414/666/15
f 426/30/15 427/32/16 415/667/16
f 427/32/16 428/34/17 416/668/17
f 428/34/17 429/36/18 417/669/18
f 429/36/18 430/38/19 418/670/19
f 430/38/19 431/40/20 419/671/20
f 431/40/20 432/42/21 420/674/21
f 588/675/22 1055/729/23 883/676/23
f 24/105/7 1155/679/7 1153/678/7
f 36/119/7 1157/680/7 1155/679/7
f 48/133/7 1159/681/7 1157/680/7
f 60/147/7 1161/682/7 1159/681/7
f 72/161/7 1163/683/7 1161/682/7
f 84/175/7 1165/685/7 1163/683/7
f 84/175/7 96/174/7 1167/684/7
f 96/174/7 108/189/7 1169/686/7
f 108/189/7 120/203/7 1171/687/7
f 120/203/7 132/217/7 1173/688/7
f 132/217/7 144/10/7 1176/12/7
f 1128/689/6 289/278/5 1151/279/5
f 1125/691/6 301/534/5 289/278/5
f 1123/692/6 313/549/5 301/534/5
f 1121/693/6 325/563/5 313/549/5
f 1119/694/6 337/577/5 325/563/5
f 1117/695/6 349/591/5 337/577/5
f 1115/696/6 361/605/5 349/591/5
f 1113/697/6 373/619/5 361/605/5
f 1111/698/6 385/633/5 373/619/5
f 1109/699/6 397/647/5 385/633/5
f 1107/700/6 409/661/5 397/647/5
f 1105/9/6 421/8/5 409/661/5
f 985/701/36 885/1187/36 1080/702/36
f 277/703/36 1080/702/36 1077/704/36
f 278/461/36 1077/704/36 1075/705/36
f 279/462/36 1075/705/36 1073/706/36
f 280/463/36 1073/706/36 1071/707/36
f 281/464/36 1071/707/36 1069/708/36
f 282/465/36 1069/708/36 1067/709/36
f 283/466/36 1067/709/36 1065/710/36
f 284/467/36 1065/710/36 1063/711/36
f 285/468/36 1063/711/36 1061/712/36
f 286/469/36 1061/712/36 1059/713/36
f 287/470/36 1059/713/36 1057/714/36
f 443/715/3 444/548/3 1058/716/3
f 445/717/3 446/718/3 434/479/3
f 446/718/3 447/719/3 435/481/3
f 447/719/3 448/720/3 436/483/3
f 448/720/3 449/721/3 437/485/3
f 449/721/3 450/722/3 438/487/3
f 450/722/3 451/723/3 439/489/3
f 451/723/3 452/724/3 440/491/3
f 452/724/3 453/725/3 441/493/3
f 453/725/3 454/726/3 442/495/3
f 454/726/3 455/727/3 443/715/3
f 455/727/3 456/546/3 444/548/3
f 600/728/22 1054/742/23 1055/729/23
f 457/730/3 458/731/3 446/718/3
f 458/731/3 459/732/3 447/719/3
f 459/732/3 460/733/3 448/720/3
f 460/733/3 461/734/3 449/721/3
f 461/734/3 462/735/3 450/722/3
f 462/735/3 463/736/3 451/723/3
f 463/736/3 464/737/3 452/724/3
f 464/737/3 465/738/3 453/725/3
f 465/738/3 466/739/3 454/726/3
f 466/739/3 467/740/3 455/727/3
f 467/740/3 468/561/3 456/546/3
f 612/741/22 1052/755/23 1054/742/23
f 469/743/3 470/744/3 458/731/3
f 470/744/3 471/745/3 459/732/3
f 471/745/3 472/746/3 460/733/3
f 472/746/3 473/747/3 461/734/3
f 473/747/3 474/748/3 462/735/3
f 474/748/3 475/749/3 463/736/3
f 475/749/3 476/750/3 464/737/3
f 476/750/3 477/751/3 465/738/3
f 477/751/3 478/752/3 466/739/3
f 478/752/3 479/753/3 467/740/3
f 479/753/3 480/575/3 468/561/3
f 624/754/22 1050/768/23 1052/755/23
f 481/756/3 482/757/3 470/744/3
f 482/757/3 483/758/3 471/745/3
f 483/758/3 484/759/3 472/746/3
f 484/759/3 485/760/3 473/747/3
f 485/760/3 486/761/3 474/748/3
f 486/761/3 487/762/3 475/749/3
f 487/762/3 488/763/3 476/750/3
f 488/763/3 489/764/3 477/751/3
f 489/764/3 490/765/3 478/752/3
f 490/765/3 491/766/3 479/753/3
f 491/766/3 492/589/3 480/575/3
f 636/767/22 1048/781/23 1050/768/23
f 493/769/3 494/770/3 482/757/3
f 494/770/3 495/771/3 483/758/3
f 495/771/3 496/772/3 484/759/3
f 496/772/3 497/773/3 485/760/3
f 497/773/3 498/774/3 486/761/3
f 498/774/3 499/775/3 487/762/3
f 499/775/3 500/776/3 488/763/3
f 500/776/3 501/777/3 489/764/3
f 501/777/3 502/778/3 490/765/3
f 502/778/3 503/779/3 491/766/3
f 503/779/3 504/603/3 492/589/3
f 648/780/22 1046/794/23 1048/781/23
f 505/782/3 506/783/3 494/770/3
f 506/783/3 507/784/3 495/771/3
f 507/784/3 508/785/3 496/772/3
f 508/785/3 509/786/3 497/773/3
f 509/786/3 510/787/3 498/774/3
f 510/787/3 511/788/3 499/775/3
f 511/788/3 512/789/3 500/776/3
f 512/789/3 513/790/3 501/777/3
f 513/790/3 514/791/3 502/778/3
f 514/791/3 515/792/3 503/779/3
f 515/792/3 516/617/3 504/603/3
f 660/793/22 1044/807/23 1046/794/23
f 517/795/3 518/796/3 506/783/3
f 518/796/3 519/797/3 507/784/3
f 519/797/3 520/798/3 508/785/3
f 520/798/3 521/799/3 509/786/3
f 521/799/3 522/800/3 510/787/3
f 522/800/3 523/801/3 511/788/3
f 523/801/3 524/802/3 512/789/3
f 524/802/3 525/803/3 513/790/3
f 525/803/3 526/804/3 514/791/3
f 526/804/3 527/805/3 515/792/3
f 527/805/3 528/631/3 516/617/3
f 672/806/22 1042/820/23 1044/807/23
f 529/808/3 530/809/3 518/796/3
f 530/809/3 531/810/3 519/797/3
f 531/810/3 532/811/3 520/798/3
f 532/811/3 533/812/3 521/799/3
f 533/812/3 534/813/3 522/800/3
f 534/813/3 535/814/3 523/801/3
f 535/814/3 536/815/3 524/802/3
f 536/815/3 537/816/3 525/803/3
f 537/816/3 538/817/3 526/804/3
f 538/817/3 539/818/3 527/805/3
f 539/818/3 540/645/3 528/631/3
f 684/819/22 1040/833/23 1042/820/23
f 541/821/3 542/822/3 530/809/3
f 542/822/3 543/823/3 531/810/3
f 543/823/3 544/824/3 532/811/3
f 544/824/3 545/825/3 533/812/3
f 545/825/3 546/826/3 534/813/3
f 546/826/3 547/827/3 535/814/3
f 547/827/3 548/828/3 536/815/3
f 548/828/3 549/829/3 537/816/3
f 549/829/3 550/830/3 538/817/3
f 550/830/3 551/831/3 539/818/3
f 551/831/3 552/659/3 540/645/3
f 696/832/22 1038/845/23 1040/833/23
f 553/834/3 554/835/3 542/822/3
f 554/835/3 555/836/3 543/823/3
f 555/836/3 556/837/3 544/824/3
f 556/837/3 557/838/3 545/825/3
f 557/838/3 558/839/3 546/826/3
f 558/839/3 559/840/3 547/827/3
f 559/840/3 560/841/3 548/828/3
f 560/841/3 561/842/3 549/829/3
f 561/842/3 562/843/3 550/830/3
f 562/843/3 563/844/3 551/831/3
f 563/844/3 564/67/3 552/659/3
f 708/69/22 1036/68/23 1038/845/23
f 565/5/3 566/48/3 554/835/3
f 566/48/3 567/47/3 555/836/3
f 567/47/3 568/50/3 556/837/3
f 568/50/3 569/52/3 557/838/3
f 569/52/3 570/54/3 558/839/3
f 570/54/3 571/56/3 559/840/3
f 571/56/3 572/58/3 560/841/3
f 572/58/3 573/60/3 561/842/3
f 573/60/3 574/62/3 562/843/3
f 574/62/3 575/64/3 563/844/3
f 575/64/3 576/21/3 564/67/3
f 731/846/9 732/16/9 890/18/9
f 1/72/7 2/71/7 1083/847/7
f 2/71/7 3/74/7 1085/848/7
f 3/74/7 4/76/7 1087/849/7
f 4/76/7 5/78/7 1089/850/7
f 5/78/7 6/80/7 1091/851/7
f 6/80/7 7/82/7 1093/852/7
f 7/82/7 8/84/7 1095/853/7
f 8/84/7 9/86/7 1097/854/7
f 9/86/7 10/88/7 1099/855/7
f 10/88/7 11/90/7 1101/856/7
f 11/90/7 12/13/7 1104/15/7
f 1056/857/3 433/476/3 1079/478/3
f 1053/859/3 445/717/3 433/476/3
f 1051/860/3 457/730/3 445/717/3
f 1049/861/3 469/743/3 457/730/3
f 1047/862/3 481/756/3 469/743/3
f 1045/863/3 493/769/3 481/756/3
f 1043/864/3 505/782/3 493/769/3
f 1041/865/3 517/795/3 505/782/3
f 1039/866/3 529/808/3 517/795/3
f 1037/867/3 541/821/3 529/808/3
f 1035/868/3 553/834/3 541/821/3
f 1033/6/3 565/5/3 553/834/3
f 1008/869/36 145/310/36 889/870/36
f 1005/872/36 157/308/36 145/310/36
f 1003/873/36 169/334/36 157/308/36
f 1001/874/36 181/348/36 169/334/36
f 999/875/36 193/362/36 181/348/36
f 997/876/36 205/376/36 193/362/36
f 995/877/36 217/390/36 205/376/36
f 995/877/36 993/878/36 229/418/36
f 993/878/36 991/879/36 241/432/36
f 991/879/36 989/880/36 253/446/36
f 989/880/36 987/881/36 265/460/36
f 987/881/36 985/701/36 277/703/36
f 587/882/24 588/675/22 986/677/22
f 589/883/2 590/884/33 578/346/33
f 590/884/33 591/885/32 579/360/32
f 591/885/32 592/886/31 580/374/31
f 592/886/31 593/887/30 581/388/30
f 593/887/30 594/888/29 582/402/29
f 594/888/29 595/889/28 583/416/28
f 595/889/28 596/890/27 584/430/27
f 596/890/27 597/891/26 585/444/26
f 597/891/26 598/892/25 586/458/25
f 598/892/25 599/893/24 587/882/24
f 599/893/24 600/728/22 588/675/22
f 744/894/9 982/908/9 983/895/9
f 601/896/2 602/897/33 590/884/33
f 602/897/33 603/898/32 591/885/32
f 603/898/32 604/899/31 592/886/31
f 604/899/31 605/900/30 593/887/30
f 605/900/30 606/901/29 594/888/29
f 606/901/29 607/902/28 595/889/28
f 607/902/28 608/903/27 596/890/27
f 608/903/27 609/904/26 597/891/26
f 609/904/26 610/905/25 598/892/25
f 610/905/25 611/906/24 599/893/24
f 611/906/24 612/741/22 600/728/22
f 756/907/9 980/921/9 982/908/9
f 613/909/2 614/910/33 602/897/33
f 614/910/33 615/911/32 603/898/32
f 615/911/32 616/912/31 604/899/31
f 616/912/31 617/913/30 605/900/30
f 617/913/30 618/914/29 606/901/29
f 618/914/29 619/915/28 607/902/28
f 619/915/28 620/916/27 608/903/27
f 620/916/27 621/917/26 609/904/26
f 621/917/26 622/918/25 610/905/25
f 622/918/25 623/919/24 611/906/24
f 623/919/24 624/754/22 612/741/22
f 768/920/9 978/934/9 980/921/9
f 625/922/2 626/923/33 614/910/33
f 626/923/33 627/924/32 615/911/32
f 627/924/32 628/925/31 616/912/31
f 628/925/31 629/926/30 617/913/30
f 629/926/30 630/927/29 618/914/29
f 630/927/29 631/928/28 619/915/28
f 631/928/28 632/929/27 620/916/27
f 632/929/27 633/930/26 621/917/26
f 633/930/26 634/931/25 622/918/25
f 634/931/25 635/932/24 623/919/24
f 635/932/24 636/767/22 624/754/22
f 780/933/9 976/947/9 978/934/9
f 637/935/2 638/936/33 626/923/33
f 638/936/33 639/937/32 627/924/32
f 639/937/32 640/938/31 628/925/31
f 640/938/31 641/939/30 629/926/30
f 641/939/30 642/940/29 630/927/29
f 642/940/29 643/941/28 631/928/28
f 643/941/28 644/942/27 632/929/27
f 644/942/27 645/943/26 633/930/26
f 645/943/26 646/944/25 634/931/25
f 646/944/25 647/945/24 635/932/24
f 647/945/24 648/780/22 636/767/22
f 792/946/9 974/960/9 976/947/9
f 649/948/2 650/949/33 638/936/33
f 650/949/33 651/950/32 639/937/32
f 651/950/32 652/951/31 640/938/31
f 652/951/31 653/952/30 641/939/30
f 653/952/30 654/953/29 642/940/29
f 654/953/29 655/954/28 643/941/28
f 655/954/28 656/955/27 644/942/27
f 656/955/27 657/956/26 645/943/26
f 657/956/26 658/957/25 646/944/25
f 658/957/25 659/958/24 647/945/24
f 659/958/24 660/793/22 648/780/22
f 804/959/9 972/973/9 974/960/9
f 661/961/2 662/962/33 650/949/33
f 662/962/33 663/963/32 651/950/32
f 663/963/32 664/964/31 652/951/31
f 664/964/31 665/965/30 653/952/30
f 665/965/30 666/966/29 654/953/29
f 666/966/29 667/967/28 655/954/28
f 667/967/28 668/968/27 656/955/27
f 668/968/27 669/969/26 657/956/26
f 669/969/26 670/970/25 658/957/25
f 670/970/25 671/971/24 659/958/24
f 671/971/24 672/806/22 660/793/22
f 816/972/9 970/986/9 972/973/9
f 673/974/2 674/975/33 662/962/33
f 674/975/33 675/976/32 663/963/32
f 675/976/32 676/977/31 664/964/31
f 676/977/31 677/978/30 665/965/30
f 677/978/30 678/979/29 666/966/29
f 678/979/29 679/980/28 667/967/28
f 679/980/28 680/981/27 668/968/27
f 680/981/27 681/982/26 669/969/26
f 681/982/26 682/983/25 670/970/25
f 682/983/25 683/984/24 671/971/24
f 683/984/24 684/819/22 672/806/22
f 828/985/9 968/999/9 970/986/9
f 685/987/2 686/988/33 674/975/33
f 686/988/33 687/989/32 675/976/32
f 687/989/32 688/990/31 676/977/31
f 688/990/31 689/991/30 677/978/30
f 689/991/30 690/992/29 678/979/29
f 690/992/29 691/993/28 679/980/28
f 691/993/28 692/994/27 680/981/27
f 692/994/27 693/995/26 681/982/26
f 693/995/26 694/996/25 682/983/25
f 694/996/25 695/997/24 683/984/24
f 695/997/24 696/832/22 684/819/22
f 840/998/9 966/1011/9 968/999/9
f 697/1000/2 698/1001/33 686/988/33
f 698/1001/33 699/1002/32 687/989/32
f 699/1002/32 700/1003/31 688/990/31
f 700/1003/31 701/1004/30 689/991/30
f 701/1004/30 702/1005/29 690/992/29
f 702/1005/29 703/1006/28 691/993/28
f 703/1006/28 704/1007/27 692/994/27
f 704/1007/27 705/1008/26 693/995/26
f 705/1008/26 706/1009/25 694/996/25
f 706/1009/25 707/1010/24 695/997/24
f 707/1010/24 708/69/22 696/832/22
f 852/235/9 964/234/9 966/1011/9
f 709/2/2 710/219/33 698/1001/33
f 710/219/33 711/205/32 699/1002/32
f 711/205/32 712/191/31 700/1003/31
f 712/191/31 713/177/30 701/1004/30
f 713/177/30 714/163/29 702/1005/29
f 714/163/29 715/149/28 703/1006/28
f 715/149/28 716/135/27 704/1007/27
f 716/135/27 717/121/26 705/1008/26
f 717/121/26 718/107/25 706/1009/25
f 718/107/25 719/93/24 707/1010/24
f 719/93/24 720/45/22 708/69/22
f 444/548/3 1127/547/10 877/1012/38
f 1011/1013/7 1009/281/7 133/283/7
f 1013/1014/7 1011/1013/7 121/220/7
f 1015/1015/7 1013/1014/7 109/206/7
f 1017/1016/7 1015/1015/7 97/192/7
f 1019/1017/7 1017/1016/7 85/178/7
f 1019/1017/7 73/150/7 61/136/7
f 1021/1018/7 61/136/7 49/122/7
f 1023/1019/7 49/122/7 37/108/7
f 1025/1020/7 37/108/7 25/94/7
f 1027/1021/7 25/94/7 13/70/7
f 1029/1022/8 13/70/7 1/72/7
f 984/1023/1 577/331/2 1007/333/2
f 981/1025/1 589/883/2 577/331/2
f 979/1026/1 601/896/2 589/883/2
f 977/1027/1 613/909/2 601/896/2
f 975/1028/1 625/922/2 613/909/2
f 973/1029/1 637/935/2 625/922/2
f 971/1030/1 649/948/2 637/935/2
f 969/1031/1 661/961/2 649/948/2
f 967/1032/1 673/974/2 661/961/2
f 965/1033/1 685/987/2 673/974/2
f 963/1034/1 697/1000/2 685/987/2
f 961/3/1 709/2/2 697/1000/2
f 300/545/21 913/1046/40 866/1035/39
f 155/328/36 156/330/36 912/498/36
f 154/326/36 155/328/36 909/1036/36
f 153/324/36 154/326/36 907/1037/36
f 152/322/36 153/324/36 905/1038/36
f 151/320/36 152/322/36 903/1039/36
f 150/318/36 151/320/36 901/1040/36
f 149/316/36 150/318/36 899/1041/36
f 148/314/36 149/316/36 897/1042/36
f 147/312/36 148/314/36 895/1043/36
f 146/309/36 147/312/36 893/1044/36
f 145/310/36 146/309/36 891/1045/36
f 312/560/21 915/1057/40 913/1046/40
f 733/500/9 734/1047/9 722/301/9
f 734/1047/9 735/1048/9 723/299/9
f 735/1048/9 736/1049/9 724/297/9
f 736/1049/9 737/1050/9 725/295/9
f 737/1050/9 738/1051/9 726/293/9
f 738/1051/9 739/1052/9 727/291/9
f 739/1052/9 740/1053/9 728/289/9
f 740/1053/9 741/1054/9 729/287/9
f 741/1054/9 742/1055/9 730/284/9
f 742/1055/9 743/1056/9 731/846/9
f 743/1056/9 744/894/9 732/16/9
f 324/574/21 917/1068/40 915/1057/40
f 745/502/9 746/1058/9 734/1047/9
f 746/1058/9 747/1059/9 735/1048/9
f 747/1059/9 748/1060/9 736/1049/9
f 748/1060/9 749/1061/9 737/1050/9
f 749/1061/9 750/1062/9 738/1051/9
f 750/1062/9 751/1063/9 739/1052/9
f 751/1063/9 752/1064/9 740/1053/9
f 752/1064/9 753/1065/9 741/1054/9
f 753/1065/9 754/1066/9 742/1055/9
f 754/1066/9 755/1067/9 743/1056/9
f 755/1067/9 756/907/9 744/894/9
f 336/588/21 919/1079/40 917/1068/40
f 757/504/9 758/1069/9 746/1058/9
f 758/1069/9 759/1070/9 747/1059/9
f 759/1070/9 760/1071/9 748/1060/9
f 760/1071/9 761/1072/9 749/1061/9
f 761/1072/9 762/1073/9 750/1062/9
f 762/1073/9 763/1074/9 751/1063/9
f 763/1074/9 764/1075/9 752/1064/9
f 764/1075/9 765/1076/9 753/1065/9
f 765/1076/9 766/1077/9 754/1066/9
f 766/1077/9 767/1078/9 755/1067/9
f 767/1078/9 768/920/9 756/907/9
f 348/602/21 921/1090/40 919/1079/40
f 769/506/9 770/1080/9 758/1069/9
f 770/1080/9 771/1081/9 759/1070/9
f 771/1081/9 772/1082/9 760/1071/9
f 772/1082/9 773/1083/9 761/1072/9
f 773/1083/9 774/1084/9 762/1073/9
f 774/1084/9 775/1085/9 763/1074/9
f 775/1085/9 776/1086/9 764/1075/9
f 776/1086/9 777/1087/9 765/1076/9
f 777/1087/9 778/1088/9 766/1077/9
f 778/1088/9 779/1089/9 767/1078/9
f 779/1089/9 780/933/9 768/920/9
f 360/616/21 923/1101/40 921/1090/40
f 781/508/9 782/1091/9 770/1080/9
f 782/1091/9 783/1092/9 771/1081/9
f 783/1092/9 784/1093/9 772/1082/9
f 784/1093/9 785/1094/9 773/1083/9
f 785/1094/9 786/1095/9 774/1084/9
f 786/1095/9 787/1096/9 775/1085/9
f 787/1096/9 788/1097/9 776/1086/9
f 788/1097/9 789/1098/9 777/1087/9
f 789/1098/9 790/1099/9 778/1088/9
f 790/1099/9 791/1100/9 779/1089/9
f 791/1100/9 792/946/9 780/933/9
f 372/630/21 925/1112/40 923/1101/40
f 793/510/9 794/1102/9 782/1091/9
f 794/1102/9 795/1103/9 783/1092/9
f 795/1103/9 796/1104/9 784/1093/9
f 796/1104/9 797/1105/9 785/1094/9
f 797/1105/9 798/1106/9 786/1095/9
f 798/1106/9 799/1107/9 787/1096/9
f 799/1107/9 800/1108/9 788/1097/9
f 800/1108/9 801/1109/9 789/1098/9
f 801/1109/9 802/1110/9 790/1099/9
f 802/1110/9 803/1111/9 791/1100/9
f 803/1111/9 804/959/9 792/946/9
f 384/644/21 927/1123/40 925/1112/40
f 805/512/9 806/1113/9 794/1102/9
f 806/1113/9 807/1114/9 795/1103/9
f 807/1114/9 808/1115/9 796/1104/9
f 808/1115/9 809/1116/9 797/1105/9
f 809/1116/9 810/1117/9 798/1106/9
f 810/1117/9 811/1118/9 799/1107/9
f 811/1118/9 812/1119/9 800/1108/9
f 812/1119/9 813/1120/9 801/1109/9
f 813/1120/9 814/1121/9 802/1110/9
f 814/1121/9 815/1122/9 803/1111/9
f 815/1122/9 816/972/9 804/959/9
f 396/658/21 929/1134/40 927/1123/40
f 817/514/9 818/1124/9 806/1113/9
f 818/1124/9 819/1125/9 807/1114/9
f 819/1125/9 820/1126/9 808/1115/9
f 820/1126/9 821/1127/9 809/1116/9
f 821/1127/9 822/1128/9 810/1117/9
f 822/1128/9 823/1129/9 811/1118/9
f 823/1129/9 824/1130/9 812/1119/9
f 824/1130/9 825/1131/9 813/1120/9
f 825/1131/9 826/1132/9 814/1121/9
f 826/1132/9 827/1133/9 815/1122/9
f 827/1133/9 828/985/9 816/972/9
f 408/672/21 931/1145/40 929/1134/40
f 829/516/9 830/1135/9 818/1124/9
f 830/1135/9 831/1136/9 819/1125/9
f 831/1136/9 832/1137/9 820/1126/9
f 832/1137/9 833/1138/9 821/1127/9
f 833/1138/9 834/1139/9 822/1128/9
f 834/1139/9 835/1140/9 823/1129/9
f 835/1140/9 836/1141/9 824/1130/9
f 836/1141/9 837/1142/9 825/1131/9
f 837/1142/9 838/1143/9 826/1132/9
f 838/1143/9 839/1144/9 827/1133/9
f 839/1144/9 840/998/9 828/985/9
f 420/674/21 933/1155/40 931/1145/40
f 841/517/9 842/1146/9 830/1135/9
f 842/1146/9 843/1147/9 831/1136/9
f 843/1147/9 844/1148/9 832/1137/9
f 844/1148/9 845/1149/9 833/1138/9
f 845/1149/9 846/1150/9 834/1139/9
f 846/1150/9 847/1151/9 835/1140/9
f 847/1151/9 848/1152/9 836/1141/9
f 848/1152/9 849/1153/9 837/1142/9
f 849/1153/9 850/1154/9 838/1143/9
f 850/1154/9 851/1156/9 839/1144/9
f 839/1144/9 851/1156/9 852/235/9
f 432/42/21 936/1158/40 933/1155/40
f 853/257/9 854/255/9 842/1146/9
f 854/255/9 855/253/9 843/1147/9
f 855/253/9 856/251/9 844/1148/9
f 856/251/9 857/249/9 845/1149/9
f 857/249/9 858/247/9 846/1150/9
f 858/247/9 859/245/9 847/1151/9
f 859/245/9 860/243/9 848/1152/9
f 860/243/9 861/241/9 849/1153/9
f 861/241/9 862/239/9 850/1154/9
f 862/239/9 863/237/9 851/1156/9
f 851/1156/9 863/237/9 864/233/9
f 1175/1157/21 869/2058/43 936/1158/40
f 143/230/7 939/1160/7 937/1159/7
f 142/229/7 941/1161/7 939/1160/7
f 141/228/7 943/1162/7 941/1161/7
f 140/227/7 945/1163/7 943/1162/7
f 139/226/7 947/1164/7 945/1163/7
f 138/225/7 949/1165/7 947/1164/7
f 137/224/7 951/1166/7 949/1165/7
f 136/223/7 953/1167/7 951/1166/7
f 135/222/7 955/1168/7 953/1167/7
f 134/221/7 957/1169/7 955/1168/7
f 133/283/7 960/282/7 957/1169/7
f 912/498/60 865/497/41 867/1190/42
f 869/1173/43 868/256/34 935/258/35
f 874/1193/48 876/2057/50 959/231/61
f 872/1024/62 871/2059/62 983/1195/62
f 873/871/47 872/1176/46 1007/1196/63
f 886/474/57 888/1189/59 1031/1197/65
f 884/1198/67 883/676/67 1055/729/67
f 885/1200/56 884/858/55 1079/478/68
f 1104/15/69 880/14/52 882/1202/53
f 878/1180/37 877/1012/38 1127/547/10
f 1152/520/70 879/519/51 878/1205/37
f 1176/12/72 870/11/44 869/1207/43
f 873/871/47 889/870/60 890/1209/60
f 889/870/60 891/1045/60 892/1210/60
f 891/1045/60 893/1044/60 894/1211/60
f 893/1044/60 895/1043/60 896/1212/60
f 895/1043/60 897/1042/60 898/1213/60
f 897/1042/60 899/1041/60 900/1214/60
f 899/1041/60 901/1040/60 902/1215/60
f 901/1040/60 903/1039/60 904/1216/60
f 903/1039/60 905/1038/60 906/1217/60
f 905/1038/60 907/1037/60 908/1218/60
f 907/1037/60 909/1036/60 910/1219/60
f 909/1036/60 912/498/60 911/1191/60
f 913/1220/40 914/306/35 867/1172/42
f 915/1221/40 916/305/35 914/306/35
f 917/1222/40 918/499/35 916/305/35
f 919/1223/40 920/501/35 918/499/35
f 921/1224/40 922/503/35 920/501/35
f 923/1225/40 924/505/35 922/503/35
f 925/1226/40 926/507/35 924/505/35
f 927/1227/40 928/509/35 926/507/35
f 929/1228/40 930/511/35 928/509/35
f 931/1229/40 932/513/35 930/511/35
f 933/1230/40 934/515/35 932/513/35
f 936/1192/40 935/258/35 934/515/35
f 937/1231/61 938/518/61 868/256/34
f 939/1232/61 940/254/61 938/518/61
f 941/1233/61 942/252/61 940/254/61
f 943/1234/61 944/250/61 942/252/61
f 945/1235/61 946/248/61 944/250/61
f 947/1236/61 948/246/61 946/248/61
f 949/1237/61 950/244/61 948/246/61
f 951/1238/61 952/242/61 950/244/61
f 953/1239/61 954/240/61 952/242/61
f 955/1240/61 956/238/61 954/240/61
f 957/1241/61 958/236/61 956/238/61
f 960/1194/61 959/231/61 958/236/61
f 961/3/62 962/1243/62 876/1242/62
f 963/1034/62 964/1244/62 962/1243/62
f 965/1033/62 966/1245/62 964/1244/62
f 967/1032/62 968/1246/62 966/1245/62
f 969/1031/62 970/1247/62 968/1246/62
f 971/1030/62 972/1248/62 970/1247/62
f 973/1029/62 974/1249/62 972/1248/62
f 975/1028/62 976/1250/62 974/1249/62
f 977/1027/62 978/1251/62 976/1250/62
f 979/1026/62 980/1253/62 978/1251/62
f 979/1026/62 981/1025/62 982/1252/62
f 981/1025/62 984/1023/62 983/1195/62
f 885/1187/56 985/701/75 986/1254/74
f 985/701/75 987/881/77 988/1255/76
f 987/881/77 989/880/79 990/1256/78
f 989/880/79 991/879/81 992/1257/80
f 991/879/81 993/878/83 994/1258/82
f 993/878/83 995/877/85 996/1259/84
f 995/877/85 997/876/88 998/1260/86
f 999/875/87 1000/1261/90 998/1260/86
f 1001/874/89 1002/1262/92 1000/1261/90
f 1003/873/91 1004/1263/94 1002/1262/92
f 1005/872/93 1006/1264/95 1004/1263/94
f 1008/869/64 1007/1196/63 1006/1264/95
f 874/1177/48 1009/281/97 1010/1265/96
f 1009/281/97 1011/1013/99 1012/1266/98
f 1011/1013/99 1013/1014/101 1014/1267/100
f 1013/1014/101 1015/1015/103 1016/1268/102
f 1015/1015/103 1017/1016/105 1018/1269/104
f 1017/1016/105 1019/1017/108 1020/1270/106
f 1021/1018/107 1022/1271/110 1020/1270/106
f 1023/1019/109 1024/1272/112 1022/1271/110
f 1025/1020/111 1026/1273/114 1024/1272/112
f 1027/1021/113 1028/1274/116 1026/1273/114
f 1029/1022/115 1030/1275/117 1028/1274/116
f 1032/472/66 1031/1197/65 1030/1275/117
f 1033/1276/67 1034/44/67 888/1277/67
f 1035/1279/67 1036/68/67 1034/44/67
f 1037/1280/67 1038/845/67 1036/68/67
f 1039/1281/67 1040/833/67 1038/845/67
f 1041/1282/67 1042/820/67 1040/833/67
f 1043/1283/67 1044/807/67 1042/820/67
f 1045/1284/67 1046/794/67 1044/807/67
f 1047/1285/67 1048/781/67 1046/794/67
f 1049/1286/67 1050/768/67 1048/781/67
f 1051/1287/67 1052/755/67 1050/768/67
f 1053/1288/67 1054/742/67 1052/755/67
f 1056/1199/67 1055/729/67 1054/742/67
f 1057/1289/68 1058/716/68 877/1012/38
f 1059/1290/68 1060/496/68 1058/716/68
f 1061/1291/68 1062/494/68 1060/496/68
f 1063/1292/68 1064/492/68 1062/494/68
f 1065/1293/68 1066/490/68 1064/492/68
f 1067/1294/68 1068/488/68 1066/490/68
f 1069/1295/68 1070/486/68 1068/488/68
f 1071/1296/68 1072/484/68 1070/486/68
f 1073/1297/68 1074/482/68 1072/484/68
f 1075/1298/68 1076/480/68 1074/482/68
f 1077/1299/68 1078/477/68 1076/480/68
f 1080/1201/68 1079/478/68 1078/477/68
f 886/474/57 1081/473/69 1082/1300/69
f 1081/473/69 1083/847/69 1084/1301/69
f 1083/847/69 1085/848/69 1086/1302/69
f 1085/848/69 1087/849/69 1088/1303/69
f 1087/849/69 1089/850/69 1090/1304/69
f 1089/850/69 1091/851/69 1092/1305/69
f 1091/851/69 1093/852/69 1094/1306/69
f 1093/852/69 1095/853/69 1096/1307/69
f 1095/853/69 1097/854/69 1098/1308/69
f 1097/854/69 1099/855/69 1100/1309/69
f 1099/855/69 1101/856/69 1102/1310/69
f 1101/856/69 1104/15/69 1103/1203/69
f 1105/1311/6 1106/20/10 882/1184/53
f 1107/1312/6 1108/66/10 1106/20/10
f 1109/1313/6 1110/673/10 1108/66/10
f 1111/1314/6 1112/660/10 1110/673/10
f 1113/1315/6 1114/646/10 1112/660/10
f 1115/1316/6 1116/632/10 1114/646/10
f 1117/1317/6 1118/618/10 1116/632/10
f 1119/1318/6 1120/604/10 1118/618/10
f 1121/1319/6 1122/590/10 1120/604/10
f 1123/1320/6 1124/576/10 1122/590/10
f 1125/1321/6 1126/562/10 1124/576/10
f 1128/1204/6 1127/547/10 1126/562/10
f 1129/531/118 1130/1323/120 866/1322/39
f 1131/530/119 1132/1324/122 1130/1323/120
f 1133/529/121 1134/1325/124 1132/1324/122
f 1135/528/123 1136/1326/126 1134/1325/124
f 1137/527/125 1138/1327/128 1136/1326/126
f 1139/526/127 1140/1329/130 1138/1327/128
f 1139/526/127 1141/525/131 1142/1328/129
f 1141/525/131 1143/524/133 1144/1330/132
f 1143/524/133 1145/523/135 1146/1331/134
f 1145/523/135 1147/522/137 1148/1332/136
f 1147/522/137 1149/521/139 1150/1333/138
f 1149/521/139 1152/520/70 1151/1206/71
f 1153/678/140 1154/1335/142 881/1334/4
f 1155/679/141 1156/1336/144 1154/1335/142
f 1157/680/143 1158/1337/146 1156/1336/144
f 1159/681/145 1160/1338/148 1158/1337/146
f 1161/682/147 1162/1339/150 1160/1338/148
f 1163/683/149 1164/1340/152 1162/1339/150
f 1165/685/151 1166/1342/154 1164/1340/152
f 1165/685/151 1167/684/155 1168/1341/153
f 1167/684/155 1169/686/157 1170/1343/156
f 1169/686/157 1171/687/159 1172/1344/158
f 1171/687/159 1173/688/161 1174/1345/160
f 1173/688/161 1176/12/72 1175/1208/73
f 914/306/35 721/303/9 911/304/9
f 1178/1346/162 1180/2060/162 1179/1347/162
f 1179/1349/163 1180/2061/163 1182/1350/163
f 1182/1350/164 1184/2062/164 1183/1352/164
f 1183/1353/165 1184/2063/165 1186/1354/165
f 1186/1354/166 1188/2064/166 1187/1356/166
f 1188/1357/167 1190/2065/167 1189/1358/167
f 1182/1362/168 1180/2066/168 1178/2067/168
f 1178/2067/168 1192/2068/168 1190/1360/168
f 1190/1360/168 1188/2069/168 1186/1361/168
f 1186/1361/168 1184/2070/168 1182/1362/168
f 1182/1362/168 1178/2067/168 1190/1360/168
f 1189/1358/169 1190/2065/169 1192/1363/169
f 1192/1365/170 1178/1346/170 1177/1348/170
f 1191/1369/171 1177/2071/171 1179/2072/171
f 1179/2072/171 1181/2073/171 1183/1367/171
f 1183/1367/171 1185/2074/171 1187/1368/171
f 1187/1368/171 1189/2075/171 1191/1369/171
f 1191/1369/171 1179/2072/171 1183/1367/171
f 1194/1370/172 1196/2076/172 1195/1371/172
f 1195/1373/173 1196/2077/173 1198/1374/173
f 1197/1375/174 1198/1374/174 1200/1376/174
f 1200/1378/175 1202/2078/175 1201/1379/175
f 1201/1379/176 1202/2078/176 1204/1381/176
f 1204/1383/177 1206/1389/177 1205/1384/177
f 1198/1388/178 1196/2079/178 1194/2080/178
f 1194/2080/178 1208/2081/178 1206/1386/178
f 1206/1386/178 1204/2082/178 1202/1387/178
f 1202/1387/178 1200/2083/178 1198/1388/178
f 1198/1388/178 1194/2080/178 1206/1386/178
f 1206/1389/179 1208/2084/179 1207/1390/179
f 1207/1391/180 1208/2085/180 1194/1370/180
f 1207/1394/181 1193/2086/181 1195/2087/181
f 1195/2087/181 1197/2088/181 1199/1392/181
f 1199/1392/181 1201/2089/181 1203/1393/181
f 1203/1393/181 1205/2090/181 1207/1394/181
f 1207/1394/181 1195/2087/181 1199/1392/181
f 1209/1395/162 1210/2091/162 1212/1396/162
f 1212/1398/163 1214/1401/163 1213/1399/163
f 1214/1401/164 1216/2092/164 1215/1402/164
f 1215/1403/165 1216/2093/165 1218/1404/165
f 1218/1404/166 1220/2094/166 1219/1406/166
f 1219/1407/167 1220/2095/167 1222/1408/167
f 1214/1412/168 1212/2096/168 1210/2097/168
f 1210/2097/168 1224/2098/168 1222/1410/168
f 1222/1410/168 1220/2099/168 1218/1411/168
f 1218/1411/168 1216/2100/168 1214/1412/168
f 1214/1412/168 1210/2097/168 1222/1410/168
f 1221/1409/169 1222/1408/169 1224/1413/169
f 1224/1415/170 1210/2091/170 1209/1395/170
f 1223/1419/171 1209/2101/171 1211/2102/171
f 1211/2102/171 1213/2103/171 1215/1417/171
f 1215/1417/171 1217/2104/171 1219/1418/171
f 1219/1418/171 1221/2105/171 1223/1419/171
f 1223/1419/171 1211/2102/171 1215/1417/171
f 1226/1420/172 1228/2106/172 1227/1421/172
f 1228/1423/173 1230/2107/173 1229/1424/173
f 1229/1424/174 1230/2107/174 1232/1426/174
f 1232/1428/175 1234/1431/175 1233/1429/175
f 1234/1431/176 1236/2108/176 1235/1432/176
f 1235/1433/177 1236/2109/177 1238/1434/177
f 1230/1438/178 1228/2110/178 1226/2111/178
f 1226/2111/178 1240/2112/178 1238/1436/178
f 1238/1436/178 1236/2113/178 1234/1437/178
f 1234/1437/178 1232/2114/178 1230/1438/178
f 1230/1438/178 1226/2111/178 1238/1436/178
f 1238/1434/179 1240/2115/179 1239/1439/179
f 1239/1440/180 1240/2116/180 1226/1420/180
f 1239/1443/181 1225/2117/181 1227/2118/181
f 1227/2118/181 1229/2119/181 1231/1441/181
f 1231/1441/181 1233/2120/181 1235/1442/181
f 1235/1442/181 1237/2121/181 1239/1443/181
f 1239/1443/181 1227/2118/181 1231/1441/181
f 1277/1444/182 1248/1466/204 1242/1445/183
f 1291/1447/185 1278/1499/237 1270/1448/186
f 1262/1450/188 1249/1469/207 1276/1451/189
f 1250/1453/191 1264/1485/223 1256/1454/192
f 1263/1456/194 1292/1513/251 1284/1457/195
f 1241/1459/197 1244/1536/274 1245/1460/198
f 1242/1445/183 1246/1518/256 1245/1462/200
f 1243/1455/193 1247/1517/255 1245/1464/202
f 1248/1466/204 1251/1539/277 1252/1467/205
f 1249/1469/207 1253/1520/258 1252/1470/208
f 1250/1453/191 1254/1519/257 1252/1472/210
f 1255/1474/212 1258/1516/254 1259/1475/213
f 1256/1454/192 1260/1523/261 1259/1477/215
f 1257/1458/196 1261/1525/263 1259/1479/217
f 1262/1450/188 1265/1526/264 1266/1481/219
f 1263/1456/194 1267/1522/260 1266/1483/221
f 1264/1485/223 1268/1521/259 1266/1486/224
f 1269/1488/226 1272/1530/268 1273/1489/227
f 1270/1448/186 1274/1535/273 1273/1491/229
f 1271/1446/184 1275/1537/275 1273/1493/231
f 1276/1451/189 1279/1538/276 1280/1495/233
f 1277/1444/182 1281/1534/272 1280/1497/235
f 1278/1499/237 1282/1533/271 1280/1500/238
f 1283/1502/240 1286/1524/262 1287/1503/241
f 1284/1457/195 1288/1529/267 1287/1505/243
f 1285/1449/187 1289/1531/269 1287/1507/245
f 1290/1452/190 1293/1532/270 1294/1509/247
f 1291/1447/185 1295/1528/266 1294/1511/249
f 1292/1513/251 1296/1527/265 1294/1514/252
f 1241/1459/197 1247/1461/199 1258/1516/254
f 1247/1517/255 1243/1455/193 1256/1454/192
f 1248/1466/204 1254/1468/206 1246/1518/256
f 1254/1519/257 1250/1453/191 1243/1455/193
f 1262/1450/188 1268/1482/220 1253/1520/258
f 1268/1521/259 1264/1485/223 1250/1453/191
f 1257/1458/196 1260/1480/218 1267/1522/260
f 1260/1523/261 1256/1454/192 1264/1485/223
f 1255/1474/212 1261/1476/214 1286/1524/262
f 1261/1525/263 1257/1458/196 1284/1457/195
f 1290/1452/190 1296/1510/248 1265/1526/264
f 1296/1527/265 1292/1513/251 1263/1456/194
f 1285/1449/187 1288/1508/246 1295/1528/266
f 1288/1529/267 1284/1457/195 1292/1513/251
f 1283/1502/240 1289/1504/242 1272/1530/268
f 1289/1531/269 1285/1449/187 1270/1448/186
f 1276/1451/189 1282/1496/234 1293/1532/270
f 1282/1533/271 1278/1499/237 1291/1447/185
f 1271/1446/184 1274/1494/232 1281/1534/272
f 1274/1535/273 1270/1448/186 1278/1499/237
f 1269/1488/226 1275/1490/228 1244/1536/274
f 1275/1537/275 1271/1446/184 1242/1445/183
f 1249/1469/207 1251/1471/209 1279/1538/276
f 1251/1539/277 1248/1466/204 1277/1444/182
f 1283/1502/240 1269/1488/226 1241/1459/197
f 1298/1540/278 1300/2122/278 1299/1541/278
f 1300/1543/279 1302/1546/279 1301/1544/279
f 1302/1546/280 1304/2123/280 1303/1547/280
f 1304/1548/281 1306/1551/281 1305/1549/281
f 1306/1551/282 1308/2124/282 1307/1552/282
f 1308/1553/283 1310/1559/283 1309/1554/283
f 1302/1558/7 1300/2125/7 1298/2126/7
f 1298/2126/7 1312/2127/7 1310/1556/7
f 1310/1556/7 1308/2128/7 1306/1557/7
f 1306/1557/7 1304/2129/7 1302/1558/7
f 1302/1558/7 1298/2126/7 1310/1556/7
f 1310/1559/284 1312/2130/284 1311/1560/284
f 1312/1561/285 1298/1540/285 1297/1542/285
f 1311/1565/36 1297/2131/36 1299/2132/36
f 1299/2132/36 1301/2133/36 1303/1563/36
f 1303/1563/36 1305/2134/36 1307/1564/36
f 1307/1564/36 1309/2135/36 1311/1565/36
f 1311/1565/36 1299/2132/36 1303/1563/36
f 1314/1566/286 1316/2136/287 1315/1567/287
f 1316/1569/287 1318/1572/288 1317/1570/288
f 1318/1572/288 1320/1574/289 1319/1573/289
f 1320/1574/289 1322/2137/290 1321/1575/290
f 1322/1576/290 1324/1579/291 1323/1577/291
f 1324/1579/291 1326/2138/292 1325/1580/292
f 1326/1581/292 1328/1584/293 1327/1582/293
f 1328/1584/293 1330/1589/294 1329/1585/294
f 1318/1588/7 1316/2139/7 1314/2140/7
f 1314/2140/7 1332/2141/7 1330/1586/7
f 1330/1586/7 1328/2142/7 1326/2143/7
f 1326/2143/7 1324/2144/7 1322/1587/7
f 1322/1587/7 1320/2145/7 1318/1588/7
f 1318/1588/7 1314/2140/7 1330/1586/7
f 1330/1586/7 1326/2143/7 1322/1587/7
f 1330/1589/294 1332/2146/295 1331/1590/295
f 1332/1591/295 1314/1566/286 1313/1568/286
f 1331/1595/36 1313/2147/36 1315/2148/36
f 1315/2148/36 1317/2149/36 1319/1593/36
f 1319/1593/36 1321/2150/36 1323/2151/36
f 1323/2151/36 1325/2152/36 1327/1594/36
f 1327/1594/36 1329/2153/36 1331/1595/36
f 1331/1595/36 1315/2148/36 1319/1593/36
f 1319/1593/36 1323/2151/36 1327/1594/36
f 1417/1596/296 1340/2154/306 1341/1597/297
f 1334/1599/286 1338/1611/307 1339/1600/299
f 1414/1602/301 1336/2155/308 1337/1603/302
f 1416/1601/300 1339/1600/299 1340/1609/306
f 1334/1599/286 1415/1604/303 1337/1603/302
f 1414/1612/301 1333/1605/304 1335/1607/305
f 1340/1616/306 1339/1624/299 1346/1617/311
f 1337/1619/302 1344/1626/315 1345/1620/313
f 1335/1607/305 1342/1614/309 1343/1622/314
f 1341/1597/297 1340/2154/306 1347/1623/312
f 1338/1621/307 1345/1620/313 1346/1617/311
f 1336/1625/308 1343/1632/314 1344/1626/315
f 1347/1618/312 1346/1617/311 1353/1627/316
f 1344/1626/315 1351/1633/320 1352/1629/3
f 1342/1614/309 1349/1634/321 1350/1630/318
f 1347/1623/312 1354/1635/317 1355/1631/319
f 1345/1620/313 1352/1629/3 1353/1627/316
f 1343/1632/314 1350/1638/318 1351/1633/320
f 1354/1635/317 1361/2156/326 1362/1636/322
f 1352/1629/3 1359/1642/327 1360/1637/323
f 1350/1638/318 1357/2157/328 1358/1639/324
f 1353/1627/316 1360/1637/323 1361/1641/326
f 1352/1629/3 1351/1633/320 1358/1639/324
f 1349/1634/321 1356/1640/325 1357/1643/328
f 1360/1644/323 1359/1653/327 1366/1645/329
f 1358/1647/324 1357/2158/328 1364/1648/331
f 1360/1637/323 1367/2159/330 1368/1652/335
f 1358/1647/324 1365/1649/332 1366/1645/329
f 1356/1640/325 1363/1650/333 1364/1654/331
f 1362/1636/322 1361/2156/326 1368/1655/335
f 1367/1646/330 1374/1662/339 1375/1657/337
f 1365/1649/332 1372/1664/340 1373/1659/291
f 1363/1650/333 1370/1665/341 1371/1660/338
f 1369/1651/334 1368/1655/335 1375/1661/337
f 1367/1646/330 1366/1645/329 1373/1659/291
f 1365/1649/332 1364/1648/331 1371/1663/338
f 1373/1659/291 1372/1664/340 1379/1666/342
f 1371/1660/338 1370/1665/341 1377/1668/344
f 1375/1661/337 1382/2160/348 1383/1670/346
f 1373/1659/291 1380/1667/343 1381/1671/347
f 1371/1663/338 1378/2161/345 1379/1666/342
f 1375/1657/337 1374/1662/339 1381/1671/347
f 1383/1670/346 1382/2160/348 1391/1673/349
f 1380/1675/343 1389/1684/354 1390/1676/351
f 1378/1678/345 1387/1686/355 1388/1679/352
f 1382/1682/348 1381/1677/347 1390/1676/351
f 1379/1680/342 1388/1679/352 1389/1684/354
f 1377/1668/344 1386/1681/353 1387/1685/355
f 1387/1686/355 1394/1701/360 1395/1687/356
f 1390/1676/351 1397/1693/361 1398/1690/359
f 1389/1684/354 1388/1679/352 1395/1687/356
f 1387/1685/355 1386/1681/353 1393/1688/357
f 1391/1673/349 1398/2162/359 1399/1689/358
f 1389/1684/354 1396/1691/9 1397/1693/361
f 1398/1690/359 1397/1693/361 1404/1695/363
f 1396/1691/9 1395/1687/356 1402/1697/365
f 1393/1688/357 1400/1702/368 1401/1699/367
f 1399/1689/358 1398/2162/359 1405/1700/364
f 1396/1691/9 1403/1698/366 1404/1695/363
f 1394/1701/360 1401/2163/367 1402/1697/365
f 1400/1702/368 1407/1711/373 1408/1703/369
f 1405/1700/364 1412/1715/374 1413/1704/370
f 1403/1705/366 1410/1714/375 1411/1706/371
f 1401/1708/367 1408/1716/369 1409/1709/372
f 1404/1707/363 1411/1706/371 1412/1712/374
f 1402/1710/365 1409/1709/372 1410/1714/375
f 1412/1715/374 1417/1596/296 1418/1598/298
f 1410/1714/375 1334/1599/286 1416/1601/300
f 1408/1716/369 1414/1602/301 1415/1604/303
f 1411/1706/371 1416/1601/300 1417/1610/296
f 1410/1714/375 1409/1709/372 1415/1604/303
f 1407/1711/373 1333/1605/304 1414/1612/301
f 1435/1733/379 1443/1752/403 1450/1734/380
f 1436/1736/382 1444/1754/405 1443/1737/383
f 1445/1739/385 1444/1754/408 1436/1736/386
f 1446/1741/388 1445/1758/410 1437/1742/389
f 1447/1744/391 1446/1741/412 1438/1743/392
f 1448/1746/394 1447/1761/414 1439/1747/395
f 1441/1749/397 1449/1762/415 1448/1746/398
f 1442/1735/400 1450/1734/417 1449/1750/401
f 1443/1752/403 1451/1764/404 1458/1753/404
f 1444/1754/405 1452/1766/406 1451/1755/406
f 1453/1756/407 1452/1766/407 1444/1754/408
f 1454/1757/409 1453/1770/409 1445/1758/410
f 1455/1759/411 1454/1757/411 1446/1741/412
f 1456/1760/413 1455/1773/413 1447/1761/414
f 1449/1762/415 1457/1774/416 1456/1760/416
f 1450/1734/417 1458/1753/418 1457/1763/418
f 1451/1764/404 1459/1776/427 1466/1765/419
f 1452/1766/406 1460/1778/429 1459/1767/420
f 1461/1768/421 1460/1778/432 1452/1766/407
f 1462/1769/422 1461/1782/434 1453/1770/409
f 1463/1771/423 1462/1769/436 1454/1757/411
f 1464/1772/424 1463/1785/438 1455/1773/413
f 1457/1774/416 1465/1786/439 1464/1772/425
f 1458/1753/418 1466/1765/441 1465/1775/426
f 1459/1776/427 1467/1788/443 1474/1777/428
f 1460/1778/429 1468/1790/445 1467/1779/430
f 1469/1780/431 1468/1790/448 1460/1778/432
f 1470/1781/433 1469/1794/450 1461/1782/434
f 1471/1783/435 1470/1781/452 1462/1769/436
f 1472/1784/437 1471/1797/454 1463/1785/438
f 1465/1786/439 1473/1798/455 1472/1784/440
f 1466/1765/441 1474/1777/457 1473/1787/442
f 1467/1788/443 1475/1801/460 1482/1789/444
f 1468/1790/445 1476/1803/462 1475/1791/446
f 1477/1792/447 1476/1803/464 1468/1790/448
f 1478/1793/449 1477/1805/466 1469/1794/450
f 1479/1795/451 1478/1793/468 1470/1781/452
f 1480/1796/453 1479/1808/470 1471/1797/454
f 1473/1798/455 1481/1810/472 1480/1796/456
f 1474/1777/457 1482/1789/474 1481/1799/458
f 1483/1800/459 1490/1811/476 1482/1789/444
f 1484/1802/461 1483/1814/478 1475/1791/446
f 1477/1792/447 1485/1816/463 1484/1802/463
f 1478/1793/449 1486/1806/481 1485/1804/465
f 1479/1795/451 1487/1819/483 1486/1806/467
f 1480/1796/453 1488/1821/485 1487/1807/469
f 1489/1809/471 1488/1821/487 1480/1796/456
f 1490/1811/473 1489/1823/489 1481/1799/458
f 1483/1800/459 1491/1825/491 1498/1812/475
f 1484/1802/461 1492/2164/493 1491/1813/477
f 1493/1815/479 1492/2164/495 1484/1802/463
f 1494/1817/480 1493/1831/497 1485/1804/465
f 1495/1818/482 1494/1817/499 1486/1806/467
f 1496/1820/484 1495/2165/501 1487/1807/469
f 1489/1809/471 1497/2166/503 1496/1820/486
f 1490/1811/473 1498/1812/505 1497/1822/488
f 1499/1824/490 1506/1838/507 1498/1812/475
f 1500/1826/492 1499/1841/509 1491/1827/477
f 1493/1829/479 1501/1842/510 1500/1826/494
f 1494/1817/480 1502/1832/512 1501/1830/496
f 1495/1818/482 1503/1844/514 1502/1832/498
f 1496/1833/484 1504/1846/516 1503/1834/500
f 1505/1836/502 1504/1846/519 1496/1833/486
f 1506/1838/504 1505/1850/521 1497/1822/488
f 1507/1839/506 1514/1849/523 1506/1838/507
f 1508/1840/508 1507/1853/525 1499/1841/509
f 1501/1842/510 1509/1854/526 1508/1840/511
f 1502/1832/512 1510/1845/528 1509/1843/513
f 1503/1844/514 1511/1856/530 1510/1845/515
f 1504/1846/516 1512/1858/532 1511/1847/517
f 1513/1848/518 1512/1858/535 1504/1846/519
f 1514/1849/520 1513/1862/537 1505/1850/521
f 1515/1851/522 1522/1861/522 1514/1849/523
f 1516/1852/524 1515/1865/524 1507/1853/525
f 1509/1854/526 1517/1866/527 1516/1852/527
f 1510/1845/528 1518/1857/529 1517/1855/529
f 1511/1856/530 1519/1868/531 1518/1857/531
f 1512/1858/532 1520/1870/533 1519/1859/533
f 1521/1860/534 1520/1870/534 1512/1858/535
f 1522/1861/536 1521/1874/536 1513/1862/537
f 1523/1863/538 1530/1873/547 1522/1861/522
f 1524/1864/539 1523/1877/549 1515/1865/524
f 1517/1866/527 1525/1878/550 1524/1864/540
f 1518/1857/529 1526/1869/552 1525/1867/541
f 1519/1868/531 1527/1880/554 1526/1869/542
f 1520/1870/533 1528/1882/556 1527/1871/543
f 1529/1872/544 1528/1882/559 1520/1870/534
f 1530/1873/545 1529/1886/561 1521/1874/536
f 1531/1875/546 1538/1885/564 1530/1873/547
f 1532/1876/548 1531/2167/565 1523/1877/549
f 1525/1878/550 1533/2168/566 1532/1876/551
f 1526/1869/552 1534/1881/567 1533/1879/553
f 1527/1880/554 1535/2169/568 1534/1881/555
f 1528/1882/556 1536/2170/569 1535/1883/557
f 1537/1884/558 1536/2170/570 1528/1882/559
f 1538/1885/560 1537/2171/571 1529/1886/561
f 1555/1903/379 1563/1922/403 1570/1904/380
f 1556/1906/382 1564/1924/405 1563/1907/383
f 1565/1909/385 1564/1924/408 1556/1906/386
f 1566/1911/388 1565/1928/410 1557/1912/389
f 1567/1914/391 1566/1911/412 1558/1913/392
f 1568/1916/394 1567/1931/414 1559/1917/395
f 1561/1919/397 1569/1932/415 1568/1916/398
f 1562/1905/400 1570/1904/562 1569/1920/401
f 1563/1922/403 1571/1934/404 1578/1923/404
f 1564/1924/405 1572/1936/406 1571/1925/406
f 1573/1926/407 1572/1936/407 1564/1924/408
f 1574/1927/409 1573/1940/409 1565/1928/410
f 1575/1929/411 1574/1927/411 1566/1911/412
f 1576/1930/413 1575/1943/413 1567/1931/414
f 1569/1932/415 1577/1944/416 1576/1930/416
f 1570/1904/562 1578/1923/418 1577/1933/418
f 1571/1934/404 1579/1946/427 1586/1935/419
f 1572/1936/406 1580/1948/429 1579/1937/420
f 1581/1938/421 1580/1948/432 1572/1936/407
f 1582/1939/422 1581/1952/434 1573/1940/409
f 1583/1941/423 1582/1939/436 1574/1927/411
f 1584/1942/424 1583/1955/438 1575/1943/413
f 1577/1944/416 1585/1956/439 1584/1942/425
f 1578/1923/418 1586/1935/441 1585/1945/426
f 1579/1946/427 1587/1958/443 1594/1947/428
f 1580/1948/429 1588/1960/445 1587/1949/430
f 1589/1950/431 1588/1960/448 1580/1948/432
f 1590/1951/433 1589/1964/450 1581/1952/434
f 1591/1953/435 1590/1951/452 1582/1939/436
f 1592/1954/437 1591/1967/454 1583/1955/438
f 1585/1956/439 1593/1968/455 1592/1954/440
f 1586/1935/441 1594/1947/457 1593/1957/442
f 1587/1958/443 1595/1971/460 1602/1959/444
f 1588/1960/445 1596/1973/462 1595/1961/446
f 1597/1962/447 1596/1973/464 1588/1960/448
f 1598/1963/449 1597/1975/466 1589/1964/450
f 1599/1965/451 1598/1963/468 1590/1951/452
f 1600/1966/453 1599/1978/470 1591/1967/454
f 1593/1968/455 1601/1980/472 1600/1966/456
f 1594/1947/457 1602/1959/474 1601/1969/458
f 1603/1970/459 1610/1981/476 1602/1959/444
f 1604/1972/461 1603/1984/478 1595/1961/446
f 1597/1962/447 1605/1986/463 1604/1972/463
f 1598/1963/449 1606/1976/481 1605/1974/465
f 1599/1965/451 1607/1989/483 1606/1976/467
f 1600/1966/453 1608/1991/485 1607/1977/469
f 1609/1979/471 1608/1991/487 1600/1966/456
f 1610/1981/473 1609/1993/489 1601/1969/458
f 1603/1970/459 1611/1995/491 1618/1982/475
f 1604/1972/461 1612/2172/493 1611/1983/477
f 1613/1985/479 1612/2172/495 1604/1972/463
f 1614/1987/480 1613/2001/497 1605/1974/465
f 1615/1988/482 1614/1987/499 1606/1976/467
f 1616/1990/484 1615/2173/501 1607/1977/469
f 1609/1979/471 1617/2174/503 1616/1990/486
f 1610/1981/473 1618/1982/505 1617/1992/488
f 1619/1994/490 1626/2008/507 1618/1982/475
f 1620/1996/492 1619/2011/509 1611/1997/477
f 1613/1999/479 1621/2012/510 1620/1996/494
f 1614/1987/480 1622/2002/512 1621/2000/496
f 1615/1988/482 1623/2014/514 1622/2002/498
f 1616/2003/484 1624/2016/516 1623/2004/500
f 1625/2006/502 1624/2016/519 1616/2003/486
f 1626/2008/504 1625/2020/521 1617/1992/488
f 1627/2009/506 1634/2019/523 1626/2008/507
f 1628/2010/508 1627/2023/525 1619/2011/509
f 1621/2012/510 1629/2024/526 1628/2010/511
f 1622/2002/512 1630/2015/528 1629/2013/513
f 1623/2014/514 1631/2026/530 1630/2015/515
f 1624/2016/516 1632/2028/532 1631/2017/517
f 1633/2018/518 1632/2028/535 1624/2016/519
f 1634/2019/520 1633/2032/537 1625/2020/521
f 1635/2021/522 1642/2031/522 1634/2019/523
f 1636/2022/524 1635/2035/524 1627/2023/525
f 1629/2024/526 1637/2036/527 1636/2022/527
f 1630/2015/528 1638/2027/529 1637/2025/529
f 1631/2026/530 1639/2038/531 1638/2027/531
f 1632/2028/532 1640/2040/533 1639/2029/533
f 1641/2030/534 1640/2040/534 1632/2028/535
f 1642/2031/536 1641/2044/536 1633/2032/537
f 1643/2033/538 1650/2043/547 1642/2031/522
f 1644/2034/539 1643/2047/549 1635/2035/524
f 1637/2036/527 1645/2048/550 1644/2034/540
f 1638/2027/529 1646/2039/552 1645/2037/541
f 1639/2038/531 1647/2050/554 1646/2039/542
f 1640/2040/533 1648/2052/556 1647/2041/543
f 1649/2042/544 1648/2052/559 1640/2040/534
f 1650/2043/545 1649/2056/561 1641/2044/536
f 1651/2045/546 1658/2055/564 1650/2043/547
f 1652/2046/548 1651/2175/565 1643/2047/549
f 1645/2048/550 1653/2176/566 1652/2046/551
f 1646/2039/552 1654/2051/567 1653/2049/553
f 1647/2050/554 1655/2177/568 1654/2051/555
f 1648/2052/556 1656/2178/569 1655/2053/557
f 1657/2054/558 1656/2178/570 1648/2052/559
f 1658/2055/560 1657/2179/571 1649/2056/561
