# Blender 4.2.23 LTS
# www.blender.org
o molotov
v 0.000000 0.000000 0.000000
v 0.029000 0.000000 0.000000
v 0.028752 0.000000 -0.003785
v 0.028012 0.000000 -0.007506
v 0.026793 0.000000 -0.011098
v 0.025115 0.000000 -0.014500
v 0.023007 0.000000 -0.017654
v 0.020506 0.000000 -0.020506
v 0.017654 0.000000 -0.023007
v 0.014500 0.000000 -0.025115
v 0.011098 0.000000 -0.026793
v 0.007506 0.000000 -0.028012
v 0.003785 0.000000 -0.028752
v 0.000000 0.000000 -0.029000
v -0.003785 0.000000 -0.028752
v -0.007506 0.000000 -0.028012
v -0.011098 0.000000 -0.026793
v -0.014500 0.000000 -0.025115
v -0.017654 0.000000 -0.023007
v -0.020506 0.000000 -0.020506
v -0.023007 0.000000 -0.017654
v -0.025115 0.000000 -0.014500
v -0.026793 0.000000 -0.011098
v -0.028012 0.000000 -0.007506
v -0.028752 0.000000 -0.003785
v -0.029000 0.000000 -0.000000
v -0.028752 0.000000 0.003785
v -0.028012 0.000000 0.007506
v -0.026793 0.000000 0.011098
v -0.025115 0.000000 0.014500
v -0.023007 0.000000 0.017654
v -0.020506 0.000000 0.020506
v -0.017654 0.000000 0.023007
v -0.014500 0.000000 0.025115
v -0.011098 0.000000 0.026793
v -0.007506 0.000000 0.028012
v -0.003785 0.000000 0.028752
v -0.000000 0.000000 0.029000
v 0.003785 0.000000 0.028752
v 0.007506 0.000000 0.028012
v 0.011098 0.000000 0.026793
v 0.014500 0.000000 0.025115
v 0.017654 0.000000 0.023007
v 0.020506 0.000000 0.020506
v 0.023007 0.000000 0.017654
v 0.025115 0.000000 0.014500
v 0.026793 0.000000 0.011098
v 0.028012 0.000000 0.007506
v 0.028752 0.000000 0.003785
v 0.033500 0.004000 0.000000
v 0.033213 0.004000 -0.004373
v 0.032359 0.004000 -0.008670
v 0.030950 0.004000 -0.012820
v 0.029012 0.004000 -0.016750
v 0.026577 0.004000 -0.020394
v 0.023688 0.004000 -0.023688
v 0.020394 0.004000 -0.026577
v 0.016750 0.004000 -0.029012
v 0.012820 0.004000 -0.030950
v 0.008670 0.004000 -0.032359
v 0.004373 0.004000 -0.033213
v 0.000000 0.004000 -0.033500
v -0.004373 0.004000 -0.033213
v -0.008670 0.004000 -0.032359
v -0.012820 0.004000 -0.030950
v -0.016750 0.004000 -0.029012
v -0.020394 0.004000 -0.026577
v -0.023688 0.004000 -0.023688
v -0.026577 0.004000 -0.020394
v -0.029012 0.004000 -0.016750
v -0.030950 0.004000 -0.012820
v -0.032359 0.004000 -0.008670
v -0.033213 0.004000 -0.004373
v -0.033500 0.004000 -0.000000
v -0.033213 0.004000 0.004373
v -0.032359 0.004000 0.008670
v -0.030950 0.004000 0.012820
v -0.029012 0.004000 0.016750
v -0.026577 0.004000 0.020394
v -0.023688 0.004000 0.023688
v -0.020394 0.004000 0.026577
v -0.016750 0.004000 0.029012
v -0.012820 0.004000 0.030950
v -0.008670 0.004000 0.032359
v -0.004373 0.004000 0.033213
v -0.000000 0.004000 0.033500
v 0.004373 0.004000 0.033213
v 0.008670 0.004000 0.032359
v 0.012820 0.004000 0.030950
v 0.016750 0.004000 0.029012
v 0.020394 0.004000 0.026577
v 0.023688 0.004000 0.023688
v 0.026577 0.004000 0.020394
v 0.029012 0.004000 0.016750
v 0.030950 0.004000 0.012820
v 0.032359 0.004000 0.008670
v 0.033213 0.004000 0.004373
v 0.034000 0.012000 0.000000
v 0.033709 0.012000 -0.004438
v 0.032841 0.012000 -0.008800
v 0.031412 0.012000 -0.013011
v 0.029445 0.012000 -0.017000
v 0.026974 0.012000 -0.020698
v 0.024042 0.012000 -0.024042
v 0.020698 0.012000 -0.026974
v 0.017000 0.012000 -0.029445
v 0.013011 0.012000 -0.031412
v 0.008800 0.012000 -0.032841
v 0.004438 0.012000 -0.033709
v 0.000000 0.012000 -0.034000
v -0.004438 0.012000 -0.033709
v -0.008800 0.012000 -0.032841
v -0.013011 0.012000 -0.031412
v -0.017000 0.012000 -0.029445
v -0.020698 0.012000 -0.026974
v -0.024042 0.012000 -0.024042
v -0.026974 0.012000 -0.020698
v -0.029445 0.012000 -0.017000
v -0.031412 0.012000 -0.013011
v -0.032841 0.012000 -0.008800
v -0.033709 0.012000 -0.004438
v -0.034000 0.012000 -0.000000
v -0.033709 0.012000 0.004438
v -0.032841 0.012000 0.008800
v -0.031412 0.012000 0.013011
v -0.029445 0.012000 0.017000
v -0.026974 0.012000 0.020698
v -0.024042 0.012000 0.024042
v -0.020698 0.012000 0.026974
v -0.017000 0.012000 0.029445
v -0.013011 0.012000 0.031412
v -0.008800 0.012000 0.032841
v -0.004438 0.012000 0.033709
v -0.000000 0.012000 0.034000
v 0.004438 0.012000 0.033709
v 0.008800 0.012000 0.032841
v 0.013011 0.012000 0.031412
v 0.017000 0.012000 0.029445
v 0.020698 0.012000 0.026974
v 0.024042 0.012000 0.024042
v 0.026974 0.012000 0.020698
v 0.029445 0.012000 0.017000
v 0.031412 0.012000 0.013011
v 0.032841 0.012000 0.008800
v 0.033709 0.012000 0.004438
v 0.034000 0.138000 0.000000
v 0.033709 0.138000 -0.004438
v 0.032841 0.138000 -0.008800
v 0.031412 0.138000 -0.013011
v 0.029445 0.138000 -0.017000
v 0.026974 0.138000 -0.020698
v 0.024042 0.138000 -0.024042
v 0.020698 0.138000 -0.026974
v 0.017000 0.138000 -0.029445
v 0.013011 0.138000 -0.031412
v 0.008800 0.138000 -0.032841
v 0.004438 0.138000 -0.033709
v 0.000000 0.138000 -0.034000
v -0.004438 0.138000 -0.033709
v -0.008800 0.138000 -0.032841
v -0.013011 0.138000 -0.031412
v -0.017000 0.138000 -0.029445
v -0.020698 0.138000 -0.026974
v -0.024042 0.138000 -0.024042
v -0.026974 0.138000 -0.020698
v -0.029445 0.138000 -0.017000
v -0.031412 0.138000 -0.013011
v -0.032841 0.138000 -0.008800
v -0.033709 0.138000 -0.004438
v -0.034000 0.138000 -0.000000
v -0.033709 0.138000 0.004438
v -0.032841 0.138000 0.008800
v -0.031412 0.138000 0.013011
v -0.029445 0.138000 0.017000
v -0.026974 0.138000 0.020698
v -0.024042 0.138000 0.024042
v -0.020698 0.138000 0.026974
v -0.017000 0.138000 0.029445
v -0.013011 0.138000 0.031412
v -0.008800 0.138000 0.032841
v -0.004438 0.138000 0.033709
v -0.000000 0.138000 0.034000
v 0.004438 0.138000 0.033709
v 0.008800 0.138000 0.032841
v 0.013011 0.138000 0.031412
v 0.017000 0.138000 0.029445
v 0.020698 0.138000 0.026974
v 0.024042 0.138000 0.024042
v 0.026974 0.138000 0.020698
v 0.029445 0.138000 0.017000
v 0.031412 0.138000 0.013011
v 0.032841 0.138000 0.008800
v 0.033709 0.138000 0.004438
v 0.032000 0.150000 0.000000
v 0.031726 0.150000 -0.004177
v 0.030910 0.150000 -0.008282
v 0.029564 0.150000 -0.012246
v 0.027713 0.150000 -0.016000
v 0.025387 0.150000 -0.019480
v 0.022627 0.150000 -0.022627
v 0.019480 0.150000 -0.025387
v 0.016000 0.150000 -0.027713
v 0.012246 0.150000 -0.029564
v 0.008282 0.150000 -0.030910
v 0.004177 0.150000 -0.031726
v 0.000000 0.150000 -0.032000
v -0.004177 0.150000 -0.031726
v -0.008282 0.150000 -0.030910
v -0.012246 0.150000 -0.029564
v -0.016000 0.150000 -0.027713
v -0.019480 0.150000 -0.025387
v -0.022627 0.150000 -0.022627
v -0.025387 0.150000 -0.019480
v -0.027713 0.150000 -0.016000
v -0.029564 0.150000 -0.012246
v -0.030910 0.150000 -0.008282
v -0.031726 0.150000 -0.004177
v -0.032000 0.150000 -0.000000
v -0.031726 0.150000 0.004177
v -0.030910 0.150000 0.008282
v -0.029564 0.150000 0.012246
v -0.027713 0.150000 0.016000
v -0.025387 0.150000 0.019480
v -0.022627 0.150000 0.022627
v -0.019480 0.150000 0.025387
v -0.016000 0.150000 0.027713
v -0.012246 0.150000 0.029564
v -0.008282 0.150000 0.030910
v -0.004177 0.150000 0.031726
v -0.000000 0.150000 0.032000
v 0.004177 0.150000 0.031726
v 0.008282 0.150000 0.030910
v 0.012246 0.150000 0.029564
v 0.016000 0.150000 0.027713
v 0.019480 0.150000 0.025387
v 0.022627 0.150000 0.022627
v 0.025387 0.150000 0.019480
v 0.027713 0.150000 0.016000
v 0.029564 0.150000 0.012246
v 0.030910 0.150000 0.008282
v 0.031726 0.150000 0.004177
v 0.026000 0.162000 0.000000
v 0.025778 0.162000 -0.003394
v 0.025114 0.162000 -0.006729
v 0.024021 0.162000 -0.009950
v 0.022517 0.162000 -0.013000
v 0.020627 0.162000 -0.015828
v 0.018385 0.162000 -0.018385
v 0.015828 0.162000 -0.020627
v 0.013000 0.162000 -0.022517
v 0.009950 0.162000 -0.024021
v 0.006729 0.162000 -0.025114
v 0.003394 0.162000 -0.025778
v 0.000000 0.162000 -0.026000
v -0.003394 0.162000 -0.025778
v -0.006729 0.162000 -0.025114
v -0.009950 0.162000 -0.024021
v -0.013000 0.162000 -0.022517
v -0.015828 0.162000 -0.020627
v -0.018385 0.162000 -0.018385
v -0.020627 0.162000 -0.015828
v -0.022517 0.162000 -0.013000
v -0.024021 0.162000 -0.009950
v -0.025114 0.162000 -0.006729
v -0.025778 0.162000 -0.003394
v -0.026000 0.162000 -0.000000
v -0.025778 0.162000 0.003394
v -0.025114 0.162000 0.006729
v -0.024021 0.162000 0.009950
v -0.022517 0.162000 0.013000
v -0.020627 0.162000 0.015828
v -0.018385 0.162000 0.018385
v -0.015828 0.162000 0.020627
v -0.013000 0.162000 0.022517
v -0.009950 0.162000 0.024021
v -0.006729 0.162000 0.025114
v -0.003394 0.162000 0.025778
v -0.000000 0.162000 0.026000
v 0.003394 0.162000 0.025778
v 0.006729 0.162000 0.025114
v 0.009950 0.162000 0.024021
v 0.013000 0.162000 0.022517
v 0.015828 0.162000 0.020627
v 0.018385 0.162000 0.018385
v 0.020627 0.162000 0.015828
v 0.022517 0.162000 0.013000
v 0.024021 0.162000 0.009950
v 0.025114 0.162000 0.006729
v 0.025778 0.162000 0.003394
v 0.018000 0.172000 0.000000
v 0.017846 0.172000 -0.002349
v 0.017387 0.172000 -0.004659
v 0.016630 0.172000 -0.006888
v 0.015588 0.172000 -0.009000
v 0.014280 0.172000 -0.010958
v 0.012728 0.172000 -0.012728
v 0.010958 0.172000 -0.014280
v 0.009000 0.172000 -0.015588
v 0.006888 0.172000 -0.016630
v 0.004659 0.172000 -0.017387
v 0.002349 0.172000 -0.017846
v 0.000000 0.172000 -0.018000
v -0.002349 0.172000 -0.017846
v -0.004659 0.172000 -0.017387
v -0.006888 0.172000 -0.016630
v -0.009000 0.172000 -0.015588
v -0.010958 0.172000 -0.014280
v -0.012728 0.172000 -0.012728
v -0.014280 0.172000 -0.010958
v -0.015588 0.172000 -0.009000
v -0.016630 0.172000 -0.006888
v -0.017387 0.172000 -0.004659
v -0.017846 0.172000 -0.002349
v -0.018000 0.172000 -0.000000
v -0.017846 0.172000 0.002349
v -0.017387 0.172000 0.004659
v -0.016630 0.172000 0.006888
v -0.015588 0.172000 0.009000
v -0.014280 0.172000 0.010958
v -0.012728 0.172000 0.012728
v -0.010958 0.172000 0.014280
v -0.009000 0.172000 0.015588
v -0.006888 0.172000 0.016630
v -0.004659 0.172000 0.017387
v -0.002349 0.172000 0.017846
v -0.000000 0.172000 0.018000
v 0.002349 0.172000 0.017846
v 0.004659 0.172000 0.017387
v 0.006888 0.172000 0.016630
v 0.009000 0.172000 0.015588
v 0.010958 0.172000 0.014280
v 0.012728 0.172000 0.012728
v 0.014280 0.172000 0.010958
v 0.015588 0.172000 0.009000
v 0.016630 0.172000 0.006888
v 0.017387 0.172000 0.004659
v 0.017846 0.172000 0.002349
v 0.012500 0.182000 0.000000
v 0.012393 0.182000 -0.001632
v 0.012074 0.182000 -0.003235
v 0.011548 0.182000 -0.004784
v 0.010825 0.182000 -0.006250
v 0.009917 0.182000 -0.007610
v 0.008839 0.182000 -0.008839
v 0.007610 0.182000 -0.009917
v 0.006250 0.182000 -0.010825
v 0.004784 0.182000 -0.011548
v 0.003235 0.182000 -0.012074
v 0.001632 0.182000 -0.012393
v 0.000000 0.182000 -0.012500
v -0.001632 0.182000 -0.012393
v -0.003235 0.182000 -0.012074
v -0.004784 0.182000 -0.011548
v -0.006250 0.182000 -0.010825
v -0.007610 0.182000 -0.009917
v -0.008839 0.182000 -0.008839
v -0.009917 0.182000 -0.007610
v -0.010825 0.182000 -0.006250
v -0.011548 0.182000 -0.004784
v -0.012074 0.182000 -0.003235
v -0.012393 0.182000 -0.001632
v -0.012500 0.182000 -0.000000
v -0.012393 0.182000 0.001632
v -0.012074 0.182000 0.003235
v -0.011548 0.182000 0.004784
v -0.010825 0.182000 0.006250
v -0.009917 0.182000 0.007610
v -0.008839 0.182000 0.008839
v -0.007610 0.182000 0.009917
v -0.006250 0.182000 0.010825
v -0.004784 0.182000 0.011548
v -0.003235 0.182000 0.012074
v -0.001632 0.182000 0.012393
v -0.000000 0.182000 0.012500
v 0.001632 0.182000 0.012393
v 0.003235 0.182000 0.012074
v 0.004784 0.182000 0.011548
v 0.006250 0.182000 0.010825
v 0.007610 0.182000 0.009917
v 0.008839 0.182000 0.008839
v 0.009917 0.182000 0.007610
v 0.010825 0.182000 0.006250
v 0.011548 0.182000 0.004784
v 0.012074 0.182000 0.003235
v 0.012393 0.182000 0.001632
v 0.012000 0.208000 0.000000
v 0.011897 0.208000 -0.001566
v 0.011591 0.208000 -0.003106
v 0.011087 0.208000 -0.004592
v 0.010392 0.208000 -0.006000
v 0.009520 0.208000 -0.007305
v 0.008485 0.208000 -0.008485
v 0.007305 0.208000 -0.009520
v 0.006000 0.208000 -0.010392
v 0.004592 0.208000 -0.011087
v 0.003106 0.208000 -0.011591
v 0.001566 0.208000 -0.011897
v 0.000000 0.208000 -0.012000
v -0.001566 0.208000 -0.011897
v -0.003106 0.208000 -0.011591
v -0.004592 0.208000 -0.011087
v -0.006000 0.208000 -0.010392
v -0.007305 0.208000 -0.009520
v -0.008485 0.208000 -0.008485
v -0.009520 0.208000 -0.007305
v -0.010392 0.208000 -0.006000
v -0.011087 0.208000 -0.004592
v -0.011591 0.208000 -0.003106
v -0.011897 0.208000 -0.001566
v -0.012000 0.208000 -0.000000
v -0.011897 0.208000 0.001566
v -0.011591 0.208000 0.003106
v -0.011087 0.208000 0.004592
v -0.010392 0.208000 0.006000
v -0.009520 0.208000 0.007305
v -0.008485 0.208000 0.008485
v -0.007305 0.208000 0.009520
v -0.006000 0.208000 0.010392
v -0.004592 0.208000 0.011087
v -0.003106 0.208000 0.011591
v -0.001566 0.208000 0.011897
v -0.000000 0.208000 0.012000
v 0.001566 0.208000 0.011897
v 0.003106 0.208000 0.011591
v 0.004592 0.208000 0.011087
v 0.006000 0.208000 0.010392
v 0.007305 0.208000 0.009520
v 0.008485 0.208000 0.008485
v 0.009520 0.208000 0.007305
v 0.010392 0.208000 0.006000
v 0.011087 0.208000 0.004592
v 0.011591 0.208000 0.003106
v 0.011897 0.208000 0.001566
v 0.014000 0.210000 0.000000
v 0.013880 0.210000 -0.001827
v 0.013523 0.210000 -0.003623
v 0.012934 0.210000 -0.005358
v 0.012124 0.210000 -0.007000
v 0.011107 0.210000 -0.008523
v 0.009899 0.210000 -0.009899
v 0.008523 0.210000 -0.011107
v 0.007000 0.210000 -0.012124
v 0.005358 0.210000 -0.012934
v 0.003623 0.210000 -0.013523
v 0.001827 0.210000 -0.013880
v 0.000000 0.210000 -0.014000
v -0.001827 0.210000 -0.013880
v -0.003623 0.210000 -0.013523
v -0.005358 0.210000 -0.012934
v -0.007000 0.210000 -0.012124
v -0.008523 0.210000 -0.011107
v -0.009899 0.210000 -0.009899
v -0.011107 0.210000 -0.008523
v -0.012124 0.210000 -0.007000
v -0.012934 0.210000 -0.005358
v -0.013523 0.210000 -0.003623
v -0.013880 0.210000 -0.001827
v -0.014000 0.210000 -0.000000
v -0.013880 0.210000 0.001827
v -0.013523 0.210000 0.003623
v -0.012934 0.210000 0.005358
v -0.012124 0.210000 0.007000
v -0.011107 0.210000 0.008523
v -0.009899 0.210000 0.009899
v -0.008523 0.210000 0.011107
v -0.007000 0.210000 0.012124
v -0.005358 0.210000 0.012934
v -0.003623 0.210000 0.013523
v -0.001827 0.210000 0.013880
v -0.000000 0.210000 0.014000
v 0.001827 0.210000 0.013880
v 0.003623 0.210000 0.013523
v 0.005358 0.210000 0.012934
v 0.007000 0.210000 0.012124
v 0.008523 0.210000 0.011107
v 0.009899 0.210000 0.009899
v 0.011107 0.210000 0.008523
v 0.012124 0.210000 0.007000
v 0.012934 0.210000 0.005358
v 0.013523 0.210000 0.003623
v 0.013880 0.210000 0.001827
v 0.014000 0.218000 0.000000
v 0.013880 0.218000 -0.001827
v 0.013523 0.218000 -0.003623
v 0.012934 0.218000 -0.005358
v 0.012124 0.218000 -0.007000
v 0.011107 0.218000 -0.008523
v 0.009899 0.218000 -0.009899
v 0.008523 0.218000 -0.011107
v 0.007000 0.218000 -0.012124
v 0.005358 0.218000 -0.012934
v 0.003623 0.218000 -0.013523
v 0.001827 0.218000 -0.013880
v 0.000000 0.218000 -0.014000
v -0.001827 0.218000 -0.013880
v -0.003623 0.218000 -0.013523
v -0.005358 0.218000 -0.012934
v -0.007000 0.218000 -0.012124
v -0.008523 0.218000 -0.011107
v -0.009899 0.218000 -0.009899
v -0.011107 0.218000 -0.008523
v -0.012124 0.218000 -0.007000
v -0.012934 0.218000 -0.005358
v -0.013523 0.218000 -0.003623
v -0.013880 0.218000 -0.001827
v -0.014000 0.218000 -0.000000
v -0.013880 0.218000 0.001827
v -0.013523 0.218000 0.003623
v -0.012934 0.218000 0.005358
v -0.012124 0.218000 0.007000
v -0.011107 0.218000 0.008523
v -0.009899 0.218000 0.009899
v -0.008523 0.218000 0.011107
v -0.007000 0.218000 0.012124
v -0.005358 0.218000 0.012934
v -0.003623 0.218000 0.013523
v -0.001827 0.218000 0.013880
v -0.000000 0.218000 0.014000
v 0.001827 0.218000 0.013880
v 0.003623 0.218000 0.013523
v 0.005358 0.218000 0.012934
v 0.007000 0.218000 0.012124
v 0.008523 0.218000 0.011107
v 0.009899 0.218000 0.009899
v 0.011107 0.218000 0.008523
v 0.012124 0.218000 0.007000
v 0.012934 0.218000 0.005358
v 0.013523 0.218000 0.003623
v 0.013880 0.218000 0.001827
v 0.011000 0.220000 0.000000
v 0.010906 0.220000 -0.001436
v 0.010625 0.220000 -0.002847
v 0.010163 0.220000 -0.004210
v 0.009526 0.220000 -0.005500
v 0.008727 0.220000 -0.006696
v 0.007778 0.220000 -0.007778
v 0.006696 0.220000 -0.008727
v 0.005500 0.220000 -0.009526
v 0.004210 0.220000 -0.010163
v 0.002847 0.220000 -0.010625
v 0.001436 0.220000 -0.010906
v 0.000000 0.220000 -0.011000
v -0.001436 0.220000 -0.010906
v -0.002847 0.220000 -0.010625
v -0.004210 0.220000 -0.010163
v -0.005500 0.220000 -0.009526
v -0.006696 0.220000 -0.008727
v -0.007778 0.220000 -0.007778
v -0.008727 0.220000 -0.006696
v -0.009526 0.220000 -0.005500
v -0.010163 0.220000 -0.004210
v -0.010625 0.220000 -0.002847
v -0.010906 0.220000 -0.001436
v -0.011000 0.220000 -0.000000
v -0.010906 0.220000 0.001436
v -0.010625 0.220000 0.002847
v -0.010163 0.220000 0.004210
v -0.009526 0.220000 0.005500
v -0.008727 0.220000 0.006696
v -0.007778 0.220000 0.007778
v -0.006696 0.220000 0.008727
v -0.005500 0.220000 0.009526
v -0.004210 0.220000 0.010163
v -0.002847 0.220000 0.010625
v -0.001436 0.220000 0.010906
v -0.000000 0.220000 0.011000
v 0.001436 0.220000 0.010906
v 0.002847 0.220000 0.010625
v 0.004210 0.220000 0.010163
v 0.005500 0.220000 0.009526
v 0.006696 0.220000 0.008727
v 0.007778 0.220000 0.007778
v 0.008727 0.220000 0.006696
v 0.009526 0.220000 0.005500
v 0.010163 0.220000 0.004210
v 0.010625 0.220000 0.002847
v 0.010906 0.220000 0.001436
v 0.000000 0.220000 0.000000
v 0.000000 0.186000 0.000000
v 0.015000 0.186000 0.000000
v 0.014489 0.186000 -0.003882
v 0.012990 0.186000 -0.007500
v 0.010607 0.186000 -0.010607
v 0.007500 0.186000 -0.012990
v 0.003882 0.186000 -0.014489
v 0.000000 0.186000 -0.015000
v -0.003882 0.186000 -0.014489
v -0.007500 0.186000 -0.012990
v -0.010607 0.186000 -0.010607
v -0.012990 0.186000 -0.007500
v -0.014489 0.186000 -0.003882
v -0.015000 0.186000 -0.000000
v -0.014489 0.186000 0.003882
v -0.012990 0.186000 0.007500
v -0.010607 0.186000 0.010607
v -0.007500 0.186000 0.012990
v -0.003882 0.186000 0.014489
v -0.000000 0.186000 0.015000
v 0.003882 0.186000 0.014489
v 0.007500 0.186000 0.012990
v 0.010607 0.186000 0.010607
v 0.012990 0.186000 0.007500
v 0.014489 0.186000 0.003882
v 0.015800 0.192000 0.000000
v 0.015262 0.192000 -0.004089
v 0.013683 0.192000 -0.007900
v 0.011172 0.192000 -0.011172
v 0.007900 0.192000 -0.013683
v 0.004089 0.192000 -0.015262
v 0.000000 0.192000 -0.015800
v -0.004089 0.192000 -0.015262
v -0.007900 0.192000 -0.013683
v -0.011172 0.192000 -0.011172
v -0.013683 0.192000 -0.007900
v -0.015262 0.192000 -0.004089
v -0.015800 0.192000 -0.000000
v -0.015262 0.192000 0.004089
v -0.013683 0.192000 0.007900
v -0.011172 0.192000 0.011172
v -0.007900 0.192000 0.013683
v -0.004089 0.192000 0.015262
v -0.000000 0.192000 0.015800
v 0.004089 0.192000 0.015262
v 0.007900 0.192000 0.013683
v 0.011172 0.192000 0.011172
v 0.013683 0.192000 0.007900
v 0.015262 0.192000 0.004089
v 0.015200 0.200000 0.000000
v 0.014682 0.200000 -0.003934
v 0.013164 0.200000 -0.007600
v 0.010748 0.200000 -0.010748
v 0.007600 0.200000 -0.013164
v 0.003934 0.200000 -0.014682
v 0.000000 0.200000 -0.015200
v -0.003934 0.200000 -0.014682
v -0.007600 0.200000 -0.013164
v -0.010748 0.200000 -0.010748
v -0.013164 0.200000 -0.007600
v -0.014682 0.200000 -0.003934
v -0.015200 0.200000 -0.000000
v -0.014682 0.200000 0.003934
v -0.013164 0.200000 0.007600
v -0.010748 0.200000 0.010748
v -0.007600 0.200000 0.013164
v -0.003934 0.200000 0.014682
v -0.000000 0.200000 0.015200
v 0.003934 0.200000 0.014682
v 0.007600 0.200000 0.013164
v 0.010748 0.200000 0.010748
v 0.013164 0.200000 0.007600
v 0.014682 0.200000 0.003934
v 0.016000 0.208000 0.000000
v 0.015455 0.208000 -0.004141
v 0.013856 0.208000 -0.008000
v 0.011314 0.208000 -0.011314
v 0.008000 0.208000 -0.013856
v 0.004141 0.208000 -0.015455
v 0.000000 0.208000 -0.016000
v -0.004141 0.208000 -0.015455
v -0.008000 0.208000 -0.013856
v -0.011314 0.208000 -0.011314
v -0.013856 0.208000 -0.008000
v -0.015455 0.208000 -0.004141
v -0.016000 0.208000 -0.000000
v -0.015455 0.208000 0.004141
v -0.013856 0.208000 0.008000
v -0.011314 0.208000 0.011314
v -0.008000 0.208000 0.013856
v -0.004141 0.208000 0.015455
v -0.000000 0.208000 0.016000
v 0.004141 0.208000 0.015455
v 0.008000 0.208000 0.013856
v 0.011314 0.208000 0.011314
v 0.013856 0.208000 0.008000
v 0.015455 0.208000 0.004141
v 0.016200 0.216000 0.000000
v 0.015648 0.216000 -0.004193
v 0.014030 0.216000 -0.008100
v 0.011455 0.216000 -0.011455
v 0.008100 0.216000 -0.014030
v 0.004193 0.216000 -0.015648
v 0.000000 0.216000 -0.016200
v -0.004193 0.216000 -0.015648
v -0.008100 0.216000 -0.014030
v -0.011455 0.216000 -0.011455
v -0.014030 0.216000 -0.008100
v -0.015648 0.216000 -0.004193
v -0.016200 0.216000 -0.000000
v -0.015648 0.216000 0.004193
v -0.014030 0.216000 0.008100
v -0.011455 0.216000 0.011455
v -0.008100 0.216000 0.014030
v -0.004193 0.216000 0.015648
v -0.000000 0.216000 0.016200
v 0.004193 0.216000 0.015648
v 0.008100 0.216000 0.014030
v 0.011455 0.216000 0.011455
v 0.014030 0.216000 0.008100
v 0.015648 0.216000 0.004193
v 0.000000 0.216000 0.000000
v -0.002000 0.214438 -0.004516
v -0.002000 0.252480 0.007845
v -0.002000 0.215520 -0.007845
v -0.002000 0.253562 0.004516
v 0.010000 0.214438 -0.004516
v 0.010000 0.252480 0.007845
v 0.010000 0.215520 -0.007845
v 0.010000 0.253562 0.004516
v 0.006032 0.214928 -0.001173
v -0.001091 0.247918 0.002939
v 0.003091 0.214082 0.000525
v -0.004032 0.247072 0.004637
v 0.000032 0.214928 -0.011566
v -0.007091 0.247918 -0.007453
v -0.002909 0.214082 -0.009868
v -0.010032 0.247072 -0.005755
v 0.001961 0.213924 -0.000966
v -0.002030 0.243468 -0.004314
v 0.004601 0.214532 0.001250
v 0.000610 0.244076 -0.002099
v -0.005753 0.213924 0.008227
v -0.009743 0.243468 0.004878
v -0.003112 0.214532 0.010443
v -0.007103 0.244076 0.007094
vn -0.0000 -1.0000 -0.0000
vn 0.6587 -0.7474 -0.0867
vn 0.6644 -0.7474 -0.0000
vn 0.6417 -0.7474 -0.1720
vn 0.6138 -0.7474 -0.2542
vn 0.6417 -0.7474 -0.1719
vn 0.5754 -0.7474 -0.3322
vn 0.5271 -0.7474 -0.4044
vn 0.4698 -0.7474 -0.4698
vn 0.4044 -0.7474 -0.5271
vn 0.3322 -0.7474 -0.5754
vn 0.2542 -0.7474 -0.6138
vn 0.1719 -0.7474 -0.6417
vn 0.0867 -0.7474 -0.6587
vn 0.1720 -0.7474 -0.6417
vn -0.0000 -0.7474 -0.6644
vn -0.0867 -0.7474 -0.6587
vn -0.1719 -0.7474 -0.6417
vn -0.2542 -0.7474 -0.6138
vn -0.1720 -0.7474 -0.6417
vn -0.3322 -0.7474 -0.5754
vn -0.4044 -0.7474 -0.5271
vn -0.4698 -0.7474 -0.4698
vn -0.5271 -0.7474 -0.4044
vn -0.5754 -0.7474 -0.3322
vn -0.6138 -0.7474 -0.2542
vn -0.6417 -0.7474 -0.1720
vn -0.6587 -0.7474 -0.0867
vn -0.6417 -0.7474 -0.1719
vn -0.6644 -0.7474 -0.0000
vn -0.6587 -0.7474 0.0867
vn -0.6417 -0.7474 0.1720
vn -0.6138 -0.7474 0.2542
vn -0.6417 -0.7474 0.1719
vn -0.5754 -0.7474 0.3322
vn -0.5271 -0.7474 0.4044
vn -0.4698 -0.7474 0.4698
vn -0.4044 -0.7474 0.5271
vn -0.3322 -0.7474 0.5754
vn -0.2542 -0.7474 0.6138
vn -0.1719 -0.7474 0.6417
vn -0.0867 -0.7474 0.6587
vn -0.1720 -0.7474 0.6417
vn -0.0000 -0.7474 0.6644
vn 0.0867 -0.7474 0.6587
vn 0.1719 -0.7474 0.6417
vn 0.2542 -0.7474 0.6138
vn 0.1720 -0.7474 0.6417
vn 0.3322 -0.7474 0.5754
vn 0.4044 -0.7474 0.5271
vn 0.4698 -0.7474 0.4698
vn 0.5271 -0.7474 0.4044
vn 0.5754 -0.7474 0.3322
vn 0.6138 -0.7474 0.2542
vn 0.6417 -0.7474 0.1720
vn 0.6587 -0.7474 0.0867
vn 0.6417 -0.7474 0.1719
vn 0.9895 -0.0624 -0.1303
vn 0.9995 -0.0312 -0.0000
vn 0.9981 -0.0624 -0.0000
vn 0.9640 -0.0624 -0.2583
vn 0.9910 -0.0312 -0.1305
vn 0.9221 -0.0624 -0.3819
vn 0.9655 -0.0312 -0.2587
vn 0.8643 -0.0624 -0.4990
vn 0.9234 -0.0312 -0.3825
vn 0.7918 -0.0624 -0.6076
vn 0.8656 -0.0312 -0.4998
vn 0.7057 -0.0624 -0.7057
vn 0.7930 -0.0312 -0.6085
vn 0.6076 -0.0624 -0.7918
vn 0.7068 -0.0312 -0.7068
vn 0.4990 -0.0624 -0.8643
vn 0.6085 -0.0312 -0.7930
vn 0.3819 -0.0624 -0.9221
vn 0.4998 -0.0312 -0.8656
vn 0.2583 -0.0624 -0.9640
vn 0.3825 -0.0312 -0.9234
vn 0.1303 -0.0624 -0.9895
vn 0.2587 -0.0312 -0.9655
vn -0.0000 -0.0624 -0.9981
vn 0.1305 -0.0312 -0.9910
vn -0.1303 -0.0624 -0.9895
vn -0.0000 -0.0312 -0.9995
vn -0.2583 -0.0624 -0.9640
vn -0.1305 -0.0312 -0.9910
vn -0.3819 -0.0624 -0.9221
vn -0.2587 -0.0312 -0.9655
vn -0.4990 -0.0624 -0.8643
vn -0.3825 -0.0312 -0.9234
vn -0.6076 -0.0624 -0.7918
vn -0.4998 -0.0312 -0.8656
vn -0.7057 -0.0624 -0.7057
vn -0.6085 -0.0312 -0.7930
vn -0.7918 -0.0624 -0.6076
vn -0.7068 -0.0312 -0.7068
vn -0.8643 -0.0624 -0.4990
vn -0.7930 -0.0312 -0.6085
vn -0.9221 -0.0624 -0.3819
vn -0.8656 -0.0312 -0.4998
vn -0.9640 -0.0624 -0.2583
vn -0.9234 -0.0312 -0.3825
vn -0.9895 -0.0624 -0.1303
vn -0.9655 -0.0312 -0.2587
vn -0.9981 -0.0624 -0.0000
vn -0.9910 -0.0312 -0.1305
vn -0.9895 -0.0624 0.1303
vn -0.9995 -0.0312 -0.0000
vn -0.9640 -0.0624 0.2583
vn -0.9910 -0.0312 0.1305
vn -0.9221 -0.0624 0.3819
vn -0.9655 -0.0312 0.2587
vn -0.8643 -0.0624 0.4990
vn -0.9234 -0.0312 0.3825
vn -0.7918 -0.0624 0.6076
vn -0.8656 -0.0312 0.4998
vn -0.7057 -0.0624 0.7057
vn -0.7930 -0.0312 0.6085
vn -0.6076 -0.0624 0.7918
vn -0.7068 -0.0312 0.7068
vn -0.4990 -0.0624 0.8643
vn -0.6085 -0.0312 0.7930
vn -0.3819 -0.0624 0.9221
vn -0.4998 -0.0312 0.8656
vn -0.2583 -0.0624 0.9640
vn -0.3825 -0.0312 0.9234
vn -0.1303 -0.0624 0.9895
vn -0.2587 -0.0312 0.9655
vn -0.0000 -0.0624 0.9981
vn -0.1305 -0.0312 0.9910
vn 0.1303 -0.0624 0.9895
vn -0.0000 -0.0312 0.9995
vn 0.2583 -0.0624 0.9640
vn 0.1305 -0.0312 0.9910
vn 0.3819 -0.0624 0.9221
vn 0.2587 -0.0312 0.9655
vn 0.4990 -0.0624 0.8643
vn 0.3825 -0.0312 0.9234
vn 0.6076 -0.0624 0.7918
vn 0.4998 -0.0312 0.8656
vn 0.7057 -0.0624 0.7057
vn 0.6085 -0.0312 0.7930
vn 0.7918 -0.0624 0.6076
vn 0.7068 -0.0312 0.7068
vn 0.8643 -0.0624 0.4990
vn 0.7930 -0.0312 0.6085
vn 0.9221 -0.0624 0.3819
vn 0.8656 -0.0312 0.4998
vn 0.9640 -0.0624 0.2583
vn 0.9234 -0.0312 0.3825
vn 0.9895 -0.0624 0.1303
vn 0.9655 -0.0312 0.2587
vn 0.9910 -0.0312 0.1305
vn 0.9966 0.0822 -0.0000
vn 0.9881 0.0822 -0.1301
vn 0.9627 0.0822 -0.2579
vn 0.9208 0.0822 -0.3814
vn 0.8631 0.0822 -0.4983
vn 0.7907 0.0822 -0.6067
vn 0.7047 0.0822 -0.7047
vn 0.6067 0.0822 -0.7907
vn 0.4983 0.0822 -0.8631
vn 0.3814 0.0822 -0.9208
vn 0.2579 0.0822 -0.9627
vn 0.1301 0.0822 -0.9881
vn -0.0000 0.0822 -0.9966
vn -0.1301 0.0822 -0.9881
vn -0.2579 0.0822 -0.9627
vn -0.3814 0.0822 -0.9208
vn -0.4983 0.0822 -0.8631
vn -0.6067 0.0822 -0.7907
vn -0.7047 0.0822 -0.7047
vn -0.7907 0.0822 -0.6067
vn -0.8631 0.0822 -0.4983
vn -0.9208 0.0822 -0.3814
vn -0.9627 0.0822 -0.2579
vn -0.9881 0.0822 -0.1301
vn -0.9966 0.0822 -0.0000
vn -0.9881 0.0822 0.1301
vn -0.9627 0.0822 0.2579
vn -0.9208 0.0822 0.3814
vn -0.8631 0.0822 0.4983
vn -0.7907 0.0822 0.6067
vn -0.7047 0.0822 0.7047
vn -0.6067 0.0822 0.7907
vn -0.4983 0.0822 0.8631
vn -0.3814 0.0822 0.9208
vn -0.2579 0.0822 0.9627
vn -0.1301 0.0822 0.9881
vn -0.0000 0.0822 0.9966
vn 0.1301 0.0822 0.9881
vn 0.2579 0.0822 0.9627
vn 0.3814 0.0822 0.9208
vn 0.4983 0.0822 0.8631
vn 0.6067 0.0822 0.7907
vn 0.7047 0.0822 0.7047
vn 0.7907 0.0822 0.6067
vn 0.8631 0.0822 0.4983
vn 0.9208 0.0822 0.3814
vn 0.9627 0.0822 0.2579
vn 0.9881 0.0822 0.1301
vn 0.9516 0.3074 -0.0000
vn 0.9434 0.3074 -0.1242
vn 0.9191 0.3074 -0.2463
vn 0.8791 0.3074 -0.3641
vn 0.8241 0.3074 -0.4758
vn 0.7549 0.3074 -0.5793
vn 0.6729 0.3074 -0.6729
vn 0.5793 0.3074 -0.7549
vn 0.4758 0.3074 -0.8241
vn 0.3641 0.3074 -0.8791
vn 0.1242 0.3074 -0.9434
vn 0.2463 0.3074 -0.9191
vn -0.0000 0.3074 -0.9516
vn -0.1242 0.3074 -0.9434
vn -0.2463 0.3074 -0.9191
vn -0.3642 0.3074 -0.8791
vn -0.4758 0.3074 -0.8241
vn -0.5793 0.3074 -0.7549
vn -0.6729 0.3074 -0.6729
vn -0.7549 0.3074 -0.5793
vn -0.8241 0.3074 -0.4758
vn -0.8791 0.3074 -0.3641
vn -0.9434 0.3074 -0.1242
vn -0.9191 0.3074 -0.2463
vn -0.9516 0.3074 -0.0000
vn -0.9434 0.3074 0.1242
vn -0.9191 0.3074 0.2463
vn -0.8791 0.3074 0.3641
vn -0.8241 0.3074 0.4758
vn -0.7549 0.3074 0.5793
vn -0.6729 0.3074 0.6729
vn -0.5793 0.3074 0.7549
vn -0.4758 0.3074 0.8241
vn -0.3641 0.3074 0.8791
vn -0.1242 0.3074 0.9434
vn -0.2463 0.3074 0.9191
vn -0.0000 0.3074 0.9516
vn 0.1242 0.3074 0.9434
vn 0.2463 0.3074 0.9191
vn 0.3642 0.3074 0.8791
vn 0.4758 0.3074 0.8241
vn 0.5793 0.3074 0.7549
vn 0.6729 0.3074 0.6729
vn 0.7549 0.3074 0.5793
vn 0.8241 0.3074 0.4758
vn 0.8791 0.3074 0.3641
vn 0.9434 0.3074 0.1242
vn 0.9191 0.3074 0.2463
vn 0.8364 0.5370 -0.1101
vn 0.8436 0.5370 -0.0000
vn 0.8149 0.5370 -0.2183
vn 0.7794 0.5370 -0.3228
vn 0.7306 0.5370 -0.4218
vn 0.6693 0.5370 -0.5136
vn 0.5965 0.5370 -0.5965
vn 0.5135 0.5370 -0.6693
vn 0.4218 0.5370 -0.7306
vn 0.3228 0.5370 -0.7794
vn 0.1101 0.5370 -0.8364
vn 0.2183 0.5370 -0.8149
vn -0.0000 0.5370 -0.8436
vn -0.1101 0.5370 -0.8364
vn -0.2183 0.5370 -0.8149
vn -0.3228 0.5370 -0.7794
vn -0.4218 0.5370 -0.7306
vn -0.5136 0.5370 -0.6693
vn -0.5965 0.5370 -0.5965
vn -0.6693 0.5370 -0.5136
vn -0.7306 0.5370 -0.4218
vn -0.7794 0.5370 -0.3228
vn -0.8364 0.5370 -0.1101
vn -0.8149 0.5370 -0.2183
vn -0.8436 0.5370 -0.0000
vn -0.8364 0.5370 0.1101
vn -0.8149 0.5370 0.2183
vn -0.7794 0.5370 0.3228
vn -0.7306 0.5370 0.4218
vn -0.6693 0.5370 0.5136
vn -0.5965 0.5370 0.5965
vn -0.5135 0.5370 0.6693
vn -0.4218 0.5370 0.7306
vn -0.3228 0.5370 0.7794
vn -0.1101 0.5370 0.8364
vn -0.2183 0.5370 0.8149
vn -0.0000 0.5370 0.8436
vn 0.1101 0.5370 0.8364
vn 0.2183 0.5370 0.8149
vn 0.3228 0.5370 0.7794
vn 0.4218 0.5370 0.7306
vn 0.5136 0.5370 0.6693
vn 0.5965 0.5370 0.5965
vn 0.6693 0.5370 0.5136
vn 0.7306 0.5370 0.4218
vn 0.7794 0.5370 0.3228
vn 0.8364 0.5370 0.1101
vn 0.8149 0.5370 0.2183
vn 0.8305 0.5570 -0.0000
vn 0.8234 0.5570 -0.1084
vn 0.8022 0.5570 -0.2150
vn 0.7673 0.5570 -0.3178
vn 0.7192 0.5570 -0.4153
vn 0.6589 0.5570 -0.5056
vn 0.5873 0.5570 -0.5873
vn 0.5056 0.5570 -0.6589
vn 0.4153 0.5570 -0.7192
vn 0.3178 0.5570 -0.7673
vn 0.2150 0.5570 -0.8022
vn 0.1084 0.5570 -0.8234
vn -0.0000 0.5570 -0.8305
vn -0.1084 0.5570 -0.8234
vn -0.2150 0.5570 -0.8022
vn -0.3178 0.5570 -0.7673
vn -0.4153 0.5570 -0.7192
vn -0.5056 0.5570 -0.6589
vn -0.5873 0.5570 -0.5873
vn -0.6589 0.5570 -0.5056
vn -0.7192 0.5570 -0.4153
vn -0.7673 0.5570 -0.3178
vn -0.8022 0.5570 -0.2149
vn -0.8234 0.5570 -0.1084
vn -0.8305 0.5570 -0.0000
vn -0.8234 0.5570 0.1084
vn -0.8022 0.5570 0.2150
vn -0.7673 0.5570 0.3178
vn -0.7192 0.5570 0.4153
vn -0.6589 0.5570 0.5056
vn -0.5873 0.5570 0.5873
vn -0.5056 0.5570 0.6589
vn -0.4153 0.5570 0.7192
vn -0.3178 0.5570 0.7673
vn -0.2150 0.5570 0.8022
vn -0.1084 0.5570 0.8234
vn -0.0000 0.5570 0.8305
vn 0.1084 0.5570 0.8234
vn 0.2150 0.5570 0.8022
vn 0.3178 0.5570 0.7673
vn 0.4153 0.5570 0.7192
vn 0.5056 0.5570 0.6589
vn 0.5873 0.5570 0.5873
vn 0.6589 0.5570 0.5056
vn 0.7192 0.5570 0.4153
vn 0.7673 0.5570 0.3178
vn 0.8022 0.5570 0.2149
vn 0.8234 0.5570 0.1084
vn 0.9654 0.2606 -0.0000
vn 0.9572 0.2606 -0.1260
vn 0.9326 0.2606 -0.2499
vn 0.8920 0.2606 -0.3695
vn 0.8361 0.2606 -0.4827
vn 0.7659 0.2606 -0.5877
vn 0.6827 0.2606 -0.6827
vn 0.5877 0.2606 -0.7659
vn 0.4827 0.2606 -0.8361
vn 0.2499 0.2606 -0.9326
vn 0.3695 0.2606 -0.8920
vn 0.1260 0.2606 -0.9572
vn -0.0000 0.2606 -0.9654
vn -0.1260 0.2606 -0.9572
vn -0.2499 0.2606 -0.9326
vn -0.3695 0.2606 -0.8920
vn -0.4827 0.2606 -0.8361
vn -0.5877 0.2606 -0.7659
vn -0.6827 0.2606 -0.6827
vn -0.7659 0.2606 -0.5877
vn -0.8361 0.2606 -0.4827
vn -0.9325 0.2606 -0.2499
vn -0.8920 0.2606 -0.3695
vn -0.9572 0.2606 -0.1260
vn -0.9654 0.2606 -0.0000
vn -0.9572 0.2606 0.1260
vn -0.9326 0.2606 0.2499
vn -0.8920 0.2606 0.3695
vn -0.8361 0.2606 0.4827
vn -0.7659 0.2606 0.5877
vn -0.6827 0.2606 0.6827
vn -0.5877 0.2606 0.7659
vn -0.4827 0.2606 0.8361
vn -0.2499 0.2606 0.9326
vn -0.3695 0.2606 0.8920
vn -0.1260 0.2606 0.9572
vn -0.0000 0.2606 0.9654
vn 0.1260 0.2606 0.9572
vn 0.2499 0.2606 0.9326
vn 0.3695 0.2606 0.8920
vn 0.4827 0.2606 0.8361
vn 0.5877 0.2606 0.7659
vn 0.6827 0.2606 0.6827
vn 0.7659 0.2606 0.5877
vn 0.8361 0.2606 0.4827
vn 0.9325 0.2606 0.2499
vn 0.8920 0.2606 0.3695
vn 0.9572 0.2606 0.1260
vn 0.9998 0.0192 -0.0000
vn 0.9913 0.0192 -0.1305
vn 0.9657 0.0192 -0.2588
vn 0.9237 0.0192 -0.3826
vn 0.8659 0.0192 -0.4999
vn 0.7932 0.0192 -0.6086
vn 0.7070 0.0192 -0.7070
vn 0.6086 0.0192 -0.7932
vn 0.4999 0.0192 -0.8659
vn 0.3826 0.0192 -0.9237
vn 0.2588 0.0192 -0.9657
vn 0.1305 0.0192 -0.9913
vn -0.0000 0.0192 -0.9998
vn -0.1305 0.0192 -0.9913
vn -0.2588 0.0192 -0.9657
vn -0.3826 0.0192 -0.9237
vn -0.4999 0.0192 -0.8659
vn -0.6086 0.0192 -0.7932
vn -0.7070 0.0192 -0.7070
vn -0.7932 0.0192 -0.6086
vn -0.8659 0.0192 -0.4999
vn -0.9237 0.0192 -0.3826
vn -0.9657 0.0192 -0.2588
vn -0.9913 0.0192 -0.1305
vn -0.9998 0.0192 -0.0000
vn -0.9913 0.0192 0.1305
vn -0.9657 0.0192 0.2588
vn -0.9237 0.0192 0.3826
vn -0.8659 0.0192 0.4999
vn -0.7932 0.0192 0.6086
vn -0.7070 0.0192 0.7070
vn -0.6086 0.0192 0.7932
vn -0.4999 0.0192 0.8659
vn -0.3826 0.0192 0.9237
vn -0.2588 0.0192 0.9657
vn -0.1305 0.0192 0.9913
vn -0.0000 0.0192 0.9998
vn 0.1305 0.0192 0.9913
vn 0.2588 0.0192 0.9657
vn 0.3826 0.0192 0.9237
vn 0.4999 0.0192 0.8659
vn 0.6086 0.0192 0.7932
vn 0.7070 0.0192 0.7070
vn 0.7932 0.0192 0.6086
vn 0.8659 0.0192 0.4999
vn 0.9237 0.0192 0.3826
vn 0.9657 0.0192 0.2588
vn 0.9913 0.0192 0.1305
vn 0.7011 -0.7071 -0.0923
vn 0.7071 -0.7071 -0.0000
vn 0.6830 -0.7071 -0.1830
vn 0.6533 -0.7071 -0.2706
vn 0.6124 -0.7071 -0.3536
vn 0.5610 -0.7071 -0.4305
vn 0.5000 -0.7071 -0.5000
vn 0.4305 -0.7071 -0.5610
vn 0.3536 -0.7071 -0.6124
vn 0.2706 -0.7071 -0.6533
vn 0.1830 -0.7071 -0.6830
vn 0.0923 -0.7071 -0.7011
vn -0.0000 -0.7071 -0.7071
vn -0.0923 -0.7071 -0.7011
vn -0.1830 -0.7071 -0.6830
vn -0.2706 -0.7071 -0.6533
vn -0.3536 -0.7071 -0.6124
vn -0.4305 -0.7071 -0.5610
vn -0.5000 -0.7071 -0.5000
vn -0.5610 -0.7071 -0.4305
vn -0.6124 -0.7071 -0.3536
vn -0.6533 -0.7071 -0.2706
vn -0.6830 -0.7071 -0.1830
vn -0.7011 -0.7071 -0.0923
vn -0.7071 -0.7071 -0.0000
vn -0.7011 -0.7071 0.0923
vn -0.6830 -0.7071 0.1830
vn -0.6533 -0.7071 0.2706
vn -0.6124 -0.7071 0.3536
vn -0.5610 -0.7071 0.4305
vn -0.5000 -0.7071 0.5000
vn -0.4305 -0.7071 0.5610
vn -0.3536 -0.7071 0.6124
vn -0.2706 -0.7071 0.6533
vn -0.1830 -0.7071 0.6830
vn -0.0923 -0.7071 0.7011
vn -0.0000 -0.7071 0.7071
vn 0.0923 -0.7071 0.7011
vn 0.1830 -0.7071 0.6830
vn 0.2706 -0.7071 0.6533
vn 0.3536 -0.7071 0.6124
vn 0.4305 -0.7071 0.5610
vn 0.5000 -0.7071 0.5000
vn 0.5610 -0.7071 0.4305
vn 0.6124 -0.7071 0.3536
vn 0.6533 -0.7071 0.2706
vn 0.6830 -0.7071 0.1830
vn 0.7011 -0.7071 0.0923
vn 0.9914 -0.0000 -0.1305
vn 1.0000 -0.0000 -0.0000
vn 0.9659 -0.0000 -0.2588
vn 0.9239 -0.0000 -0.3827
vn 0.8660 -0.0000 -0.5000
vn 0.7934 -0.0000 -0.6088
vn 0.7071 -0.0000 -0.7071
vn 0.6088 -0.0000 -0.7934
vn 0.5000 -0.0000 -0.8660
vn 0.3827 -0.0000 -0.9239
vn 0.2588 -0.0000 -0.9659
vn 0.1305 -0.0000 -0.9914
vn -0.0000 -0.0000 -1.0000
vn -0.1305 -0.0000 -0.9914
vn -0.2588 -0.0000 -0.9659
vn -0.3827 -0.0000 -0.9239
vn -0.5000 -0.0000 -0.8660
vn -0.6088 -0.0000 -0.7934
vn -0.7071 -0.0000 -0.7071
vn -0.7934 -0.0000 -0.6088
vn -0.8660 -0.0000 -0.5000
vn -0.9239 -0.0000 -0.3827
vn -0.9659 -0.0000 -0.2588
vn -0.9914 -0.0000 -0.1305
vn -1.0000 -0.0000 -0.0000
vn -0.9914 -0.0000 0.1305
vn -0.9659 -0.0000 0.2588
vn -0.9239 -0.0000 0.3827
vn -0.8660 -0.0000 0.5000
vn -0.7934 -0.0000 0.6088
vn -0.7071 -0.0000 0.7071
vn -0.6088 -0.0000 0.7934
vn -0.5000 -0.0000 0.8660
vn -0.3827 -0.0000 0.9239
vn -0.2588 -0.0000 0.9659
vn -0.1305 -0.0000 0.9914
vn -0.0000 -0.0000 1.0000
vn 0.1305 -0.0000 0.9914
vn 0.2588 -0.0000 0.9659
vn 0.3827 -0.0000 0.9239
vn 0.5000 -0.0000 0.8660
vn 0.6088 -0.0000 0.7934
vn 0.7071 -0.0000 0.7071
vn 0.7934 -0.0000 0.6088
vn 0.8660 -0.0000 0.5000
vn 0.9239 -0.0000 0.3827
vn 0.9659 -0.0000 0.2588
vn 0.9914 -0.0000 0.1305
vn 0.5500 0.8321 -0.0724
vn 0.3008 0.9537 -0.0000
vn 0.5547 0.8320 -0.0000
vn 0.2905 0.9537 -0.0778
vn 0.2982 0.9537 -0.0393
vn 0.5125 0.8320 -0.2123
vn 0.5358 0.8320 -0.1436
vn 0.2605 0.9537 -0.1504
vn 0.2779 0.9537 -0.1151
vn 0.4401 0.8321 -0.3377
vn 0.4804 0.8320 -0.2774
vn 0.2127 0.9537 -0.2127
vn 0.2386 0.9537 -0.1831
vn 0.3377 0.8320 -0.4401
vn 0.3922 0.8321 -0.3922
vn 0.1504 0.9537 -0.2605
vn 0.1831 0.9537 -0.2386
vn 0.2123 0.8320 -0.5125
vn 0.2774 0.8320 -0.4804
vn 0.0778 0.9537 -0.2905
vn 0.1151 0.9537 -0.2779
vn 0.0724 0.8320 -0.5500
vn 0.1436 0.8321 -0.5358
vn -0.0000 0.9537 -0.3008
vn 0.0393 0.9537 -0.2982
vn -0.0724 0.8320 -0.5500
vn -0.0000 0.8320 -0.5547
vn -0.0778 0.9537 -0.2905
vn -0.0393 0.9537 -0.2982
vn -0.2123 0.8320 -0.5125
vn -0.1436 0.8321 -0.5358
vn -0.1504 0.9537 -0.2605
vn -0.1151 0.9537 -0.2779
vn -0.3377 0.8320 -0.4401
vn -0.2774 0.8320 -0.4804
vn -0.2127 0.9537 -0.2127
vn -0.1831 0.9537 -0.2386
vn -0.4401 0.8321 -0.3377
vn -0.3922 0.8321 -0.3922
vn -0.2605 0.9537 -0.1504
vn -0.2386 0.9537 -0.1831
vn -0.5125 0.8320 -0.2123
vn -0.4804 0.8320 -0.2774
vn -0.2905 0.9537 -0.0778
vn -0.2779 0.9537 -0.1151
vn -0.5500 0.8321 -0.0724
vn -0.5358 0.8320 -0.1436
vn -0.3008 0.9537 -0.0000
vn -0.2982 0.9537 -0.0393
vn -0.5500 0.8321 0.0724
vn -0.5547 0.8320 -0.0000
vn -0.2905 0.9537 0.0778
vn -0.2982 0.9537 0.0393
vn -0.5125 0.8320 0.2123
vn -0.5358 0.8320 0.1436
vn -0.2605 0.9537 0.1504
vn -0.2779 0.9537 0.1151
vn -0.4401 0.8321 0.3377
vn -0.4804 0.8320 0.2774
vn -0.2127 0.9537 0.2127
vn -0.2386 0.9537 0.1831
vn -0.3377 0.8320 0.4401
vn -0.3922 0.8321 0.3922
vn -0.1504 0.9537 0.2605
vn -0.1831 0.9537 0.2386
vn -0.2123 0.8320 0.5125
vn -0.2774 0.8320 0.4804
vn -0.0778 0.9537 0.2905
vn -0.1151 0.9537 0.2779
vn -0.0724 0.8320 0.5500
vn -0.1436 0.8321 0.5358
vn -0.0000 0.9537 0.3008
vn -0.0393 0.9537 0.2982
vn 0.0724 0.8320 0.5500
vn -0.0000 0.8320 0.5547
vn 0.0778 0.9537 0.2905
vn 0.0393 0.9537 0.2982
vn 0.2123 0.8320 0.5125
vn 0.1436 0.8321 0.5358
vn 0.1504 0.9537 0.2605
vn 0.1151 0.9537 0.2779
vn 0.3377 0.8320 0.4401
vn 0.2774 0.8320 0.4804
vn 0.2127 0.9537 0.2127
vn 0.1831 0.9537 0.2386
vn 0.4401 0.8321 0.3377
vn 0.3922 0.8321 0.3922
vn 0.2605 0.9537 0.1504
vn 0.2386 0.9537 0.1831
vn 0.5125 0.8320 0.2123
vn 0.4804 0.8320 0.2774
vn 0.2905 0.9537 0.0778
vn 0.2779 0.9537 0.1151
vn 0.5500 0.8321 0.0724
vn 0.5358 0.8320 0.1436
vn 0.2982 0.9537 0.0393
vn -0.0000 1.0000 -0.0000
vn 0.9575 -0.1322 -0.2565
vn 0.9996 -0.0286 -0.0000
vn 0.9912 -0.1322 -0.0000
vn 0.8657 -0.0286 -0.4998
vn 0.9655 -0.0286 -0.2587
vn 0.7009 -0.1322 -0.7009
vn 0.8584 -0.1322 -0.4956
vn 0.4956 -0.1322 -0.8584
vn 0.7068 -0.0286 -0.7068
vn 0.2566 -0.1322 -0.9575
vn 0.4998 -0.0286 -0.8657
vn -0.0000 -0.1322 -0.9912
vn 0.2587 -0.0286 -0.9655
vn -0.2565 -0.1322 -0.9575
vn -0.0000 -0.0286 -0.9996
vn -0.4998 -0.0286 -0.8657
vn -0.2587 -0.0286 -0.9655
vn -0.7009 -0.1322 -0.7009
vn -0.4956 -0.1322 -0.8584
vn -0.8584 -0.1322 -0.4956
vn -0.7068 -0.0286 -0.7068
vn -0.9575 -0.1322 -0.2566
vn -0.8657 -0.0286 -0.4998
vn -0.9912 -0.1322 -0.0000
vn -0.9655 -0.0286 -0.2587
vn -0.9575 -0.1322 0.2565
vn -0.9996 -0.0286 -0.0000
vn -0.8657 -0.0286 0.4998
vn -0.9655 -0.0286 0.2587
vn -0.7009 -0.1322 0.7009
vn -0.8584 -0.1322 0.4956
vn -0.4956 -0.1322 0.8584
vn -0.7068 -0.0286 0.7068
vn -0.2566 -0.1322 0.9575
vn -0.4998 -0.0286 0.8657
vn -0.0000 -0.1322 0.9912
vn -0.2587 -0.0286 0.9655
vn 0.2565 -0.1322 0.9575
vn -0.0000 -0.0286 0.9996
vn 0.4998 -0.0286 0.8657
vn 0.2587 -0.0286 0.9655
vn 0.7009 -0.1322 0.7009
vn 0.4956 -0.1322 0.8584
vn 0.8584 -0.1322 0.4956
vn 0.7068 -0.0286 0.7068
vn 0.9575 -0.1322 0.2566
vn 0.8657 -0.0286 0.4998
vn 0.9655 -0.0286 0.2587
vn 0.9659 -0.0125 -0.2588
vn 0.9999 -0.0125 -0.0000
vn 0.8660 -0.0125 -0.5000
vn 0.7071 -0.0125 -0.7071
vn 0.5000 -0.0125 -0.8660
vn 0.2588 -0.0125 -0.9659
vn -0.2588 -0.0125 -0.9659
vn -0.0000 -0.0125 -0.9999
vn -0.5000 -0.0125 -0.8660
vn -0.7071 -0.0125 -0.7071
vn -0.8660 -0.0125 -0.5000
vn -0.9659 -0.0125 -0.2588
vn -0.9659 -0.0125 0.2588
vn -0.9999 -0.0125 -0.0000
vn -0.8660 -0.0125 0.5000
vn -0.7071 -0.0125 0.7071
vn -0.5000 -0.0125 0.8660
vn -0.2588 -0.0125 0.9659
vn 0.2588 -0.0125 0.9659
vn -0.0000 -0.0125 0.9999
vn 0.5000 -0.0125 0.8660
vn 0.7071 -0.0125 0.7071
vn 0.8660 -0.0125 0.5000
vn 0.9659 -0.0125 0.2588
vn 0.9981 -0.0621 -0.0000
vn 0.9641 -0.0621 -0.2583
vn 0.8644 -0.0621 -0.4990
vn 0.4990 -0.0621 -0.8644
vn 0.7057 -0.0621 -0.7057
vn 0.2583 -0.0621 -0.9641
vn -0.0000 -0.0621 -0.9981
vn -0.2583 -0.0621 -0.9641
vn -0.4990 -0.0621 -0.8644
vn -0.8644 -0.0621 -0.4990
vn -0.7057 -0.0621 -0.7057
vn -0.9641 -0.0621 -0.2583
vn -0.9981 -0.0621 -0.0000
vn -0.9641 -0.0621 0.2583
vn -0.8644 -0.0621 0.4990
vn -0.4990 -0.0621 0.8644
vn -0.7057 -0.0621 0.7057
vn -0.2583 -0.0621 0.9641
vn -0.0000 -0.0621 0.9981
vn 0.2583 -0.0621 0.9641
vn 0.4990 -0.0621 0.8644
vn 0.8644 -0.0621 0.4990
vn 0.7057 -0.0621 0.7057
vn 0.9641 -0.0621 0.2583
vn 0.9656 -0.0250 -0.2587
vn 0.9997 -0.0250 -0.0000
vn 0.8658 -0.0250 -0.4998
vn 0.7069 -0.0250 -0.7069
vn 0.4998 -0.0250 -0.8658
vn -0.0000 -0.0250 -0.9997
vn 0.2587 -0.0250 -0.9656
vn -0.2587 -0.0250 -0.9656
vn -0.4998 -0.0250 -0.8658
vn -0.7069 -0.0250 -0.7069
vn -0.8658 -0.0250 -0.4998
vn -0.9997 -0.0250 -0.0000
vn -0.9656 -0.0250 -0.2587
vn -0.9656 -0.0250 0.2587
vn -0.8658 -0.0250 0.4998
vn -0.7069 -0.0250 0.7069
vn -0.4998 -0.0250 0.8658
vn -0.0000 -0.0250 0.9997
vn -0.2587 -0.0250 0.9656
vn 0.2587 -0.0250 0.9656
vn 0.4998 -0.0250 0.8658
vn 0.7069 -0.0250 0.7069
vn 0.8658 -0.0250 0.4998
vn 0.9656 -0.0250 0.2587
vn -0.0000 0.3090 -0.9511
vn -0.0000 -0.3090 0.9511
vn -0.0000 -0.9511 -0.3090
vn -0.0000 0.9511 0.3090
vn -0.8403 -0.2419 0.4851
vn 0.8403 0.2419 -0.4851
vn 0.2095 -0.9703 -0.1210
vn -0.2095 0.9703 0.1210
vn 0.6428 -0.0000 -0.7660
vn 0.7544 0.1736 0.6330
vn -0.6428 -0.0000 0.7660
vn -0.7544 -0.1736 -0.6330
vn 0.1330 -0.9848 0.1116
vn -0.1330 0.9848 -0.1116
vt 0.710051 0.830149
vt 0.633697 0.759591
vt 0.640277 0.749432
vt 0.628424 0.770957
vt 0.624547 0.783336
vt 0.622133 0.796516
vt 0.621224 0.810272
vt 0.621834 0.824367
vt 0.623954 0.838562
vt 0.627547 0.852612
vt 0.632551 0.866279
vt 0.638882 0.879327
vt 0.646430 0.891533
vt 0.655067 0.902689
vt 0.664645 0.912605
vt 0.674999 0.921109
vt 0.685954 0.928057
vt 0.697320 0.933329
vt 0.708905 0.936837
vt 0.720509 0.938518
vt 0.731934 0.938346
vt 0.742985 0.936322
vt 0.753472 0.932482
vt 0.763216 0.926890
vt 0.772051 0.919644
vt 0.779824 0.910866
vt 0.786404 0.900707
vt 0.791678 0.889341
vt 0.795554 0.876962
vt 0.797968 0.863782
vt 0.798878 0.850026
vt 0.798267 0.835930
vt 0.796148 0.821736
vt 0.792555 0.807685
vt 0.787550 0.794019
vt 0.781220 0.780971
vt 0.773671 0.768765
vt 0.765034 0.757608
vt 0.755457 0.747693
vt 0.745102 0.739189
vt 0.734148 0.732241
vt 0.722781 0.726968
vt 0.711197 0.723461
vt 0.699593 0.721779
vt 0.688168 0.721952
vt 0.677117 0.723976
vt 0.666630 0.727816
vt 0.656886 0.733407
vt 0.648051 0.740654
vt 0.240127 0.853082
vt 0.244830 0.839509
vt 0.252645 0.853644
vt 0.228684 0.852400
vt 0.230369 0.838859
vt 0.593898 0.851654
vt 0.594527 0.837137
vt 0.606649 0.836727
vt 0.571684 0.852313
vt 0.583404 0.852009
vt 0.566264 0.837774
vt 0.580988 0.837488
vt 0.545383 0.852747
vt 0.558937 0.852560
vt 0.531253 0.852870
vt 0.550606 0.837990
vt 0.516789 0.852927
vt 0.534284 0.838131
vt 0.502238 0.852916
vt 0.517575 0.838197
vt 0.487850 0.852839
vt 0.500767 0.838185
vt 0.467996 0.837932
vt 0.484145 0.838096
vt 0.460537 0.852491
vt 0.473870 0.852697
vt 0.448081 0.852226
vt 0.452595 0.837694
vt 0.436713 0.851906
vt 0.438205 0.837388
vt 0.188448 0.851679
vt 0.189249 0.837085
vt 0.201285 0.836709
vt 0.166372 0.852282
vt 0.178029 0.852004
vt 0.161119 0.837670
vt 0.175783 0.837407
vt 0.140163 0.852683
vt 0.153678 0.852510
vt 0.126059 0.852798
vt 0.145508 0.837869
vt 0.111608 0.852852
vt 0.129215 0.838002
vt 0.097055 0.852847
vt 0.112521 0.838065
vt 0.082651 0.852780
vt 0.095710 0.838058
vt 0.790911 0.930147
vt 0.780706 0.938518
vt 0.799891 0.920007
vt 0.807492 0.908272
vt 0.818062 0.880842
vt 0.813584 0.895142
vt 0.821901 0.849727
vt 0.820851 0.865617
vt 0.821196 0.833444
vt 0.818747 0.817047
vt 0.814597 0.800816
vt 0.808816 0.785029
vt 0.792783 0.755856
vt 0.801503 0.769956
vt 0.782806 0.742968
vt 0.771742 0.731515
vt 0.747127 0.713665
vt 0.759781 0.721691
vt 0.720615 0.703523
vt 0.733997 0.707574
vt 0.707210 0.701580
vt 0.694012 0.701779
vt 0.294445 0.854533
vt 0.309927 0.840550
vt 0.308998 0.854546
vt 0.280039 0.854376
vt 0.293116 0.840535
vt 0.260287 0.840010
vt 0.276475 0.840354
vt 0.266026 0.854078
vt 0.243962 0.809034
vt 0.217151 0.838072
vt 0.229285 0.808374
vt 0.608066 0.806099
vt 0.595763 0.806515
vt 0.582022 0.806871
vt 0.567078 0.807161
vt 0.551187 0.807380
vt 0.534621 0.807524
vt 0.517663 0.807591
vt 0.500603 0.807579
vt 0.483734 0.807488
vt 0.467343 0.807321
vt 0.451712 0.807080
vt 0.425073 0.837018
vt 0.437108 0.806770
vt 0.202711 0.806073
vt 0.190495 0.806454
vt 0.176829 0.806781
vt 0.161946 0.807048
vt 0.146101 0.807250
vt 0.129566 0.807385
vt 0.112622 0.807449
vt 0.079070 0.837982
vt 0.095560 0.807442
vt 0.062887 0.837836
vt 0.078673 0.807364
vt 0.047437 0.837624
vt 0.062248 0.807217
vt 0.032984 0.837349
vt 0.046567 0.807001
vt 0.019775 0.837017
vt 0.031898 0.806723
vt 0.008037 0.836632
vt 0.018492 0.806385
vt 0.784934 0.675570
vt 0.799537 0.645754
vt 0.798272 0.669419
vt 0.770374 0.680621
vt 0.786000 0.651996
vt 0.754842 0.684488
vt 0.771223 0.657123
vt 0.738603 0.687103
vt 0.755459 0.661047
vt 0.721934 0.688422
vt 0.738977 0.663701
vt 0.705122 0.688422
vt 0.722060 0.665040
vt 0.688454 0.687103
vt 0.704997 0.665040
vt 0.672215 0.684488
vt 0.688080 0.663701
vt 0.656683 0.680621
vt 0.671598 0.661047
vt 0.642123 0.675570
vt 0.655834 0.657123
vt 0.398651 0.837330
vt 0.410622 0.805806
vt 0.409039 0.836328
vt 0.386626 0.838221
vt 0.400078 0.806823
vt 0.373170 0.838985
vt 0.387874 0.807726
vt 0.358514 0.839609
vt 0.374218 0.808502
vt 0.342908 0.840083
vt 0.359343 0.809135
vt 0.326620 0.840398
vt 0.343504 0.809617
vt 0.326972 0.809937
vt 0.310031 0.810091
vt 0.292969 0.810076
vt 0.276079 0.809892
vt 0.259649 0.809543
vt 0.243962 0.327012
vt 0.215869 0.807575
vt 0.229285 0.326352
vt 0.608066 0.322985
vt 0.595763 0.323402
vt 0.582022 0.323758
vt 0.567078 0.324048
vt 0.551187 0.324267
vt 0.534621 0.324411
vt 0.517663 0.324477
vt 0.500603 0.324466
vt 0.483734 0.324375
vt 0.467343 0.324208
vt 0.451712 0.323967
vt 0.423780 0.806395
vt 0.437108 0.323656
vt 0.202711 0.322907
vt 0.190495 0.323288
vt 0.176829 0.323615
vt 0.161946 0.323882
vt 0.146101 0.324084
vt 0.129566 0.324219
vt 0.112622 0.324283
vt 0.095560 0.324276
vt 0.078673 0.324198
vt 0.062248 0.324051
vt 0.046567 0.323835
vt 0.031898 0.323557
vt 0.006579 0.805995
vt 0.018492 0.323219
vt 0.799537 0.259372
vt 0.786000 0.265615
vt 0.771223 0.270742
vt 0.755459 0.274666
vt 0.738977 0.277320
vt 0.722060 0.278658
vt 0.704997 0.278658
vt 0.688080 0.277320
vt 0.671598 0.274666
vt 0.641057 0.651996
vt 0.655834 0.270742
vt 0.627520 0.645754
vt 0.641057 0.265615
vt 0.400079 0.324800
vt 0.387874 0.325704
vt 0.374218 0.326479
vt 0.359343 0.327113
vt 0.343504 0.327594
vt 0.326972 0.327914
vt 0.310031 0.328068
vt 0.292969 0.328053
vt 0.276079 0.327870
vt 0.259649 0.327520
vt 0.247435 0.280586
vt 0.215869 0.325553
vt 0.233622 0.279965
vt 0.602398 0.276792
vt 0.590819 0.277184
vt 0.577886 0.277520
vt 0.563822 0.277793
vt 0.548865 0.277999
vt 0.533274 0.278134
vt 0.517313 0.278197
vt 0.501257 0.278185
vt 0.469954 0.277943
vt 0.485380 0.278100
vt 0.455242 0.277716
vt 0.423780 0.323281
vt 0.441497 0.277424
vt 0.197006 0.276727
vt 0.185509 0.277086
vt 0.172646 0.277393
vt 0.158639 0.277644
vt 0.143726 0.277835
vt 0.128163 0.277962
vt 0.112216 0.278022
vt 0.096158 0.278016
vt 0.064805 0.277803
vt 0.080264 0.277942
vt 0.050047 0.277601
vt 0.036241 0.277339
vt 0.006579 0.322829
vt 0.023623 0.277021
vt 0.794477 0.219107
vt 0.781737 0.224982
vt 0.767829 0.229808
vt 0.752992 0.233501
vt 0.737480 0.235999
vt 0.721558 0.237258
vt 0.705499 0.237259
vt 0.674065 0.233501
vt 0.689577 0.235999
vt 0.659228 0.229808
vt 0.627520 0.259372
vt 0.645320 0.224982
vt 0.394369 0.278505
vt 0.382882 0.279355
vt 0.370029 0.280085
vt 0.356029 0.280682
vt 0.341122 0.281134
vt 0.325563 0.281436
vt 0.309618 0.281581
vt 0.293559 0.281567
vt 0.262200 0.281065
vt 0.277663 0.281394
vt 0.246632 0.232619
vt 0.257855 0.233123
vt 0.220995 0.279213
vt 0.585397 0.230235
vt 0.575989 0.230554
vt 0.565481 0.230826
vt 0.554053 0.231048
vt 0.541901 0.231215
vt 0.529233 0.231325
vt 0.516265 0.231376
vt 0.503219 0.231367
vt 0.477785 0.231170
vt 0.490319 0.231298
vt 0.465832 0.230986
vt 0.454664 0.230748
vt 0.428953 0.277071
vt 0.179890 0.230219
vt 0.170549 0.230511
vt 0.160098 0.230760
vt 0.148717 0.230965
vt 0.136601 0.231119
vt 0.123956 0.231222
vt 0.110999 0.231272
vt 0.097952 0.231266
vt 0.072477 0.231094
vt 0.085038 0.231207
vt 0.060486 0.230929
vt 0.049269 0.230716
vt 0.788526 0.166363
vt 0.805833 0.212283
vt 0.779299 0.171908
vt 0.768948 0.176681
vt 0.757648 0.180602
vt 0.745593 0.183603
vt 0.732989 0.185632
vt 0.720053 0.186656
vt 0.707004 0.186656
vt 0.681464 0.183603
vt 0.694068 0.185632
vt 0.669409 0.180602
vt 0.658109 0.176681
vt 0.632580 0.219107
vt 0.621224 0.212283
vt 0.647757 0.171908
vt 0.367906 0.232123
vt 0.357463 0.232716
vt 0.346088 0.233201
vt 0.333976 0.233569
vt 0.321334 0.233814
vt 0.308378 0.233931
vt 0.295331 0.233920
vt 0.269852 0.233512
vt 0.282415 0.233780
vt 0.271749 0.192793
vt 0.236373 0.232008
vt 0.263978 0.192444
vt 0.227254 0.231300
vt 0.256876 0.192021
vt 0.556215 0.191385
vt 0.548940 0.191573
vt 0.541028 0.191727
vt 0.532616 0.191843
vt 0.523845 0.191919
vt 0.514867 0.191954
vt 0.505836 0.191948
vt 0.496905 0.191900
vt 0.488228 0.191811
vt 0.479953 0.191684
vt 0.444473 0.230461
vt 0.472221 0.191519
vt 0.157070 0.191217
vt 0.150603 0.191418
vt 0.143368 0.191591
vt 0.135489 0.191732
vt 0.127100 0.191840
vt 0.118346 0.191911
vt 0.109376 0.191945
vt 0.100343 0.191941
vt 0.091403 0.191900
vt 0.082707 0.191822
vt 0.074405 0.191708
vt 0.770949 0.119229
vt 0.796469 0.160142
vt 0.765450 0.123536
vt 0.759062 0.127375
vt 0.751896 0.130680
vt 0.744072 0.133394
vt 0.735727 0.135471
vt 0.727001 0.136876
vt 0.718045 0.137585
vt 0.709012 0.137585
vt 0.700056 0.136876
vt 0.691330 0.135471
vt 0.682984 0.133394
vt 0.675161 0.130680
vt 0.638531 0.166363
vt 0.667995 0.127375
vt 0.630588 0.160142
vt 0.661607 0.123536
vt 0.340707 0.192511
vt 0.332833 0.192847
vt 0.324447 0.193102
vt 0.315695 0.193271
vt 0.306726 0.193353
vt 0.297693 0.193345
vt 0.288752 0.193247
vt 0.280054 0.193063
vt 0.281300 0.153111
vt 0.275904 0.152869
vt 0.547143 0.152321
vt 0.562728 0.191164
vt 0.542620 0.152474
vt 0.537568 0.152605
vt 0.532074 0.152712
vt 0.526232 0.152792
vt 0.520141 0.152845
vt 0.513907 0.152869
vt 0.501433 0.152832
vt 0.507635 0.152865
vt 0.495407 0.152770
vt 0.489660 0.152682
vt 0.465165 0.191321
vt 0.484291 0.152568
vt 0.141381 0.152419
vt 0.136890 0.152559
vt 0.131865 0.152679
vt 0.126394 0.152777
vt 0.120568 0.152852
vt 0.114489 0.152901
vt 0.108260 0.152925
vt 0.095778 0.152894
vt 0.101987 0.152922
vt 0.089740 0.152839
vt 0.066639 0.191560
vt 0.083975 0.152760
vt 0.753404 0.081519
vt 0.749585 0.084510
vt 0.745149 0.087175
vt 0.740172 0.089470
vt 0.734740 0.091355
vt 0.728944 0.092798
vt 0.722885 0.093774
vt 0.716665 0.094266
vt 0.704172 0.093774
vt 0.710392 0.094266
vt 0.698113 0.092798
vt 0.692317 0.091355
vt 0.686885 0.089470
vt 0.681908 0.087175
vt 0.334209 0.152630
vt 0.347937 0.192101
vt 0.329188 0.152916
vt 0.323720 0.153149
vt 0.317897 0.153325
vt 0.311819 0.153443
vt 0.305590 0.153500
vt 0.293108 0.153427
vt 0.299317 0.153494
vt 0.287068 0.153298
vt 0.282169 0.053517
vt 0.270972 0.152575
vt 0.276988 0.053284
vt 0.545726 0.052585
vt 0.541384 0.052732
vt 0.536534 0.052858
vt 0.531260 0.052960
vt 0.525651 0.053038
vt 0.519804 0.053088
vt 0.513819 0.053112
vt 0.507798 0.053108
vt 0.501844 0.053076
vt 0.496060 0.053017
vt 0.490543 0.052932
vt 0.479391 0.152430
vt 0.485388 0.052822
vt 0.139954 0.052677
vt 0.135643 0.052811
vt 0.130820 0.052927
vt 0.125567 0.053021
vt 0.119975 0.053092
vt 0.114139 0.053140
vt 0.108158 0.053163
vt 0.102137 0.053160
vt 0.096176 0.053133
vt 0.090379 0.053080
vt 0.078582 0.152658
vt 0.084845 0.053005
vt 0.073653 0.152534
vt 0.079668 0.052906
vt 0.069274 0.152390
vt 0.074936 0.052787
vt 0.743884 0.006579
vt 0.739107 0.008782
vt 0.733891 0.010592
vt 0.728327 0.011977
vt 0.722510 0.012914
vt 0.716540 0.013386
vt 0.710517 0.013386
vt 0.704547 0.012914
vt 0.698730 0.011977
vt 0.693166 0.010592
vt 0.687950 0.008782
vt 0.337269 0.052736
vt 0.338696 0.152298
vt 0.332961 0.053055
vt 0.328141 0.053329
vt 0.322891 0.053552
vt 0.317301 0.053722
vt 0.311466 0.053835
vt 0.305487 0.053890
vt 0.299465 0.053884
vt 0.293504 0.053819
vt 0.287705 0.053696
vt 0.278695 0.046384
vt 0.272253 0.053002
vt 0.272652 0.046113
vt 0.551394 0.045099
vt 0.546328 0.045270
vt 0.540670 0.045417
vt 0.534516 0.045537
vt 0.527973 0.045627
vt 0.514169 0.045713
vt 0.521151 0.045686
vt 0.507144 0.045708
vt 0.500198 0.045671
vt 0.493449 0.045602
vt 0.487013 0.045503
vt 0.480684 0.052690
vt 0.480999 0.045375
vt 0.145660 0.045172
vt 0.140630 0.045329
vt 0.135002 0.045463
vt 0.128874 0.045573
vt 0.122350 0.045656
vt 0.108564 0.045738
vt 0.115541 0.045712
vt 0.101539 0.045735
vt 0.099235 0.875095
vt 0.097630 0.866011
vt 0.103699 0.873536
vt 0.094966 0.877400
vt 0.092423 0.867829
vt 0.090963 0.880411
vt 0.087441 0.870518
vt 0.087297 0.884077
vt 0.082772 0.874031
vt 0.084029 0.888335
vt 0.078495 0.878308
vt 0.081216 0.893113
vt 0.074682 0.883276
vt 0.078905 0.898328
vt 0.071400 0.888850
vt 0.077137 0.903892
vt 0.068704 0.894935
vt 0.075941 0.909709
vt 0.066641 0.901426
vt 0.064542 0.915178
vt 0.065246 0.908212
vt 0.075338 0.921702
vt 0.075338 0.915680
vt 0.075941 0.927673
vt 0.064542 0.922204
vt 0.077137 0.933490
vt 0.065246 0.929170
vt 0.078905 0.939054
vt 0.066641 0.935957
vt 0.081216 0.944269
vt 0.068704 0.942448
vt 0.084029 0.949047
vt 0.071400 0.948532
vt 0.087297 0.953305
vt 0.074682 0.954106
vt 0.090963 0.956971
vt 0.078495 0.959074
vt 0.094966 0.959983
vt 0.082772 0.963352
vt 0.099235 0.962287
vt 0.087441 0.966865
vt 0.103699 0.963846
vt 0.092422 0.969553
vt 0.305900 0.046819
vt 0.312876 0.046756
vt 0.298874 0.046813
vt 0.291920 0.046737
vt 0.285155 0.046594
vt 0.278695 0.015780
vt 0.267128 0.045783
vt 0.272652 0.015508
vt 0.551394 0.014425
vt 0.546328 0.014597
vt 0.540670 0.014743
vt 0.534516 0.014863
vt 0.527973 0.014953
vt 0.521151 0.015012
vt 0.514169 0.015040
vt 0.507144 0.015035
vt 0.500198 0.014997
vt 0.493449 0.014929
vt 0.487013 0.014829
vt 0.475511 0.045221
vt 0.480999 0.014701
vt 0.145660 0.014495
vt 0.140630 0.014651
vt 0.135002 0.014786
vt 0.128874 0.014896
vt 0.122350 0.014979
vt 0.115541 0.015035
vt 0.108564 0.015061
vt 0.094585 0.045703
vt 0.101539 0.015058
vt 0.087822 0.045643
vt 0.094585 0.015026
vt 0.081365 0.045554
vt 0.087822 0.014965
vt 0.075325 0.045439
vt 0.081365 0.014877
vt 0.069805 0.045300
vt 0.075325 0.014762
vt 0.064899 0.045139
vt 0.069805 0.014623
vt 0.857520 0.794998
vt 0.884728 0.789962
vt 0.862000 0.799195
vt 0.853275 0.790155
vt 0.880249 0.785765
vt 0.849335 0.784749
vt 0.876003 0.780922
vt 0.845768 0.778873
vt 0.872063 0.775517
vt 0.842636 0.772626
vt 0.868497 0.769640
vt 0.839992 0.766117
vt 0.865364 0.763394
vt 0.837881 0.759456
vt 0.862720 0.756885
vt 0.836339 0.752757
vt 0.860609 0.750223
vt 0.835393 0.746135
vt 0.859068 0.743525
vt 0.835059 0.739703
vt 0.858122 0.736903
vt 0.835343 0.733572
vt 0.857788 0.730471
vt 0.337953 0.045846
vt 0.342979 0.014869
vt 0.342979 0.045473
vt 0.332330 0.046165
vt 0.337953 0.015241
vt 0.326205 0.046426
vt 0.332330 0.015560
vt 0.319683 0.046624
vt 0.326205 0.015821
vt 0.319683 0.016019
vt 0.312876 0.016151
vt 0.305900 0.016215
vt 0.298874 0.016208
vt 0.291920 0.016133
vt 0.285155 0.015989
vt 0.283905 0.007350
vt 0.274816 0.006878
vt 0.279157 0.007137
vt 0.262217 0.014798
vt 0.267128 0.015179
vt 0.534467 0.006733
vt 0.538912 0.006618
vt 0.524491 0.006898
vt 0.529632 0.006827
vt 0.513645 0.006966
vt 0.519131 0.006945
vt 0.502668 0.006933
vt 0.508125 0.006962
vt 0.492308 0.006801
vt 0.497365 0.006879
vt 0.483271 0.006579
vt 0.487583 0.006700
vt 0.137102 0.006579
vt 0.128728 0.006808
vt 0.133150 0.006702
vt 0.118787 0.006960
vt 0.123913 0.006894
vt 0.107956 0.007024
vt 0.113437 0.007003
vt 0.096972 0.006997
vt 0.102436 0.007022
vt 0.903413 0.799045
vt 0.910560 0.785920
vt 0.907876 0.799195
vt 0.903419 0.784998
vt 0.907053 0.785802
vt 0.894077 0.796143
vt 0.898787 0.798022
vt 0.896015 0.781399
vt 0.899718 0.783522
vt 0.889364 0.793441
vt 0.888853 0.775368
vt 0.892372 0.778666
vt 0.882421 0.767316
vt 0.885517 0.771563
vt 0.877158 0.757791
vt 0.879619 0.762699
vt 0.873422 0.747442
vt 0.875081 0.752676
vt 0.871467 0.736976
vt 0.872211 0.742179
vt 0.871428 0.727105
vt 0.871205 0.731923
vt 0.858968 0.718613
vt 0.858072 0.724339
vt 0.873306 0.718501
vt 0.872132 0.722605
vt 0.862528 0.708758
vt 0.860462 0.713389
vt 0.876974 0.711752
vt 0.874929 0.714863
vt 0.868224 0.701580
vt 0.865130 0.704799
vt 0.305280 0.007692
vt 0.310762 0.007643
vt 0.294296 0.007628
vt 0.299760 0.007687
vt 0.288981 0.007515
vt 0.895714 0.706420
vt 0.899415 0.707896
vt 0.899567 0.745709
vt 0.903118 0.710019
vt 0.906761 0.712752
vt 0.910280 0.716050
vt 0.913616 0.719855
vt 0.916712 0.724102
vt 0.919514 0.728719
vt 0.921975 0.733627
vt 0.924053 0.738742
vt 0.925711 0.743976
vt 0.926922 0.749239
vt 0.927666 0.754442
vt 0.927928 0.759495
vt 0.927705 0.764313
vt 0.927001 0.768813
vt 0.925827 0.772917
vt 0.924204 0.776555
vt 0.922159 0.779666
vt 0.919728 0.782196
vt 0.916952 0.784101
vt 0.913878 0.785350
vt 0.879405 0.709222
vt 0.882181 0.707317
vt 0.885255 0.706068
vt 0.888573 0.705498
vt 0.892080 0.705616
vt 0.879893 0.224747
vt 0.906801 0.269423
vt 0.896808 0.277278
vt 0.914960 0.258524
vt 0.920729 0.245323
vt 0.923716 0.230720
vt 0.923716 0.215710
vt 0.920729 0.201316
vt 0.914960 0.188518
vt 0.906801 0.178190
vt 0.896808 0.171034
vt 0.885662 0.167539
vt 0.874123 0.167943
vt 0.862978 0.172217
vt 0.852985 0.180072
vt 0.844826 0.190971
vt 0.839056 0.204172
vt 0.836070 0.218775
vt 0.836070 0.233785
vt 0.839056 0.248179
vt 0.844826 0.260976
vt 0.852985 0.271305
vt 0.862978 0.278461
vt 0.874123 0.281956
vt 0.885662 0.281552
vt 0.821599 0.538447
vt 0.832694 0.516390
vt 0.833990 0.539141
vt 0.903213 0.667797
vt 0.893413 0.645208
vt 0.905517 0.644868
vt 0.878119 0.668322
vt 0.891723 0.668119
vt 0.863328 0.668391
vt 0.879084 0.645421
vt 0.848360 0.668322
vt 0.863505 0.645494
vt 0.834233 0.668119
vt 0.847738 0.645421
vt 0.821911 0.667797
vt 0.832858 0.645208
vt 0.914175 0.410064
vt 0.904373 0.387475
vt 0.916399 0.387116
vt 0.889201 0.410645
vt 0.902757 0.410404
vt 0.874431 0.410770
vt 0.890094 0.387728
vt 0.859454 0.410770
vt 0.874536 0.387860
vt 0.845289 0.410645
vt 0.858760 0.387860
vt 0.832902 0.410404
vt 0.843840 0.387728
vt 0.820508 0.387116
vt 0.830793 0.387475
vt 0.828214 0.188428
vt 0.822137 0.202333
vt 0.818991 0.217715
vt 0.818991 0.233525
vt 0.822137 0.248687
vt 0.902868 0.538447
vt 0.893225 0.516390
vt 0.905245 0.515659
vt 0.877904 0.539578
vt 0.891456 0.539141
vt 0.863136 0.539727
vt 0.878950 0.516850
vt 0.848157 0.539578
vt 0.863394 0.517006
vt 0.847617 0.516850
vt 0.821305 0.484931
vt 0.833861 0.485634
vt 0.903866 0.614137
vt 0.892222 0.614464
vt 0.878437 0.614669
vt 0.863450 0.614739
vt 0.848281 0.614669
vt 0.821479 0.614137
vt 0.833966 0.614464
vt 0.914611 0.356394
vt 0.903041 0.356739
vt 0.889305 0.356983
vt 0.874338 0.357109
vt 0.859160 0.357109
vt 0.832255 0.356739
vt 0.844807 0.356983
vt 0.920874 0.146914
vt 0.927553 0.115047
vt 0.933940 0.139956
vt 0.906038 0.151834
vt 0.914984 0.121741
vt 0.890441 0.154381
vt 0.900711 0.126474
vt 0.875148 0.154381
vt 0.885707 0.128925
vt 0.857575 0.126474
vt 0.870994 0.128925
vt 0.903658 0.484931
vt 0.892094 0.485634
vt 0.878361 0.486076
vt 0.863396 0.486227
vt 0.848218 0.486076
vt 0.832596 0.455232
vt 0.906182 0.583539
vt 0.893925 0.583883
vt 0.863638 0.584173
vt 0.879415 0.584100
vt 0.847672 0.584100
vt 0.832603 0.583883
vt 0.916817 0.325776
vt 0.904638 0.326140
vt 0.874424 0.326530
vt 0.890178 0.326397
vt 0.858447 0.326530
vt 0.843338 0.326397
vt 0.822361 0.356394
vt 0.830126 0.326140
vt 0.924627 0.092172
vt 0.896372 0.104201
vt 0.911396 0.099218
vt 0.880578 0.106780
vt 0.567576 0.893181
vt 0.581483 0.866085
vt 0.580787 0.887908
vt 0.906066 0.454491
vt 0.893893 0.455232
vt 0.863685 0.455856
vt 0.879438 0.455697
vt 0.847708 0.455697
vt 0.818991 0.423928
vt 0.832374 0.424678
vt 0.906798 0.552885
vt 0.894388 0.553233
vt 0.879696 0.553452
vt 0.863722 0.553527
vt 0.832299 0.553233
vt 0.847556 0.553452
vt 0.818991 0.552885
vt 0.917311 0.295114
vt 0.904980 0.295482
vt 0.890339 0.295742
vt 0.874388 0.295877
vt 0.842914 0.295742
vt 0.858212 0.295877
vt 0.829536 0.295482
vt 0.819711 0.325776
vt 0.920218 0.068425
vt 0.906821 0.075560
vt 0.891609 0.080604
vt 0.859938 0.083216
vt 0.875618 0.083216
vt 0.865091 0.106780
vt 0.845636 0.080604
vt 0.906762 0.423928
vt 0.894437 0.424678
vt 0.879801 0.425149
vt 0.863851 0.425310
vt 0.847674 0.425149
vt 0.822256 0.039853
vt 0.829468 0.030107
vt 0.880176 0.044897
vt 0.840135 0.021369
vt 0.853531 0.014235
vt 0.868744 0.009190
vt 0.884735 0.006579
vt 0.900415 0.006579
vt 0.914717 0.009190
vt 0.926664 0.014235
vt 0.935444 0.021369
vt 0.940457 0.030107
vt 0.941362 0.039853
vt 0.938097 0.049942
vt 0.930885 0.059688
vt 0.833689 0.075560
vt 0.824909 0.068425
vt 0.819896 0.059688
vt 0.818991 0.049942
vt 0.956632 0.813006
vt 0.968666 0.964892
vt 0.956632 0.965545
vt 0.919956 0.519439
vt 0.960503 0.663141
vt 0.919956 0.668391
vt 0.973661 0.514189
vt 0.985877 0.665360
vt 0.973661 0.664180
vt 0.839388 0.819529
vt 0.878621 0.940234
vt 0.835059 0.947410
vt 0.839388 0.954532
vt 0.882950 0.947356
vt 0.128242 0.911595
vt 0.116857 0.866011
vt 0.128242 0.868528
vt 0.982183 0.297284
vt 0.993421 0.427936
vt 0.982183 0.427509
vt 0.896109 0.812353
vt 0.943474 0.925528
vt 0.901764 0.914995
vt 0.981824 0.813507
vt 0.993229 0.941057
vt 0.981824 0.942211
vt 0.930469 0.295114
vt 0.969025 0.427936
vt 0.930469 0.423672
vt 0.896109 0.922691
vt 0.434929 0.907336
vt 0.423780 0.869409
vt 0.434929 0.866085
vt 0.941086 0.799195
vt 0.954217 0.684196
vt 0.954217 0.798991
vt 0.157871 0.866011
vt 0.202711 0.981581
vt 0.157871 0.980599
vt 0.967323 0.059795
vt 0.967332 0.153454
vt 0.954520 0.154381
vt 0.006579 0.868135
vt 0.051384 0.978770
vt 0.006579 0.980894
vt 0.594641 0.902284
vt 0.608066 0.866085
vt 0.608066 0.902104
vt 0.954520 0.033755
vt 0.980135 0.058868
vt 0.681246 0.704117
vt 0.012411 0.276653
vt 0.039017 0.230458
vt 0.250563 0.191531
vt 0.656108 0.119229
vt 0.677472 0.084510
vt 0.070732 0.052649
vt 0.683173 0.006579
vt 0.097630 0.971372
vt 0.475511 0.014547
vt 0.064899 0.014462
vt 0.270958 0.006579
vt 0.819642 0.515659
vt 0.819878 0.644868
vt 0.823138 0.410064
vt 0.828214 0.262167
vt 0.861200 0.151834
vt 0.819379 0.454491
vt 0.819459 0.583539
vt 0.567576 0.871635
vt 0.818991 0.295114
vt 0.850966 0.104201
vt 0.968666 0.812353
vt 0.960503 0.514189
vt 0.985877 0.515369
vt 0.882950 0.812353
vt 0.116857 0.909077
vt 0.993421 0.297712
vt 0.937818 0.822886
vt 0.993229 0.812353
vt 0.969025 0.299378
vt 0.937818 0.933224
vt 0.423780 0.910660
vt 0.941086 0.684400
vt 0.202711 0.866992
vt 0.051384 0.866011
vt 0.594641 0.866265
vt 0.967332 0.032828
s 1
f 1/1/1 3/2/1 2/3/1
f 1/1/1 4/4/1 3/2/1
f 1/1/1 5/5/1 4/4/1
f 1/1/1 6/6/1 5/5/1
f 1/1/1 7/7/1 6/6/1
f 1/1/1 8/8/1 7/7/1
f 1/1/1 9/9/1 8/8/1
f 1/1/1 10/10/1 9/9/1
f 1/1/1 11/11/1 10/10/1
f 1/1/1 12/12/1 11/11/1
f 1/1/1 13/13/1 12/12/1
f 1/1/1 14/14/1 13/13/1
f 1/1/1 15/15/1 14/14/1
f 1/1/1 16/16/1 15/15/1
f 1/1/1 17/17/1 16/16/1
f 1/1/1 18/18/1 17/17/1
f 1/1/1 19/19/1 18/18/1
f 1/1/1 20/20/1 19/19/1
f 1/1/1 21/21/1 20/20/1
f 1/1/1 22/22/1 21/21/1
f 1/1/1 23/23/1 22/22/1
f 1/1/1 24/24/1 23/23/1
f 1/1/1 25/25/1 24/24/1
f 1/1/1 26/26/1 25/25/1
f 1/1/1 27/27/1 26/26/1
f 1/1/1 28/28/1 27/27/1
f 1/1/1 29/29/1 28/28/1
f 1/1/1 30/30/1 29/29/1
f 1/1/1 31/31/1 30/30/1
f 1/1/1 32/32/1 31/31/1
f 1/1/1 33/33/1 32/32/1
f 1/1/1 34/34/1 33/33/1
f 1/1/1 35/35/1 34/34/1
f 1/1/1 36/36/1 35/35/1
f 1/1/1 37/37/1 36/36/1
f 1/1/1 38/38/1 37/37/1
f 1/1/1 39/39/1 38/38/1
f 1/1/1 40/40/1 39/39/1
f 1/1/1 41/41/1 40/40/1
f 1/1/1 42/42/1 41/41/1
f 1/1/1 43/43/1 42/42/1
f 1/1/1 44/44/1 43/43/1
f 1/1/1 45/45/1 44/44/1
f 1/1/1 46/46/1 45/45/1
f 1/1/1 47/47/1 46/46/1
f 1/1/1 48/48/1 47/47/1
f 1/1/1 49/49/1 48/48/1
f 1/1/1 2/3/1 49/49/1
f 3/50/2 50/51/3 2/52/3
f 4/53/4 51/54/2 3/50/2
f 4/55/4 53/56/5 52/57/6
f 6/58/7 53/56/5 5/59/5
f 6/58/7 55/60/8 54/61/7
f 8/62/9 55/60/8 7/63/8
f 9/64/10 56/65/9 8/62/9
f 10/66/11 57/67/10 9/64/10
f 11/68/12 58/69/11 10/66/11
f 12/70/13 59/71/12 11/68/12
f 12/70/13 61/72/14 60/73/15
f 14/74/16 61/72/14 13/75/14
f 15/76/17 62/77/16 14/74/16
f 16/78/18 63/79/17 15/76/17
f 16/80/18 65/81/19 64/82/20
f 18/83/21 65/81/19 17/84/19
f 18/83/21 67/85/22 66/86/21
f 20/87/23 67/85/22 19/88/22
f 21/89/24 68/90/23 20/87/23
f 22/91/25 69/92/24 21/89/24
f 23/93/26 70/94/25 22/91/25
f 24/95/27 71/96/26 23/93/26
f 24/24/27 73/97/28 72/98/29
f 26/26/30 73/97/28 25/25/28
f 27/27/31 74/99/30 26/26/30
f 28/28/32 75/100/31 27/27/31
f 28/28/32 77/101/33 76/102/34
f 30/30/35 77/101/33 29/29/33
f 30/30/35 79/103/36 78/104/35
f 32/32/37 79/103/36 31/31/36
f 33/33/38 80/105/37 32/32/37
f 34/34/39 81/106/38 33/33/38
f 35/35/40 82/107/39 34/34/39
f 36/36/41 83/108/40 35/35/40
f 36/36/41 85/109/42 84/110/43
f 38/38/44 85/109/42 37/37/42
f 39/39/45 86/111/44 38/38/44
f 40/40/46 87/112/45 39/39/45
f 40/40/46 89/113/47 88/114/48
f 42/42/49 89/113/47 41/41/47
f 42/42/49 91/115/50 90/116/49
f 44/44/51 91/115/50 43/43/50
f 45/45/52 92/117/51 44/44/51
f 46/46/53 93/118/52 45/45/52
f 47/119/54 94/120/53 46/121/53
f 48/122/55 95/123/54 47/119/54
f 48/122/55 97/124/56 96/125/57
f 2/52/3 97/124/56 49/126/56
f 51/54/58 98/127/59 50/51/60
f 52/128/61 99/129/62 51/54/58
f 53/56/63 100/130/64 52/57/61
f 54/61/65 101/131/66 53/56/63
f 55/60/67 102/132/68 54/61/65
f 56/65/69 103/133/70 55/60/67
f 57/67/71 104/134/72 56/65/69
f 58/69/73 105/135/74 57/67/71
f 59/71/75 106/136/76 58/69/73
f 60/73/77 107/137/78 59/71/75
f 61/72/79 108/138/80 60/73/77
f 62/77/81 109/139/82 61/72/79
f 63/79/83 110/140/84 62/77/81
f 64/141/85 111/142/86 63/79/83
f 65/81/87 112/143/88 64/82/85
f 66/86/89 113/144/90 65/81/87
f 67/85/91 114/145/92 66/86/89
f 68/90/93 115/146/94 67/85/91
f 69/92/95 116/147/96 68/90/93
f 70/94/97 117/148/98 69/92/95
f 71/96/99 118/149/100 70/94/97
f 72/150/101 119/151/102 71/96/99
f 73/152/103 120/153/104 72/150/101
f 74/154/105 121/155/106 73/152/103
f 75/156/107 122/157/108 74/154/105
f 76/158/109 123/159/110 75/156/107
f 77/160/111 124/161/112 76/158/109
f 78/162/113 125/163/114 77/164/111
f 79/165/115 126/166/116 78/162/113
f 80/167/117 127/168/118 79/165/115
f 81/169/119 128/170/120 80/167/117
f 82/171/121 129/172/122 81/169/119
f 83/173/123 130/174/124 82/171/121
f 84/175/125 131/176/126 83/173/123
f 85/177/127 132/178/128 84/175/125
f 86/179/129 133/180/130 85/177/127
f 87/181/131 134/182/132 86/179/129
f 88/183/133 135/184/134 87/185/131
f 89/186/135 136/187/136 88/183/133
f 90/188/137 137/189/138 89/186/135
f 91/190/139 138/191/140 90/188/137
f 92/192/141 139/193/142 91/190/139
f 93/194/143 140/195/144 92/192/141
f 94/120/145 141/196/146 93/194/143
f 95/123/147 142/197/148 94/120/145
f 96/125/149 143/198/150 95/123/147
f 97/124/151 144/199/152 96/125/149
f 50/51/60 145/200/153 97/124/151
f 99/129/62 146/201/154 98/127/59
f 100/202/64 147/203/155 99/129/62
f 101/131/66 148/204/156 100/130/64
f 102/132/68 149/205/157 101/131/66
f 103/133/70 150/206/158 102/132/68
f 104/134/72 151/207/159 103/133/70
f 105/135/74 152/208/160 104/134/72
f 106/136/76 153/209/161 105/135/74
f 107/137/78 154/210/162 106/136/76
f 108/138/80 155/211/163 107/137/78
f 109/139/82 156/212/164 108/138/80
f 110/140/84 157/213/165 109/139/82
f 111/142/86 158/214/166 110/140/84
f 112/215/88 159/216/167 111/142/86
f 113/144/90 160/217/168 112/143/88
f 114/145/92 161/218/169 113/144/90
f 115/146/94 162/219/170 114/145/92
f 116/147/96 163/220/171 115/146/94
f 117/148/98 164/221/172 116/147/96
f 118/149/100 165/222/173 117/148/98
f 119/151/102 166/223/174 118/149/100
f 120/153/104 167/224/175 119/151/102
f 121/155/106 168/225/176 120/153/104
f 122/157/108 169/226/177 121/155/106
f 123/159/110 170/227/178 122/157/108
f 124/161/112 171/228/179 123/159/110
f 125/229/114 172/230/180 124/161/112
f 126/166/116 173/231/181 125/163/114
f 127/168/118 174/232/182 126/166/116
f 128/170/120 175/233/183 127/168/118
f 129/172/122 176/234/184 128/170/120
f 130/174/124 177/235/185 129/172/122
f 131/176/126 178/236/186 130/174/124
f 132/178/128 179/237/187 131/176/126
f 133/180/130 180/238/188 132/178/128
f 134/182/132 181/239/189 133/180/130
f 135/240/134 182/241/190 134/182/132
f 136/242/136 183/243/191 135/240/134
f 137/189/138 184/244/192 136/187/136
f 138/191/140 185/245/193 137/189/138
f 139/193/142 186/246/194 138/191/140
f 140/195/144 187/247/195 139/193/142
f 141/196/146 188/248/196 140/195/144
f 142/197/148 189/249/197 141/196/146
f 143/198/150 190/250/198 142/197/148
f 144/199/152 191/251/199 143/198/150
f 145/200/153 192/252/200 144/199/152
f 98/127/59 193/253/201 145/200/153
f 147/203/155 194/254/202 146/201/154
f 148/255/156 195/256/203 147/203/155
f 149/205/157 196/257/204 148/204/156
f 150/206/158 197/258/205 149/205/157
f 151/207/159 198/259/206 150/206/158
f 152/208/160 199/260/207 151/207/159
f 153/209/161 200/261/208 152/208/160
f 154/210/162 201/262/209 153/209/161
f 155/211/163 202/263/210 154/210/162
f 156/212/164 203/264/211 155/211/163
f 156/212/164 205/265/212 204/266/213
f 158/214/166 205/265/212 157/213/165
f 159/216/167 206/267/214 158/214/166
f 160/268/168 207/269/215 159/216/167
f 161/218/169 208/270/216 160/217/168
f 162/219/170 209/271/217 161/218/169
f 163/220/171 210/272/218 162/219/170
f 164/221/172 211/273/219 163/220/171
f 165/222/173 212/274/220 164/221/172
f 166/223/174 213/275/221 165/222/173
f 167/224/175 214/276/222 166/223/174
f 168/225/176 215/277/223 167/224/175
f 168/225/176 217/278/224 216/279/225
f 170/227/178 217/278/224 169/226/177
f 171/228/179 218/280/226 170/227/178
f 172/230/180 219/281/227 171/228/179
f 173/282/181 220/283/228 172/230/180
f 174/232/182 221/284/229 173/231/181
f 175/233/183 222/285/230 174/232/182
f 176/234/184 223/286/231 175/233/183
f 177/235/185 224/287/232 176/234/184
f 178/236/186 225/288/233 177/235/185
f 179/237/187 226/289/234 178/236/186
f 180/238/188 227/290/235 179/237/187
f 180/238/188 229/291/236 228/292/237
f 182/241/190 229/291/236 181/239/189
f 183/243/191 230/293/238 182/241/190
f 184/294/192 231/295/239 183/243/191
f 185/245/193 232/296/240 184/244/192
f 186/246/194 233/297/241 185/245/193
f 187/247/195 234/298/242 186/246/194
f 188/248/196 235/299/243 187/247/195
f 189/249/197 236/300/244 188/248/196
f 190/250/198 237/301/245 189/249/197
f 191/251/199 238/302/246 190/250/198
f 192/252/200 239/303/247 191/251/199
f 192/252/200 241/304/248 240/305/249
f 146/201/154 241/304/248 193/253/201
f 194/254/202 243/306/250 242/307/251
f 196/308/204 243/306/250 195/256/203
f 197/258/205 244/309/252 196/257/204
f 198/259/206 245/310/253 197/258/205
f 199/260/207 246/311/254 198/259/206
f 200/261/208 247/312/255 199/260/207
f 201/262/209 248/313/256 200/261/208
f 202/263/210 249/314/257 201/262/209
f 203/264/211 250/315/258 202/263/210
f 204/266/213 251/316/259 203/264/211
f 204/266/213 253/317/260 252/318/261
f 205/265/212 254/319/262 253/317/260
f 206/267/214 255/320/263 254/319/262
f 208/321/216 255/320/263 207/269/215
f 209/271/217 256/322/264 208/270/216
f 210/272/218 257/323/265 209/271/217
f 211/273/219 258/324/266 210/272/218
f 212/274/220 259/325/267 211/273/219
f 213/275/221 260/326/268 212/274/220
f 214/276/222 261/327/269 213/275/221
f 215/277/223 262/328/270 214/276/222
f 216/279/225 263/329/271 215/277/223
f 216/279/225 265/330/272 264/331/273
f 217/278/224 266/332/274 265/330/272
f 218/280/226 267/333/275 266/332/274
f 220/283/228 267/333/275 219/281/227
f 221/284/229 268/334/276 220/335/228
f 222/285/230 269/336/277 221/284/229
f 223/286/231 270/337/278 222/285/230
f 224/287/232 271/338/279 223/286/231
f 225/288/233 272/339/280 224/287/232
f 226/289/234 273/340/281 225/288/233
f 227/290/235 274/341/282 226/289/234
f 228/292/237 275/342/283 227/290/235
f 228/292/237 277/343/284 276/344/285
f 229/291/236 278/345/286 277/343/284
f 230/293/238 279/346/287 278/345/286
f 232/347/240 279/346/287 231/295/239
f 233/348/241 280/349/288 232/347/240
f 234/298/242 281/350/289 233/297/241
f 235/299/243 282/351/290 234/298/242
f 236/300/244 283/352/291 235/299/243
f 237/301/245 284/353/292 236/300/244
f 238/302/246 285/354/293 237/301/245
f 239/303/247 286/355/294 238/302/246
f 240/305/249 287/356/295 239/303/247
f 240/305/249 289/357/296 288/358/297
f 241/304/248 242/307/251 289/357/296
f 243/306/250 290/359/298 242/307/251
f 244/360/252 291/361/299 243/306/250
f 245/362/253 292/363/300 244/360/252
f 246/311/254 293/364/301 245/310/253
f 247/312/255 294/365/302 246/311/254
f 248/313/256 295/366/303 247/312/255
f 249/314/257 296/367/304 248/313/256
f 250/315/258 297/368/305 249/314/257
f 251/316/259 298/369/306 250/315/258
f 252/318/261 299/370/307 251/316/259
f 253/317/260 300/371/308 252/318/261
f 254/319/262 301/372/309 253/317/260
f 255/320/263 302/373/310 254/319/262
f 256/374/264 303/375/311 255/320/263
f 257/323/265 304/376/312 256/322/264
f 258/324/266 305/377/313 257/323/265
f 259/325/267 306/378/314 258/324/266
f 260/326/268 307/379/315 259/325/267
f 261/327/269 308/380/316 260/326/268
f 262/328/270 309/381/317 261/327/269
f 263/329/271 310/382/318 262/328/270
f 264/331/273 311/383/319 263/329/271
f 265/330/272 312/384/320 264/331/273
f 266/332/274 313/385/321 265/330/272
f 267/333/275 314/386/322 266/332/274
f 268/334/276 315/387/323 267/388/275
f 269/336/277 316/389/324 268/334/276
f 270/337/278 317/390/325 269/336/277
f 271/338/279 318/391/326 270/337/278
f 272/339/280 319/392/327 271/338/279
f 273/340/281 320/393/328 272/339/280
f 274/341/282 321/394/329 273/340/281
f 275/342/283 322/395/330 274/341/282
f 276/344/285 323/396/331 275/342/283
f 277/343/284 324/397/332 276/344/285
f 278/345/286 325/398/333 277/343/284
f 279/346/287 326/399/334 278/345/286
f 280/349/288 327/400/335 279/346/287
f 281/401/289 328/402/336 280/349/288
f 282/403/290 329/404/337 281/401/289
f 283/352/291 330/405/338 282/351/290
f 284/353/292 331/406/339 283/352/291
f 285/354/293 332/407/340 284/353/292
f 286/355/294 333/408/341 285/354/293
f 287/356/295 334/409/342 286/355/294
f 288/358/297 335/410/343 287/356/295
f 289/357/296 336/411/344 288/358/297
f 242/307/251 337/412/345 289/357/296
f 291/361/299 338/413/346 290/359/298
f 292/363/300 339/414/347 291/361/299
f 293/364/301 340/415/348 292/416/300
f 294/365/302 341/417/349 293/364/301
f 295/366/303 342/418/350 294/365/302
f 296/367/304 343/419/351 295/366/303
f 297/368/305 344/420/352 296/367/304
f 298/369/306 345/421/353 297/368/305
f 299/370/307 346/422/354 298/369/306
f 299/370/307 348/423/355 347/424/356
f 301/372/309 348/423/355 300/371/308
f 302/373/310 349/425/357 301/372/309
f 303/375/311 350/426/358 302/373/310
f 304/427/312 351/428/359 303/375/311
f 305/377/313 352/429/360 304/376/312
f 306/378/314 353/430/361 305/377/313
f 307/379/315 354/431/362 306/378/314
f 308/380/316 355/432/363 307/379/315
f 309/381/317 356/433/364 308/380/316
f 310/382/318 357/434/365 309/381/317
f 311/383/319 358/435/366 310/382/318
f 311/383/319 360/436/367 359/437/368
f 313/385/321 360/436/367 312/384/320
f 314/386/322 361/438/369 313/385/321
f 315/439/323 362/440/370 314/386/322
f 316/389/324 363/441/371 315/387/323
f 317/390/325 364/442/372 316/389/324
f 318/391/326 365/443/373 317/390/325
f 319/392/327 366/444/374 318/391/326
f 320/393/328 367/445/375 319/392/327
f 321/394/329 368/446/376 320/393/328
f 322/395/330 369/447/377 321/394/329
f 323/396/331 370/448/378 322/395/330
f 323/396/331 372/449/379 371/450/380
f 325/398/333 372/449/379 324/397/332
f 326/399/334 373/451/381 325/398/333
f 327/400/335 374/452/382 326/399/334
f 328/402/336 375/453/383 327/400/335
f 329/404/337 376/454/384 328/402/336
f 330/405/338 377/455/385 329/456/337
f 331/406/339 378/457/386 330/405/338
f 332/407/340 379/458/387 331/406/339
f 333/408/341 380/459/388 332/407/340
f 334/409/342 381/460/389 333/408/341
f 335/410/343 382/461/390 334/409/342
f 335/410/343 384/462/391 383/463/392
f 337/412/345 384/462/391 336/411/344
f 290/359/298 385/464/393 337/412/345
f 339/414/347 386/465/394 338/413/346
f 340/466/348 387/467/395 339/414/347
f 341/417/349 388/468/396 340/415/348
f 342/418/350 389/469/397 341/417/349
f 343/419/351 390/470/398 342/418/350
f 344/420/352 391/471/399 343/419/351
f 345/421/353 392/472/400 344/420/352
f 346/422/354 393/473/401 345/421/353
f 347/424/356 394/474/402 346/422/354
f 348/423/355 395/475/403 347/424/356
f 349/425/357 396/476/404 348/423/355
f 350/426/358 397/477/405 349/425/357
f 351/428/359 398/478/406 350/426/358
f 352/479/360 399/480/407 351/428/359
f 353/430/361 400/481/408 352/429/360
f 354/431/362 401/482/409 353/430/361
f 355/432/363 402/483/410 354/431/362
f 356/433/364 403/484/411 355/432/363
f 357/434/365 404/485/412 356/433/364
f 358/435/366 405/486/413 357/434/365
f 359/437/368 406/487/414 358/435/366
f 360/436/367 407/488/415 359/437/368
f 361/438/369 408/489/416 360/436/367
f 362/440/370 409/490/417 361/438/369
f 363/491/371 410/492/418 362/440/370
f 364/493/372 411/494/419 363/491/371
f 365/495/373 412/496/420 364/493/372
f 366/444/374 413/497/421 365/443/373
f 367/445/375 414/498/422 366/444/374
f 368/446/376 415/499/423 367/445/375
f 369/447/377 416/500/424 368/446/376
f 370/448/378 417/501/425 369/447/377
f 371/450/380 418/502/426 370/448/378
f 372/449/379 419/503/427 371/450/380
f 373/451/381 420/504/428 372/449/379
f 374/452/382 421/505/429 373/451/381
f 375/453/383 422/506/430 374/452/382
f 376/454/384 423/507/431 375/453/383
f 377/455/385 424/508/432 376/509/384
f 378/457/386 425/510/433 377/455/385
f 379/458/387 426/511/434 378/457/386
f 380/459/388 427/512/435 379/458/387
f 381/460/389 428/513/436 380/459/388
f 382/461/390 429/514/437 381/460/389
f 383/463/392 430/515/438 382/461/390
f 384/462/391 431/516/439 383/463/392
f 385/464/393 432/517/440 384/462/391
f 338/413/346 433/518/441 385/464/393
f 387/467/442 434/519/443 386/465/443
f 388/520/444 435/521/442 387/467/442
f 389/469/445 436/522/444 388/468/444
f 390/470/446 437/523/445 389/469/445
f 391/471/447 438/524/446 390/470/446
f 392/472/448 439/525/447 391/471/447
f 393/473/449 440/526/448 392/472/448
f 393/473/449 442/527/450 441/528/449
f 395/475/451 442/527/450 394/474/450
f 396/476/452 443/529/451 395/475/451
f 397/477/453 444/530/452 396/476/452
f 398/478/454 445/531/453 397/477/453
f 399/480/455 446/532/454 398/478/454
f 400/533/456 447/534/455 399/480/455
f 401/482/457 448/535/456 400/481/456
f 402/483/458 449/536/457 401/482/457
f 403/484/459 450/537/458 402/483/458
f 404/485/460 451/538/459 403/484/459
f 405/486/461 452/539/460 404/485/460
f 405/486/461 454/540/462 453/541/461
f 407/488/463 454/540/462 406/487/462
f 408/489/464 455/542/463 407/488/463
f 409/543/465 456/544/464 408/545/464
f 410/546/466 457/547/465 409/543/465
f 411/548/467 458/549/466 410/546/466
f 412/550/468 459/551/467 411/548/467
f 413/552/469 460/553/468 412/550/468
f 414/554/470 461/555/469 413/552/469
f 415/556/471 462/557/470 414/554/470
f 416/558/472 463/559/471 415/556/471
f 417/560/473 464/561/472 416/558/472
f 417/560/473 466/562/474 465/563/473
f 419/564/475 466/562/474 418/565/474
f 420/566/476 467/567/475 419/564/475
f 421/568/477 468/569/476 420/566/476
f 422/570/478 469/571/477 421/568/477
f 423/572/479 470/573/478 422/570/478
f 424/574/480 471/575/479 423/572/479
f 425/576/481 472/577/480 424/574/480
f 426/578/482 473/579/481 425/576/481
f 427/580/483 474/581/482 426/578/482
f 428/582/484 475/583/483 427/580/483
f 429/584/485 476/585/484 428/582/484
f 429/514/485 478/586/486 477/587/485
f 431/516/487 478/586/486 430/515/486
f 432/517/488 479/588/487 431/516/487
f 433/518/489 480/589/488 432/517/488
f 386/465/443 481/590/489 433/518/489
f 435/521/490 482/591/491 434/519/491
f 436/592/492 483/593/490 435/521/490
f 437/523/493 484/594/492 436/522/492
f 438/524/494 485/595/493 437/523/493
f 439/525/495 486/596/494 438/524/494
f 440/526/496 487/597/495 439/525/495
f 441/528/497 488/598/496 440/526/496
f 442/527/498 489/599/497 441/528/497
f 443/529/499 490/600/498 442/527/498
f 444/530/500 491/601/499 443/529/499
f 445/531/501 492/602/500 444/530/500
f 446/532/502 493/603/501 445/531/501
f 447/534/503 494/604/502 446/532/502
f 448/605/504 495/606/503 447/534/503
f 449/536/505 496/607/504 448/535/504
f 450/537/506 497/608/505 449/536/505
f 451/538/507 498/609/506 450/537/506
f 452/539/508 499/610/507 451/538/507
f 453/541/509 500/611/508 452/539/508
f 454/540/510 501/612/509 453/541/509
f 455/542/511 502/613/510 454/540/510
f 456/614/512 503/615/511 455/542/511
f 457/616/513 504/617/512 456/614/512
f 458/618/514 505/619/513 457/616/513
f 459/620/515 506/621/514 458/618/514
f 460/622/516 507/623/515 459/620/515
f 461/624/517 508/625/516 460/622/516
f 462/626/518 509/627/517 461/628/517
f 463/629/519 510/630/518 462/626/518
f 464/631/520 511/632/519 463/629/519
f 465/633/521 512/634/520 464/631/520
f 466/635/522 513/636/521 465/633/521
f 467/637/523 514/638/522 466/635/522
f 468/639/524 515/640/523 467/637/523
f 469/641/525 516/642/524 468/639/524
f 470/643/526 517/644/525 469/641/525
f 471/645/527 518/646/526 470/643/526
f 472/647/528 519/648/527 471/645/527
f 473/649/529 520/650/528 472/651/528
f 474/652/530 521/653/529 473/649/529
f 475/654/531 522/655/530 474/652/530
f 476/656/532 523/657/531 475/654/531
f 477/587/533 524/658/532 476/656/532
f 478/586/534 525/659/533 477/587/533
f 479/588/535 526/660/534 478/586/534
f 480/589/536 527/661/535 479/588/535
f 481/590/537 528/662/536 480/589/536
f 434/519/491 529/663/537 481/590/537
f 483/593/538 530/664/539 482/591/540
f 483/593/538 532/665/541 531/666/542
f 485/667/543 532/665/541 484/668/544
f 485/595/543 534/669/545 533/670/546
f 487/597/547 534/669/545 486/596/548
f 487/597/547 536/671/549 535/672/550
f 489/599/551 536/671/549 488/598/552
f 489/599/551 538/673/553 537/674/554
f 491/601/555 538/673/553 490/600/556
f 491/601/555 540/675/557 539/676/558
f 493/603/559 540/675/557 492/602/560
f 493/603/559 542/677/561 541/678/562
f 495/606/563 542/677/561 494/604/564
f 495/606/563 544/679/565 543/680/566
f 497/608/567 544/681/565 496/607/568
f 497/608/567 546/682/569 545/683/570
f 499/610/571 546/682/569 498/609/572
f 499/610/571 548/684/573 547/685/574
f 501/612/575 548/684/573 500/611/576
f 501/612/575 550/686/577 549/687/578
f 503/615/579 550/686/577 502/613/580
f 503/615/579 552/688/581 551/689/582
f 505/690/583 552/691/581 504/692/584
f 505/690/583 554/693/585 553/694/586
f 507/695/587 554/693/585 506/696/588
f 507/695/587 556/697/589 555/698/590
f 509/627/591 556/697/589 508/699/592
f 509/627/591 558/700/593 557/701/594
f 511/632/595 558/700/593 510/630/596
f 511/632/595 560/702/597 559/703/598
f 513/636/599 560/702/597 512/634/600
f 513/636/599 562/704/601 561/705/602
f 515/640/603 562/704/601 514/638/604
f 515/640/603 564/706/605 563/707/606
f 517/644/607 564/706/605 516/642/608
f 517/644/607 566/708/609 565/709/610
f 519/648/611 566/708/609 518/646/612
f 519/648/611 568/710/613 567/711/614
f 521/712/615 568/710/613 520/713/616
f 521/712/615 570/714/617 569/715/618
f 523/716/619 570/714/617 522/717/620
f 523/716/619 572/718/621 571/719/622
f 525/720/623 572/718/621 524/721/624
f 525/659/623 574/722/625 573/723/626
f 527/661/627 574/722/625 526/660/628
f 527/661/627 576/724/629 575/725/630
f 529/663/631 576/724/629 528/662/632
f 529/663/631 530/664/539 577/726/633
f 530/727/539 531/728/542 578/729/634
f 531/728/542 532/730/541 578/729/634
f 532/730/541 533/731/546 578/729/634
f 533/731/546 534/732/545 578/729/634
f 534/732/545 535/733/550 578/729/634
f 535/733/550 536/734/549 578/729/634
f 536/734/549 537/735/554 578/729/634
f 537/735/554 538/736/553 578/729/634
f 538/736/553 539/737/558 578/729/634
f 539/737/558 540/738/557 578/729/634
f 540/738/557 541/739/562 578/729/634
f 541/739/562 542/740/561 578/729/634
f 542/740/561 543/741/566 578/729/634
f 543/741/566 544/742/565 578/729/634
f 544/742/565 545/743/570 578/729/634
f 545/743/570 546/744/569 578/729/634
f 546/744/569 547/745/574 578/729/634
f 547/745/574 548/746/573 578/729/634
f 548/746/573 549/747/578 578/729/634
f 549/747/578 550/748/577 578/729/634
f 550/748/577 551/749/582 578/729/634
f 551/749/582 552/691/581 578/729/634
f 552/691/581 553/694/586 578/729/634
f 553/694/586 554/693/585 578/729/634
f 554/693/585 555/698/590 578/729/634
f 555/698/590 556/697/589 578/729/634
f 556/697/589 557/701/594 578/729/634
f 557/701/594 558/700/593 578/729/634
f 558/700/593 559/703/598 578/729/634
f 559/703/598 560/702/597 578/729/634
f 560/702/597 561/705/602 578/729/634
f 561/705/602 562/704/601 578/729/634
f 562/704/601 563/707/606 578/729/634
f 563/707/606 564/706/605 578/729/634
f 564/706/605 565/709/610 578/729/634
f 565/709/610 566/708/609 578/729/634
f 566/708/609 567/711/614 578/729/634
f 567/711/614 568/710/613 578/729/634
f 568/710/613 569/715/618 578/729/634
f 569/715/618 570/714/617 578/729/634
f 570/714/617 571/719/622 578/729/634
f 571/719/622 572/718/621 578/729/634
f 572/718/621 573/750/626 578/729/634
f 573/750/626 574/751/625 578/729/634
f 574/751/625 575/752/630 578/729/634
f 575/752/630 576/753/629 578/729/634
f 576/753/629 577/754/633 578/729/634
f 577/754/633 530/727/539 578/729/634
f 579/755/1 581/756/1 580/757/1
f 579/755/1 582/758/1 581/756/1
f 579/755/1 583/759/1 582/758/1
f 579/755/1 584/760/1 583/759/1
f 579/755/1 585/761/1 584/760/1
f 579/755/1 586/762/1 585/761/1
f 579/755/1 587/763/1 586/762/1
f 579/755/1 588/764/1 587/763/1
f 579/755/1 589/765/1 588/764/1
f 579/755/1 590/766/1 589/765/1
f 579/755/1 591/767/1 590/766/1
f 579/755/1 592/768/1 591/767/1
f 579/755/1 593/769/1 592/768/1
f 579/755/1 594/770/1 593/769/1
f 579/755/1 595/771/1 594/770/1
f 579/755/1 596/772/1 595/771/1
f 579/755/1 597/773/1 596/772/1
f 579/755/1 598/774/1 597/773/1
f 579/755/1 599/775/1 598/774/1
f 579/755/1 600/776/1 599/775/1
f 579/755/1 601/777/1 600/776/1
f 579/755/1 602/778/1 601/777/1
f 579/755/1 603/779/1 602/778/1
f 579/755/1 580/757/1 603/779/1
f 581/780/635 604/781/636 580/782/637
f 581/783/635 606/784/638 605/785/639
f 583/786/640 606/784/638 582/787/641
f 584/788/642 607/789/643 583/786/640
f 585/790/644 608/791/645 584/788/642
f 586/792/646 609/793/647 585/790/644
f 587/794/648 610/795/649 586/792/646
f 587/796/648 612/797/650 611/798/651
f 589/799/652 612/797/650 588/800/653
f 590/801/654 613/802/655 589/799/652
f 591/803/656 614/804/657 590/801/654
f 592/805/658 615/806/659 591/803/656
f 593/807/660 616/808/661 592/805/658
f 593/807/660 618/809/662 617/810/663
f 595/771/664 618/811/662 594/770/665
f 596/772/666 619/812/667 595/771/664
f 597/773/668 620/813/669 596/772/666
f 598/774/670 621/814/671 597/773/668
f 599/775/672 622/815/673 598/774/670
f 599/816/672 624/817/674 623/818/675
f 601/819/676 624/817/674 600/820/677
f 602/821/678 625/822/679 601/819/676
f 603/823/680 626/824/681 602/821/678
f 580/782/637 627/825/682 603/823/680
f 604/781/636 629/826/683 628/827/684
f 606/784/638 629/828/683 605/785/639
f 607/789/643 630/829/685 606/784/638
f 608/791/645 631/830/686 607/789/643
f 609/793/647 632/831/687 608/791/645
f 610/795/649 633/832/688 609/793/647
f 610/795/649 635/833/689 634/834/690
f 612/797/650 635/835/689 611/798/651
f 613/802/655 636/836/691 612/797/650
f 614/804/657 637/837/692 613/802/655
f 615/806/659 638/838/693 614/804/657
f 616/808/661 639/839/694 615/806/659
f 616/808/661 641/840/695 640/841/696
f 618/809/662 641/840/695 617/810/663
f 619/842/667 642/843/697 618/844/662
f 620/845/669 643/846/698 619/842/667
f 621/847/671 644/848/699 620/845/669
f 622/849/673 645/850/700 621/847/671
f 622/849/673 647/851/701 646/852/702
f 624/817/674 647/853/701 623/818/675
f 625/822/679 648/854/703 624/817/674
f 626/824/681 649/855/704 625/822/679
f 627/825/682 650/856/705 626/824/681
f 604/781/636 651/857/706 627/825/682
f 629/826/683 652/858/707 628/827/684
f 630/829/685 653/859/708 629/828/683
f 631/830/686 654/860/709 630/829/685
f 631/830/686 656/861/710 655/862/711
f 633/832/688 656/861/710 632/831/687
f 634/834/690 657/863/712 633/832/688
f 635/833/689 658/864/713 634/834/690
f 636/836/691 659/865/714 635/835/689
f 637/837/692 660/866/715 636/836/691
f 637/837/692 662/867/716 661/868/717
f 639/839/694 662/867/716 638/838/693
f 640/841/696 663/869/718 639/839/694
f 641/840/695 664/870/719 640/841/696
f 642/871/697 665/872/720 641/840/695
f 643/846/698 666/873/721 642/843/697
f 643/846/698 668/874/722 667/875/723
f 645/850/700 668/874/722 644/848/699
f 646/852/702 669/876/724 645/850/700
f 647/877/701 670/878/725 646/879/702
f 648/854/703 671/880/726 647/853/701
f 649/855/704 672/881/727 648/854/703
f 649/855/704 674/882/728 673/883/729
f 651/857/706 674/882/728 650/856/705
f 628/827/684 675/884/730 651/857/706
f 652/858/707 677/885/731 676/886/732
f 654/860/709 677/887/731 653/859/708
f 655/862/711 678/888/733 654/860/709
f 656/861/710 679/889/734 655/862/711
f 657/863/712 680/890/735 656/861/710
f 657/863/712 682/891/736 681/892/737
f 658/864/713 683/893/738 682/891/736
f 660/866/715 683/894/738 659/865/714
f 661/868/717 684/895/739 660/866/715
f 662/867/716 685/896/740 661/868/717
f 663/869/718 686/897/741 662/867/716
f 663/869/718 688/898/742 687/899/743
f 664/870/719 689/900/744 688/898/742
f 666/901/721 689/900/744 665/872/720
f 667/875/723 690/902/745 666/873/721
f 668/874/722 691/903/746 667/875/723
f 669/876/724 692/904/747 668/874/722
f 669/876/724 694/905/748 693/906/749
f 670/907/725 695/908/750 694/905/748
f 672/881/727 695/909/750 671/880/726
f 673/883/729 696/910/751 672/881/727
f 674/882/728 697/911/752 673/883/729
f 675/884/730 698/912/753 674/882/728
f 675/884/730 676/886/732 699/913/754
f 676/914/634 677/915/634 700/916/634
f 677/915/634 678/917/634 700/916/634
f 678/917/634 679/918/634 700/916/634
f 679/918/634 680/919/634 700/916/634
f 680/919/634 681/920/634 700/916/634
f 681/920/634 682/921/634 700/916/634
f 682/921/634 683/922/634 700/916/634
f 683/922/634 684/923/634 700/916/634
f 684/923/634 685/924/634 700/916/634
f 685/924/634 686/925/634 700/916/634
f 686/925/634 687/926/634 700/916/634
f 687/926/634 688/927/634 700/916/634
f 688/927/634 689/928/634 700/916/634
f 689/928/634 690/902/634 700/916/634
f 690/902/634 691/903/634 700/916/634
f 691/903/634 692/904/634 700/916/634
f 692/904/634 693/906/634 700/916/634
f 693/906/634 694/905/634 700/916/634
f 694/905/634 695/908/634 700/916/634
f 695/908/634 696/929/634 700/916/634
f 696/929/634 697/930/634 700/916/634
f 697/930/634 698/931/634 700/916/634
f 698/931/634 699/932/634 700/916/634
f 699/932/634 676/914/634 700/916/634
f 702/933/514 703/934/514 701/935/514
f 704/936/755 707/937/755 703/938/755
f 708/939/491 705/940/491 707/941/491
f 706/942/756 701/943/756 705/944/756
f 707/945/757 701/943/757 703/946/757
f 704/947/758 706/948/758 708/949/758
f 710/950/530 711/951/530 709/952/530
f 712/953/759 715/954/759 711/955/759
f 716/956/506 713/957/506 715/958/506
f 714/959/760 709/960/760 713/961/760
f 715/954/761 709/962/761 711/955/761
f 712/963/762 714/964/762 716/965/762
f 717/966/763 720/967/763 719/968/763
f 720/969/764 723/970/764 719/971/764
f 724/972/765 721/973/765 723/974/765
f 722/975/766 717/976/766 721/977/766
f 719/978/767 721/979/767 717/980/767
f 720/981/768 722/982/768 724/972/768
f 3/50/2 51/54/2 50/51/3
f 4/53/4 52/128/6 51/54/2
f 4/55/4 5/59/5 53/56/5
f 6/58/7 54/61/7 53/56/5
f 6/58/7 7/63/8 55/60/8
f 8/62/9 56/65/9 55/60/8
f 9/64/10 57/67/10 56/65/9
f 10/66/11 58/69/11 57/67/10
f 11/68/12 59/71/12 58/69/11
f 12/70/13 60/73/15 59/71/12
f 12/70/13 13/75/14 61/72/14
f 14/74/16 62/77/16 61/72/14
f 15/76/17 63/79/17 62/77/16
f 16/78/18 64/141/20 63/79/17
f 16/80/18 17/84/19 65/81/19
f 18/83/21 66/86/21 65/81/19
f 18/83/21 19/88/22 67/85/22
f 20/87/23 68/90/23 67/85/22
f 21/89/24 69/92/24 68/90/23
f 22/91/25 70/94/25 69/92/24
f 23/93/26 71/96/26 70/94/25
f 24/95/27 72/150/29 71/96/26
f 24/24/27 25/25/28 73/97/28
f 26/26/30 74/99/30 73/97/28
f 27/27/31 75/100/31 74/99/30
f 28/28/32 76/102/34 75/100/31
f 28/28/32 29/29/33 77/101/33
f 30/30/35 78/104/35 77/101/33
f 30/30/35 31/31/36 79/103/36
f 32/32/37 80/105/37 79/103/36
f 33/33/38 81/106/38 80/105/37
f 34/34/39 82/107/39 81/106/38
f 35/35/40 83/108/40 82/107/39
f 36/36/41 84/110/43 83/108/40
f 36/36/41 37/37/42 85/109/42
f 38/38/44 86/111/44 85/109/42
f 39/39/45 87/112/45 86/111/44
f 40/40/46 88/114/48 87/112/45
f 40/40/46 41/41/47 89/113/47
f 42/42/49 90/116/49 89/113/47
f 42/42/49 43/43/50 91/115/50
f 44/44/51 92/117/51 91/115/50
f 45/45/52 93/118/52 92/117/51
f 46/46/53 94/983/53 93/118/52
f 47/119/54 95/123/54 94/120/53
f 48/122/55 96/125/57 95/123/54
f 48/122/55 49/126/56 97/124/56
f 2/52/3 50/51/3 97/124/56
f 51/54/58 99/129/62 98/127/59
f 52/128/61 100/202/64 99/129/62
f 53/56/63 101/131/66 100/130/64
f 54/61/65 102/132/68 101/131/66
f 55/60/67 103/133/70 102/132/68
f 56/65/69 104/134/72 103/133/70
f 57/67/71 105/135/74 104/134/72
f 58/69/73 106/136/76 105/135/74
f 59/71/75 107/137/78 106/136/76
f 60/73/77 108/138/80 107/137/78
f 61/72/79 109/139/82 108/138/80
f 62/77/81 110/140/84 109/139/82
f 63/79/83 111/142/86 110/140/84
f 64/141/85 112/215/88 111/142/86
f 65/81/87 113/144/90 112/143/88
f 66/86/89 114/145/92 113/144/90
f 67/85/91 115/146/94 114/145/92
f 68/90/93 116/147/96 115/146/94
f 69/92/95 117/148/98 116/147/96
f 70/94/97 118/149/100 117/148/98
f 71/96/99 119/151/102 118/149/100
f 72/150/101 120/153/104 119/151/102
f 73/152/103 121/155/106 120/153/104
f 74/154/105 122/157/108 121/155/106
f 75/156/107 123/159/110 122/157/108
f 76/158/109 124/161/112 123/159/110
f 77/160/111 125/229/114 124/161/112
f 78/162/113 126/166/116 125/163/114
f 79/165/115 127/168/118 126/166/116
f 80/167/117 128/170/120 127/168/118
f 81/169/119 129/172/122 128/170/120
f 82/171/121 130/174/124 129/172/122
f 83/173/123 131/176/126 130/174/124
f 84/175/125 132/178/128 131/176/126
f 85/177/127 133/180/130 132/178/128
f 86/179/129 134/182/132 133/180/130
f 87/181/131 135/240/134 134/182/132
f 88/183/133 136/187/136 135/184/134
f 89/186/135 137/189/138 136/187/136
f 90/188/137 138/191/140 137/189/138
f 91/190/139 139/193/142 138/191/140
f 92/192/141 140/195/144 139/193/142
f 93/194/143 141/196/146 140/195/144
f 94/120/145 142/197/148 141/196/146
f 95/123/147 143/198/150 142/197/148
f 96/125/149 144/199/152 143/198/150
f 97/124/151 145/200/153 144/199/152
f 50/51/60 98/127/59 145/200/153
f 99/129/62 147/203/155 146/201/154
f 100/202/64 148/255/156 147/203/155
f 101/131/66 149/205/157 148/204/156
f 102/132/68 150/206/158 149/205/157
f 103/133/70 151/207/159 150/206/158
f 104/134/72 152/208/160 151/207/159
f 105/135/74 153/209/161 152/208/160
f 106/136/76 154/210/162 153/209/161
f 107/137/78 155/211/163 154/210/162
f 108/138/80 156/212/164 155/211/163
f 109/139/82 157/213/165 156/212/164
f 110/140/84 158/214/166 157/213/165
f 111/142/86 159/216/167 158/214/166
f 112/215/88 160/268/168 159/216/167
f 113/144/90 161/218/169 160/217/168
f 114/145/92 162/219/170 161/218/169
f 115/146/94 163/220/171 162/219/170
f 116/147/96 164/221/172 163/220/171
f 117/148/98 165/222/173 164/221/172
f 118/149/100 166/223/174 165/222/173
f 119/151/102 167/224/175 166/223/174
f 120/153/104 168/225/176 167/224/175
f 121/155/106 169/226/177 168/225/176
f 122/157/108 170/227/178 169/226/177
f 123/159/110 171/228/179 170/227/178
f 124/161/112 172/230/180 171/228/179
f 125/229/114 173/282/181 172/230/180
f 126/166/116 174/232/182 173/231/181
f 127/168/118 175/233/183 174/232/182
f 128/170/120 176/234/184 175/233/183
f 129/172/122 177/235/185 176/234/184
f 130/174/124 178/236/186 177/235/185
f 131/176/126 179/237/187 178/236/186
f 132/178/128 180/238/188 179/237/187
f 133/180/130 181/239/189 180/238/188
f 134/182/132 182/241/190 181/239/189
f 135/240/134 183/243/191 182/241/190
f 136/242/136 184/294/192 183/243/191
f 137/189/138 185/245/193 184/244/192
f 138/191/140 186/246/194 185/245/193
f 139/193/142 187/247/195 186/246/194
f 140/195/144 188/248/196 187/247/195
f 141/196/146 189/249/197 188/248/196
f 142/197/148 190/250/198 189/249/197
f 143/198/150 191/251/199 190/250/198
f 144/199/152 192/252/200 191/251/199
f 145/200/153 193/253/201 192/252/200
f 98/127/59 146/201/154 193/253/201
f 147/203/155 195/256/203 194/254/202
f 148/255/156 196/308/204 195/256/203
f 149/205/157 197/258/205 196/257/204
f 150/206/158 198/259/206 197/258/205
f 151/207/159 199/260/207 198/259/206
f 152/208/160 200/261/208 199/260/207
f 153/209/161 201/262/209 200/261/208
f 154/210/162 202/263/210 201/262/209
f 155/211/163 203/264/211 202/263/210
f 156/212/164 204/266/213 203/264/211
f 156/212/164 157/213/165 205/265/212
f 158/214/166 206/267/214 205/265/212
f 159/216/167 207/269/215 206/267/214
f 160/268/168 208/321/216 207/269/215
f 161/218/169 209/271/217 208/270/216
f 162/219/170 210/272/218 209/271/217
f 163/220/171 211/273/219 210/272/218
f 164/221/172 212/274/220 211/273/219
f 165/222/173 213/275/221 212/274/220
f 166/223/174 214/276/222 213/275/221
f 167/224/175 215/277/223 214/276/222
f 168/225/176 216/279/225 215/277/223
f 168/225/176 169/226/177 217/278/224
f 170/227/178 218/280/226 217/278/224
f 171/228/179 219/281/227 218/280/226
f 172/230/180 220/283/228 219/281/227
f 173/282/181 221/984/229 220/283/228
f 174/232/182 222/285/230 221/284/229
f 175/233/183 223/286/231 222/285/230
f 176/234/184 224/287/232 223/286/231
f 177/235/185 225/288/233 224/287/232
f 178/236/186 226/289/234 225/288/233
f 179/237/187 227/290/235 226/289/234
f 180/238/188 228/292/237 227/290/235
f 180/238/188 181/239/189 229/291/236
f 182/241/190 230/293/238 229/291/236
f 183/243/191 231/295/239 230/293/238
f 184/294/192 232/347/240 231/295/239
f 185/245/193 233/297/241 232/296/240
f 186/246/194 234/298/242 233/297/241
f 187/247/195 235/299/243 234/298/242
f 188/248/196 236/300/244 235/299/243
f 189/249/197 237/301/245 236/300/244
f 190/250/198 238/302/246 237/301/245
f 191/251/199 239/303/247 238/302/246
f 192/252/200 240/305/249 239/303/247
f 192/252/200 193/253/201 241/304/248
f 146/201/154 194/254/202 241/304/248
f 194/254/202 195/256/203 243/306/250
f 196/308/204 244/360/252 243/306/250
f 197/258/205 245/310/253 244/309/252
f 198/259/206 246/311/254 245/310/253
f 199/260/207 247/312/255 246/311/254
f 200/261/208 248/313/256 247/312/255
f 201/262/209 249/314/257 248/313/256
f 202/263/210 250/315/258 249/314/257
f 203/264/211 251/316/259 250/315/258
f 204/266/213 252/318/261 251/316/259
f 204/266/213 205/265/212 253/317/260
f 205/265/212 206/267/214 254/319/262
f 206/267/214 207/269/215 255/320/263
f 208/321/216 256/374/264 255/320/263
f 209/271/217 257/323/265 256/322/264
f 210/272/218 258/324/266 257/323/265
f 211/273/219 259/325/267 258/324/266
f 212/274/220 260/326/268 259/325/267
f 213/275/221 261/327/269 260/326/268
f 214/276/222 262/328/270 261/327/269
f 215/277/223 263/329/271 262/328/270
f 216/279/225 264/331/273 263/329/271
f 216/279/225 217/278/224 265/330/272
f 217/278/224 218/280/226 266/332/274
f 218/280/226 219/281/227 267/333/275
f 220/283/228 268/985/276 267/333/275
f 221/284/229 269/336/277 268/334/276
f 222/285/230 270/337/278 269/336/277
f 223/286/231 271/338/279 270/337/278
f 224/287/232 272/339/280 271/338/279
f 225/288/233 273/340/281 272/339/280
f 226/289/234 274/341/282 273/340/281
f 227/290/235 275/342/283 274/341/282
f 228/292/237 276/344/285 275/342/283
f 228/292/237 229/291/236 277/343/284
f 229/291/236 230/293/238 278/345/286
f 230/293/238 231/295/239 279/346/287
f 232/347/240 280/349/288 279/346/287
f 233/348/241 281/401/289 280/349/288
f 234/298/242 282/351/290 281/350/289
f 235/299/243 283/352/291 282/351/290
f 236/300/244 284/353/292 283/352/291
f 237/301/245 285/354/293 284/353/292
f 238/302/246 286/355/294 285/354/293
f 239/303/247 287/356/295 286/355/294
f 240/305/249 288/358/297 287/356/295
f 240/305/249 241/304/248 289/357/296
f 241/304/248 194/254/202 242/307/251
f 243/306/250 291/361/299 290/359/298
f 244/360/252 292/363/300 291/361/299
f 245/362/253 293/986/301 292/363/300
f 246/311/254 294/365/302 293/364/301
f 247/312/255 295/366/303 294/365/302
f 248/313/256 296/367/304 295/366/303
f 249/314/257 297/368/305 296/367/304
f 250/315/258 298/369/306 297/368/305
f 251/316/259 299/370/307 298/369/306
f 252/318/261 300/371/308 299/370/307
f 253/317/260 301/372/309 300/371/308
f 254/319/262 302/373/310 301/372/309
f 255/320/263 303/375/311 302/373/310
f 256/374/264 304/427/312 303/375/311
f 257/323/265 305/377/313 304/376/312
f 258/324/266 306/378/314 305/377/313
f 259/325/267 307/379/315 306/378/314
f 260/326/268 308/380/316 307/379/315
f 261/327/269 309/381/317 308/380/316
f 262/328/270 310/382/318 309/381/317
f 263/329/271 311/383/319 310/382/318
f 264/331/273 312/384/320 311/383/319
f 265/330/272 313/385/321 312/384/320
f 266/332/274 314/386/322 313/385/321
f 267/333/275 315/439/323 314/386/322
f 268/334/276 316/389/324 315/387/323
f 269/336/277 317/390/325 316/389/324
f 270/337/278 318/391/326 317/390/325
f 271/338/279 319/392/327 318/391/326
f 272/339/280 320/393/328 319/392/327
f 273/340/281 321/394/329 320/393/328
f 274/341/282 322/395/330 321/394/329
f 275/342/283 323/396/331 322/395/330
f 276/344/285 324/397/332 323/396/331
f 277/343/284 325/398/333 324/397/332
f 278/345/286 326/399/334 325/398/333
f 279/346/287 327/400/335 326/399/334
f 280/349/288 328/402/336 327/400/335
f 281/401/289 329/404/337 328/402/336
f 282/403/290 330/987/338 329/404/337
f 283/352/291 331/406/339 330/405/338
f 284/353/292 332/407/340 331/406/339
f 285/354/293 333/408/341 332/407/340
f 286/355/294 334/409/342 333/408/341
f 287/356/295 335/410/343 334/409/342
f 288/358/297 336/411/344 335/410/343
f 289/357/296 337/412/345 336/411/344
f 242/307/251 290/359/298 337/412/345
f 291/361/299 339/414/347 338/413/346
f 292/363/300 340/466/348 339/414/347
f 293/364/301 341/417/349 340/415/348
f 294/365/302 342/418/350 341/417/349
f 295/366/303 343/419/351 342/418/350
f 296/367/304 344/420/352 343/419/351
f 297/368/305 345/421/353 344/420/352
f 298/369/306 346/422/354 345/421/353
f 299/370/307 347/424/356 346/422/354
f 299/370/307 300/371/308 348/423/355
f 301/372/309 349/425/357 348/423/355
f 302/373/310 350/426/358 349/425/357
f 303/375/311 351/428/359 350/426/358
f 304/427/312 352/479/360 351/428/359
f 305/377/313 353/430/361 352/429/360
f 306/378/314 354/431/362 353/430/361
f 307/379/315 355/432/363 354/431/362
f 308/380/316 356/433/364 355/432/363
f 309/381/317 357/434/365 356/433/364
f 310/382/318 358/435/366 357/434/365
f 311/383/319 359/437/368 358/435/366
f 311/383/319 312/384/320 360/436/367
f 313/385/321 361/438/369 360/436/367
f 314/386/322 362/440/370 361/438/369
f 315/439/323 363/491/371 362/440/370
f 316/389/324 364/442/372 363/441/371
f 317/390/325 365/443/373 364/442/372
f 318/391/326 366/444/374 365/443/373
f 319/392/327 367/445/375 366/444/374
f 320/393/328 368/446/376 367/445/375
f 321/394/329 369/447/377 368/446/376
f 322/395/330 370/448/378 369/447/377
f 323/396/331 371/450/380 370/448/378
f 323/396/331 324/397/332 372/449/379
f 325/398/333 373/451/381 372/449/379
f 326/399/334 374/452/382 373/451/381
f 327/400/335 375/453/383 374/452/382
f 328/402/336 376/454/384 375/453/383
f 329/404/337 377/988/385 376/454/384
f 330/405/338 378/457/386 377/455/385
f 331/406/339 379/458/387 378/457/386
f 332/407/340 380/459/388 379/458/387
f 333/408/341 381/460/389 380/459/388
f 334/409/342 382/461/390 381/460/389
f 335/410/343 383/463/392 382/461/390
f 335/410/343 336/411/344 384/462/391
f 337/412/345 385/464/393 384/462/391
f 290/359/298 338/413/346 385/464/393
f 339/414/347 387/467/395 386/465/394
f 340/466/348 388/520/396 387/467/395
f 341/417/349 389/469/397 388/468/396
f 342/418/350 390/470/398 389/469/397
f 343/419/351 391/471/399 390/470/398
f 344/420/352 392/472/400 391/471/399
f 345/421/353 393/473/401 392/472/400
f 346/422/354 394/474/402 393/473/401
f 347/424/356 395/475/403 394/474/402
f 348/423/355 396/476/404 395/475/403
f 349/425/357 397/477/405 396/476/404
f 350/426/358 398/478/406 397/477/405
f 351/428/359 399/480/407 398/478/406
f 352/479/360 400/533/408 399/480/407
f 353/430/361 401/482/409 400/481/408
f 354/431/362 402/483/410 401/482/409
f 355/432/363 403/484/411 402/483/410
f 356/433/364 404/485/412 403/484/411
f 357/434/365 405/486/413 404/485/412
f 358/435/366 406/487/414 405/486/413
f 359/437/368 407/488/415 406/487/414
f 360/436/367 408/489/416 407/488/415
f 361/438/369 409/490/417 408/489/416
f 362/440/370 410/492/418 409/490/417
f 363/491/371 411/494/419 410/492/418
f 364/493/372 412/496/420 411/494/419
f 365/495/373 413/989/421 412/496/420
f 366/444/374 414/498/422 413/497/421
f 367/445/375 415/499/423 414/498/422
f 368/446/376 416/500/424 415/499/423
f 369/447/377 417/501/425 416/500/424
f 370/448/378 418/502/426 417/501/425
f 371/450/380 419/503/427 418/502/426
f 372/449/379 420/504/428 419/503/427
f 373/451/381 421/505/429 420/504/428
f 374/452/382 422/506/430 421/505/429
f 375/453/383 423/507/431 422/506/430
f 376/454/384 424/990/432 423/507/431
f 377/455/385 425/510/433 424/508/432
f 378/457/386 426/511/434 425/510/433
f 379/458/387 427/512/435 426/511/434
f 380/459/388 428/513/436 427/512/435
f 381/460/389 429/514/437 428/513/436
f 382/461/390 430/515/438 429/514/437
f 383/463/392 431/516/439 430/515/438
f 384/462/391 432/517/440 431/516/439
f 385/464/393 433/518/441 432/517/440
f 338/413/346 386/465/394 433/518/441
f 387/467/442 435/521/442 434/519/443
f 388/520/444 436/592/444 435/521/442
f 389/469/445 437/523/445 436/522/444
f 390/470/446 438/524/446 437/523/445
f 391/471/447 439/525/447 438/524/446
f 392/472/448 440/526/448 439/525/447
f 393/473/449 441/528/449 440/526/448
f 393/473/449 394/474/450 442/527/450
f 395/475/451 443/529/451 442/527/450
f 396/476/452 444/530/452 443/529/451
f 397/477/453 445/531/453 444/530/452
f 398/478/454 446/532/454 445/531/453
f 399/480/455 447/534/455 446/532/454
f 400/533/456 448/605/456 447/534/455
f 401/482/457 449/536/457 448/535/456
f 402/483/458 450/537/458 449/536/457
f 403/484/459 451/538/459 450/537/458
f 404/485/460 452/539/460 451/538/459
f 405/486/461 453/541/461 452/539/460
f 405/486/461 406/487/462 454/540/462
f 407/488/463 455/542/463 454/540/462
f 408/489/464 456/614/464 455/542/463
f 409/543/465 457/547/465 456/544/464
f 410/546/466 458/549/466 457/547/465
f 411/548/467 459/551/467 458/549/466
f 412/550/468 460/553/468 459/551/467
f 413/552/469 461/555/469 460/553/468
f 414/554/470 462/557/470 461/555/469
f 415/556/471 463/559/471 462/557/470
f 416/558/472 464/561/472 463/559/471
f 417/560/473 465/563/473 464/561/472
f 417/560/473 418/565/474 466/562/474
f 419/564/475 467/567/475 466/562/474
f 420/566/476 468/569/476 467/567/475
f 421/568/477 469/571/477 468/569/476
f 422/570/478 470/573/478 469/571/477
f 423/572/479 471/575/479 470/573/478
f 424/574/480 472/577/480 471/575/479
f 425/576/481 473/579/481 472/577/480
f 426/578/482 474/581/482 473/579/481
f 427/580/483 475/583/483 474/581/482
f 428/582/484 476/585/484 475/583/483
f 429/584/485 477/991/485 476/585/484
f 429/514/485 430/515/486 478/586/486
f 431/516/487 479/588/487 478/586/486
f 432/517/488 480/589/488 479/588/487
f 433/518/489 481/590/489 480/589/488
f 386/465/443 434/519/443 481/590/489
f 435/521/490 483/593/490 482/591/491
f 436/592/492 484/668/492 483/593/490
f 437/523/493 485/595/493 484/594/492
f 438/524/494 486/596/494 485/595/493
f 439/525/495 487/597/495 486/596/494
f 440/526/496 488/598/496 487/597/495
f 441/528/497 489/599/497 488/598/496
f 442/527/498 490/600/498 489/599/497
f 443/529/499 491/601/499 490/600/498
f 444/530/500 492/602/500 491/601/499
f 445/531/501 493/603/501 492/602/500
f 446/532/502 494/604/502 493/603/501
f 447/534/503 495/606/503 494/604/502
f 448/605/504 496/992/504 495/606/503
f 449/536/505 497/608/505 496/607/504
f 450/537/506 498/609/506 497/608/505
f 451/538/507 499/610/507 498/609/506
f 452/539/508 500/611/508 499/610/507
f 453/541/509 501/612/509 500/611/508
f 454/540/510 502/613/510 501/612/509
f 455/542/511 503/615/511 502/613/510
f 456/614/512 504/617/512 503/615/511
f 457/616/513 505/619/513 504/617/512
f 458/618/514 506/621/514 505/619/513
f 459/620/515 507/623/515 506/621/514
f 460/622/516 508/625/516 507/623/515
f 461/624/517 509/993/517 508/625/516
f 462/626/518 510/630/518 509/627/517
f 463/629/519 511/632/519 510/630/518
f 464/631/520 512/634/520 511/632/519
f 465/633/521 513/636/521 512/634/520
f 466/635/522 514/638/522 513/636/521
f 467/637/523 515/640/523 514/638/522
f 468/639/524 516/642/524 515/640/523
f 469/641/525 517/644/525 516/642/524
f 470/643/526 518/646/526 517/644/525
f 471/645/527 519/648/527 518/646/526
f 472/647/528 520/713/528 519/648/527
f 473/649/529 521/653/529 520/650/528
f 474/652/530 522/655/530 521/653/529
f 475/654/531 523/657/531 522/655/530
f 476/656/532 524/658/532 523/657/531
f 477/587/533 525/659/533 524/658/532
f 478/586/534 526/660/534 525/659/533
f 479/588/535 527/661/535 526/660/534
f 480/589/536 528/662/536 527/661/535
f 481/590/537 529/663/537 528/662/536
f 434/519/491 482/591/491 529/663/537
f 483/593/538 531/666/542 530/664/539
f 483/593/538 484/668/544 532/665/541
f 485/667/543 533/994/546 532/665/541
f 485/595/543 486/596/548 534/669/545
f 487/597/547 535/672/550 534/669/545
f 487/597/547 488/598/552 536/671/549
f 489/599/551 537/674/554 536/671/549
f 489/599/551 490/600/556 538/673/553
f 491/601/555 539/676/558 538/673/553
f 491/601/555 492/602/560 540/675/557
f 493/603/559 541/678/562 540/675/557
f 493/603/559 494/604/564 542/677/561
f 495/606/563 543/680/566 542/677/561
f 495/606/563 496/992/568 544/679/565
f 497/608/567 545/683/570 544/681/565
f 497/608/567 498/609/572 546/682/569
f 499/610/571 547/685/574 546/682/569
f 499/610/571 500/611/576 548/684/573
f 501/612/575 549/687/578 548/684/573
f 501/612/575 502/613/580 550/686/577
f 503/615/579 551/689/582 550/686/577
f 503/615/579 504/617/584 552/688/581
f 505/690/583 553/694/586 552/691/581
f 505/690/583 506/696/588 554/693/585
f 507/695/587 555/698/590 554/693/585
f 507/695/587 508/699/592 556/697/589
f 509/627/591 557/701/594 556/697/589
f 509/627/591 510/630/596 558/700/593
f 511/632/595 559/703/598 558/700/593
f 511/632/595 512/634/600 560/702/597
f 513/636/599 561/705/602 560/702/597
f 513/636/599 514/638/604 562/704/601
f 515/640/603 563/707/606 562/704/601
f 515/640/603 516/642/608 564/706/605
f 517/644/607 565/709/610 564/706/605
f 517/644/607 518/646/612 566/708/609
f 519/648/611 567/711/614 566/708/609
f 519/648/611 520/713/616 568/710/613
f 521/712/615 569/715/618 568/710/613
f 521/712/615 522/717/620 570/714/617
f 523/716/619 571/719/622 570/714/617
f 523/716/619 524/721/624 572/718/621
f 525/720/623 573/750/626 572/718/621
f 525/659/623 526/660/628 574/722/625
f 527/661/627 575/725/630 574/722/625
f 527/661/627 528/662/632 576/724/629
f 529/663/631 577/726/633 576/724/629
f 529/663/631 482/591/540 530/664/539
f 581/780/635 605/995/639 604/781/636
f 581/783/635 582/787/641 606/784/638
f 583/786/640 607/789/643 606/784/638
f 584/788/642 608/791/645 607/789/643
f 585/790/644 609/793/647 608/791/645
f 586/792/646 610/795/649 609/793/647
f 587/794/648 611/996/651 610/795/649
f 587/796/648 588/800/653 612/797/650
f 589/799/652 613/802/655 612/797/650
f 590/801/654 614/804/657 613/802/655
f 591/803/656 615/806/659 614/804/657
f 592/805/658 616/808/661 615/806/659
f 593/807/660 617/810/663 616/808/661
f 593/807/660 594/997/665 618/809/662
f 595/771/664 619/812/667 618/811/662
f 596/772/666 620/813/669 619/812/667
f 597/773/668 621/814/671 620/813/669
f 598/774/670 622/815/673 621/814/671
f 599/775/672 623/998/675 622/815/673
f 599/816/672 600/820/677 624/817/674
f 601/819/676 625/822/679 624/817/674
f 602/821/678 626/824/681 625/822/679
f 603/823/680 627/825/682 626/824/681
f 580/782/637 604/781/636 627/825/682
f 604/781/636 605/995/639 629/826/683
f 606/784/638 630/829/685 629/828/683
f 607/789/643 631/830/686 630/829/685
f 608/791/645 632/831/687 631/830/686
f 609/793/647 633/832/688 632/831/687
f 610/795/649 634/834/690 633/832/688
f 610/795/649 611/996/651 635/833/689
f 612/797/650 636/836/691 635/835/689
f 613/802/655 637/837/692 636/836/691
f 614/804/657 638/838/693 637/837/692
f 615/806/659 639/839/694 638/838/693
f 616/808/661 640/841/696 639/839/694
f 616/808/661 617/810/663 641/840/695
f 618/809/662 642/871/697 641/840/695
f 619/842/667 643/846/698 642/843/697
f 620/845/669 644/848/699 643/846/698
f 621/847/671 645/850/700 644/848/699
f 622/849/673 646/852/702 645/850/700
f 622/849/673 623/999/675 647/851/701
f 624/817/674 648/854/703 647/853/701
f 625/822/679 649/855/704 648/854/703
f 626/824/681 650/856/705 649/855/704
f 627/825/682 651/857/706 650/856/705
f 604/781/636 628/827/684 651/857/706
f 629/826/683 653/1000/708 652/858/707
f 630/829/685 654/860/709 653/859/708
f 631/830/686 655/862/711 654/860/709
f 631/830/686 632/831/687 656/861/710
f 633/832/688 657/863/712 656/861/710
f 634/834/690 658/864/713 657/863/712
f 635/833/689 659/1001/714 658/864/713
f 636/836/691 660/866/715 659/865/714
f 637/837/692 661/868/717 660/866/715
f 637/837/692 638/838/693 662/867/716
f 639/839/694 663/869/718 662/867/716
f 640/841/696 664/870/719 663/869/718
f 641/840/695 665/872/720 664/870/719
f 642/871/697 666/901/721 665/872/720
f 643/846/698 667/875/723 666/873/721
f 643/846/698 644/848/699 668/874/722
f 645/850/700 669/876/724 668/874/722
f 646/852/702 670/907/725 669/876/724
f 647/877/701 671/1002/726 670/878/725
f 648/854/703 672/881/727 671/880/726
f 649/855/704 673/883/729 672/881/727
f 649/855/704 650/856/705 674/882/728
f 651/857/706 675/884/730 674/882/728
f 628/827/684 652/858/707 675/884/730
f 652/858/707 653/1000/708 677/885/731
f 654/860/709 678/888/733 677/887/731
f 655/862/711 679/889/734 678/888/733
f 656/861/710 680/890/735 679/889/734
f 657/863/712 681/892/737 680/890/735
f 657/863/712 658/864/713 682/891/736
f 658/864/713 659/1001/714 683/893/738
f 660/866/715 684/895/739 683/894/738
f 661/868/717 685/896/740 684/895/739
f 662/867/716 686/897/741 685/896/740
f 663/869/718 687/899/743 686/897/741
f 663/869/718 664/870/719 688/898/742
f 664/870/719 665/872/720 689/900/744
f 666/901/721 690/1003/745 689/900/744
f 667/875/723 691/903/746 690/902/745
f 668/874/722 692/904/747 691/903/746
f 669/876/724 693/906/749 692/904/747
f 669/876/724 670/907/725 694/905/748
f 670/907/725 671/1004/726 695/908/750
f 672/881/727 696/910/751 695/909/750
f 673/883/729 697/911/752 696/910/751
f 674/882/728 698/912/753 697/911/752
f 675/884/730 699/913/754 698/912/753
f 675/884/730 652/858/707 676/886/732
f 702/933/514 704/1005/514 703/934/514
f 704/936/755 708/1006/755 707/937/755
f 708/939/491 706/1007/491 705/940/491
f 706/942/756 702/1008/756 701/943/756
f 707/945/757 705/944/757 701/943/757
f 704/947/758 702/1009/758 706/948/758
f 710/950/530 712/1010/530 711/951/530
f 712/953/759 716/1011/759 715/954/759
f 716/956/506 714/1012/506 713/957/506
f 714/959/760 710/1013/760 709/960/760
f 715/954/761 713/1014/761 709/962/761
f 712/963/762 710/1015/762 714/964/762
f 717/966/763 718/1016/763 720/967/763
f 720/969/764 724/1017/764 723/970/764
f 724/972/765 722/982/765 721/973/765
f 722/975/766 718/1018/766 717/976/766
f 719/978/767 723/1019/767 721/979/767
f 720/981/768 718/1020/768 722/982/768
